dataset_name,seed,subset_type,file_name,number_of_features,proportion_of_numeric_features,number_of_instances,number_of_classes,ratio_of_instances_to_features,ratio_of_classes_to_features,ratio_of_instances_to_classes,ratio_of_min_to_max_instances_per_class,proportion_of_features_with_outliers,average_mutual_information,minimum_mutual_information,maximum_mutual_information,equivalent_number_of_features,noise_to_signal_ratio_of_features
Agaricus Lepiota,3817340111,features,Data\Input\Subsets\Agaricus Lepiota\3817340111_20260613_164654.csv,20,0.55,8124,2,406.2,0.1,4062.0,0.9306083650190116,0.3,0.118802499479047,0.0052102297135727,0.3299514488328341,1.1261474816091084,-0.708549441745022
Agaricus Lepiota,54145196,features,Data\Input\Subsets\Agaricus Lepiota\54145196_20260613_164654.csv,16,0.5,8124,2,507.75,0.125,4062.0,0.9306083650190116,0.3125,0.124144697722434,0.0052102297135727,0.3375655270270099,1.1321796829687916,-0.6513639383065859
Agaricus Lepiota,2919981755,features,Data\Input\Subsets\Agaricus Lepiota\2919981755_20260613_164655.csv,13,0.6153846153846154,8124,2,624.9230769230769,0.1538461538461538,4062.0,0.9306083650190116,0.3076923076923077,0.1171489246727399,0.0052102297135727,0.3375655270270099,1.124286851275017,-0.5452854969140095
Agaricus Lepiota,1992681765,features,Data\Input\Subsets\Agaricus Lepiota\1992681765_20260613_164655.csv,13,0.6153846153846154,8124,2,624.9230769230769,0.1538461538461538,4062.0,0.9306083650190116,0.2307692307692307,0.1503021538643417,0.0052102297135727,0.6277127904646411,1.162185348475756,-0.645585151642588
Agaricus Lepiota,2757520500,features,Data\Input\Subsets\Agaricus Lepiota\2757520500_20260613_164656.csv,16,0.625,8124,2,507.75,0.125,4062.0,0.9306083650190116,0.3125,0.1552805108923203,0.0052102297135727,0.6314991666255025,1.167985547825393,-0.7212701178959781
Agaricus Lepiota,27004362,features,Data\Input\Subsets\Agaricus Lepiota\27004362_20260613_164656.csv,11,0.6363636363636364,8124,2,738.5454545454545,0.1818181818181818,4062.0,0.9306083650190116,0.2727272727272727,0.1396041589045273,0.0052102297135727,0.3423125116826255,1.1498185633230047,-0.5490489282247291
Agaricus Lepiota,4148820815,features,Data\Input\Subsets\Agaricus Lepiota\4148820815_20260613_164656.csv,14,0.5,8124,2,580.2857142857143,0.1428571428571428,4062.0,0.9306083650190116,0.2142857142857142,0.1641905950141016,0.0052102297135727,0.6288599774832568,1.178438898268259,-0.6987381403363989
Agaricus Lepiota,701227204,instances,Data\Input\Subsets\Agaricus Lepiota\701227204_20260613_164656.csv,21,0.5714285714285714,622,2,29.61904761904762,0.0952380952380952,311.0,0.9316770186335404,0.2857142857142857,0.1479242091600594,0.0062634123732495,0.6016832625574191,1.1594250192368194,-0.7770668076716786
Agaricus Lepiota,3599497524,instances,Data\Input\Subsets\Agaricus Lepiota\3599497524_20260613_164657.csv,21,0.5714285714285714,1846,2,87.9047619047619,0.0952380952380952,923.0,0.9309623430962344,0.2857142857142857,0.1454923947919507,0.0059215041758118,0.6225847771233188,1.156608938297133,-0.773345080847592
Agaricus Lepiota,3831601175,instances,Data\Input\Subsets\Agaricus Lepiota\3831601175_20260613_164657.csv,21,0.5714285714285714,2770,2,131.9047619047619,0.0952380952380952,1385.0,0.9303135888501742,0.2857142857142857,0.1436547816840639,0.0046626139509988,0.6315268563738516,1.154485490187002,-0.7704498882922993
Agaricus Lepiota,1563410029,instances,Data\Input\Subsets\Agaricus Lepiota\1563410029_20260613_164657.csv,21,0.5714285714285714,3272,2,155.8095238095238,0.0952380952380952,1636.0,0.9303834808259588,0.2857142857142857,0.1420903737515358,0.0050106890073118,0.6250159631973555,1.1526808159195936,-0.7679220991828499
Agaricus Lepiota,592657465,instances,Data\Input\Subsets\Agaricus Lepiota\592657465_20260613_164657.csv,21,0.5714285714285714,4909,2,233.7619047619048,0.0952380952380952,2454.5,0.9303971686983876,0.238095238095238,0.1431405903517348,0.0056434703543084,0.6271386899713516,1.153892016347276,-0.769624756990061
Agaricus Lepiota,2080412658,instances,Data\Input\Subsets\Agaricus Lepiota\2080412658_20260613_164658.csv,21,0.5714285714285714,5346,2,254.57142857142856,0.0952380952380952,2673.0,0.9306608884073672,0.2857142857142857,0.1453790974121381,0.0043138606101761,0.6340076179431827,1.1564779049579632,-0.773170342315031
Agaricus Lepiota,2216683844,instances,Data\Input\Subsets\Agaricus Lepiota\2216683844_20260613_164658.csv,21,0.5714285714285714,6467,2,307.95238095238096,0.0952380952380952,3233.5,0.9304477611940298,0.2857142857142857,0.1452970898684107,0.0058932925902918,0.6298152916998792,1.1563830689342904,-0.7730436656413523
Agaricus Lepiota,2800792319,instances,Data\Input\Subsets\Agaricus Lepiota\2800792319_20260613_164659.csv,21,0.5714285714285714,7311,2,348.1428571428572,0.0952380952380952,3655.5,0.9305518880380248,0.2857142857142857,0.1446742391194376,0.0045431760345942,0.6280146989228113,1.155663039132533,-0.7720659120225875
Agaricus Lepiota,3539687609,full,,21,0.5714285714285714,8124,2,386.8571428571428,0.0952380952380952,4062.0,0.9306083650190116,0.2857142857142857,0.1438921034189366,0.0052102297135727,0.6281293668227831,1.1547595072002288,-0.7708265993851068
Ann thyroid,1570087996,features,Data\Input\Subsets\Ann thyroid\1570087996_20260613_164714.csv,20,1.0,7129,3,356.45,0.15,2376.333333333333,0.0251705837755875,0.9,0.028254895563618,0.0,0.2351386496442458,1.0286578513301996,-0.4468711578742019
Ann thyroid,3680718826,features,Data\Input\Subsets\Ann thyroid\3680718826_20260613_164714.csv,15,1.0,7129,3,475.26666666666665,0.2,2376.333333333333,0.0251705837755875,0.9333333333333332,0.0294507873986046,0.0,0.237108346608771,1.029888750720167,-0.2924423397825184
Ann thyroid,1566662835,features,Data\Input\Subsets\Ann thyroid\1566662835_20260613_164715.csv,16,1.0,7129,3,445.5625,0.1875,2376.333333333333,0.0251705837755875,0.9375,0.0344717932252736,0.0,0.2348058895461078,1.0350728318981524,-0.4332831205880305
Ann thyroid,3107477273,features,Data\Input\Subsets\Ann thyroid\3107477273_20260613_164716.csv,18,1.0,7129,3,396.05555555555554,0.1666666666666666,2376.333333333333,0.0251705837755875,0.8888888888888888,0.0324480336648776,0.0,0.2367836316786731,1.0329802115533184,-0.4648332561911444
Ann thyroid,2117961117,features,Data\Input\Subsets\Ann thyroid\2117961117_20260613_164717.csv,16,1.0,7129,3,445.5625,0.1875,2376.333333333333,0.0251705837755875,0.875,0.0342039439913905,0.0,0.2373497592956193,1.0347956255595252,-0.428845191382634
Ann thyroid,1739699381,features,Data\Input\Subsets\Ann thyroid\1739699381_20260613_164717.csv,11,1.0,7129,3,648.0909090909091,0.2727272727272727,2376.333333333333,0.0251705837755875,1.0,0.0416424380187644,0.0,0.2362314531994781,1.0425216459941034,-0.3176280382550212
Ann thyroid,3443654056,features,Data\Input\Subsets\Ann thyroid\3443654056_20260613_164718.csv,17,1.0,7129,3,419.3529411764706,0.1764705882352941,2376.333333333333,0.0251705837755875,0.8823529411764706,0.0175407529001616,0.0,0.1046435070854969,1.0176954953485964,0.0482209968874566
Ann thyroid,2050831352,instances,Data\Input\Subsets\Ann thyroid\2050831352_20260613_164718.csv,21,1.0,764,3,36.38095238095238,0.1428571428571428,254.66666666666663,0.0254596888260254,0.8571428571428571,0.0296455555957704,0.0,0.252109838936049,1.0300893598309293,-0.4989595612625274
Ann thyroid,3204798224,instances,Data\Input\Subsets\Ann thyroid\3204798224_20260613_164718.csv,21,1.0,1779,3,84.71428571428571,0.1428571428571428,593.0,0.0249088699878493,0.8571428571428571,0.0276426533951857,0.0,0.2343748543740191,1.028028256368685,-0.4625894129134211
Ann thyroid,1154658845,instances,Data\Input\Subsets\Ann thyroid\1154658845_20260613_164719.csv,21,1.0,2587,3,123.1904761904762,0.1428571428571428,862.3333333333334,0.0250731299623903,0.9047619047619048,0.0268177041269313,0.0,0.2309265966183398,1.0271805349225178,-0.4446750215884564
Ann thyroid,3333825443,instances,Data\Input\Subsets\Ann thyroid\3333825443_20260613_164719.csv,21,1.0,3211,3,152.9047619047619,0.1428571428571428,1070.3333333333333,0.0252525252525252,0.9047619047619048,0.027167467505769,0.0,0.2351065692788259,1.0275398678941827,-0.4512700542544856
Ann thyroid,3925407073,instances,Data\Input\Subsets\Ann thyroid\3925407073_20260613_164720.csv,21,1.0,4247,3,202.23809523809524,0.1428571428571428,1415.6666666666667,0.025197251208959,0.8571428571428571,0.0263781945460229,0.0,0.2332584293485839,1.0267291784311137,-0.4358460234745777
Ann thyroid,3893670384,instances,Data\Input\Subsets\Ann thyroid\3893670384_20260613_164720.csv,21,1.0,4960,3,236.1904761904762,0.1428571428571428,1653.3333333333333,0.025283347863993,0.8571428571428571,0.027989872168317,0.0,0.2355465579057871,1.0283852690557724,-0.4676201519972321
Ann thyroid,603598391,instances,Data\Input\Subsets\Ann thyroid\603598391_20260613_164721.csv,21,1.0,6239,3,297.0952380952381,0.1428571428571428,2079.6666666666665,0.0251212751212751,0.9047619047619048,0.027131683163961,0.0,0.2368420485540202,1.0275030987142129,-0.4517356220979058
Ann thyroid,1968327684,instances,Data\Input\Subsets\Ann thyroid\1968327684_20260613_164722.csv,21,1.0,6416,3,305.5238095238095,0.1428571428571428,2138.6666666666665,0.0251010781671159,0.9047619047619048,0.0272325599745444,0.0,0.2365497194055347,1.0276067551778545,-0.4539869472579883
Ann thyroid,1569594255,full,,21,1.0,7129,3,339.4761904761905,0.1428571428571428,2376.333333333333,0.0251705837755875,0.9047619047619048,0.0270286346044552,0.0,0.2338156570924747,1.027397221455346,-0.4493107421531078
Balance Scale,4293806297,classes,Data\Input\Subsets\Balance Scale\4293806297_20260613_164725.csv,4,0.25,250,2,62.5,0.5,125.0,1.0,0.0,0.0344258088463118,0.0,0.1377032353852474,1.0350252358111438,4.033630318276489
Balance Scale,3100947945,classes,Data\Input\Subsets\Balance Scale\3100947945_20260613_164725.csv,4,0.25,500,4,125.0,1.0,125.0,1.0,0.0,0.0271088599457311,0.0,0.1084354397829245,1.0274796480543698,11.78451365987997
Balance Scale,3163654631,classes,Data\Input\Subsets\Balance Scale\3163654631_20260613_164725.csv,4,0.25,500,4,125.0,1.0,125.0,1.0,0.0,0.0251186815989983,0.0,0.1004747263959934,1.0254368137836425,12.797443504908818
Balance Scale,1866348563,classes,Data\Input\Subsets\Balance Scale\1866348563_20260613_164725.csv,4,0.25,375,3,93.75,0.75,125.0,1.0,0.0,0.0248464436285471,0.0,0.0993857745141885,1.025157688942546,10.054019491605104
Balance Scale,3129389110,classes,Data\Input\Subsets\Balance Scale\3129389110_20260613_164725.csv,4,0.25,500,4,125.0,1.0,125.0,1.0,0.0,0.009972868225891,0.0,0.039891472903564,1.0100227630029583,33.75164641002854
Balance Scale,1650428825,features,Data\Input\Subsets\Balance Scale\1650428825_20260613_164725.csv,2,0.0,625,5,312.5,2.5,125.0,1.0,0.0,0.0,0.0,0.0,1.0,inf
Balance Scale,3772004216,features,Data\Input\Subsets\Balance Scale\3772004216_20260613_164725.csv,2,0.0,625,5,312.5,2.5,125.0,1.0,0.0,0.0469102312431865,0.0,0.0938204624863731,1.048027924692894,16.15444445467173
Balance Scale,2501024061,features,Data\Input\Subsets\Balance Scale\2501024061_20260613_164725.csv,3,0.3333333333333333,625,5,208.3333333333333,1.6666666666666667,125.0,1.0,0.0,0.0312734874954577,0.0,0.0938204624863731,1.0317676408522891,16.15444445467173
Balance Scale,1195187916,instances,Data\Input\Subsets\Balance Scale\1195187916_20260613_164725.csv,4,0.25,121,5,30.25,1.25,24.2,0.96,0.0,0.0548177314429761,0.0,0.1136359750138177,1.0563480580912588,6.339333352997198
Balance Scale,2211778571,instances,Data\Input\Subsets\Balance Scale\2211778571_20260613_164725.csv,4,0.25,191,5,47.75,1.25,38.2,0.9743589743589745,0.0,0.0519400317047353,0.022205883210714,0.1279206839859778,1.0533125752598482,6.746353440539278
Balance Scale,2476959786,instances,Data\Input\Subsets\Balance Scale\2476959786_20260613_164725.csv,4,0.25,322,5,80.5,1.25,64.4,0.9846153846153848,0.0,0.03073343276267,0.0,0.1009983133912306,1.0312105802898457,12.091679510887916
Balance Scale,1859272067,instances,Data\Input\Subsets\Balance Scale\1859272067_20260613_164725.csv,4,0.25,350,5,87.5,1.25,70.0,1.0,0.0,0.028523108625657,0.0,0.098328579859554,1.0289337878055245,13.1064385158424
Balance Scale,1139147493,instances,Data\Input\Subsets\Balance Scale\1139147493_20260613_164725.csv,4,0.25,457,5,114.25,1.25,91.4,0.9891304347826086,0.0,0.0279019259361852,0.0,0.0992076106005051,1.028294830423106,13.420362612846182
Balance Scale,1242722944,instances,Data\Input\Subsets\Balance Scale\1242722944_20260613_164725.csv,4,0.25,485,5,121.25,1.25,97.0,1.0,0.0,0.0256352568789898,0.0,0.0954079892110364,1.0259666659353155,14.69555085825142
Balance Scale,3600158406,instances,Data\Input\Subsets\Balance Scale\3600158406_20260613_164725.csv,4,0.25,562,5,140.5,1.25,112.4,0.991150442477876,0.0,0.0291442880039425,0.0011674761064342,0.0988906981961651,1.0295731388114022,12.805693412848878
Balance Scale,4158346295,full,,4,0.25,625,5,156.25,1.25,125.0,1.0,0.0,0.0234551156215932,0.0,0.0938204624863731,1.0237323501252142,16.15444445467173
Car evaluation,1590393841,classes,Data\Input\Subsets\Car evaluation\1590393841_20260613_164728.csv,6,1.0,1275,2,212.5,0.3333333333333333,637.5,0.0537190082644628,0.0,0.0320560216304906,0.0009691850527067,0.077290505114135,1.0325753502395445,0.0470830047750234
Car evaluation,2413133213,classes,Data\Input\Subsets\Car evaluation\2413133213_20260613_164728.csv,6,1.0,1663,3,277.1666666666667,0.5,554.3333333333334,0.0570247933884297,0.0,0.067678387697435,0.0025042895255817,0.158671469182023,1.0700211211777308,0.7284340642056562
Car evaluation,2289586030,classes,Data\Input\Subsets\Car evaluation\2289586030_20260613_164728.csv,6,1.0,1344,3,224.0,0.5,448.0,0.0537190082644628,0.0,0.0508007046637812,0.0,0.0846379620270467,1.0521131911354005,0.2909681223242341
Car evaluation,4261581628,features,Data\Input\Subsets\Car evaluation\4261581628_20260613_164728.csv,3,1.0,1728,4,576.0,1.3333333333333333,432.0,0.0537190082644628,0.0,0.1043497013084555,0.0,0.1685525799930745,1.1099885515015162,1.669727986344287
Car evaluation,497018782,features,Data\Input\Subsets\Car evaluation\497018782_20260613_164728.csv,3,1.0,1728,4,576.0,1.3333333333333333,432.0,0.0537190082644628,0.0,0.1189613236118775,0.042196060654446,0.1685525799930745,1.1263263552106604,1.3418142089504788
Car evaluation,2206045827,features,Data\Input\Subsets\Car evaluation\2206045827_20260613_164728.csv,5,1.0,1728,4,345.6,0.8,432.0,0.0537190082644628,0.0,0.0592775406031278,0.0,0.1869294860386592,1.0610696897991518,1.8198064405035488
Car evaluation,231713353,features,Data\Input\Subsets\Car evaluation\231713353_20260613_164728.csv,5,1.0,1728,4,345.6,0.8,432.0,0.0537190082644628,0.0,0.0739032201926487,0.0,0.1869294860386592,1.0767025973837314,1.2617578819188895
Car evaluation,1634447996,features,Data\Input\Subsets\Car evaluation\1634447996_20260613_164728.csv,5,1.0,1728,4,345.6,0.8,432.0,0.0537190082644628,0.0,0.0592775406031278,0.0,0.1869294860386592,1.0610696897991518,1.8198064405035488
Car evaluation,3697519212,features,Data\Input\Subsets\Car evaluation\3697519212_20260613_164728.csv,3,1.0,1728,4,576.0,1.3333333333333333,432.0,0.0537190082644628,0.0,0.0867618846374993,0.0456063064516769,0.1444965239322921,1.0906369513838163,2.210918240351865
Car evaluation,3957603486,instances,Data\Input\Subsets\Car evaluation\3957603486_20260613_164728.csv,6,1.0,177,2,29.5,0.3333333333333333,88.5,0.3208955223880597,0.0,0.0487071496937389,0.0,0.1453851717545129,1.0499128384184089,0.897198326321139
Car evaluation,2263642114,instances,Data\Input\Subsets\Car evaluation\2263642114_20260613_164728.csv,6,1.0,417,4,69.5,0.6666666666666666,104.25,0.0547945205479452,0.0,0.0878342996856251,0.0,0.1843030063048054,1.0918071942433931,0.5832180903938767
Car evaluation,346995515,instances,Data\Input\Subsets\Car evaluation\346995515_20260613_164728.csv,6,1.0,882,4,147.0,0.6666666666666666,220.5,0.0533980582524271,0.0,0.0847515156779165,0.016723525069229,0.1866391393682547,1.0884465711844784,0.6409874748151559
Car evaluation,3878400283,instances,Data\Input\Subsets\Car evaluation\3878400283_20260613_164729.csv,6,1.0,920,4,153.33333333333334,0.6666666666666666,230.0,0.0543478260869565,0.0,0.0739941243320795,0.0072918995606146,0.1697364017815688,1.0768004785556038,0.8858924295164385
Car evaluation,3142314905,instances,Data\Input\Subsets\Car evaluation\3142314905_20260613_164729.csv,6,1.0,1313,4,218.8333333333333,0.6666666666666666,328.25,0.0533188248095756,0.0,0.0800687540047936,0.0,0.1897975017632822,1.0833615505596714,0.7408480931319574
Car evaluation,3720118694,instances,Data\Input\Subsets\Car evaluation\3720118694_20260613_164729.csv,6,1.0,1555,4,259.1666666666667,0.6666666666666666,388.75,0.0532598714416896,0.0,0.0759110958419497,0.0,0.1601113343136702,1.0788666541619671,0.8332561380056901
Car evaluation,1961571598,full,,6,1.0,1728,4,288.0,0.6666666666666666,432.0,0.0537190082644628,0.0,0.0791735431143658,0.008708082437471,0.1711156780655647,1.0823921474761784,0.7593334022416793
Dry Bean,2449018288,classes,Data\Input\Subsets\Dry Bean\2449018288_20260613_164731.csv,16,1.0,9585,5,599.0625,0.3125,1917.0,0.1472081218274111,0.875,0.830808616260736,0.1975779422765957,1.0411060868536952,2.2951739050457305,-0.8890856425805946
Dry Bean,2580016151,classes,Data\Input\Subsets\Dry Bean\2580016151_20260613_164731.csv,16,1.0,10361,5,647.5625,0.3125,2072.2,0.1472081218274111,1.0,0.7114214786231015,0.1079075209714583,0.9725319323148224,2.0368845896573937,-0.870339511842193
Dry Bean,479774297,classes,Data\Input\Subsets\Dry Bean\479774297_20260613_164732.csv,16,1.0,4812,3,300.75,0.1875,1604.0,0.710752688172043,0.875,0.4036399050912735,0.1196674902208052,0.6673591173867377,1.497264692479792,-0.831370496657766
Dry Bean,2504067391,classes,Data\Input\Subsets\Dry Bean\2504067391_20260613_164733.csv,16,1.0,6039,4,377.4375,0.25,1509.75,0.2575234336457819,0.75,0.8117899345306159,0.2149239375043707,0.9893355252660694,2.251935197950511,-0.9003541612618818
Dry Bean,2827883489,classes,Data\Input\Subsets\Dry Bean\2827883489_20260613_164733.csv,16,1.0,4179,3,261.1875,0.1875,1393.0,0.2575234336457819,0.75,0.7162577109830046,0.1410898334556309,0.9607644978869396,2.0467592957631537,-0.9146610556422732
Dry Bean,419402873,features,Data\Input\Subsets\Dry Bean\419402873_20260613_164734.csv,12,1.0,13543,7,1128.5833333333333,0.5833333333333334,1934.7142857142856,0.1472081218274111,1.0,0.7691642982910626,0.1972548054072129,1.0550423142049026,2.157962087413184,-0.8013208982733219
Dry Bean,1384208553,features,Data\Input\Subsets\Dry Bean\1384208553_20260613_164735.csv,12,1.0,13543,7,1128.5833333333333,0.5833333333333334,1934.7142857142856,0.1472081218274111,1.0,0.7393002370601205,0.1972448501214692,1.0374423873825855,2.094469369533725,-0.7932952483927422
Dry Bean,114599862,features,Data\Input\Subsets\Dry Bean\114599862_20260613_164736.csv,14,1.0,13543,7,967.3571428571428,0.5,1934.7142857142856,0.1472081218274111,1.0,0.8326605432460078,0.1972732651281021,1.0550836032055897,2.299428337769832,-0.8426899278076606
Dry Bean,37423825,features,Data\Input\Subsets\Dry Bean\37423825_20260613_164737.csv,12,1.0,13543,7,1128.5833333333333,0.5833333333333334,1934.7142857142856,0.1472081218274111,1.0,0.7694160342773605,0.1972548054072129,1.0371571735376284,2.158505392509505,-0.8013859017011188
Dry Bean,3876545345,features,Data\Input\Subsets\Dry Bean\3876545345_20260613_164738.csv,10,1.0,13543,7,1354.3,0.7,1934.7142857142856,0.1472081218274111,1.0,0.8421116086288263,0.2305798804898517,1.0346480665173614,2.321263405127578,-0.7822375984862281
Dry Bean,4071219644,instances,Data\Input\Subsets\Dry Bean\4071219644_20260613_164738.csv,16,1.0,2541,7,158.8125,0.4375,363.0,0.1473684210526315,0.9375,0.8168535570395099,0.1879732007357106,1.0728307276312878,2.263367066614826,-0.8596849832420066
Dry Bean,1949284328,instances,Data\Input\Subsets\Dry Bean\1949284328_20260613_164738.csv,16,1.0,3128,7,195.5,0.4375,446.8571428571428,0.1477411477411477,1.0,0.8100342405773099,0.2052181983725001,1.053712104114296,2.2479849576614326,-0.8585005888510439
Dry Bean,3618430449,instances,Data\Input\Subsets\Dry Bean\3618430449_20260613_164739.csv,16,1.0,6476,7,404.75,0.4375,925.1428571428572,0.1474056603773585,1.0,0.8041565994426931,0.1946266532057134,1.063418012975986,2.234810863031268,-0.8574748516387619
Dry Bean,2614302101,instances,Data\Input\Subsets\Dry Bean\2614302101_20260613_164740.csv,16,1.0,8446,7,527.875,0.4375,1206.571428571429,0.1474445952057892,1.0,0.7986618335209297,0.2003242859010474,1.0492982701547913,2.22256477596205,-0.8564871531088316
Dry Bean,675746366,instances,Data\Input\Subsets\Dry Bean\675746366_20260613_164741.csv,16,1.0,12188,7,761.75,0.4375,1741.142857142857,0.1472892510184895,1.0,0.8029610842033699,0.2008401660427856,1.0584165566841064,2.232140709010449,-0.8572584199723751
Dry Bean,1161694920,full,,16,1.0,13543,7,846.4375,0.4375,1934.7142857142856,0.1472081218274111,1.0,0.8027190186666631,0.1972648556996969,1.0551059572483257,2.2316004500633912,-0.8572194613142481
Glass Identification,2535203465,classes,Data\Input\Subsets\Glass Identification\2535203465_20260613_164742.csv,9,1.0,108,4,12.0,0.4444444444444444,27.0,0.1304347826086956,1.0,0.1954655661758406,0.0,0.5278534848669807,1.2158769259090711,-0.4092776498661877
Glass Identification,3555293188,classes,Data\Input\Subsets\Glass Identification\3555293188_20260613_164742.csv,9,1.0,204,5,22.666666666666668,0.5555555555555556,40.8,0.1710526315789473,1.0,0.2470362178282579,0.0,0.4071642234834149,1.2802254789251517,-0.372855208202509
Glass Identification,3388950230,classes,Data\Input\Subsets\Glass Identification\3388950230_20260613_164742.csv,9,1.0,135,4,15.0,0.4444444444444444,33.75,0.1710526315789473,0.8888888888888888,0.262005316723587,0.077281637711803,0.397929325767175,1.2995334516711692,-0.5164995748545408
Glass Identification,13478786,classes,Data\Input\Subsets\Glass Identification\13478786_20260613_164742.csv,9,1.0,174,3,19.33333333333333,0.3333333333333333,58.0,0.3815789473684211,1.0,0.2443264386937076,0.0626666989443061,0.4281845618565887,1.2767610466778645,-0.5328597533083665
Glass Identification,760985576,classes,Data\Input\Subsets\Glass Identification\760985576_20260613_164742.csv,9,1.0,137,5,15.22222222222222,0.5555555555555556,27.4,0.1304347826086956,0.8888888888888888,0.3240704741605762,0.0600191819455782,0.6029007293657715,1.3827447514614355,-0.5421468157759324
Glass Identification,2031650164,features,Data\Input\Subsets\Glass Identification\2031650164_20260613_164742.csv,6,1.0,213,6,35.5,1.0,35.5,0.1184210526315789,1.0,0.2549081979302612,0.0846079144301357,0.3907254468473233,1.290343159262769,-0.0124077228855126
Glass Identification,660643597,features,Data\Input\Subsets\Glass Identification\660643597_20260613_164742.csv,5,1.0,213,6,42.6,1.2,35.5,0.1184210526315789,0.8,0.2263656911068248,0.0444165236459781,0.3964830431367803,1.2540341705812574,0.3345416423390518
Glass Identification,100402401,features,Data\Input\Subsets\Glass Identification\100402401_20260613_164742.csv,8,1.0,213,6,26.625,0.75,35.5,0.1184210526315789,0.875,0.2844292481367807,0.0781901165869167,0.4222083964299421,1.3290032805151877,-0.3361828047795371
Glass Identification,2181959639,features,Data\Input\Subsets\Glass Identification\2181959639_20260613_164743.csv,6,1.0,213,6,35.5,1.0,35.5,0.1184210526315789,0.8333333333333334,0.3091310029071569,0.073740895390836,0.4203857180781458,1.3622408163218922,-0.1856353284477738
Glass Identification,2041563392,features,Data\Input\Subsets\Glass Identification\2041563392_20260613_164743.csv,7,1.0,213,6,30.428571428571427,0.8571428571428571,35.5,0.1184210526315789,0.8571428571428571,0.2899147274423438,0.0774178438699766,0.4069423093136648,1.3363135322941635,-0.2557061671103299
Glass Identification,2626117369,instances,Data\Input\Subsets\Glass Identification\2626117369_20260613_164743.csv,9,1.0,110,4,12.22222222222222,0.4444444444444444,27.5,0.2272727272727272,1.0,0.2506607509744717,0.00632791581967,0.3756509625692168,1.2848741180923264,-0.4500228266943717
Glass Identification,1816564041,instances,Data\Input\Subsets\Glass Identification\1816564041_20260613_164743.csv,9,1.0,126,4,14.0,0.4444444444444444,31.5,0.22,1.0,0.2274417326463501,0.0131870132516764,0.3782066229410463,1.2553842897026446,-0.3977499818252485
Glass Identification,3960677626,instances,Data\Input\Subsets\Glass Identification\3960677626_20260613_164743.csv,9,1.0,138,4,15.333333333333334,0.4444444444444444,34.5,0.2181818181818181,1.0,0.2633704560598924,0.0688709626078227,0.4444565974767944,1.301308707364882,-0.4796713397915228
Glass Identification,79113211,instances,Data\Input\Subsets\Glass Identification\79113211_20260613_164743.csv,9,1.0,168,5,18.666666666666668,0.5555555555555556,33.6,0.1774193548387097,1.0,0.262497958116979,0.0214179569796533,0.4186045543011598,1.3001738133629468,-0.4081769236380081
Glass Identification,528476123,instances,Data\Input\Subsets\Glass Identification\528476123_20260613_164743.csv,9,1.0,183,5,20.33333333333333,0.5555555555555556,36.6,0.1764705882352941,1.0,0.2613629460281306,0.0,0.4564815326037996,1.298698937526462,-0.4067413087210931
Glass Identification,589139090,full,,9,1.0,213,6,23.666666666666668,0.6666666666666666,35.5,0.1184210526315789,0.8888888888888888,0.2731478806611578,0.0290969214292196,0.4027946675951539,1.314094559628986,-0.3855700264151311
Indian Engineering Student Placement,1653770936,features,Data\Input\Subsets\Indian Engineering Student Placement\1653770936_20260613_164743.csv,11,0.6363636363636364,3994,2,363.09090909090907,0.1818181818181818,1997.0,0.1671537112799532,0.3636363636363636,0.0209975858379063,0.0,0.0649816223182511,1.0212195862449382,0.7783718515939844
Indian Engineering Student Placement,3425236023,features,Data\Input\Subsets\Indian Engineering Student Placement\3425236023_20260613_164743.csv,16,0.75,3994,2,249.625,0.125,1997.0,0.1671537112799532,0.3125,0.0191506144675012,0.0,0.0615872166166939,1.019335163679206,0.3405466452467797
Indian Engineering Student Placement,4087321208,features,Data\Input\Subsets\Indian Engineering Student Placement\4087321208_20260613_164744.csv,16,0.6875,3994,2,249.625,0.125,1997.0,0.1671537112799532,0.3125,0.0198807069202032,0.0,0.0709470389339914,1.0200796443257631,0.2913168571855205
Indian Engineering Student Placement,1796700096,features,Data\Input\Subsets\Indian Engineering Student Placement\1796700096_20260613_164744.csv,20,0.65,3994,2,199.7,0.1,1997.0,0.1671537112799532,0.25,0.0210173682065053,2.012468265089052e-07,0.06689355469078,1.0212397885870383,-0.022816111833559
Indian Engineering Student Placement,413254176,features,Data\Input\Subsets\Indian Engineering Student Placement\413254176_20260613_164744.csv,16,0.625,3994,2,249.625,0.125,1997.0,0.1671537112799532,0.25,0.0182649285112742,0.0,0.0722786430466444,1.0184327525254804,0.4055511886059028
Indian Engineering Student Placement,4182203488,features,Data\Input\Subsets\Indian Engineering Student Placement\4182203488_20260613_164745.csv,17,0.7647058823529411,3994,2,234.94117647058823,0.1176470588235294,1997.0,0.1671537112799532,0.3529411764705882,0.0222133817312304,2.012468265089052e-07,0.0679066771970737,1.0224619358928444,0.0877297949897172
Indian Engineering Student Placement,1995440498,features,Data\Input\Subsets\Indian Engineering Student Placement\1995440498_20260613_164745.csv,11,0.6363636363636364,3994,2,363.09090909090907,0.1818181818181818,1997.0,0.1671537112799532,0.2727272727272727,0.021275922716878,0.0,0.0645321428094696,1.0215038688786535,0.7551067515364832
Indian Engineering Student Placement,1147578153,instances,Data\Input\Subsets\Indian Engineering Student Placement\1147578153_20260613_164745.csv,22,0.6818181818181818,339,2,15.409090909090908,0.0909090909090909,169.5,0.1689655172413793,0.2727272727272727,0.0229626321719482,0.0,0.1019290667249335,1.0232283030135292,-0.1822187964486505
Indian Engineering Student Placement,731140729,instances,Data\Input\Subsets\Indian Engineering Student Placement\731140729_20260613_164745.csv,22,0.6818181818181818,827,2,37.59090909090909,0.0909090909090909,413.5,0.1664315937940761,0.2727272727272727,0.0229323176874775,0.0,0.0709374264109752,1.0231972848451796,-0.1877150464780401
Indian Engineering Student Placement,2927099379,instances,Data\Input\Subsets\Indian Engineering Student Placement\2927099379_20260613_164745.csv,22,0.6818181818181818,1105,2,50.22727272727273,0.0909090909090909,552.5,0.1668426610348468,0.2727272727272727,0.0182541347082232,0.0,0.0788168745798731,1.0184217598222556,0.0218055942036668
Indian Engineering Student Placement,3205064700,instances,Data\Input\Subsets\Indian Engineering Student Placement\3205064700_20260613_164745.csv,22,0.6818181818181818,1881,2,85.5,0.0909090909090909,940.5,0.1668734491315136,0.2727272727272727,0.0210000480754102,0.0,0.0700920722578735,1.021222100733199,-0.1117154898086334
Indian Engineering Student Placement,765178390,instances,Data\Input\Subsets\Indian Engineering Student Placement\765178390_20260613_164746.csv,22,0.6818181818181818,2122,2,96.45454545454544,0.0909090909090909,1061.0,0.1672167216721672,0.2727272727272727,0.0229022404263366,0.0,0.0745174376300006,1.0231665103360537,-0.1845986299829101
Indian Engineering Student Placement,105857999,instances,Data\Input\Subsets\Indian Engineering Student Placement\105857999_20260613_164746.csv,22,0.6818181818181818,2908,2,132.1818181818182,0.0909090909090909,1454.0,0.1669341894060995,0.2727272727272727,0.0205533293481554,0.0,0.062487628531457,1.02076600357727,-0.0922323481028278
Indian Engineering Student Placement,1752576087,instances,Data\Input\Subsets\Indian Engineering Student Placement\1752576087_20260613_164746.csv,22,0.6818181818181818,3277,2,148.95454545454547,0.0909090909090909,1638.5,0.167022792022792,0.2727272727272727,0.0197118923771142,0.0,0.0676202655409143,1.0199074545811673,-0.0532141490800522
Indian Engineering Student Placement,4125740560,instances,Data\Input\Subsets\Indian Engineering Student Placement\4125740560_20260613_164747.csv,22,0.6818181818181818,3594,2,163.36363636363637,0.0909090909090909,1797.0,0.1672620980837934,0.2727272727272727,0.0207588316537452,0.0,0.0675200795896153,1.0209757949000349,-0.1002756887824433
Indian Engineering Student Placement,1557700684,full,,22,0.6818181818181818,3994,2,181.54545454545453,0.0909090909090909,1997.0,0.1671537112799532,0.2727272727272727,0.0202689315549826,0.0,0.059402469442487,1.0204757412554453,-0.0788484458525486
Led24,3559850058,classes,Data\Input\Subsets\Led24\3559850058_20260613_164750.csv,24,1.0,2527,8,105.29166666666669,0.3333333333333333,315.875,0.8996960486322189,0.0833333333333333,0.0867506268523412,0.0,0.3567387316739903,1.0906246732964442,-0.0015615605334747
Led24,2303856907,classes,Data\Input\Subsets\Led24\2303856907_20260613_164751.csv,24,1.0,1272,4,53.0,0.1666666666666666,318.0,0.8783382789317508,0.0416666666666666,0.0839690254670184,0.0,0.3495220873870586,1.0875952055335252,-0.3126245010197211
Led24,3151677928,classes,Data\Input\Subsets\Led24\3151677928_20260613_164751.csv,24,1.0,2260,7,94.16666666666669,0.2916666666666667,322.85714285714283,0.8783382789317508,0.0833333333333333,0.0770141682018966,0.0,0.3445450290005585,1.0800573787551988,0.0523671620938295
Led24,3537488270,classes,Data\Input\Subsets\Led24\3537488270_20260613_164751.csv,24,1.0,1598,5,66.58333333333333,0.2083333333333333,319.6,0.8996960486322189,0.0416666666666666,0.090586808482996,0.0,0.374661757170124,1.0948165428799008,-0.2600560591549521
Led24,3764278031,classes,Data\Input\Subsets\Led24\3764278031_20260613_164752.csv,24,1.0,1603,5,66.79166666666667,0.2083333333333333,320.6,0.8961424332344213,0.0416666666666666,0.08672754641988,0.0,0.4052624965665639,1.090599501497821,-0.227190401244885
Led24,2917108198,features,Data\Input\Subsets\Led24\2917108198_20260613_164752.csv,20,1.0,3199,10,159.95,0.5,319.9,0.8783382789317508,0.05,0.0876089647751527,0.0,0.3809874351703479,1.0915611996836472,0.3136418744485013
Led24,4113586420,features,Data\Input\Subsets\Led24\4113586420_20260613_164752.csv,13,1.0,3199,10,246.07692307692307,0.7692307692307693,319.9,0.8783382789317508,0.0769230769230769,0.1336577927099771,0.0,0.3697393166386735,1.1430016092277508,0.3247010820265812
Led24,1071108661,features,Data\Input\Subsets\Led24\1071108661_20260613_164753.csv,23,1.0,3199,10,139.08695652173913,0.4347826086956521,319.9,0.8783382789317508,0.0434782608695652,0.0867326041211674,0.0,0.3584214991414929,1.0906050174382729,0.1538392438095831
Led24,1564629055,features,Data\Input\Subsets\Led24\1564629055_20260613_164753.csv,20,1.0,3199,10,159.95,0.5,319.9,0.8783382789317508,0.05,0.084007697705355,0.0,0.3574037047291676,1.08763726608781,0.3699554665737282
Led24,1665499579,features,Data\Input\Subsets\Led24\1665499579_20260613_164754.csv,22,1.0,3199,10,145.4090909090909,0.4545454545454545,319.9,0.8783382789317508,0.0454545454545454,0.0757885680029218,0.0,0.351086039230021,1.0787344710604536,0.3804769066260934
Led24,1043453495,instances,Data\Input\Subsets\Led24\1043453495_20260613_164755.csv,24,1.0,516,10,21.5,0.4166666666666667,51.6,0.8888888888888888,0.0416666666666666,0.0920193747288587,0.0,0.3712962890984537,1.0963860640577532,0.0422892620329563
Led24,3349796264,instances,Data\Input\Subsets\Led24\3349796264_20260613_164755.csv,24,1.0,1273,10,53.04166666666666,0.4166666666666667,127.3,0.8805970149253731,0.0416666666666666,0.0810168457110114,0.0,0.3578723705985056,1.0843891637193743,0.1837888610718759
Led24,3526690746,instances,Data\Input\Subsets\Led24\3526690746_20260613_164756.csv,24,1.0,1949,10,81.20833333333333,0.4166666666666667,194.9,0.8780487804878049,0.0833333333333333,0.0880001881507684,0.0,0.4032838577181681,1.0919883274866211,0.0898316933164449
Led24,1246783285,instances,Data\Input\Subsets\Led24\1246783285_20260613_164756.csv,24,1.0,1992,10,83.0,0.4166666666666667,199.2,0.8761904761904762,0.0833333333333333,0.088537230648685,0.0,0.3747265771990209,1.0925749291266167,0.0832210977796487
Led24,2777957743,instances,Data\Input\Subsets\Led24\2777957743_20260613_164757.csv,24,1.0,2601,10,108.375,0.4166666666666667,260.1,0.8795620437956204,0.0833333333333333,0.0859532174506283,0.0,0.3457728547411123,1.0897553455793294,0.1157956397277089
Led24,914956847,full,,24,1.0,3199,10,133.29166666666666,0.4166666666666667,319.9,0.8783382789317508,0.0416666666666666,0.0833121438462385,0.0,0.3465019143360943,1.0868810188259037,0.1511607571293305
Led7,432500441,classes,Data\Input\Subsets\Led7\432500441_20260613_164801.csv,7,1.0,192,6,27.428571428571427,0.8571428571428571,32.0,0.8055555555555556,0.0,0.0756317646039749,0.0080198672887474,0.114711290094601,1.0785653350897242,2.37884203448782
Led7,3824606660,classes,Data\Input\Subsets\Led7\3824606660_20260613_164801.csv,7,1.0,267,8,38.142857142857146,1.1428571428571428,33.375,0.7435897435897436,0.0,0.0611343312804783,0.0,0.1087607285740457,1.063041704349735,3.846932625179893
Led7,3212140349,classes,Data\Input\Subsets\Led7\3212140349_20260613_164801.csv,7,1.0,203,6,29.0,0.8571428571428571,33.833333333333336,0.7435897435897436,0.0,0.07380720160834,0.0422320879085837,0.1235920646801003,1.0765992188878168,2.4554084822716344
Led7,2440461165,classes,Data\Input\Subsets\Led7\2440461165_20260613_164801.csv,7,1.0,242,7,34.57142857142857,1.0,34.57142857142857,0.8205128205128205,0.0,0.0300042128012503,0.0,0.0733087629746549,1.03045887506281,8.252081007523868
Led7,3149161751,classes,Data\Input\Subsets\Led7\3149161751_20260613_164801.csv,7,1.0,237,7,33.857142857142854,1.0,33.857142857142854,0.7435897435897436,0.0,0.0645536524574355,0.0,0.1519466646733609,1.0666828068632996,3.297088261262588
Led7,2221291441,features,Data\Input\Subsets\Led7\2221291441_20260613_164801.csv,3,1.0,336,10,112.0,3.333333333333333,33.6,0.7435897435897436,0.0,0.0777003132596638,0.043923185924048,0.1169171323018436,1.0807987090887243,8.858969315131025
Led7,379872216,features,Data\Input\Subsets\Led7\379872216_20260613_164801.csv,6,1.0,336,10,56.0,1.6666666666666667,33.6,0.7435897435897436,0.0,0.0494410469124993,0.0,0.1281408872286515,1.0506836493438652,6.747054846541156
Led7,1856607162,features,Data\Input\Subsets\Led7\1856607162_20260613_164801.csv,4,1.0,336,10,84.0,2.5,33.6,0.7435897435897436,0.0,0.0759924273883371,0.0023196280394914,0.1302897729207806,1.0789544036236471,6.560407962971537
Led7,3065980252,features,Data\Input\Subsets\Led7\3065980252_20260613_164801.csv,3,1.0,336,10,112.0,3.333333333333333,33.6,0.7435897435897436,0.0,0.0912879023471255,0.0510089430773899,0.1200656990597544,1.0955843811723676,7.391528170843276
Led7,1040497913,features,Data\Input\Subsets\Led7\1040497913_20260613_164801.csv,4,1.0,336,10,84.0,2.5,33.6,0.7435897435897436,0.0,0.0642045870638221,0.0023196280394914,0.0995028728044302,1.0663105297877633,7.94848451530743
Led7,4109571398,instances,Data\Input\Subsets\Led7\4109571398_20260613_164801.csv,7,1.0,101,9,14.428571428571429,1.2857142857142858,11.22222222222222,0.7692307692307693,0.1428571428571428,0.1015247539034364,0.0,0.2148943522647317,1.106857317091967,2.0858332532859176
Led7,3032888022,instances,Data\Input\Subsets\Led7\3032888022_20260613_164801.csv,7,1.0,178,10,25.428571428571427,1.4285714285714286,17.8,0.7142857142857143,0.0,0.048644113067936,0.0,0.1311719945027514,1.0498466575416192,5.745640741840026
Led7,1467724681,instances,Data\Input\Subsets\Led7\1467724681_20260613_164801.csv,7,1.0,220,10,31.428571428571427,1.4285714285714286,22.0,0.76,0.0,0.0496604878872768,0.0,0.0812393492549907,1.0509142376874,5.612415777905811
Led7,3239398178,instances,Data\Input\Subsets\Led7\3239398178_20260613_164801.csv,7,1.0,256,10,36.57142857142857,1.4285714285714286,25.6,0.7333333333333333,0.0,0.0569204358577793,0.0,0.2073513942884601,1.0585715827048354,4.765881262623227
Led7,2832730025,instances,Data\Input\Subsets\Led7\2832730025_20260613_164802.csv,7,1.0,293,10,41.85714285714285,1.4285714285714286,29.3,0.7352941176470589,0.0,0.0609606564566893,0.0053859323001077,0.1227434806559171,1.0628570968003574,4.384960118548228
Led7,1362140544,full,,7,1.0,336,10,48.0,1.4285714285714286,33.6,0.7435897435897436,0.0,0.050621640623407,0.0191294127533669,0.0991238732487373,1.0519248123629,5.485467435631081
Liver Cirrhosis,3607875214,classes,Data\Input\Subsets\Liver Cirrhosis\3607875214_20260613_164803.csv,18,0.6111111111111112,182,3,10.11111111111111,0.1666666666666666,60.66666666666666,0.1081081081081081,0.5,0.0195011737770718,0.0,0.0541942170553781,1.0196925637517076,1.4102017435406664
Liver Cirrhosis,2530626769,classes,Data\Input\Subsets\Liver Cirrhosis\2530626769_20260613_164803.csv,18,0.6111111111111112,205,2,11.38888888888889,0.1111111111111111,102.5,0.8468468468468469,0.5555555555555556,0.0291275192303987,0.0,0.0779027482661526,1.0295558742773436,0.3154890736851885
Liver Cirrhosis,2630561571,classes,Data\Input\Subsets\Liver Cirrhosis\2630561571_20260613_164803.csv,18,0.6111111111111112,165,3,9.166666666666666,0.1666666666666666,55.0,0.1276595744680851,0.5,0.0695554325094312,0.0002039865772658,0.2144923479882408,1.0720314849531525,-0.2980058030109991
Liver Cirrhosis,3035315493,features,Data\Input\Subsets\Liver Cirrhosis\3035315493_20260613_164803.csv,13,0.4615384615384615,276,4,21.23076923076923,0.3076923076923077,69.0,0.1081081081081081,0.3846153846153846,0.0418722423504204,0.000638751501286,0.1337593830516323,1.0427612495141068,1.2032399068922786
Liver Cirrhosis,3698099617,features,Data\Input\Subsets\Liver Cirrhosis\3698099617_20260613_164803.csv,12,0.4166666666666667,276,4,23.0,0.3333333333333333,69.0,0.1081081081081081,0.25,0.0530611748943481,0.0,0.1337593830516323,1.0544941517145656,0.8835330819813669
Liver Cirrhosis,2978390162,features,Data\Input\Subsets\Liver Cirrhosis\2978390162_20260613_164803.csv,16,0.625,276,4,17.25,0.25,69.0,0.1081081081081081,0.5,0.0445509138953813,0.0003252063507837,0.1337593830516323,1.0455582087965754,0.6824987897610526
Liver Cirrhosis,374828793,features,Data\Input\Subsets\Liver Cirrhosis\374828793_20260613_164803.csv,13,0.6153846153846154,276,4,21.23076923076923,0.3076923076923077,69.0,0.1081081081081081,0.4615384615384615,0.0431695767972547,0.0008454257068155,0.1337593830516323,1.0441149375060932,1.1370280225535585
Liver Cirrhosis,2319460662,features,Data\Input\Subsets\Liver Cirrhosis\2319460662_20260613_164803.csv,13,0.6153846153846154,276,4,21.23076923076923,0.3076923076923077,69.0,0.1081081081081081,0.5384615384615384,0.0439908841153821,0.0011150370487329,0.1337593830516323,1.0449728289932876,1.0971298302516466
Liver Cirrhosis,2928093130,features,Data\Input\Subsets\Liver Cirrhosis\2928093130_20260613_164803.csv,14,0.6428571428571429,276,4,19.714285714285715,0.2857142857142857,69.0,0.1081081081081081,0.5,0.0518993434505631,0.0007060723065928,0.1337593830516323,1.0532697186819489,0.6505985565392032
Liver Cirrhosis,878062761,instances,Data\Input\Subsets\Liver Cirrhosis\878062761_20260613_164803.csv,18,0.6111111111111112,99,3,5.5,0.1666666666666666,33.0,0.5238095238095238,0.5,0.0351456210092087,0.0,0.1716751207985989,1.0357705277677138,0.6844239652520521
Liver Cirrhosis,17486142,instances,Data\Input\Subsets\Liver Cirrhosis\17486142_20260613_164803.csv,18,0.6111111111111112,125,3,6.944444444444445,0.1666666666666666,41.66666666666666,0.5283018867924528,0.5,0.0333238871365332,0.0,0.1295574094987623,1.0338853471829887,0.7779395172268969
Liver Cirrhosis,2623585235,instances,Data\Input\Subsets\Liver Cirrhosis\2623585235_20260613_164804.csv,18,0.6111111111111112,168,3,9.333333333333334,0.1666666666666666,56.0,0.5211267605633803,0.5555555555555556,0.0484751241809853,0.0,0.1512439958453948,1.0496692601130115,0.2204961814434054
Liver Cirrhosis,376899288,instances,Data\Input\Subsets\Liver Cirrhosis\376899288_20260613_164804.csv,18,0.6111111111111112,194,3,10.77777777777778,0.1666666666666666,64.66666666666667,0.524390243902439,0.5,0.0465777712507508,0.0,0.1268541033245878,1.0476795552496383,0.2710057679811508
Liver Cirrhosis,1008632738,instances,Data\Input\Subsets\Liver Cirrhosis\1008632738_20260613_164804.csv,18,0.6111111111111112,221,4,12.27777777777778,0.2222222222222222,55.25,0.1123595505617977,0.5555555555555556,0.044152693956,0.0,0.1395229331656166,1.045141929560896,0.5128205764538252
Liver Cirrhosis,4193109160,instances,Data\Input\Subsets\Liver Cirrhosis\4193109160_20260613_164804.csv,18,0.6111111111111112,248,4,13.77777777777778,0.2222222222222222,62.0,0.11,0.5555555555555556,0.0492375566541267,0.0,0.1408501608219831,1.050469867208621,0.3549917480163936
Liver Cirrhosis,1146154714,full,,18,0.6111111111111112,276,4,15.333333333333334,0.2222222222222222,69.0,0.1081081081081081,0.5,0.0445363348808831,0.0,0.1337593830516323,1.0455429656994055,0.4960440510669165
Magic,1947312419,features,Data\Input\Subsets\Magic\1947312419_20260613_164809.csv,6,1.0,18905,2,3150.833333333333,0.3333333333333333,9452.5,0.5330035679532923,0.8333333333333334,0.0532828488807395,0.0091383906650548,0.0946773658239488,1.054727931547299,1.0206698403660897
Magic,1654208435,features,Data\Input\Subsets\Magic\1654208435_20260613_164810.csv,8,1.0,18905,2,2363.125,0.25,9452.5,0.5330035679532923,0.75,0.0589947973854993,0.0089880193792075,0.1214340386160759,1.0607697219498655,0.3687695845264294
Magic,742917771,features,Data\Input\Subsets\Magic\742917771_20260613_164811.csv,8,1.0,18905,2,2363.125,0.25,9452.5,0.5330035679532923,0.875,0.0576598121775548,0.0084542316638664,0.1214340386160759,1.05935455488575,0.4004604118014165
Magic,1140771926,features,Data\Input\Subsets\Magic\1140771926_20260613_164812.csv,9,1.0,18905,2,2100.555555555556,0.2222222222222222,9452.5,0.5330035679532923,0.7777777777777778,0.0619060021060179,0.0082284358483537,0.1215888174105339,1.0638623392085809,0.1594680330318398
Magic,3984613269,features,Data\Input\Subsets\Magic\3984613269_20260613_164812.csv,7,1.0,18905,2,2700.714285714286,0.2857142857142857,9452.5,0.5330035679532923,0.8571428571428571,0.0624390320200902,0.0089985703530195,0.1212457795091521,1.0644295608194472,0.4780184160737104
Magic,103172065,features,Data\Input\Subsets\Magic\103172065_20260613_164813.csv,5,1.0,18905,2,3781.0,0.4,9452.5,0.5330035679532923,0.6,0.0764604967343936,0.0187818983797687,0.1212703174102252,1.079459547317693,0.6897674015815812
Magic,257120621,features,Data\Input\Subsets\Magic\257120621_20260613_164814.csv,5,1.0,18905,2,3781.0,0.4,9452.5,0.5330035679532923,0.8,0.0550321252305346,0.0092166756359919,0.1214574676057336,1.0565745568315068,1.3477278834731647
Magic,235019525,instances,Data\Input\Subsets\Magic\235019525_20260613_164814.csv,10,1.0,1306,2,130.6,0.2,653.0,0.5328638497652582,0.8,0.0523318866765562,0.0009455911141456,0.1497926437226233,1.05372540190815,0.234361868922985
Magic,3584368301,instances,Data\Input\Subsets\Magic\3584368301_20260613_164814.csv,10,1.0,3902,2,390.2,0.2,1951.0,0.5332023575638507,0.8,0.0514134199131671,0.0,0.1230828852871142,1.0527580344641858,0.256589189686954
Magic,1978351980,instances,Data\Input\Subsets\Magic\1978351980_20260613_164814.csv,10,1.0,5080,2,508.0,0.2,2540.0,0.5328907664453832,0.8,0.050976641952858,0.0,0.1178950915821266,1.0522983133625246,0.2671922676359983
Magic,487438683,instances,Data\Input\Subsets\Magic\487438683_20260613_164815.csv,10,1.0,8673,2,867.3,0.2,4336.5,0.5328738069989396,0.8,0.0533664844435498,0.0017502913686529,0.1254726534701138,1.0548161480004306,0.2104367164092446
Magic,2568126884,instances,Data\Input\Subsets\Magic\2568126884_20260613_164815.csv,10,1.0,11030,2,1103.0,0.2,5515.0,0.5330090340514246,0.8,0.0564807184690731,0.008583816758116,0.1268972043580136,1.058106212695871,0.1437597740701315
Magic,2392120109,instances,Data\Input\Subsets\Magic\2392120109_20260613_164816.csv,10,1.0,12657,2,1265.7,0.2,6328.5,0.5330668604651163,0.8,0.0552282018285104,0.0091344795438033,0.1202025256066339,1.0567817466879954,0.1697270543122806
Magic,1838100279,instances,Data\Input\Subsets\Magic\1838100279_20260613_164817.csv,10,1.0,16283,2,1628.3,0.2,8141.5,0.5329504801355677,0.8,0.0562760508540464,0.0075552200118693,0.1244596057230431,1.0578896747807789,0.1478915969436748
Magic,4206175372,instances,Data\Input\Subsets\Magic\4206175372_20260613_164818.csv,10,1.0,16813,2,1681.3,0.2,8406.5,0.5330537065742682,0.8,0.0562383334743491,0.0086594547070388,0.1184524709930689,1.0578497747067048,0.148710599083549
Magic,1353784273,full,,10,1.0,18905,2,1890.5,0.2,9452.5,0.5330035679532923,0.8,0.0567974134102342,0.0080496813827162,0.1214296724414825,1.0584413626479887,0.1373797426066663
Mobile Price Classification,656199112,classes,Data\Input\Subsets\Mobile Price Classification\656199112_20260613_164822.csv,19,0.6842105263157895,2211,6,116.36842105263158,0.3157894736842105,368.5,0.868766404199475,0.1052631578947368,0.0045545093993456,0.0,0.0271004445152147,1.0045648969413454,19.69213950869416
Mobile Price Classification,840142973,classes,Data\Input\Subsets\Mobile Price Classification\840142973_20260613_164822.csv,19,0.6842105263157895,2292,6,120.63157894736842,0.3157894736842105,382.0,0.8798076923076923,0.1052631578947368,0.0039030169463793,0.0,0.0209938685238149,1.0039106436361596,23.150004170565804
Mobile Price Classification,4253305722,classes,Data\Input\Subsets\Mobile Price Classification\4253305722_20260613_164823.csv,19,0.6842105263157895,1874,5,98.63157894736842,0.2631578947368421,374.8,0.7956730769230769,0.0526315789473684,0.0050311825561359,0.0,0.0388664755806917,1.005043860207368,15.80830518048576
Mobile Price Classification,1457622719,classes,Data\Input\Subsets\Mobile Price Classification\1457622719_20260613_164823.csv,19,0.6842105263157895,1177,3,61.94736842105263,0.1578947368421052,392.3333333333333,0.9134615384615384,0.0526315789473684,0.0101031168312558,0.0,0.0275414679971968,1.0101543256269645,4.7184581399743815
Mobile Price Classification,3346542758,classes,Data\Input\Subsets\Mobile Price Classification\3346542758_20260613_164823.csv,19,0.6842105263157895,1538,4,80.94736842105263,0.2105263157894736,384.5,0.8798076923076923,0.1052631578947368,0.0056080966365122,0.0,0.0238294897902333,1.0056238514481874,11.999105525517894
Mobile Price Classification,3990331581,features,Data\Input\Subsets\Mobile Price Classification\3990331581_20260613_164823.csv,14,0.7857142857142857,3000,8,214.28571428571428,0.5714285714285714,375.0,0.7956730769230769,0.1428571428571428,0.0044714823332804,0.0,0.0201535344765542,1.0044814943276654,32.190603652988806
Mobile Price Classification,1098070566,features,Data\Input\Subsets\Mobile Price Classification\1098070566_20260613_164823.csv,10,0.8,3000,8,300.0,0.8,375.0,0.7956730769230769,0.2,0.0054090774631206,0.0,0.0189344234965198,1.0054237329349005,37.41240552164052
Mobile Price Classification,3346684458,features,Data\Input\Subsets\Mobile Price Classification\3346684458_20260613_164824.csv,9,0.7777777777777778,3000,8,333.3333333333333,0.8888888888888888,375.0,0.7956730769230769,0.2222222222222222,0.0084251826741012,0.0,0.0194670565155221,1.0084607744110576,26.401407456198346
Mobile Price Classification,291369120,features,Data\Input\Subsets\Mobile Price Classification\291369120_20260613_164824.csv,11,0.6363636363636364,3000,8,272.72727272727275,0.7272727272727273,375.0,0.7956730769230769,0.0909090909090909,0.0058178409203838,0.0,0.0220136285860821,1.005834797424337,31.466851824606334
Mobile Price Classification,2485223626,features,Data\Input\Subsets\Mobile Price Classification\2485223626_20260613_164824.csv,14,0.7142857142857143,3000,8,214.28571428571428,0.5714285714285714,375.0,0.7956730769230769,0.1428571428571428,0.0029279296868932,0.0,0.0175980867659504,1.0029322202594952,49.688101742883184
Mobile Price Classification,4275608285,instances,Data\Input\Subsets\Mobile Price Classification\4275608285_20260613_164824.csv,19,0.6842105263157895,134,8,7.052631578947368,0.4210526315789473,16.75,0.8333333333333334,0.0526315789473684,0.0330948475243713,0.0,0.1281476048543965,1.0336485736003498,2.305011243777848
Mobile Price Classification,1654381492,instances,Data\Input\Subsets\Mobile Price Classification\1654381492_20260613_164824.csv,19,0.6842105263157895,911,8,47.94736842105263,0.4210526315789473,113.875,0.8015873015873016,0.1052631578947368,0.007241830588024,0.0,0.0283288870548958,1.0072681160564827,14.101213947928445
Mobile Price Classification,1996614290,instances,Data\Input\Subsets\Mobile Price Classification\1996614290_20260613_164824.csv,19,0.6842105263157895,1376,8,72.42105263157895,0.4210526315789473,172.0,0.7958115183246073,0.1052631578947368,0.0052756226385935,0.0,0.0301407713878751,1.005289563240042,19.728509061946056
Mobile Price Classification,810764602,instances,Data\Input\Subsets\Mobile Price Classification\810764602_20260613_164825.csv,19,0.6842105263157895,2284,8,120.21052631578948,0.4210526315789473,285.5,0.7949526813880127,0.1578947368421052,0.0061072276835874,0.0,0.0260909914253475,1.00612591482141,16.905875039767572
Mobile Price Classification,3597160624,instances,Data\Input\Subsets\Mobile Price Classification\3597160624_20260613_164825.csv,19,0.6842105263157895,2453,8,129.10526315789474,0.4210526315789473,306.625,0.7970588235294118,0.1052631578947368,0.0095301202659797,0.0,0.0267490815567903,1.0095756764658044,10.474833576277348
Mobile Price Classification,1865475978,full,,19,0.6842105263157895,3000,8,157.89473684210526,0.4210526315789473,375.0,0.7956730769230769,0.1052631578947368,0.0045348540075376,0.0,0.0190078315603821,1.0045451520187472,23.114474092858305
Mofn_3_7_10,418889111,features,Data\Input\Subsets\Mofn_3_7_10\418889111_20260613_164828.csv,8,1.0,1024,2,128.0,0.25,512.0,0.2929292929292929,0.0,0.0282609090974535,0.0013112283730085,0.0483357160244057,1.0286640372175933,1.36673779453033
Mofn_3_7_10,4078840732,features,Data\Input\Subsets\Mofn_3_7_10\4078840732_20260613_164828.csv,8,1.0,1024,2,128.0,0.25,512.0,0.2929292929292929,0.0,0.0272234043411924,0.0,0.0426490409352404,1.027597346830244,1.4569359816443683
Mofn_3_7_10,2982425070,features,Data\Input\Subsets\Mofn_3_7_10\2982425070_20260613_164828.csv,8,1.0,1024,2,128.0,0.25,512.0,0.2929292929292929,0.0,0.0292578004181247,0.0,0.060450192862423,1.0296900147772767,1.2860967233645653
Mofn_3_7_10,1524837816,features,Data\Input\Subsets\Mofn_3_7_10\1524837816_20260613_164828.csv,5,1.0,1024,2,204.8,0.4,512.0,0.2929292929292929,0.0,0.0260328821150522,0.0,0.0531329374549995,1.026374697289456,3.1108724803117065
Mofn_3_7_10,2894116114,features,Data\Input\Subsets\Mofn_3_7_10\2894116114_20260613_164828.csv,7,1.0,1024,2,146.28571428571428,0.2857142857142857,512.0,0.2929292929292929,0.0,0.0243194002347491,0.0,0.0439782737807514,1.024617528711432,2.1432242112690205
Mofn_3_7_10,99021112,features,Data\Input\Subsets\Mofn_3_7_10\99021112_20260613_164828.csv,7,1.0,1024,2,146.28571428571428,0.2857142857142857,512.0,0.2929292929292929,0.0,0.0265699159343899,0.0,0.048381198310309,1.0269260432456742,1.87698793666357
Mofn_3_7_10,3901782607,features,Data\Input\Subsets\Mofn_3_7_10\3901782607_20260613_164828.csv,8,1.0,1024,2,128.0,0.25,512.0,0.2929292929292929,0.0,0.0292578004181247,0.0,0.060450192862423,1.0296900147772767,1.2860967233645653
Mofn_3_7_10,2739684555,instances,Data\Input\Subsets\Mofn_3_7_10\2739684555_20260613_164828.csv,10,1.0,113,2,11.3,0.2,56.5,0.2988505747126437,0.0,0.0247030331767015,0.0,0.0676881900923083,1.0250106811566402,1.1834697210084786
Mofn_3_7_10,1804146762,instances,Data\Input\Subsets\Mofn_3_7_10\1804146762_20260613_164828.csv,10,1.0,316,2,31.6,0.2,158.0,0.2950819672131147,0.0,0.0354035583894234,0.0,0.0706566732746458,1.0360377261628957,0.5158450173195571
Mofn_3_7_10,4145128439,instances,Data\Input\Subsets\Mofn_3_7_10\4145128439_20260613_164829.csv,10,1.0,394,2,39.4,0.2,197.0,0.2918032786885245,0.0,0.0299084421729853,0.0,0.0896770390018222,1.0303601920944845,0.7863191404182667
Mofn_3_7_10,151495472,instances,Data\Input\Subsets\Mofn_3_7_10\151495472_20260613_164829.csv,10,1.0,513,2,51.3,0.2,256.5,0.2921914357682619,0.0,0.0378438627715548,0.0051468232337332,0.063990781808997,1.0385690609235658,0.4125050625883425
Mofn_3_7_10,3613556450,instances,Data\Input\Subsets\Mofn_3_7_10\3613556450_20260613_164829.csv,10,1.0,570,2,57.0,0.2,285.0,0.2925170068027211,0.0,0.0281950976148637,0.0,0.0672141492097733,1.028596341539818,0.8967347083776473
Mofn_3_7_10,1382340815,instances,Data\Input\Subsets\Mofn_3_7_10\1382340815_20260613_164829.csv,10,1.0,725,2,72.5,0.2,362.5,0.2923351158645276,0.0,0.0409820022954213,0.0,0.0751327036176106,1.0418333547678054,0.3046027133772593
Mofn_3_7_10,1432367142,instances,Data\Input\Subsets\Mofn_3_7_10\1432367142_20260613_164829.csv,10,1.0,815,2,81.5,0.2,407.5,0.2936507936507936,0.0,0.027478230787963,0.0,0.0609740931279683,1.0278592391779786,0.949246322027195
Mofn_3_7_10,3945314230,instances,Data\Input\Subsets\Mofn_3_7_10\3945314230_20260613_164829.csv,10,1.0,921,2,92.1,0.2,460.5,0.2935393258426966,0.0,0.0301651011454725,0.0,0.0604306854806937,1.0306246772224676,0.7753521321340612
Mofn_3_7_10,2819075863,full,,10,1.0,1024,2,102.4,0.2,512.0,0.2929292929292929,0.0,0.0265489598530806,0.0,0.0586383146306113,1.0269045231255027,1.0154811951615694
Mushroom,2422714951,classes,Data\Input\Subsets\Mushroom\2422714951_20260613_164830.csv,22,0.0,1268,4,57.63636363636363,0.1818181818181818,317.0,0.0625,0.0,0.4293389310831131,0.0,1.0605621116009842,1.5362416262082867,-0.8786129811155141
Mushroom,2157921971,classes,Data\Input\Subsets\Mushroom\2157921971_20260613_164830.csv,22,0.0,6712,5,305.09090909090907,0.2272727272727272,1342.4,0.0544217687074829,0.0,0.2373676902392384,0.0,0.6150094037873128,1.2679072291901563,-0.7817136245466952
Mushroom,2832717073,classes,Data\Input\Subsets\Mushroom\2832717073_20260613_164830.csv,22,0.0,7112,6,323.27272727272725,0.2727272727272727,1185.3333333333333,0.0544217687074829,0.0,0.2603831739940628,0.0,0.6170042883239873,1.297427131768397,-0.7744056845668531
Mushroom,296479217,classes,Data\Input\Subsets\Mushroom\296479217_20260613_164830.csv,22,0.0,3364,5,152.9090909090909,0.2272727272727272,672.8,0.0166666666666666,0.0,0.2730995198327071,0.0,0.6585600364320316,1.314031010464077,-0.8249354493960238
Mushroom,1189935015,classes,Data\Input\Subsets\Mushroom\1189935015_20260613_164831.csv,22,0.0,7132,6,324.1818181818182,0.2727272727272727,1188.6666666666667,0.010204081632653,0.0,0.2614259797267645,0.0,0.6276545668207201,1.2987808019039866,-0.7804867707378981
Mushroom,2747919473,features,Data\Input\Subsets\Mushroom\2747919473_20260613_164831.csv,20,0.0,8124,9,406.2,0.45,902.6666666666666,0.010204081632653,0.0,0.3116335468416761,0.0,0.6598973310110031,1.3656541530452906,-0.7420535112654056
Mushroom,1971657294,features,Data\Input\Subsets\Mushroom\1971657294_20260613_164831.csv,21,0.0,8124,9,386.8571428571428,0.4285714285714285,902.6666666666666,0.010204081632653,0.0,0.2899812850802759,0.0,0.6598973310110031,1.3364024771263558,-0.7359935399592457
Mushroom,1679429026,features,Data\Input\Subsets\Mushroom\1679429026_20260613_164831.csv,16,0.0,8124,9,507.75,0.5625,902.6666666666666,0.010204081632653,0.0,0.3249534677067997,0.0209398332964979,0.6598973310110031,1.3839662453593005,-0.6907834999154095
Mushroom,1390897763,features,Data\Input\Subsets\Mushroom\1390897763_20260613_164831.csv,19,0.0,8124,9,427.578947368421,0.4736842105263157,902.6666666666666,0.010204081632653,0.0,0.2891251940734879,0.0,0.6598973310110031,1.3352588845637372,-0.7073393852706757
Mushroom,1503172705,features,Data\Input\Subsets\Mushroom\1503172705_20260613_164831.csv,20,0.0,8124,9,406.2,0.45,902.6666666666666,0.010204081632653,0.0,0.3151966969007824,0.0,0.6598973310110031,1.370528863225909,-0.744969474711781
Mushroom,1359388499,instances,Data\Input\Subsets\Mushroom\1359388499_20260613_164831.csv,22,0.0,1100,8,50.0,0.3636363636363636,137.5,0.0541666666666666,0.0,0.2978488060043391,0.0,0.649810392354468,1.3469581205030732,-0.7579919889877804
Mushroom,4196951486,instances,Data\Input\Subsets\Mushroom\4196951486_20260613_164831.csv,22,0.0,2208,9,100.36363636363636,0.4090909090909091,245.3333333333333,0.0104275286757038,0.0,0.3001888282511675,0.0,0.6475816117150996,1.3501137231208316,-0.7565097028877157
Mushroom,1381572026,instances,Data\Input\Subsets\Mushroom\1381572026_20260613_164831.csv,22,0.0,3918,9,178.0909090909091,0.4090909090909091,435.3333333333333,0.0099941211052322,0.0,0.3078730820103507,0.0,0.6658092929883257,1.3605283024618624,-0.7626544532096031
Mushroom,2599154067,instances,Data\Input\Subsets\Mushroom\2599154067_20260613_164831.csv,22,0.0,6260,9,284.54545454545456,0.4090909090909091,695.5555555555555,0.0102979036410445,0.0,0.3053978007579603,0.0,0.6559717394423862,1.3571647768147848,-0.7607134992255906
Mushroom,1331599180,instances,Data\Input\Subsets\Mushroom\1331599180_20260613_164832.csv,22,0.0,6672,9,303.27272727272725,0.4090909090909091,741.3333333333334,0.0103555402140144,0.0,0.305823016133061,0.0,0.6666862230314693,1.357741986855027,-0.7610017578207986
Mushroom,2687278304,full,,22,0.0,8124,9,369.27272727272725,0.4090909090909091,902.6666666666666,0.010204081632653,0.0,0.3053477410288832,0.0,0.6598973310110031,1.3570968392142275,-0.7606759043465481
Nursery,1733977371,classes,Data\Input\Subsets\Nursery\1733977371_20260613_164835.csv,8,0.125,8638,3,1079.75,0.375,2879.333333333333,0.0768870135958743,0.0,0.0485437901814101,0.0043457706019232,0.205800866306387,1.0497413391775343,1.1319092674461844
Nursery,625334168,classes,Data\Input\Subsets\Nursery\625334168_20260613_164835.csv,8,0.125,4648,2,581.0,0.25,2324.0,0.0759259259259259,0.0,0.0477211273828711,0.0036277386941236,0.2551056792333761,1.048878111151181,-0.331780038465359
Nursery,318207758,classes,Data\Input\Subsets\Nursery\318207758_20260613_164835.csv,8,0.125,8692,3,1086.5,0.375,2897.333333333333,0.0759259259259259,0.0,0.1122653434740494,0.0033218321290121,0.726456888047945,1.1188096901123972,-0.0790265085027267
Nursery,3292587366,features,Data\Input\Subsets\Nursery\3292587366_20260613_164835.csv,7,0.1428571428571428,12958,4,1851.142857142857,0.5714285714285714,3239.5,0.0759259259259259,0.0,0.126189239523678,0.0028969627758662,0.6645051449782055,1.1344968396117767,0.3454384618976481
Nursery,1882153252,features,Data\Input\Subsets\Nursery\1882153252_20260613_164835.csv,7,0.0,12958,4,1851.142857142857,0.5714285714285714,3239.5,0.0759259259259259,0.0,0.1083200195698221,0.0028969627758662,0.6645051449782055,1.1144043195190143,0.5673913003988399
Nursery,4276269473,features,Data\Input\Subsets\Nursery\4276269473_20260613_164835.csv,7,0.1428571428571428,12958,4,1851.142857142857,0.5714285714285714,3239.5,0.0759259259259259,0.0,0.1251429606939838,0.0028969627758662,0.6645051449782055,1.1333104603361233,0.3566872270821488
Nursery,268277408,features,Data\Input\Subsets\Nursery\268277408_20260613_164835.csv,6,0.1666666666666666,12958,4,2159.6666666666665,0.6666666666666666,3239.5,0.0759259259259259,0.0,0.0352492633132802,0.0028969627758662,0.1331108547235806,1.0358778829748754,4.619308900003992
Nursery,3254515074,features,Data\Input\Subsets\Nursery\3254515074_20260613_164835.csv,5,0.2,12958,4,2591.6,0.8,3239.5,0.0759259259259259,0.0,0.0396151966659449,0.0028969627758662,0.1331108547235806,1.0404103437847776,5.000015622040585
Nursery,1353969087,features,Data\Input\Subsets\Nursery\1353969087_20260613_164835.csv,4,0.0,12958,4,3239.5,1.0,3239.5,0.0759259259259259,0.0,0.0186838764539451,0.0028969627758662,0.0503926314433687,1.0188595122207058,14.902200451534911
Nursery,378514780,instances,Data\Input\Subsets\Nursery\378514780_20260613_164835.csv,8,0.125,406,4,50.75,0.5,101.5,0.074074074074074,0.0,0.1221458437215339,0.0080033537782616,0.6587136303547629,1.1299188813386805,0.214477119082743
Nursery,3293247476,instances,Data\Input\Subsets\Nursery\3293247476_20260613_164835.csv,8,0.125,3425,4,428.125,0.5,856.25,0.0761821366024518,0.0,0.1106192433581241,0.0016807219871455,0.666046571620725,1.1169695323093058,0.3432201782390932
Nursery,1758865149,instances,Data\Input\Subsets\Nursery\1758865149_20260613_164836.csv,8,0.125,6378,4,797.25,0.5,1594.5,0.0757290686735653,0.0,0.1101032159562003,0.0032402842125921,0.6641185806496879,1.1163932941136567,0.3490586074790789
Nursery,4180896881,instances,Data\Input\Subsets\Nursery\4180896881_20260613_164836.csv,8,0.125,7592,4,949.0,0.5,1898.0,0.0758593441327538,0.0,0.1113713354466397,0.0024431292823675,0.6629854669589942,1.1178099122396044,0.3338241151665059
Nursery,3181140901,instances,Data\Input\Subsets\Nursery\3181140901_20260613_164836.csv,8,0.125,8815,4,1101.875,0.5,2203.75,0.0758761483497788,0.0,0.1108638960119384,0.0032950260841952,0.6642740807183998,1.117242835300403,0.3399545220042961
Nursery,2026675387,instances,Data\Input\Subsets\Nursery\2026675387_20260613_164836.csv,8,0.125,11314,4,1414.25,0.5,2828.5,0.0758218451749734,0.0,0.111271220067924,0.003083885253608,0.6644076232664342,1.1176980078786751,0.3349943881805104
Nursery,1051703440,full,,8,0.125,12958,4,1619.75,0.5,3239.5,0.0759259259259259,0.0,0.1114188739640419,0.0028969627758662,0.6645051449782055,1.117863052528665,0.3333232423361107
Obesity Levels,3719588693,classes,Data\Input\Subsets\Obesity Levels\3719588693_20260613_164837.csv,16,0.5,1530,5,95.625,0.3125,306.0,0.7863247863247863,0.1875,0.3031445251187928,0.0079503105534168,1.1230185294345132,1.3541101532317297,-0.6690272523923462
Obesity Levels,1230357644,classes,Data\Input\Subsets\Obesity Levels\1230357644_20260613_164837.csv,16,0.5,1218,4,76.125,0.25,304.5,0.7606837606837606,0.25,0.2286474314520537,0.0020129655358525,1.1433840516973,1.2568988178903782,-0.6228074835613874
Obesity Levels,4280611947,classes,Data\Input\Subsets\Obesity Levels\4280611947_20260613_164838.csv,16,0.5,572,2,35.75,0.125,286.0,0.9724137931034482,0.1875,0.1519443487745295,0.0002939574791857,0.4300633526593402,1.164095451291014,-0.7149246670462123
Obesity Levels,370607908,classes,Data\Input\Subsets\Obesity Levels\370607908_20260613_164838.csv,16,0.5,557,2,34.8125,0.125,278.5,0.9206896551724136,0.1875,0.0980914960373964,0.0023485935337948,0.6551446905353109,1.103063706449622,-0.5588975439626005
Obesity Levels,4115844447,classes,Data\Input\Subsets\Obesity Levels\4115844447_20260613_164838.csv,16,0.5,1544,5,96.5,0.3125,308.8,0.8034188034188035,0.25,0.3022766680096708,0.0071961071507898,1.0757054769399894,1.3529354889028349,-0.6679140522624297
Obesity Levels,1754874037,features,Data\Input\Subsets\Obesity Levels\1754874037_20260613_164838.csv,8,0.5,2087,7,260.875,0.875,298.1428571428572,0.7606837606837606,0.375,0.2383452264562397,0.0330255146166601,0.584079875058972,1.2691472604154588,0.0183676198391596
Obesity Levels,439739699,features,Data\Input\Subsets\Obesity Levels\439739699_20260613_164838.csv,8,0.5,2087,7,260.875,0.875,298.1428571428572,0.7606837606837606,0.375,0.3804301344674043,0.0330255146166601,1.24840365141605,1.462913703729466,-0.3619773015455926
Obesity Levels,1430191341,features,Data\Input\Subsets\Obesity Levels\1430191341_20260613_164838.csv,10,0.6,2087,7,208.7,0.7,298.1428571428572,0.7606837606837606,0.3,0.311296450308757,0.0075279236642195,1.250387776632284,1.365193873348836,-0.3762265885768415
Obesity Levels,1570091552,features,Data\Input\Subsets\Obesity Levels\1570091552_20260613_164838.csv,14,0.5714285714285714,2087,7,149.07142857142858,0.5,298.1428571428572,0.7606837606837606,0.2857142857142857,0.3166750046415608,0.0075279236642195,1.2553187749026784,1.3725564249642306,-0.5620150313482599
Obesity Levels,2788304332,features,Data\Input\Subsets\Obesity Levels\2788304332_20260613_164838.csv,9,0.4444444444444444,2087,7,231.88888888888889,0.7777777777777778,298.1428571428572,0.7606837606837606,0.3333333333333333,0.3214546614372162,0.0601197091692453,1.254780047707884,1.379132476724254,-0.3288203350189906
Obesity Levels,1665810259,instances,Data\Input\Subsets\Obesity Levels\1665810259_20260613_164838.csv,16,0.5,427,7,26.6875,0.4375,61.0,0.7638888888888888,0.1875,0.2724737180474116,0.0117662882334366,1.2221311096709315,1.3132089447637154,-0.5545931465432401
Obesity Levels,1507669273,instances,Data\Input\Subsets\Obesity Levels\1507669273_20260613_164838.csv,16,0.5,879,7,54.9375,0.4375,125.57142857142856,0.7567567567567568,0.25,0.2769296948109309,0.0081734543861574,1.2529122838210889,1.319073630053954,-0.5617952304830688
Obesity Levels,3848019707,instances,Data\Input\Subsets\Obesity Levels\3848019707_20260613_164839.csv,16,0.5,928,7,58.0,0.4375,132.57142857142858,0.7628205128205128,0.125,0.2770692253505731,0.011115425352895,1.2486135563255236,1.319257693950352,-0.5619696388519126
Obesity Levels,2210065115,instances,Data\Input\Subsets\Obesity Levels\2210065115_20260613_164839.csv,16,0.5,1433,7,89.5625,0.4375,204.7142857142857,0.7593360995850622,0.25,0.2800428501877199,0.0078250422983683,1.239172165262869,1.3231865099130156,-0.5666233803664079
Obesity Levels,3963391333,instances,Data\Input\Subsets\Obesity Levels\3963391333_20260613_164839.csv,16,0.5,1784,7,111.5,0.4375,254.8571428571429,0.76,0.25,0.2868905800377048,0.0069771576644001,1.2336425058855545,1.3322784276445616,-0.5769783660302666
Obesity Levels,1784639180,full,,16,0.5,2087,7,130.4375,0.4375,298.1428571428572,0.7606837606837606,0.25,0.2856896928670613,0.0075279236642195,1.2553187749026784,1.330679471847988,-0.5751980784983874
Online shopper,1295634537,features,Data\Input\Subsets\Online shopper\1295634537_20260613_164840.csv,11,0.7272727272727273,12205,2,1109.5454545454545,0.18181818181818182,6102.5,0.1852966883558318,0.7272727272727273,0.026740074581625792,0.0,0.1644230931853905,1.0271007984596379,0.47389506736357356
Online shopper,3344160826,features,Data\Input\Subsets\Online shopper\3344160826_20260613_164840.csv,9,0.7777777777777778,12205,2,1356.111111111111,0.2222222222222222,6102.5,0.1852966883558318,0.7777777777777778,0.0300998763261906,0.0,0.16159492582577295,1.0305574571063822,0.6003487840007012
Online shopper,2071385544,features,Data\Input\Subsets\Online shopper\2071385544_20260613_164841.csv,11,0.8181818181818182,12205,2,1109.5454545454545,0.18181818181818182,6102.5,0.1852966883558318,0.8181818181818182,0.01336708882702496,0.0,0.04159196295007339,1.013456827762522,1.9484403475430523
Online shopper,1743727169,features,Data\Input\Subsets\Online shopper\1743727169_20260613_164842.csv,14,0.8571428571428571,12205,2,871.7857142857143,0.14285714285714285,6102.5,0.1852966883558318,0.8571428571428571,0.011556263741309483,0.0,0.04019908706944042,1.0116232953198174,1.6796395814888077
Online shopper,4164987091,features,Data\Input\Subsets\Online shopper\4164987091_20260613_164842.csv,12,0.9166666666666666,12205,2,1017.0833333333334,0.16666666666666666,6102.5,0.1852966883558318,0.9166666666666666,0.028023686068365954,0.003452325365512321,0.1645155943683998,1.028420043360396,0.28918534377514005
Online shopper,2418961037,features,Data\Input\Subsets\Online shopper\2418961037_20260613_164843.csv,15,0.8,12205,2,813.6666666666666,0.13333333333333333,6102.5,0.1852966883558318,0.8,0.02298609270397267,0.0,0.16538603343390057,1.0232523087754932,0.2573768260022386
Online shopper,2270762176,features,Data\Input\Subsets\Online shopper\2270762176_20260613_164844.csv,13,0.7692307692307693,12205,2,938.8461538461538,0.15384615384615385,6102.5,0.1852966883558318,0.7692307692307693,0.02482898716366724,0.00037654688094909683,0.16334985456870954,1.0251397934695488,0.34313451214521346
Online shopper,2824418081,instances,Data\Input\Subsets\Online shopper\2824418081_20260613_164844.csv,17,0.8235294117647058,432,2,25.41176470588235,0.11764705882352941,216.0,0.18681318681318682,0.8235294117647058,0.020296024998450873,0.0,0.12909674120295156,1.0205033898317977,0.26175287328578667
Online shopper,622267498,instances,Data\Input\Subsets\Online shopper\622267498_20260613_164845.csv,17,0.8235294117647058,2510,2,147.64705882352942,0.11764705882352941,1255.0,0.18508026440037773,0.8235294117647058,0.024152927021559533,0.0,0.16883095831236195,1.0244469715361313,0.0552195081052472
Online shopper,1136656614,instances,Data\Input\Subsets\Online shopper\1136656614_20260613_164845.csv,17,0.8235294117647058,3824,2,224.94117647058823,0.11764705882352941,1912.0,0.18536887786732795,0.8235294117647058,0.023161920862305462,0.0,0.16360961438559785,1.0234322411625816,0.10124796694107313
Online shopper,4109666046,instances,Data\Input\Subsets\Online shopper\4109666046_20260613_164845.csv,17,0.8235294117647058,4693,2,276.05882352941177,0.11764705882352941,2346.5,0.18540035362465268,0.8235294117647058,0.023168156604714614,0.0008136501172918698,0.15840152234756943,1.0234386230423085,0.10104741627675481
Online shopper,1615081929,instances,Data\Input\Subsets\Online shopper\1615081929_20260613_164846.csv,17,0.8235294117647058,6307,2,371.0,0.11764705882352941,3153.5,0.1853035143769968,0.8235294117647058,0.02132132785157832,0.0,0.16779814756244127,1.0215502514524124,0.19609837412176395
Online shopper,527014954,instances,Data\Input\Subsets\Online shopper\527014954_20260613_164846.csv,17,0.8235294117647058,8202,2,482.47058823529414,0.11764705882352941,4101.0,0.18526011560693642,0.8235294117647058,0.02215567434767432,0.0,0.1698380594647908,1.0224029339921774,0.15091699418698418
Online shopper,3384506524,instances,Data\Input\Subsets\Online shopper\3384506524_20260613_164847.csv,17,0.8235294117647058,10295,2,605.5882352941177,0.11764705882352941,5147.5,0.1852406170849643,0.8235294117647058,0.02158589098062412,0.0002780443027823598,0.16766241051794517,1.0218205517375822,0.181232943534522
Online shopper,1027224790,instances,Data\Input\Subsets\Online shopper\1027224790_20260613_164848.csv,17,0.8235294117647058,10809,2,635.8235294117648,0.11764705882352941,5404.5,0.18532733852396097,0.8235294117647058,0.02147421495311738,0.0,0.16414716600143509,1.0217064452491378,0.18766097233147255
Online shopper,1503107704,full,,17,0.8235294117647058,12205,2,717.9411764705883,0.11764705882352941,6102.5,0.1852966883558318,0.8235294117647058,0.022306541048486277,0.0,0.16496682526179174,1.022557192185649,0.14324868775531896
