Speaker Number,Sex,Feature 0,Feature 1,Feature 2,Feature 3,Feature 4,Feature 5,Feature 6,Feature 7,Feature 8,Feature 9,target
-1.6201851746019649,0.9354143466934853,-0.7581120679984019,-0.8020943832225668,-0.23112349340081675,1.3371571145590617,0.10544739818238254,1.1616662732933916,-0.7476253226979698,0.3615321606412407,-0.8148707750617146,-1.1894950543911202,4
-1.6201851746019649,0.9354143466934853,-0.3552985732063792,-0.7429952174325953,-0.25925528342368187,0.8381801659242883,-0.02393954951531585,1.5928800507469327,-0.7016540731982108,0.3316697063333021,-0.394283968729426,-0.6548925828606317,1
-1.6201851746019649,0.9354143466934853,0.5858906502019046,0.3495816680691832,-0.4374232869018274,0.47298689192347604,-1.8486956778704848,-0.05446931475368587,0.6903553616544922,-0.7056576538371963,1.0985498339835975,-0.5040231737170583,3
-1.6201851746019649,0.9354143466934853,-0.5554142517088267,0.7935830931066606,0.04667793307497622,0.45611327530297646,-2.3315624311340604,0.13999964370575416,0.5579581630951864,0.23736721904507496,1.2647896783837116,-0.45482662725719736,2
-1.6201851746019649,0.9354143466934853,-0.7761870325083007,-0.8361900557937041,-0.1490724391674601,1.2479679981364213,0.033417551010467984,1.3561352317528317,-0.6832655733983073,0.3741058256130043,-0.6868660948736267,-1.1878551695091248,4
-1.6201851746019649,0.9354143466934853,-0.23910237278560356,-0.7884561141941119,-0.45383349774849874,0.8357696492642173,-0.0052651446929676115,1.5675145344261363,-0.7604972725579024,0.7104513636076809,-0.6486309306616005,-0.39087111685937825,1
-1.6201851746019649,0.9354143466934853,0.6607726460286272,0.5056640802837231,-0.646067396238077,0.3175085673488728,-1.7606591979937003,0.3119214765467084,0.311552265776478,-0.5437717173257397,1.1517465841916341,-0.8926758907499595,3
-1.6201851746019649,0.9354143466934853,-0.6845211410652439,0.6799308512028696,0.13458977689642967,0.5935127249270443,-2.2755392166670156,-0.25598424996890273,0.5892186127550224,0.08805494750538198,1.3279608192557548,-0.2793589448836935,2
-1.6201851746019649,0.9354143466934853,-0.7916798592310708,-0.863466593850614,-0.1971309137898546,1.35162021451949,0.07076636065516458,1.2448087990115582,-0.6942986732782495,0.4259721936215291,-0.4857158831494886,-1.233771946204995,4
-1.6201851746019649,0.9354143466934853,-0.1461454124489828,-0.8096711993494862,-0.5839430266042499,0.6477493497786503,-0.06795778945370805,1.5759697065330684,-0.42950427615963743,0.6664435362065083,-0.1798345694532791,-0.5515798352949238,1
-1.6201851746019649,0.9354143466934853,0.5381211011400308,0.5079371251217988,-0.7691439775881118,0.29099288408808766,-1.5472374285954347,0.41197434647873904,-0.1647098790410255,-0.28443987728311515,0.8691388487114403,-0.9779499046137184,3
-1.6201851746019649,0.9354143466934853,-0.7529477924241451,0.5859783312290688,0.09239209186213211,0.41272397542169176,-1.9287288413948345,-0.9662187069512055,1.1886837062318802,-0.028251453483431405,1.2082681312876726,0.14045158490711956,2
-1.6201851746019649,0.9354143466934853,-0.7387460345949396,-0.8877124054567561,-0.2756654942703531,1.3118466896283125,0.07076636065516458,1.2293076501488494,-0.5361575749990785,0.4118268205282952,-0.321138437193376,-1.2370517159689858,4
-1.6201851746019649,0.9354143466934853,-0.01316531641187243,-0.8528590512729268,-0.7011588183661878,0.4717816335934402,-0.14398929480184008,1.6732041857627884,-0.42031002625968567,0.7811782290738513,0.042926822042873826,-0.344954340163508,1
-1.6201851746019649,0.9354143466934853,0.42321596961281854,0.44732259610644376,-0.7843820305171636,0.3054559840485159,-1.2137659139106454,0.5176639978153912,-0.5416741249390495,-0.19956763872371075,0.6247662774432727,-0.9189140488618853,3
-1.6201851746019649,0.9354143466934853,-0.6548265565132683,0.49202581125526806,0.03261203806354365,0.4621395669531547,-2.0247686376240535,-0.6392853854831613,0.9698605586130273,0.034616871375386646,1.3745079756877867,-0.04813517652234722,2
-1.6201851746019649,0.9354143466934853,-0.69872289889445,-0.8990776296471351,-0.3624051801741872,1.2503785147964923,0.09611019577120847,1.2109881105838294,-0.2860739777203891,0.3049506682683044,-0.1798345694532791,-1.373162161174601,4
-1.6201851746019649,0.9354143466934853,0.007491785885153829,-0.8255825132160169,-0.8113416626224095,0.3259453756591224,-0.18533976262275403,1.656293841548924,-0.376177626739917,0.8047538508959081,-0.016919521941167078,-0.17932596708197632,1
-1.6201851746019649,0.9354143466934853,0.18178608651631786,0.3420048519422638,-0.7714882934233506,0.27652978412765944,-0.8856299434608124,0.43452147209722486,-0.4166323262997049,-0.5437717173257397,0.589855910119249,-0.7385267118423954,3
-1.6201851746019649,0.9354143466934853,-0.5257196671568506,0.4617185467475904,-0.14321164957936322,0.3223296006690155,-2.12614397808823,-0.28557735234316534,0.8062029103938851,0.1587818129715524,1.424379929007821,-0.20064447054791604,2
-1.6201851746019649,0.9354143466934853,-0.7129246567236561,-0.940750118345192,-0.42570170772563365,1.3455939228693117,0.12545568906346993,1.182804203560722,-0.21068112854078452,0.2970921276609521,-0.23303131966131546,-1.4994332970882438,4
-1.6201851746019649,0.9354143466934853,-0.15389182581036817,-0.747541307108747,-0.7679718196704923,0.29099288408808766,-0.1880075347402322,1.7070248741905167,-0.42398772621966635,0.6412962062629812,-0.2779160776493463,-0.16128723338002732,1
-1.6201851746019649,0.9354143466934853,-0.11515975900344257,0.3003323632442071,-0.7714882934233506,0.3271506339891581,-0.6828792625324602,0.5937605467777808,-0.6851044233782976,-0.44475410567310125,0.2756626042030334,-0.7860833734202607,3
-1.6201851746019649,0.9354143466934853,-0.5437946316667494,0.531425255115249,-0.4069471810437235,0.04391492643077229,-1.9514049043934,-0.03333138448635542,0.7418431610942224,0.08176811501950017,1.3462472021397676,-0.29247802393965644,2
-1.3887301496588271,0.9354143466934853,-1.355876965718616,-0.9604498402751823,1.0394956892985905,-0.2971731809693264,1.6434180239086322,0.8896915705204071,1.1850060062718992,-0.41331994324369226,-0.6652549151016118,-0.9500718616197971,4
-1.3887301496588271,0.9354143466934853,2.1687411137115844,-1.1415357457085562,-0.6214520799680698,-1.274637686628266,-0.2987200776155825,0.47679733263188573,1.1684563564519863,0.8236143483535536,1.5656837967479178,0.21588628947890628,1
-1.3887301496588271,0.9354143466934853,0.5135907921623112,0.6920537570059406,0.5448450480632124,-0.722629371471923,-1.0883806243891643,-0.7026991762851525,-0.22723077836069777,-0.028251453483431405,1.4493159056678382,-0.4810647853691232,3
-1.3887301496588271,0.9354143466934853,-0.11515975900344257,1.3921515671332938,-0.6132469745447343,-1.2818692366084805,0.07610190489012106,-1.5707635125968558,0.2177709167969694,0.5218463890312268,1.5473974138639055,-0.25968032629974913,2
-1.3887301496588271,0.9354143466934853,-1.5792318843052184,-0.9960608760717037,1.4075532754310756,-0.009116440090797734,1.5833931512653703,0.657174337579772,1.2732708053114368,-0.35516674274928545,-0.736738048193661,-0.9287533581538575,4
-1.3887301496588271,0.9354143466934853,1.8007864790457948,-1.0763751270170494,-0.6695105545904646,-1.1926801201858397,-0.09196773851101292,0.7304524958398508,1.1390347567721404,0.7874650615597334,1.1334602013076214,-0.11537045668415714,1
-1.3887301496588271,0.9354143466934853,0.4929336898652844,0.9239043304896746,0.28345383243409084,-0.8407446878154199,-1.0230202075109456,-0.4462256223748766,-0.2860739777203891,0.2342238028021339,1.1118490215356067,-0.6450532735686595,3
-1.3887301496588271,0.9354143466934853,-0.12161510347126388,1.211823343312612,-0.24636154632986856,-0.8455657211355627,-0.5948427826556757,-1.2156462841057045,-0.5251244751191363,0.27823163020330666,2.270540737004401,-0.4318682389092623,2
-1.3887301496588271,0.9354143466934853,-1.8348635252309247,-0.8361900557937041,1.5599338047215952,0.30063495072837315,1.3673036097496267,0.6614019236332382,1.166617506471996,-0.8093903898542462,-0.8431315486097336,-0.8828365814579873,4
-1.3887301496588271,0.9354143466934853,1.5438637692265234,-1.0710713557282057,-0.630829343309025,-1.0938489371229136,0.1267895751222091,0.9277398450016018,1.0176706580927768,0.7481723585229719,0.8940748253714574,-0.36299307386545704,1
-1.3887301496588271,0.9354143466934853,0.4542016230583588,1.0254336665903945,0.09825288145022888,-0.7684291880132789,-0.9483225882215527,-0.5110486085280233,-0.3430783271000905,0.34581507942653616,0.9190108020314744,-0.7155683234944602,3
-1.3887301496588271,0.9354143466934853,-0.0028367652633590145,1.2330384284679863,-0.04709470033457415,-0.909444412627454,-0.9403192718691178,-0.7097451530409294,-0.5288021750791168,0.2515125921383089,2.1209248770442986,-0.3597133041014663,2
-1.3887301496588271,0.9354143466934853,-1.840027800805182,-0.9324156206055806,1.8283579678564328,0.5284287751051175,1.2392505481106675,0.3584249231348352,0.7455208610542032,-0.8848323796848278,-1.3485006755860804,-0.7073688990844834,4
-1.3887301496588271,0.9354143466934853,1.4935120823775205,-1.1278974766801013,-0.5827708686866304,-0.9901967207398449,0.11478460059355666,0.9953812218570589,0.861368409793596,0.8016104346529672,0.711210996531332,-0.28755836929367035,1
-1.3887301496588271,0.9354143466934853,0.42321596961281854,1.1527241775226407,-0.10218612246268503,-0.8998023459871685,-0.9296481833992045,-0.3588555106032443,-0.18125952886093877,0.1587818129715524,0.8774508409314461,-0.8877562361039734,3
-1.3887301496588271,0.9354143466934853,-0.05189738321879803,1.1648470833257114,0.194369830695018,-0.8262815878549918,-0.9456548161040744,-0.856301469561087,-0.4515704759195216,0.1069154449630276,2.2306431743483737,-0.005498169590467782,2
-1.3887301496588271,0.9354143466934853,-1.629583571154221,-1.1991195482731438,1.7779551773987996,0.6296704748281149,1.2459199784043633,-0.05587851010484123,0.25638676637676716,-0.7732411030604257,-1.592873246854248,-0.5876573026988219,4
-1.3887301496588271,0.9354143466934853,1.2933964038750736,-1.069555992502822,-0.5452618153228103,-0.8515920127857411,0.4389189128671721,1.0686593801171378,0.6885165116745018,0.842474845811199,0.589855910119249,-0.5007434039530674,1
-1.3887301496588271,0.9354143466934853,0.3922303161672783,1.3186564507021756,-0.5898038161923468,-1.0637174788720216,-0.7268975024708525,-0.04460494729559848,-0.09299472982140143,-0.11941052452871767,0.7095485980873308,-1.2075337880930692,3
-1.3887301496588271,0.9354143466934853,-0.06868127883513218,1.0905942852819017,0.311585622456956,-0.7696344463433146,-0.8669555386384641,-1.10150146066212,-0.45524817587950234,-0.06754415652019274,2.421818995408505,0.038778722223407024,2
-1.3887301496588271,0.9354143466934853,-1.42817682375821,-1.3779324088684417,1.6091644372616087,0.5067341251644752,1.07651644894449,0.21468699731698826,0.6921942116344828,-0.9854216994589367,-1.8887801698864506,-0.6712914316805854,4
-1.3887301496588271,0.9354143466934853,0.7885884664914808,-0.9740881093036373,-0.39991423353800737,-0.4996565804153213,0.8777674261923555,1.1743490314537899,0.6921942116344828,0.7261684448223854,0.6297534727752762,-0.7795238338922793,1
-1.3887301496588271,0.9354143466934853,0.3405875604247112,1.301229773610261,-0.7843820305171636,-1.1842433118755902,-0.4441136580181507,-0.6280118226739184,0.4825653139155816,-0.34102136965605157,0.8192668953914061,-1.2616499891989161,3
-1.3887301496588271,0.9354143466934853,-0.017038523092565105,1.259557284912204,0.013857511381633564,-1.073359545512307,-0.6828792625324602,-1.194508353838374,0.09089026817763468,-0.03925341033372475,2.298801510552421,-0.3974306563873597,2
-1.1572751247156892,0.9354143466934853,2.3882228256174947,-1.310498745338859,-2.360934429715229,0.1680565344244479,-0.15999592750671016,1.9254501536195983,0.5542804631352056,1.155244761983819,-1.664356379946297,-1.0123874871356209,4
-1.1572751247156892,0.9354143466934853,2.5496064373130167,-0.7316299932422162,-1.7971264713403072,-0.4393936639135371,-0.4494492022531074,1.6337467159304382,0.12950611775743223,1.739920183170827,-0.4740790940414808,0.10109434773923084,1
-1.1572751247156892,0.9354143466934853,0.8002080865335582,0.49202581125526806,0.2986918853631428,0.9068798907363222,-1.2297725466155154,-0.5533244690626842,-0.7568195725979215,1.6141835334531909,0.5266847692472055,0.5143453380020625,3
-1.1572751247156892,0.9354143466934853,0.5742710301598272,0.7041766628090117,0.4510724146536621,1.1045422568621748,-1.6406094527071762,-0.8999865254469034,-1.00322546991663,1.9678178607840426,0.6929246136473196,1.0013911479546853,2
-1.1572751247156892,0.9354143466934853,2.2642802118353336,-1.3423213730719206,-2.2976379021637827,0.3440242506096577,-0.04128006827892493,2.042413367765493,0.489920713835543,0.9682114955288353,-1.9702376936425063,-0.7762440641282887,4
-1.1572751247156892,0.9354143466934853,2.6335259153946877,-0.7278415851787565,-1.8381519984569856,-0.42131478896300184,-0.5161435051900654,1.6436110833885258,0.04124131871789474,1.7524938481425907,-0.5040022660335013,0.22244582900688772,1
-1.1572751247156892,0.9354143466934853,0.9603006293355156,0.41398460514799834,0.31627425412743343,0.9924532321688561,-1.30180239378743,-0.5970095249485003,-0.9186383708370734,1.7352050588064158,0.5632575350152306,0.8046049621152418,3
-1.1572751247156892,0.9354143466934853,0.5161729299494393,0.5147562596360264,0.4920979417703404,1.2347101565060286,-1.3484884058433004,-1.04372445126475,-1.15585001825583,1.725774810077593,0.8591644580474335,1.1325819385143143,2
-1.1572751247156892,0.9354143466934853,2.141628666946737,-1.34989818919884,-2.1300193199442115,0.5187867084648321,-0.009266802869185091,2.1481030191021455,0.6333510122747912,0.779606520952381,-1.8904425683304515,-1.094381731235389,4
-1.1572751247156892,0.9354143466934853,2.7251918068377448,-0.7104149080868419,-1.813536682186979,-0.4285463389432159,-0.5761683778333275,1.5421490181053397,0.017336268978020052,1.8939475790749316,-0.4125703516134385,0.327398461454591,1
-1.1572751247156892,0.9354143466934853,1.0648772097142143,0.39125415676724007,0.3713656762555443,1.0659739903010328,-1.2577841538490375,-0.6632417064528024,-1.0418413194964276,1.6707650258261275,0.6164542852232671,0.7504887610093948,3
-1.1572751247156892,0.9354143466934853,0.48131406982320696,0.1927415742419516,0.44872809881842335,1.6071349804870552,-1.0163507772172498,-1.077545139692479,-1.5456862140137866,1.4664429700349686,0.8508524658274278,1.3260883545897673,2
-1.1572751247156892,0.9354143466934853,2.110643013501197,-1.360505731776527,-2.0878216349099135,0.4850394752238329,0.03475143706920715,2.0649604933839787,0.7565539609341454,0.9807851605005989,-1.8322586227904123,-0.999268408079658,4
-1.1572751247156892,0.9354143466934853,2.699370428966461,-0.7293569484041404,-1.7326577858712418,-0.36828342244143175,-0.5775022638920667,1.539330627403029,0.052274418597837095,1.9489573633263972,-0.4092455547254363,0.29952041846066985,1
-1.1572751247156892,0.9354143466934853,1.130721723285987,0.36018921064687043,0.3854315712669768,1.1925261149547797,-1.1750832182072095,-0.7365198647128812,-1.2441148172953673,1.6456176958826003,0.651364652547291,0.9735131049607642,3
-1.1572751247156892,0.9354143466934853,0.5523228589692363,0.13364240845198017,0.3713656762555443,1.6312401470877689,-1.0737078777430338,-1.0099037628370215,-1.4169667154144614,1.6377591552752477,0.9638955600195054,1.3096895057698137,2
-1.1572751247156892,0.9354143466934853,2.1532482869888145,-1.362021095001911,-2.101887529921346,0.3223296006690155,-0.05595281492505561,2.095962791109397,0.8172360102738271,1.2526906655149872,-1.7491387005903547,-1.004188062725644,4
-1.1572751247156892,0.9354143466934853,2.490217268209064,-0.8043674280606425,-1.7361742596240997,-0.1284370147643306,-0.2907167612631476,1.663339818304701,0.015497418998029875,2.0668354724366815,-0.3061768511973655,0.15685043372707302,1
-1.1572751247156892,0.9354143466934853,1.093280725372626,0.24805233196846324,0.3209628857979111,1.3299255645788473,-1.1230616619163825,-0.6914256134759097,-1.176077368035724,1.4900185918570255,0.8658140518234378,0.8111645016432233,3
-1.1572751247156892,0.9354143466934853,0.6168763036474454,0.2556291480953827,0.3584719391617312,1.393804256070739,-1.212432027851906,-0.9619911208977393,-1.1540111682758396,1.955244195812279,0.8209292938354072,1.3752849010496282,2
-1.1572751247156892,0.9354143466934853,2.37143893000116,-1.337017601783077,-2.285916322987589,0.19818799267534004,-0.17600256021157992,2.062142102681668,0.8907900094734417,1.631472322789366,-1.6227964188462685,-0.9730302499677324,4
-1.1572751247156892,0.9354143466934853,2.1325911846917878,-0.8793779077171446,-1.6658447845669369,0.19336695935519715,0.006739829835684827,1.7408455626182462,-0.02863498052173879,2.150136002874615,-0.2180697336653052,0.002701254819509043,1
-1.1572751247156892,0.9354143466934853,1.0041969717166979,0.13364240845198017,0.2893146220221877,1.431167264301845,-0.9656631069851618,-0.6702876832085792,-1.1466557683558782,1.2919833685517483,0.8392156767194198,0.6225777402137563,3
-1.1572751247156892,0.9354143466934853,0.7808420531300955,0.3313973093645766,0.3104134645393366,1.1708314650141372,-1.2164336860281237,-0.9845382465162251,-1.0252916696765144,2.013397396306686,0.7344845747473479,1.434320756801461,2
-0.4629100498862757,0.9354143466934853,1.9415129884442897,-1.4218779424045742,-1.390387673926383,-0.5129144220457138,0.19481776411790633,1.070068575468293,0.9790548085129791,1.4915902999784958,0.852514864271429,-0.6024162666367802,4
-0.4629100498862757,0.9354143466934853,1.8563024414690539,-0.901350674485211,-0.8465064001509909,-1.1107225537434133,-0.013268461045402571,0.6318088212589754,0.4825653139155816,0.9414924574638375,0.9505963724674963,-0.5483000655309331,1
-0.4629100498862757,0.9354143466934853,0.6478619570929857,0.8731396624393144,0.6526835764841953,-0.9986335290500947,-0.8469472477573767,-1.0000393953789342,-0.38353302665987843,1.040510069116476,0.6912622152033184,-0.8205209559421633,3
-0.4629100498862757,0.9354143466934853,-0.18229534146877976,0.4162576499860739,1.5271133830282524,0.1728775677445905,-1.277792444730125,-1.0803635303947896,-1.7810590114525526,0.7654611478591468,2.3752718389764733,0.489747064772132,2
-0.4629100498862757,0.9354143466934853,1.994446813080421,-1.465065794328015,-1.4712665702421204,-0.49845132208528564,0.22149548529268934,1.0827513336286916,0.988249058412931,1.5591737492017252,0.8392156767194198,-0.6024162666367802,4
-0.4629100498862757,0.9354143466934853,2.1003144623526833,-0.9248388044786612,-0.7703161355057311,-1.149290820304555,-0.19601085109266717,0.6346272119612861,0.5285365634153406,0.9336339168564853,1.090237841763592,-0.47450524584114157,1
-0.4629100498862757,0.9354143466934853,0.6362423370509076,0.6238624118636658,1.0324627417928742,-0.8082027129044566,-1.1070550292115127,-0.9549451441419624,-0.5012194253792616,1.0625139828170622,0.7544333560753617,-0.6253746549847151,3
-0.4629100498862757,0.9354143466934853,-0.24297557946629622,0.20637984327040654,1.6783217544011524,0.4838342168937971,-1.2551163817315591,-1.1057290467155863,-1.9171339099718396,0.5737127570397518,2.3121006981044294,0.8718402422770516,2
-0.4629100498862757,0.9354143466934853,1.8020775479393587,-1.4946153772230006,-1.4607171489835458,-0.3694886807714674,0.3268724839330829,1.1757582268049451,0.9496332088331333,1.6031815766028978,0.6181166836672682,-0.6581723526246225,4
-0.4629100498862757,0.9354143466934853,2.148084011414558,-0.9559037505990307,-0.7410121875652467,-1.1625486619349479,-0.19067530685771067,0.6754938771447916,0.6204790624148586,0.8126123915032603,1.1234858106436145,-0.47122547607715104,1
-0.4629100498862757,0.9354143466934853,0.6723922660707046,0.24653696874307934,1.420447012524889,-0.5225564886859994,-1.2297725466155154,-1.2283290422661026,-0.6759101734783458,0.9493509980711898,0.8425404736074221,-0.04977506140434259,3
-0.4629100498862757,0.9354143466934853,-0.164220376958881,-0.09896584664444562,1.7123143340121143,0.7839435410726826,-0.8069306659952019,-1.1423681258456257,-2.3032924057698154,0.07548128253361835,2.333711877876445,1.4097224835715307,2
-0.4629100498862757,0.9354143466934853,1.5864690427141412,-1.5567452694637396,-1.3493621468097048,-0.18026312295586494,0.39890233110499745,1.2800386827904424,0.9496332088331333,1.6016098684814275,0.4468896439351508,-0.682770625854553,4
-0.4629100498862757,0.9354143466934853,2.0680377400135788,-0.968026656402102,-0.7667996617528731,-1.1456750453144482,-0.16666535780040595,0.6825398539005685,0.6443841121547333,0.8739090082406081,1.1417721935276273,-0.4859844400151093,1
-0.4629100498862757,0.9354143466934853,0.7446921241102985,0.016201758484729486,1.5669667522273114,-0.3285098975502541,-1.2311064326742542,-1.4608462752067375,-0.7476253226979698,0.8267577645964945,0.9040492160354643,0.23884467782684138,3
-0.4629100498862757,0.9354143466934853,-0.01316531641187243,-0.35506223173432166,1.6501899643782871,0.9321903156670718,-0.4427797719594116,-1.035269279157818,-2.4853385537888615,-0.3033003747407606,2.2306431743483737,1.7508185390265665,2
-0.4629100498862757,0.9354143466934853,1.4186300865507984,-1.5703835384921947,-1.2544173554825349,-0.06094254828233221,0.4042378753399539,1.3237237386762586,1.054447657692584,1.5560303329587843,0.36709451862309606,-0.7122885537304695,4
-0.4629100498862757,0.9354143466934853,2.009939639803191,-1.030156548642841,-0.7750047671762086,-1.1071067787533062,-0.1639975856829275,0.6811306585494133,0.6057682625749358,0.8723373001191378,1.1583961779676388,-0.47122547607715104,1
-0.4629100498862757,0.9354143466934853,0.7033779195162448,0.03893220686548756,1.5529008572158784,-0.4080569473326093,-1.3124734822573432,-1.4960761589856215,-0.5214467751591555,0.8754807163620784,0.7544333560753617,0.2585232964107857,3
-0.4629100498862757,0.9354143466934853,0.1533825708579057,-0.5755475810276763,1.5259412251106332,1.0105321071193911,-0.3600788363175838,-1.0338600838066627,-2.1727340571904996,-0.43689556506574895,2.0777025175002692,1.893488523760163,2
-0.4629100498862757,0.9354143466934853,1.2830678527265595,-1.5809910810698817,-1.2004980912720435,0.03186234313041544,0.42558005227978063,1.4082754597455802,1.116968557012256,1.5780342466593709,0.31888496374706304,-0.7368868269603998,4
-0.4629100498862757,0.9354143466934853,1.9557147462734956,-1.0862249879820447,-0.7644553459176343,-1.0637174788720216,-0.17466867415284063,0.6515375561751505,0.5726689629351093,0.8974846300626648,1.125148209087616,-0.49910351907107203,1
-0.4629100498862757,0.9354143466934853,0.6426976815187284,0.041962933316255155,1.5060145405111036,-0.3646676474513245,-1.2817941029063424,-1.62713132664307,-0.4975417254192808,0.9352056249779557,0.7211853871953389,0.2831215696407162,3
-0.4629100498862757,0.9354143466934853,0.28119839132075936,-0.6232815226272687,1.4134140650191727,0.9213429906967507,-0.6255221620066763,-1.1705520328687327,-1.5806243636336035,-0.09426319458519045,2.1674720334763307,1.5966693601190023,2
-0.9258200997725514,-1.0690449676496976,0.022984612607924525,-2.0840916718973306,0.8624998437380642,1.026200465409855,1.209905054818406,1.154620296537615,-0.6979763732382301,-1.2054608364647998,-0.5921093835655616,0.9931917235447085,4
-0.9258200997725514,-1.0690449676496976,-0.08546517445146692,-0.8490706432094671,0.9961258463466734,0.9370113489872143,1.4873533550361508,-0.5575520551161502,-1.7166992621528903,-1.3280540699394954,-0.42088234383344425,0.42251178461032196,1
-0.9258200997725514,-1.0690449676496976,0.3793196272316368,0.44732259610644376,0.19085335694215988,-1.4614527277837974,-0.5868394663032409,-1.0028577860812449,1.585875301909798,-0.19956763872371075,-0.11666342858123548,-0.007138054472463146,3
-0.9258200997725514,-1.0690449676496976,-0.6212587652805994,0.6382583625048127,1.826013652021194,-0.5092986470556068,-1.0750417638017729,-1.7356393686820333,-0.08196162994145925,1.5811776629023115,0.2341026431030049,-0.9549915162657832,2
-0.9258200997725514,-1.0690449676496976,-0.14227220576829014,-1.9802892909585348,0.9058696866899814,0.9285745406769647,1.2472538644631024,1.1870317896141884,-0.8561174715174013,-1.2840462425383226,-0.22638172588531089,1.1965374489121334,4
-0.9258200997725514,-1.0690449676496976,-0.2223184771692694,-0.7498143519468229,1.5177361196872974,0.7887645743928253,1.3339564582811478,-0.6350577994296952,-1.828869110932302,-1.3532013998830226,-0.17484737412127552,0.4274314392563081,1
-0.9258200997725514,-1.0690449676496976,0.24633953119452645,0.46550695481105037,0.07246540726260259,-1.3349006031300503,-0.5281484797187178,-0.6843796367201329,1.4681889031904152,-0.3064437909837015,-0.16154818656926637,-0.267879750709726,3
-0.9258200997725514,-1.0690449676496976,-0.45729301579794934,0.7019036179709358,1.7556841769640312,-0.676829554930567,-1.1377344085625134,-1.5764002940014774,0.14789461755733588,1.9521007795693381,0.13269633801893538,-0.9549915162657832,2
-0.9258200997725514,-1.0690449676496976,-0.4366359135009225,-1.8431489190612933,1.112169480190992,1.0575371819907828,1.2072372827009274,0.9883352451012822,-1.2294040174554446,-1.4192131409847817,0.14765792401494565,1.1555403268622495,4
-0.9258200997725514,-1.0690449676496976,-0.09837586338710841,-0.9066544457740545,1.6736331227306749,0.7164490745906842,1.3339564582811478,-0.5152761945814892,-1.5806243636336035,-1.2824745344168524,-0.14824899901725724,0.14537123955310566,1
-0.9258200997725514,-1.0690449676496976,0.16112898421929103,0.5496096138198556,-0.06936570076934238,-1.3927530029717636,-0.3627466084350621,-0.3067152826104958,1.4608335032704536,-0.6789386157721986,-0.15157379590525955,-0.4269485842632762,3
-0.9258200997725514,-1.0690449676496976,-0.499898289285567,0.9352695546800537,1.8049148095040453,-0.7720449630033861,-1.1644121297372967,-1.4298439774813194,0.0798571682976925,1.7933582593008226,0.05123881426287954,-0.543380410884947,2
-0.9258200997725514,-1.0690449676496976,-0.5592874583895189,-1.770411484242867,1.2364182194586464,1.0020952988091414,1.1005263980017947,0.9545145566735536,-1.253309067195319,-1.4160697247418408,0.10942275980291939,1.0883050467004396,4
-0.9258200997725514,-1.0690449676496976,0.0036185792044617273,-1.055160041861675,1.7041092285887784,0.6308757331581507,1.3446275467510609,-0.43354286421447835,-1.3470904161748278,-1.2023174202218592,-0.3061768511973655,-0.09897160786420349,1
-0.9258200997725514,-1.0690449676496976,0.14563615749652092,0.5155139412487183,0.02557909055782737,-1.0588964455518788,-0.8442794756398984,-0.14888540328109506,1.4792220030703571,-0.5249112198680943,-0.5987589773415664,-0.1711265426719995,3
-0.9258200997725514,-1.0690449676496976,-0.6909764855330652,1.251222787172593,1.5915820684973183,-1.0335860206211296,-1.2231031163218193,-1.4340715635347858,0.05962981851779854,1.6424742796396594,-0.42753193760944863,-0.2695196355917213,2
-0.9258200997725514,-1.0690449676496976,-0.822665512676611,-1.5726565833302706,1.3653555903967782,0.7682751827822186,1.1365413215877522,1.002427198612836,-1.4169667154144614,-1.5653819962815336,0.04791401737487725,1.296570426713851,4
-0.9258200997725514,-1.0690449676496976,-0.29203619742173464,-0.8733164548156092,1.7814716511516575,0.5814601416266875,1.2966076486364513,-0.8943497440422818,-1.576946663673623,-1.0687222298968706,-0.5040022660335013,0.16668974301904538,1
-0.9258200997725514,-1.0690449676496976,0.08495591949900445,0.4511110041699034,0.1896811990245405,-0.9070338959673826,-0.8416117035224201,-0.49836585036762504,1.6502350512094608,-0.34102136965605157,-0.8664051268257498,-0.03337621258438896,3
-0.9258200997725514,-1.0690449676496976,-0.8136280304216617,1.6634015844770087,0.602280786026562,-1.4192686862325483,-0.8776266271083774,-1.0916370932040327,0.870562659693548,0.5579956758250473,-0.5621862115735411,-0.37611215292142,2
-0.9258200997725514,-1.0690449676496976,-0.8278297882508677,-1.5491684533368204,1.4063811175134562,0.682701841349685,1.1458785239989262,0.9855168543989712,-1.51258691437396,-1.6691147322985835,0.06287560337088753,1.437600526565452,4
-0.9258200997725514,-1.0690449676496976,-0.6341694542162415,-0.646011971008027,1.344256747879629,0.8960325657660012,1.2005678524072319,-1.758186494300519,-1.5107480643939697,-0.8722587147130642,-0.44249352360545907,0.8390425446371444,1
-0.9258200997725514,-1.0690449676496976,0.14176295081582824,0.46550695481105037,0.14045056648452658,-1.24571148670741,-0.48413023978032554,-0.5660072272230824,1.5546148522499623,-0.16970518441577212,-0.632006946221589,-0.24000170771580476,3
-0.9258200997725514,-1.0690449676496976,-0.7865155836568141,1.3557828497240807,0.41707983504270024,-1.092643678792878,-0.6775437182975036,-1.0014485907300894,1.2272995558116777,0.12891935866361376,-0.3261256325253792,-0.9812296743777091,2
-0.6943650748294136,-1.0690449676496976,-0.34884322873855844,-1.348382825973456,-0.03185664740552221,0.3536663172499432,1.5580493161493263,0.2513260764470277,1.9131905983480828,-2.165774498683246,-1.0309825727818627,0.32903834633658624,4
-0.6943650748294136,-1.0690449676496976,-1.022781191179058,-0.31869351432510845,0.3315123070564854,1.2238628315357076,1.152547954292622,0.6233536491520436,-1.5254588642338924,-1.2651857450806772,-1.2371199798380037,0.2700024905847533,1
-0.6943650748294136,-1.0690449676496976,0.1895324998777032,0.6321969096032771,-0.21705759838938404,-0.7804817713136357,-1.1657460157960355,-0.7787957252475421,0.8245914101937888,0.2908052951750703,0.3770689092871029,-0.9631909406757599,3
-0.6943650748294136,-1.0690449676496976,-0.4353448446073579,0.9739113169273425,-0.27800981010559184,-0.8383341711553487,-0.5254807076012393,-0.9732646837069823,1.39095720403082,0.22636526219478162,0.4552016361551565,-1.4600760599203553,2
-0.6943650748294136,-1.0690449676496976,-0.27912550848609263,-1.1786621447304613,-0.2580831255060624,0.11261465124280637,1.7207834153155035,0.5514846862431199,1.6061026516896921,-2.502120036677923,-1.0791921276578955,0.4717083310701828,4
-0.6943650748294136,-1.0690449676496976,-0.7309996212335543,-0.4247689401019802,0.0853591443564157,1.3275150479187763,1.2179083711708407,1.0320203009870983,-0.7494641726779603,-1.0074256131595232,-1.4881421448821759,-0.03337621258438896,1
-0.6943650748294136,-1.0690449676496976,0.21922708442967886,0.5215753941502539,-0.13617870207364693,-0.5984877634782475,-1.2244370023805586,-1.111365828120208,1.0158318081127864,0.31909604136153846,0.48346240970317594,-0.8647978477560383,3
-0.6943650748294136,-1.0690449676496976,-0.3901574333326121,1.0405872988442333,-0.485481761524222,-0.794944871274064,-0.40543096231471526,-0.7182003251478617,1.6226523015096055,0.033045163253916196,0.13602113490693765,-1.532230994728151,2
-0.6943650748294136,-1.0690449676496976,-0.3811199510776627,-1.2392766737458165,0.06894893350974445,0.3042507257184802,1.6274113912037624,0.24709849039356163,1.6741401009493355,-2.373239970717346,-1.4698557619981636,0.6012592367478167,4
-0.6943650748294136,-1.0690449676496976,-0.6018927318771365,-0.5763052626403684,0.126384671473094,1.3480044395293826,1.1085297143542299,1.2335352362023155,-0.23458617828065922,-0.49504876556015576,-1.8571945994504289,0.14865100931709638,1
-0.6943650748294136,-1.0690449676496976,0.24892166898165508,0.5897667392925284,-0.2381564409065329,-0.6888821382309238,-1.1190600037401652,-1.073317553639013,1.3118866548912345,0.00946954143185939,0.4036672843911212,-0.8975955453959455,3
-0.6943650748294136,-1.0690449676496976,-0.23781130389203953,0.9610307295115795,-0.3905369701970522,-1.0480491205815579,-0.18533976262275403,-0.6266026273227631,1.6005861017497212,0.3410999550621248,0.14433312712694335,-1.61750500859191,2
-0.6943650748294136,-1.0690449676496976,-0.7000139677880141,-1.222607678266594,0.5214018897108249,0.4199555254019059,1.7554644528427217,-0.11224632415105577,1.2438492056315908,-2.0133188109006124,-1.7441515052583518,0.5537025751699511,4
-0.6943650748294136,-1.0690449676496976,-0.48311439366923287,-0.6763192355157046,0.004480248040678587,1.3335413395689546,1.0845197652969252,1.2448087990115582,0.09456796813761541,-0.34259307777752185,-1.8272714274584085,-0.08585252880824057,1
-0.6943650748294136,-1.0690449676496976,0.2657055645979892,0.7223610215136183,-0.36006086433894846,-0.9914019790698806,-0.8776266271083774,-0.7928876787590958,1.3376305546110994,-0.24986229861076517,0.44855204237915197,-1.0779828824154356,3
-0.6943650748294136,-1.0690449676496976,-0.09321158781285169,0.9519385501592763,-0.4503170239956406,-1.2095537368063394,-0.08663219427605628,-0.3038968919081849,1.5270321025501068,0.2766599220818362,0.3488081357390836,-1.3288852693607263,2
-0.6943650748294136,-1.0690449676496976,-0.9414438508845153,-1.1271397950674094,0.6737824190013442,0.5368655834153673,1.7114462129043295,-0.21370838943424195,1.0967412072323621,-2.170489623047658,-1.476505355774168,0.22736548365287382,4
-0.6943650748294136,-1.0690449676496976,-0.4418001890751792,-0.6967766390583869,-0.11742417539173684,1.2467627398063852,1.1405429797639697,1.185622594263033,0.16628311735723947,-0.15555981132253804,-1.867168990114436,-0.2236028588958511,1
-0.6943650748294136,-1.0690449676496976,0.2166449466425508,0.7178149318374665,-0.3413063376570384,-0.9371653542182747,-1.0243540935696847,-0.622375041269297,1.2751096552914274,-0.26086425546105835,0.6098046914472625,-1.2436112554969672,3
-0.6943650748294136,-1.0690449676496976,-0.2507219928276816,0.9996724917588686,-0.4620386031718344,-1.0540754122317362,-0.09196773851101292,0.0075352806971499715,1.4810608530503477,-0.37245553208546045,0.44190244860314737,-1.0829025370614218,2
-0.6943650748294136,-1.0690449676496976,-1.0408561556889568,-1.0316719118682247,0.6128302072851365,0.6031547915673298,1.630079163321241,-0.14043023117416306,1.0415757078326513,-2.3418058082879365,-1.310265511374054,0.020739988521458034,4
-0.6943650748294136,-1.0690449676496976,-0.4547108780108207,-0.7354184013056759,-0.1385230179088857,1.1539578483936375,1.209905054818406,0.9206938682458248,0.09089026817763468,0.12891935866361376,-1.8455578103424213,-0.5974966119907938,1
-0.6943650748294136,-1.0690449676496976,0.19856998213265203,0.7155418869993906,-0.39522560186752986,-0.8588235627659553,-1.2231031163218193,-0.49977504571878056,1.234654955731639,-0.12726906513606992,0.508398386363193,-1.2911679170748325,3
-0.6943650748294136,-1.0690449676496976,-0.5295928738375433,0.8875356130804614,0.03026772222830489,-0.8069974545744208,-0.22535634438492877,-0.05024172870021978,1.0121541081528054,-0.5830644203625011,0.5050735894751907,-1.1632568962791943,2
0.23145502494313785,-1.0690449676496976,-0.20166137487224256,-1.579475717844498,-0.05061117408743229,0.5163761918047607,2.369052039862735,0.37533526734869954,0.3078745658164973,-1.9583090266491467,0.2257906508829992,0.04861803151537922,4
0.23145502494313785,-1.0690449676496976,0.6233316481152661,-1.2021502747239117,-0.43156249731373053,0.07525164301170012,1.8128215533685057,0.22314216942392046,-0.17206527896098694,-0.2372886336390016,-0.8464563454977361,0.6602950924996498,1
0.23145502494313785,-1.0690449676496976,0.7279082284939643,1.019372213688859,0.2740765690931358,-1.2047327034861965,-1.4778753535409987,-0.7308830833082598,0.1515723175173164,0.9980739498367738,-0.9678114319098192,-0.36299307386545704,3
0.23145502494313785,-1.0690449676496976,0.43483558965489655,0.6428044521809645,1.3759050116553524,-0.5189407136958922,-1.5725812637114789,-1.4382991495882518,-0.6170669741186543,1.912808076532577,0.36875691706709723,-1.007467832489635,2
0.23145502494313785,-1.0690449676496976,-0.4895697381370536,-1.4976461036737685,0.12990114522595217,0.606770566557437,2.4504190894458238,0.21609619266814362,0.26374216629672864,-1.810568463230924,0.03295243137886698,0.2831215696407162,4
0.23145502494313785,-1.0690449676496976,0.5071354476944905,-1.195331140209684,-0.25105017800034624,0.033067601460451256,1.7714710855475917,0.3415145789209708,-0.3081401774802736,-0.1807071412660653,-0.9029778925937749,0.6816135959655895,1
0.23145502494313785,-1.0690449676496976,0.696922575048424,1.0224029401396268,0.35378330749125353,-1.2710219116381594,-1.664619401764481,-0.5941911342461896,0.08905141819764431,0.943064165585308,-0.8614179314937463,-0.530261331828984,3
0.23145502494313785,-1.0690449676496976,0.4438730719098454,0.6965998466820921,1.4075532754310756,-0.40203065568243085,-1.5872540103576096,-1.6158577638338272,-0.7899188722377481,1.838937794823466,0.6014926992272568,-1.03042622083757,2
0.23145502494313785,-1.0690449676496976,-0.6896854166395012,-1.4067243101507354,0.1334176189788103,0.7682751827822186,2.446417431269606,0.26400883460742597,0.29684146593655514,-1.7759908845585741,-0.14492420212925497,0.4700684461881876,4
0.23145502494313785,-1.0690449676496976,0.21018960217473007,-1.1483548802227836,-0.024823699899805922,0.059583284721236335,1.8021504648985924,0.28232837417244555,-0.7972742721577096,-0.31744574783399476,-0.7832852046256927,0.729170257543455,1
0.23145502494313785,-1.0690449676496976,0.6310780614766509,1.0246759849777027,0.22250162071788315,-1.2505325200275528,-1.7953402355209187,-0.5561428597649949,0.1883493171171238,0.9965022417153034,-0.9345634630297964,-0.43842777843724373,3
0.23145502494313785,-1.0690449676496976,0.3560803871474819,0.8231326760016464,1.1778103235776773,-0.4731408971545364,-1.631272250296002,-1.649678452261556,-0.5453518248990302,1.8546548760381705,0.3654321201790951,-1.161617011397199,2
0.23145502494313785,-1.0690449676496976,-0.9143314041196672,-1.3612634133892192,0.27290441117551645,0.7272963995610052,2.665174744902828,0.4542502070133999,0.3887839649360732,-1.6062464074397653,-0.19479615544928922,0.6619349773816451,4
0.23145502494313785,-1.0690449676496976,-0.12936151683264865,-1.053644678636291,0.17327098817786918,0.2391667758965532,1.7754727437238094,-0.06997046361639488,-0.9940312200166783,-0.47775997622398075,-0.7267636575296539,0.9374356375568662,1
0.23145502494313785,-1.0690449676496976,0.5820174435212119,0.95345391338466,0.1767874619307273,-1.1143383287335205,-1.8980494620438337,-0.808388827621805,0.3372961654963429,1.1175237670685283,-0.8098835797297109,-0.610615691046757,3
0.23145502494313785,-1.0690449676496976,0.1675843286871118,0.8670782095377791,0.8050641057747147,-0.6599559383100674,-1.6406094527071762,-1.3748853587862604,0.04859671863785637,1.6990557720125954,-0.41755754694544195,-1.0960216161173846,2
0.23145502494313785,-1.0690449676496976,-1.543081955285421,-1.144566472159324,0.8449174749737736,0.8466169742345383,2.7718856296019605,0.5134364117619252,0.12582841779745152,-1.2840462425383226,0.11274755669092168,0.7144112936054967,4
0.23145502494313785,-1.0690449676496976,-0.16938465253313828,-1.0021223289732393,0.07012109142736382,0.3054559840485159,1.7848099461349833,-0.31094286866396176,-0.8561174715174013,-0.6034966259416169,-0.8647427283817486,1.2818114627758925,1
0.23145502494313785,-1.0690449676496976,0.5316657566722094,0.92996578339121,0.14982782982548162,-1.0842068704826282,-1.8700378548103114,-1.0409060605624394,0.47153221403563944,1.026364696023242,-0.44415592204946003,-0.791003028066247,3
0.23145502494313785,-1.0690449676496976,0.034604232650001975,0.9352695546800537,0.3819150975141187,-0.8479762377956341,-1.4578670626599115,-1.0620439908297699,0.6351898622547816,1.2574057898793984,-1.0575809478858809,-0.9238337035078714,2
0.23145502494313785,-1.0690449676496976,-2.111152268453659,-0.81118656257487,1.5962707001677958,0.9575007405978211,2.48776789909052,0.3076938904932421,-0.2566523780405435,-1.0954412679618681,0.12770914268693195,0.6258575099777471,4
0.23145502494313785,-1.0690449676496976,-0.057061658793054734,-1.040764091220528,0.02440693264020799,0.2524246175269457,1.7527966807252435,-0.43072447351216747,-0.5784511245388567,-0.5752058797551488,-0.9794482210178272,1.311329390651809,1
0.23145502494313785,-1.0690449676496976,0.5084265165880545,0.9564846398354278,0.10645798687356454,-1.1806275368854828,-1.8580328802816588,-1.0169497395927984,0.47337106401562984,0.9194885437632511,-0.25131770254532804,-0.7532856757803534,3
0.23145502494313785,-1.0690449676496976,-0.05964379658018338,0.7943407747193525,0.1838204094364436,-1.195090636845911,-1.1137244595052085,-0.7294738879571045,0.7841367106340008,0.8613353432688445,-0.9428754552498021,-1.0140273720176165,2
0.6943650748294136,-1.0690449676496976,-2.5901388279659674,0.5753707886513818,2.1729723956365303,1.464914497542844,-0.01593623316288089,-1.811735917644423,-1.067585219216293,-0.2765813366757629,0.5333343630232101,1.2326149163160314,4
0.6943650748294136,-1.0690449676496976,-1.4578714083101856,0.12833863716313648,1.4169305387720306,0.7429647578514693,1.2952737625777122,-1.851193387476773,-2.104696607930856,-1.177170090278332,-0.4391687267174568,1.7770566971384922,1
0.6943650748294136,-1.0690449676496976,0.30831083808560694,0.6443198154063482,-0.9062864539495792,-1.0287649873009868,-0.6775437182975036,-0.43917964561909983,2.176146145486704,-1.3469145673971408,-0.4740790940414808,0.23392502318085528,3
0.6943650748294136,-1.0690449676496976,-0.9001296462904617,1.1678778097764793,-0.33075691639846394,-1.3517742197505502,-0.5588278590697183,-0.836572734644912,1.3284363047111476,0.9446358737067784,-2.0433832251785575,0.35527650444851216,2
0.6943650748294136,-1.0690449676496976,-2.6753493749412027,0.6382583625048127,2.2104814490003504,1.3672885728099538,-0.039946182220185616,-1.5961290289176524,-1.4059336155345192,-0.12255394077165857,0.7378093716353503,0.899718285270973,4
0.6943650748294136,-1.0690449676496976,-1.7315780137457906,0.5003603089948795,1.2223523244472134,0.87674843248543,0.7203688712611346,-2.3091818766022656,-1.8104806111323986,-1.194458879614507,0.17758109600696628,2.0869949398356162,1
0.6943650748294136,-1.0690449676496976,0.06558988609554166,0.5958281921940639,-0.8265797155514614,-0.9468074208585601,-0.9003026901069431,-0.37576585481710845,2.3306095438058945,-1.2651857450806772,-0.3028520543093634,-0.02189701841042141,3
0.6943650748294136,-1.0690449676496976,-1.0782971536023178,1.2845607781310384,-0.312002389716554,-1.638625702299043,-0.40142930413849764,-0.6660600971551132,1.0121541081528054,1.0703725234244146,-2.036733631402552,0.6094586611577935,2
0.6943650748294136,-1.0690449676496976,-2.6843868571961527,0.5420327976929363,2.153045711037001,1.5263826723746643,-0.4587864046642815,-1.6299497173453812,-1.2790529669151842,-0.23414521739606067,0.9339723880274848,0.7685274947113437,4
0.6943650748294136,-1.0690449676496976,-1.7341601515329186,0.2935132287299797,1.1438177439667152,1.263636356426885,0.6510067962066984,-2.282407164930314,-1.2698587170152325,-1.5496649150668291,-0.10835143636122994,2.434650534818633,1
0.6943650748294136,-1.0690449676496976,-0.4934429448177463,0.593555147355988,-0.6941258708604715,-0.9540389708387743,-0.73089916064707,-0.6195566505669862,2.545754991464767,-1.2667574532021477,0.014666048494854424,0.1699695127830361,3
0.6943650748294136,-1.0690449676496976,-1.1919112162359653,1.2042465271856928,-0.03888959491123849,-1.803746093513932,-0.3080572800267566,-0.5195037806349555,0.6204790624148586,1.0059324904441258,-1.5380140982022106,0.4799077554801598,2
0.6943650748294136,-1.0690449676496976,-2.6766404438347675,0.454899412233363,2.058100919709831,1.6071349804870552,-0.6495321110639813,-1.8540117781790835,-1.058390969316341,-0.38345748893575365,1.1284730059756183,0.5865002728098583,4
0.6943650748294136,-1.0690449676496976,-1.632165708941349,-0.05123190504485339,1.0711439530743139,1.3853674477604891,0.9964832854201405,-2.0005680946992412,-1.1981435677956083,-1.4459321790497792,-0.4774038909294829,2.1017539037735746,1
0.6943650748294136,-1.0690449676496976,-1.002124088882031,0.6746270799140258,-0.42570170772563365,-1.2204010617766605,-0.29205064732188674,-0.9676279023023608,2.120980646086993,-0.7449503568739576,0.1809058928949684,0.337237770746563,3
0.6943650748294136,-1.0690449676496976,-1.1583434250032965,1.1466627246211052,-0.19947522962509348,-1.9953821679896058,0.09611019577120847,-0.048832533349064414,0.42372211455589004,0.7921801859241445,-1.820621833682404,0.4208718997283268,2
0.6943650748294136,-1.0690449676496976,-2.6998796839189225,0.4351996903033727,1.9795663392293328,1.4805828558333078,-0.4107665065496719,-1.7877795966747816,-1.5824632136135939,-0.4526126462804535,1.4044311476798073,0.46186902177821076,4
0.6943650748294136,-1.0690449676496976,-1.744488702681433,-0.05123190504485339,1.2000813240124457,0.996069007158963,1.227245573582015,-1.999158899348086,-1.481326464714124,-1.0702939380183414,-0.5189638520295115,2.0132001201458247,1
0.6943650748294136,-1.0690449676496976,-1.0305276045404435,0.6087087796098268,-0.6824042916842776,-1.2107589951363753,0.11078294241733933,-0.5533244690626842,1.6447185012694898,-1.084439311111575,0.07617479092289675,0.5717413088719001,3
0.6943650748294136,-1.0690449676496976,-1.087334635857267,1.08604819560575,-0.5804265528513917,-1.615725794028365,0.15480118235573143,-0.3997221757867496,1.0526088077125935,0.6428679143844516,-1.8804681776664451,0.3437973102745446,2
0.6943650748294136,-1.0690449676496976,-2.6508190659634847,0.3723121164499415,1.8904823374902597,1.2648416147569206,-0.26137126797088595,-1.7398669547354995,-1.8159971610723695,-0.7418069406310167,1.55404700763991,0.4339909787842896,4
0.6943650748294136,-1.0690449676496976,-1.9265294166739808,0.14803835909312696,1.3079198524334283,0.7369384662012908,1.0018188296550972,-2.2626784300141387,-1.3378961662748758,-0.8298225954333619,-0.26960408542934056,1.8803694447042005,1
0.6943650748294136,-1.0690449676496976,-0.7038871744687067,0.5071794435091069,-1.1946373016839464,-0.978144137439488,-0.06662390339496889,0.017399648155237517,1.5656479521299043,-1.24003841513715,-0.14492420212925497,0.8177240411712046,3
0.6943650748294136,-1.0690449676496976,-1.3081074166567417,1.060287020774224,-0.44914486607802123,-1.073359545512307,-0.38142101325741024,-0.8041612415683388,1.5380652024300487,0.5249898052741677,-1.7757370756943731,0.5914199274558445,2
-0.23145502494313785,0.9354143466934853,2.456649476976396,-1.8037494752013123,-1.7760276288231587,0.08368845132195005,0.2495070925262117,0.5683950304569843,1.5546148522499623,1.4098614776620322,0.13934593179493993,-0.6204550003387291,4
-0.23145502494313785,0.9354143466934853,0.5665246167984423,-1.1885120056954566,-0.07874296411029742,-0.22365242283714962,0.8484219329000939,1.3223145433251033,0.32994076557638163,-0.0659724483987223,0.014666048494854424,-0.8451192291720939,1
-0.23145502494313785,0.9354143466934853,0.4916426209717198,1.271680190715275,-0.04826685825219353,-0.6466980966796748,-0.9563259045739877,-0.8013428508660281,-0.1647098790410255,1.4035746451761504,1.0603146697715715,-0.6270145398667105,3
-0.23145502494313785,0.9354143466934853,0.37157321387025205,-0.2770210256270518,1.4063811175134562,1.049100373680533,-0.8109323241714194,-0.7632945763848331,-2.0752750082510105,-0.11312369204283602,1.3362728114757607,1.7704971576105109,2
-0.23145502494313785,0.9354143466934853,2.5289493350159895,-1.8173877442297675,-1.8967598943379549,0.2102405759756969,0.34154523057921365,0.6261720398543543,1.6042638017097015,1.8137904648799386,0.4901120034791805,-0.5105827132450398,4
-0.23145502494313785,0.9354143466934853,0.7137064706647582,-1.028641185417457,-0.4069471810437235,-0.38997807238207405,0.7923987184330492,1.2589007525231117,0.41636671463592856,0.6130054600765131,0.4984239956991861,-0.8320001501161309,1
-0.23145502494313785,0.9354143466934853,0.4593658986326155,1.2519804687852847,-0.05529980575790981,-0.45265150554392963,-0.9896730560424667,-1.1043198513644308,-0.1555156291410737,1.2684077467296917,1.2381913032796934,-0.5040231737170583,3
-0.23145502494313785,0.9354143466934853,0.4115963495707411,-0.29444770271896636,1.446234486712515,1.2347101565060286,-0.7815868308791579,-0.7196095204990168,-1.9998821590714055,-0.05182707530548821,1.2514904908317026,1.8410122075363118,2
-0.23145502494313785,0.9354143466934853,1.636820729563144,-1.9325553493589422,-1.3927319897616217,0.7887645743928253,0.715033327026178,0.7050869795190546,1.6649458510493838,1.5843210791452524,0.06287560337088753,-0.7090087839664788,4
-0.23145502494313785,0.9354143466934853,1.4999674268453416,-0.9619652035005662,-0.806653030951932,-0.7744554796634573,0.26684761128982076,1.0968432871402451,0.47520991399561996,1.304557033523512,1.246503295499699,-0.2645999809457352,1
-0.23145502494313785,0.9354143466934853,0.36511786940243074,1.083017469154982,0.326823675386008,-0.38636229739196704,-0.9483225882215527,-1.0056761767835556,-0.48466977555934826,1.1080935183397056,1.6355045313959657,-0.40563008079733653,3
-0.23145502494313785,0.9354143466934853,0.5419943078207229,-0.4512877965461982,1.3864544329139268,1.362467539489811,-0.6708742880038078,-0.6660600971551132,-2.108374307890837,-0.19170909811635847,1.2016185375116681,2.0574770119596995,2
-0.23145502494313785,0.9354143466934853,0.45678376084548744,-1.8969443135624213,-0.547606131158049,1.3576465061696683,0.8524235910763114,0.7431352540002493,1.5582925522099427,0.7576026072517945,-0.7550244310776733,-0.9418724372098202,4
-0.23145502494313785,0.9354143466934853,2.186816078221483,-1.015760598001694,-0.7140525554600011,-0.9853756874197022,-0.4827963537215864,0.9319674310550677,0.23064286665690212,1.3359911959529212,1.4376791165598302,0.3405175405105539,1
-0.23145502494313785,0.9354143466934853,0.1701664664742404,0.9246620121023664,0.4182519929603196,-0.26342594772832717,-0.8162678684063762,-1.1804164003268205,-0.5986784743187507,0.9037714625485469,1.672077297163991,-0.34823410992749876,3
-0.23145502494313785,0.9354143466934853,0.733072504068221,-0.6952612758330031,1.2856488519986604,1.5444615473251997,-0.5321501378949351,-0.5941911342461896,-2.0679196083310494,-0.41331994324369226,1.0370410915555555,2.26246262220912,2
-0.23145502494313785,0.9354143466934853,-0.40565026005538224,-1.7446503094113412,0.0794983547683188,1.1732419816742086,1.1338735494702739,0.5965789374800915,0.9294058590532394,-0.009390956025786051,-0.7882723999576962,-0.9500718616197971,4
-0.23145502494313785,0.9354143466934853,1.9647522285284449,-1.0968325305597317,-0.5300237623937585,-0.7419135047524938,-0.42410536713706337,1.1137536313541099,0.1920270170771045,1.2856965360658665,1.1999561390676672,0.1880082464849851,1
-0.23145502494313785,0.9354143466934853,0.017820337033667245,0.7564566940847556,0.5823541014270326,-0.19472622291629316,-0.6535337692401987,-1.2748324888542297,-0.6924598232982591,0.6397244981415107,1.6355045313959657,-0.1973647007839253,3
-0.23145502494313785,0.9354143466934853,0.4412909341227173,-0.5058408726600179,1.4380293812891796,1.4866091474834868,-0.689548692826156,-0.5984187202996559,-2.099180057990885,-0.21528471993841525,1.3113368348157437,2.0525573573137135,2
-0.23145502494313785,0.9354143466934853,-0.33593253980291643,-1.706766228776744,-0.03654527907599973,0.8683116241751804,1.4766822665662376,0.6402639933659076,0.3740731650961503,0.023614914525093473,-0.5505494224655331,-1.1091406951733473,4
-0.23145502494313785,0.9354143466934853,1.2637018193230973,-1.052129315410907,-0.3014529684579794,-0.4502409888838583,-0.05195115674883813,1.3349973014855014,0.24903136645680574,1.224399919328519,1.1268106075316169,-0.13996872991408757,1
-0.23145502494313785,0.9354143466934853,0.10819515958315992,0.5094524883471828,0.7066028406946868,0.007757176529701728,-0.7242297303533741,-0.9732646837069823,-0.9664484703168229,0.7277401529438561,1.6770644924959945,-0.3006774483496333,3
-0.23145502494313785,0.9354143466934853,-0.027367074241078523,0.041962933316255155,1.6666001752249584,1.0503056320105688,-1.0817111940954687,-0.7477934275221242,-1.8012863612324468,0.2357955109236045,1.6670901018319872,1.7344196902066127,2
0.0,0.9354143466934853,-0.10999548342918586,-1.0604638131505186,-0.8019643992814545,1.1081580318522817,0.6016530120333495,1.543558213456495,0.27845296613665155,0.5925732544973971,-1.0791921276578955,-0.8959556605139501,4
0.0,0.9354143466934853,-0.2713790951247078,-0.3944616755943026,-0.3729546014327615,1.0346372737201048,0.3015286488170389,0.24568929504240627,-0.2566523780405435,0.3143809169971271,-1.0077089945658466,-0.8729972721660151,1
0.0,0.9354143466934853,0.37028214497668743,1.0155838056253994,-1.813536682186979,-0.5502774302768201,-0.7002197812960693,0.06953987614798597,0.4292386644958611,-0.7732411030604257,0.3022609793070518,-0.007138054472463146,3
0.0,0.9354143466934853,-0.31656650639945416,1.0633177472249915,-0.4526613398308795,-1.169780211915162,-1.0310235238633807,-0.006556672814403665,0.49543726377551406,0.8739090082406081,-0.23968091343732004,-0.940232552327825,2
0.0,0.9354143466934853,0.04235064601138675,-1.0748597637916655,-0.9285574543843473,0.9972742654889988,0.5576347720949574,1.683068553220876,0.2931637659765744,0.8613353432688445,-1.2903167300460403,-0.7532856757803534,4
0.0,0.9354143466934853,-0.37079139992914933,-0.35809295818508946,-0.32137965305750893,1.006916332129284,0.23883600405629843,0.28796515557706703,-0.06541198012154602,0.12263252617773196,-0.6502933291056016,-1.3288852693607263,1
0.0,0.9354143466934853,0.3444607671054039,0.9966417653081006,-1.7010095220955184,-0.5358143303163919,-0.9843375118075101,0.38519963480678693,0.09456796813761541,-0.5814927122410306,0.21082906488698894,-0.07601321951626842,3
0.0,0.9354143466934853,-0.23135595942421877,1.1565125855861003,-0.806653030951932,-1.1866538285356616,-0.7589107678805922,0.09490539246878252,0.5377308133152924,0.5941449626188676,-0.30118965586536206,-1.0025481778436487,2
0.0,0.9354143466934853,0.10173981511533861,-1.0915287592708882,-0.9379347177253023,1.0237899487497837,0.5896480375046972,1.6591122322512348,0.20673781691702742,0.8377597214467879,-1.285329534714037,-0.7516457908983583,4
0.0,0.9354143466934853,-0.5592874583895189,-0.29141697626819857,-0.23581212507129426,0.8743379158253589,0.29352533246460394,0.33305940681403867,-0.12057747952125684,0.13363448302802514,-0.6270197508895854,-1.386281240230564,1
0.0,0.9354143466934853,0.29540014914996543,0.9595153662861958,-1.8041594188460237,-0.5249670053460709,-0.8963010319307256,0.42324790928798195,0.13318381771741297,-0.7480937731168985,0.4003424875031189,-0.002218399826477052,3
0.0,0.9354143466934853,-0.1564739635974962,1.2800146884548869,-1.2051867229425208,-1.252943036687624,-0.25336795161845127,0.24146170898894018,0.29500261595656474,0.403968279920943,-0.6818788995416233,-0.7549255606623488,2
0.0,0.9354143466934853,0.06688095498910626,-1.0869826695947364,-0.8969091906086242,1.0358425320501405,0.5789769490347839,1.7267536091066922,0.15708886745728765,0.7230250285794446,-1.3235646989260632,-0.8943157756319549,4
0.0,0.9354143466934853,-0.6909764855330652,-0.21489113338631258,-0.16899912376698958,0.8080487076733963,0.3001947627582997,0.42324790928798195,-0.16654872902101586,0.10848715308449787,-0.7816228061816918,-1.1124204649373381,1
0.0,0.9354143466934853,0.3289679403826338,0.9314811466165941,-1.7150754171069509,-0.6298244800591752,-0.898968804048204,0.6163076723962666,-0.1849372288209193,-0.4793316843454512,0.28231219797903795,0.04041860710540239,3
0.0,0.9354143466934853,-0.12936151683264865,1.287591504581806,-1.2895820930111164,-1.0528701539017005,-0.3173944824379307,-0.11224632415105577,0.5322142633753213,0.5548522595821063,-0.8115459781737121,-0.8156013012961773,2
0.0,0.9354143466934853,-0.004127834156923622,-1.052129315410907,-0.8722938743386173,1.075616056941318,0.5776430629760447,1.7704386649925086,0.06514636845776962,0.5344200540029904,-1.225483190729996,-1.0960216161173846,4
0.0,0.9354143466934853,-0.8510690283350226,-0.07547771665099569,-0.13031791248555002,0.9141114407165366,0.285522016112169,0.36547089989061216,-0.2676854779204857,0.04561882822567965,-1.177273635853963,-0.7811637187742746,1
0.0,0.9354143466934853,0.32509473370194164,0.8579860301854756,-1.4689222544068812,-0.7636081546931361,-0.925646525222987,0.33305940681403867,0.3170688157164491,-0.4007462782719286,0.3637697217350938,-0.23836182283380922,3
0.0,0.9354143466934853,-0.1784221347880871,1.2307653836299108,-1.390387673926383,-1.0263544706409156,-0.252034065559712,0.03571918772025724,0.46601566409566836,0.31909604136153846,-0.786610001513695,-0.7008093595565019,2
0.0,0.9354143466934853,-0.0841741055579023,-1.0081837818747748,-0.8851876114324303,1.1635999150339231,0.6269968471493935,1.7239352184043812,0.03204706881794312,0.42440048550005866,-1.273692745606029,-1.1124204649373381,4
0.0,0.9354143466934853,-1.057640051305291,0.16470735457234967,-0.1561053866731764,0.9141114407165366,0.3882312426350842,0.05826631333874322,-0.058056580201584565,-0.27186621231135155,-1.3867358397981064,-0.7614851001903302,1
0.0,0.9354143466934853,0.1779128798356252,0.8064636805224236,-1.2825491455054,-0.7262451464620299,-1.0723739916842945,0.5698042258081397,-0.023118430581767706,-0.015677788511667866,0.0977859706949114,-0.4171092749713039,3
0.0,0.9354143466934853,-0.24168451057273163,1.0905942852819017,-1.0938317207686798,-1.3553899947406571,-0.27604401461701666,0.5867145700220041,0.10927876797753827,0.1320627749065545,-0.6519557275496025,-0.5319012167109795,2
0.4629100498862757,0.9354143466934853,-1.3093984855503051,-0.8172480154764056,0.10645798687356454,1.2166312815554932,0.4909404691579994,1.1475743197818382,0.8926288594534321,-0.9649894938798209,0.26236341665102425,-1.2862482624288467,4
0.4629100498862757,0.9354143466934853,0.11077729737028799,-0.619493114563809,-0.6847486075195164,0.83215387427411,0.5322909369789134,0.8911007658715623,0.32810191559639107,0.9855002848650102,-0.1100138348052311,-0.899235430277941,1
0.4629100498862757,0.9354143466934853,0.39997672952866364,0.9489078237085085,0.4030139400312675,-1.3975740362919062,-0.43477645560697664,0.09208700176647179,0.09456796813761541,0.7418855260370899,0.7261725825273423,-1.3944806646405405,3
0.4629100498862757,0.9354143466934853,0.10173981511533861,1.5762681990174354,0.09004777602689322,-1.6735781938700782,-0.562829517245936,0.1695927460800168,0.5046315136754659,1.1159520589470575,0.8708012471554415,-1.6552223608778034,2
0.4629100498862757,0.9354143466934853,-1.2913235210404064,-0.8536167328856187,0.18616472527168235,1.282920489707456,0.49894378551043433,1.218034087339606,0.907339659293355,-1.0624353974109888,0.042926822042873826,-1.2567303345529302,4
0.4629100498862757,0.9354143466934853,0.022984612607924525,-0.592974258119591,-0.6261407116385475,0.9442428989674286,0.5362925951551308,0.9545145566735536,0.29500261595656474,1.1096652264611757,-0.2596296947653337,-0.7778839490102839,1
0.4629100498862757,0.9354143466934853,0.3793196272316368,1.032252801104622,0.22367377863550253,-1.348158444760443,-0.3173944824379307,-0.020648626325957303,0.18651046713713343,0.7748913965879697,0.6763006292073082,-1.4108795134604941,3
0.4629100498862757,0.9354143466934853,0.008782854778718435,1.3906362039079099,0.7546613153170814,-1.5361787442460098,-1.0403607262745547,0.17100194143117214,0.6149625124748875,0.9399207493423671,1.244840897055698,-1.282968492664856,2
0.4629100498862757,0.9354143466934853,-1.087334635857267,-1.030156548642841,0.07715403893308011,1.5709772305859844,0.386897356576345,1.5336938459984075,0.7216158113143285,-0.6192137071563215,-0.08674025658921511,-1.5191119156721882,4
0.4629100498862757,0.9354143466934853,-0.001545696369794981,-0.5763052626403684,-0.646067396238077,0.9068798907363222,0.5749752908585664,0.9446501892154662,0.44578831431577437,1.0750876477888258,-0.0784282643692094,-1.03042622083757,1
0.4629100498862757,0.9354143466934853,0.33800542263758315,0.9004162004962243,0.5964199964384652,-1.337311119790122,-0.4761269234278906,0.011762866750616063,0.1460557675773455,0.6664435362065083,0.8608268564914346,-1.3469240030626752,3
0.4629100498862757,0.9354143466934853,0.03589530154356601,1.351236760047929,0.9644775825709502,-1.5024315110050108,-1.2484469514378636,0.09772378317109325,0.988249058412931,0.7277401529438561,1.2947128503757321,-0.9451522069738111,2
0.4629100498862757,0.9354143466934853,-0.8058816170602768,-1.258976395675807,-0.10570259621554304,2.057901595920401,0.4575933176895204,1.4815536180056592,0.5230200134753695,-0.00467583166137469,0.042926822042873826,-1.8306900432513074,4
0.4629100498862757,0.9354143466934853,0.02427568150148856,-0.5884281684434395,-0.708191765871904,0.7188595912507556,0.5909819235634363,0.9164662821923589,0.5487639131952345,1.0185061554158894,0.09944836913891254,-1.2124534427390552,1
0.4629100498862757,0.9354143466934853,0.4542016230583588,0.9163275143627553,0.5038195209465341,-1.443373852833262,-0.5054724167201521,0.16113757397308462,0.27293641619668024,0.5548522595821063,0.8043053093953959,-1.39120089487655,3
0.4629100498862757,0.9354143466934853,0.10690409068959589,1.251222787172593,1.1449899018843346,-1.3939582613017991,-1.4992175304808253,-0.13902103582300754,1.1794894563319285,0.5925732544973971,1.4177303352318165,-0.7155683234944602,2
0.4629100498862757,0.9354143466934853,-0.7645674124662232,-1.2817068440565653,-0.12445712289745313,1.973533512817903,0.3908990147525625,1.6097903949607972,0.48072646393559126,-0.042396826576665485,-0.2579672963213326,-1.8651276257732097,4
0.4629100498862757,0.9354143466934853,0.022984612607924525,-0.7763332083910408,-0.5546390786637654,0.31509805068880137,0.5002776715691736,1.002427198612836,0.22696516669692135,0.9949305335938329,0.46517602681916337,-1.4518766355103783,1
0.4629100498862757,0.9354143466934853,0.6607726460286272,1.0974134197961287,0.11231877646166145,-1.7049149104510057,-0.42010370896084603,0.2513260764470277,0.5230200134753695,0.37724924185594527,0.8491900673834266,-1.427278362280448,3
0.4629100498862757,0.9354143466934853,0.1301433307737508,0.8814741601789258,1.5294576988634911,-1.2734324282982306,-1.6739566041756548,-0.7477934275221242,1.356019054411003,0.3756775337344746,1.6621029064999842,-0.5089428283630443,2
0.4629100498862757,0.9354143466934853,-0.36820926214202127,-1.3817208169319015,-0.3717824435151423,1.7589975300715515,0.25217486464369016,1.798622572015616,0.5083092136354466,-0.08326123773489728,-0.5040022660335013,-1.8897258990031405,4
0.4629100498862757,0.9354143466934853,0.06688095498910626,-0.9543883873736467,-0.44797270816040186,0.16082498444423365,0.3188691675806479,1.3984110922874926,-0.052540030261613475,1.2118262543567555,0.5366591599112124,-1.5699483470140445,1
0.4629100498862757,0.9354143466934853,0.6556083704543704,0.9458770972577407,0.47568773092366906,-1.7555357603125046,-0.8749588549908991,0.23582492758431872,0.9294058590532394,0.033045163253916196,1.1085242246476046,-1.2026141334470832,3
0.4629100498862757,0.9354143466934853,0.04751492158564346,0.5624902012356185,1.7216915973530693,-1.3553899947406571,-1.689963236880525,-1.0648623815320806,1.5546148522499623,0.26565796523154295,1.7302612427040311,-0.4171092749713039,2
1.3887301496588271,0.9354143466934853,0.7601849508330686,-1.2680685750281102,-0.9273852964667281,0.579049624966616,0.6416695937955241,1.4519605156313964,0.08721256821765395,0.6900191580285652,-1.6593691846142933,-0.6712914316805854,4
1.3887301496588271,0.9354143466934853,0.17920394872918924,-0.5452403165199988,-0.4057750231261043,0.6935491663200064,0.8884385146622688,0.5176639978153912,0.05962981851779854,0.04561882822567965,-0.9578370412458124,-0.8615180779920475,1
1.3887301496588271,0.9354143466934853,0.6284959236895229,0.2988170000188232,0.23891183156455453,-0.5816141468577478,-0.5454889984823268,-0.754839404277901,-0.6372943238985481,-0.1807071412660653,1.2165801235076785,-0.6926099351465251,3
1.3887301496588271,0.9354143466934853,0.05655240384059284,1.0648331104503754,-0.500719814453274,-0.5490721719467844,-0.42410536713706337,-1.408706047213989,0.7914921105539623,0.00946954143185939,1.3246360223677525,-0.3465942250455034,2
1.3887301496588271,0.9354143466934853,0.8712168756795882,-1.3203486063038543,-1.0528061936520017,0.5067341251644752,0.6496729101479592,1.46605246914295,0.16260541739725876,0.633437665655629,-1.44990698067015,-0.8713573872840197,4
1.3887301496588271,0.9354143466934853,0.11723264183810873,-0.5384211820057714,-0.38350402269133604,0.3524610589199075,1.2072372827009274,0.295011132332844,0.6039294125949454,-0.4934770574386853,-0.06845387370520255,-1.0779828824154356,1
1.3887301496588271,0.9354143466934853,0.5884727879890332,0.2957862735680555,0.3104134645393366,-0.5563037219269985,-0.4361103416657158,-0.9253520417676998,-0.4276654261796471,-0.2875832935260562,1.2947128503757321,-0.7418064816063861,3
1.3887301496588271,0.9354143466934853,-0.0841741055579023,1.060287020774224,-0.3202074951398895,-0.863644596086098,-0.24002909103105965,-1.205781916647617,0.7988475104739234,0.00946954143185939,1.5374230231998987,-0.6565324677426271,2
1.3887301496588271,0.9354143466934853,0.8647615312117668,-1.3415636914592286,-1.0832822995101052,0.45972905029308336,0.6109902144445236,1.547785799509961,0.24351481651683465,0.5579956758250473,-1.4997789339901841,-0.8533186535820707,4
1.3887301496588271,0.9354143466934853,0.14305401970939227,-0.5808513523165201,-0.44797270816040186,0.2801455591177665,1.176557903349927,0.17100194143117214,0.8227525602137984,-0.45418435440192395,0.069525197146892,-0.818881071060168,1
1.3887301496588271,0.9354143466934853,0.5329568255657741,0.3056361345330506,0.09825288145022888,-0.5611247552471412,-0.43210868348949844,-0.9986302000277787,-0.46260357579946404,-0.03139486972637249,1.3462472021397676,-0.8352799198801216,3
1.3887301496588271,0.9354143466934853,-0.2455577172534243,1.079229061091522,-0.18658149253128029,-1.207143220146268,-0.23202577467862456,-0.8126164136752708,0.9514720588131237,-0.2467188823678243,1.673739695607992,-0.8647978477560383,2
1.3887301496588271,0.9354143466934853,0.7730956397687101,-1.3612634133892192,-1.0492897198991435,0.44647120866269097,0.5616364302711748,1.6661582090070117,0.25638676637676716,0.4574063560509382,-1.5529756841982205,-0.8172411861781729,4
1.3887301496588271,0.9354143466934853,0.12239691741236601,-0.6672270561634013,-0.3319290743160832,0.2656824591573383,1.1031941701192731,0.04699275052950015,0.964344008673056,-0.41331994324369226,0.2523890259870176,-0.8041221071222098,1
1.3887301496588271,0.9354143466934853,0.4245070385063826,0.3776158877387851,-0.19127012420175782,-0.40203065568243085,-0.5735006057158493,-0.9112600882561461,-0.6630382236184134,0.28294675456771806,1.2714392721597163,-1.0501048394215144,3
1.3887301496588271,0.9354143466934853,-0.3346414709093529,1.1133247336626597,-0.392881286032291,-1.168574953585126,-0.28004567279323433,-0.6745152692620453,0.9128562092333261,-0.23571692551753115,1.5241238356478894,-1.0320661057195653,2
1.3887301496588271,0.9354143466934853,0.7640581575137613,-1.3650518214526788,-1.091487404933441,0.31148227569869436,0.49227435521673857,1.7563467114809546,0.4696933640556489,0.36624728500565207,-1.212184003177987,-1.115700234701329,4
1.3887301496588271,0.9354143466934853,0.19082356877126724,-0.7717871187148891,-0.2147132825541453,0.19577747601526865,1.143210751881448,0.003307694643684037,1.010315258172815,-0.4054614026363402,0.44855204237915197,-0.8631579628740429,1
1.3887301496588271,0.9354143466934853,0.4115963495707411,0.4162576499860739,-0.27800981010559184,-0.3526150641509678,-0.7028875534135476,-0.7308830833082598,-0.8965721710771891,0.6192922925623947,0.9788571460155155,-1.0681435731234634,3
1.3887301496588271,0.9354143466934853,-0.36950033103558527,1.1792430339668585,-0.8394734526452746,-1.13121194535402,-0.1559942693304925,-0.36449229200786554,0.8687238097135573,-0.2372886336390016,1.244840897055698,-1.3813615855845778,2
1.3887301496588271,0.9354143466934853,0.8531419111696894,-1.3817208169319015,-1.1735384591667977,0.20903531764566108,0.4482561152783463,1.7168892416486046,0.7326489111942707,0.31909604136153846,-0.7915971968456984,-1.4584361750383599,4
1.3887301496588271,0.9354143466934853,0.17145753536780445,-0.7679987106514296,-0.2850427576113081,0.34643476726972905,1.176557903349927,0.04276516447603406,0.887112309513461,-0.3944594457860468,0.4153040734991291,-0.9008753151599362,1
1.3887301496588271,0.9354143466934853,0.44645520969697344,0.4495956409445193,-0.2557388096708236,-0.4333673722633587,-0.664204857710112,-0.7562485996290563,-0.7935965721977289,0.47626685350858367,1.2365289048356922,-1.0238666813095885,3
1.3887301496588271,0.9354143466934853,-0.37079139992914933,1.1625740384876357,-0.9273852964667281,-1.2204010617766605,0.17080781506060133,-0.4293152781610123,1.0489311077526127,-0.3473082021419332,1.0054555211195337,-1.2026141334470832,2
0.9258200997725514,-1.0690449676496976,-0.4689126358400268,-1.526438004956062,0.8367123695504379,1.6493190220383045,1.1592173845863178,0.3161490626001743,-1.3231853664349529,-1.507228795787127,-0.05681708459719456,1.4261213323914843,4
0.9258200997725514,-1.0690449676496976,-0.499898289285567,-0.3558199133470137,0.5776654697565551,0.9900427155087848,1.3659697236908876,-0.7689313577894547,-1.4629379649142205,-0.913123125871296,-0.5372502349135242,1.3687253615216468,1
0.9258200997725514,-1.0690449676496976,1.018398729545904,1.414882015514052,-0.8113416626224095,-1.5602839108467235,0.11745237271103498,0.17382033213348289,0.20489896693703705,-0.9885651157018777,-0.6635925166576105,0.6537355529716683,3
0.9258200997725514,-1.0690449676496976,0.45161948527123075,1.605817781912421,-0.1139077016388787,-2.061671376141568,-0.6161849595955023,0.29078354627937775,0.7069050114744054,0.19964622412978408,-1.0459441587778726,0.1306122756151474,2
0.9258200997725514,-1.0690449676496976,-0.8433226149736378,-1.273372346316954,0.8753935808318773,1.084052865251568,1.5073616459172383,0.7938662866418424,-1.762670511652649,-1.555951747552711,0.36875691706709723,1.126022398986333,4
0.9258200997725514,-1.0690449676496976,-0.324312919760839,-0.5869128052180556,0.3092413066217172,1.1539578483936375,1.420659052099193,-0.7266554972547938,-1.0289693696364952,-0.7810996436677781,-0.5538742193535355,1.4048028289255448,1
0.9258200997725514,-1.0690449676496976,1.0390558318429308,1.4724658180786394,-0.485481761524222,-1.798925060193789,-0.06662390339496889,-0.04037736124213224,0.3060357158365069,-0.8502548010124777,-0.6752293057656187,0.22080594412489238,3
0.9258200997725514,-1.0690449676496976,0.3560803871474819,1.5762681990174354,0.04433361723973746,-2.0652871511316753,-0.4334425695482376,0.6628111189843934,0.37223431511615995,-0.0062475397828451445,-1.0010594007898421,0.07977584427329111,2
0.9258200997725514,-1.0690449676496976,-0.8355762016122525,-1.308983382113475,0.8683606333261612,1.1033369985321388,1.4633434059788462,0.8150042169091727,-1.6284344631133527,-1.5858142018606494,0.3222097606350653,1.0751859676444768,4
0.9258200997725514,-1.0690449676496976,-0.27654337069896456,-0.6816230068045481,0.24828909490550946,0.9779901322084279,1.495356671388586,-0.7069267623386187,-0.9462211205369289,-0.48876193307427396,-0.39760876561742825,1.58683005082703,1
0.9258200997725514,-1.0690449676496976,0.9641738360162083,1.6277905486804873,-0.855883663491946,-1.608494244048151,-0.06529001733622973,-0.038968165890976875,0.32810191559639107,-0.913123125871296,-0.7616740248536781,0.453669597368234,3
0.9258200997725514,-1.0690449676496976,0.19856998213265203,1.452008414535957,0.07480972309784134,-2.0038189762998555,-0.45345086042932503,0.7318616911910061,0.4071724647359768,-0.10683685955695403,-1.1373760731979357,-0.008777939354458511,2
0.9258200997725514,-1.0690449676496976,-0.5657428028573402,-1.477946381743778,0.7734158419989915,1.2985888479979197,1.3072787371063646,0.7107237609236758,-1.5346531141338444,-1.7068357272138743,0.26901301042702885,0.8177240411712046,4
0.9258200997725514,-1.0690449676496976,-0.13323472351334076,-0.6543464687476382,0.22015730488264437,0.7441700161815049,1.5060277598584992,-0.6561957296970256,-1.1815939179756951,-0.3645969914781082,-0.21973213210930634,1.6065086694109743,1
0.9258200997725514,-1.0690449676496976,0.8880007712959223,1.7171969789781363,-1.078593667839628,-1.242095711717303,-0.14265540874310093,0.2837375695236011,0.3483292653762852,-1.0608636892895185,-1.1008033074299106,1.329368124353758,3
0.9258200997725514,-1.0690449676496976,0.17145753536780445,1.517926714840156,-0.4104636547965817,-1.7121464604312195,-0.22535634438492877,0.3415145789209708,1.08570810735242,-0.18699397375194712,-1.310265511374054,0.3470770800385353,2
0.9258200997725514,-1.0690449676496976,0.25795915123660446,-1.7287389955448105,0.18733688318930172,1.0792318319314251,1.2472538644631024,0.9361950171085339,-1.2551479171753095,-1.9095860748835627,0.174256299118964,0.9472749468488384,4
0.9258200997725514,-1.0690449676496976,-0.4224341556717164,-0.3990077652704543,0.4838928363470047,0.9647322905780352,1.0471709556522284,-1.0592256001274591,-1.2864083668351456,-0.6239288315207329,-0.035205904825179817,1.6409462519328772,1
0.9258200997725514,-1.0690449676496976,0.8273205332984058,1.798268911536174,-1.0926595628510605,-1.1709854702451974,-0.2013463953276238,0.37533526734869954,0.36304006521620813,-0.92726849896453,-1.2171711985099904,1.8557711714742697,3
0.9258200997725514,-1.0690449676496976,0.21793601553611483,1.5906641496585823,-0.8500228739038489,-1.4843526360544756,0.1134507145348175,0.24146170898894018,1.3707298542509259,-0.517052679260742,-1.0625681432178842,0.7127714087235013,2
0.9258200997725514,-1.0690449676496976,0.6775565416449613,-1.8204184706805353,-0.11507985955649822,1.1370842317731384,1.1672207009387527,0.6008065235335578,-1.297441466715088,-1.7398415977647539,0.049576415818878394,1.170299290800208,4
0.9258200997725514,-1.0690449676496976,-0.5760713540058536,0.14576531425505124,0.6433063131432403,1.0370477903801762,0.8364169583714415,-1.3213359354423566,-1.5309754141738638,-0.7968167248824826,0.12770914268693195,1.8721700202942235,1
0.9258200997725514,-1.0690449676496976,0.7640581575137613,1.6891627593085345,-0.9742716131715032,-1.2155800284565177,-0.32006225455540904,0.4542502070133999,0.30971341579648765,-0.8015318492468939,-1.1373760731979357,1.6934225681567288,3
0.9258200997725514,-1.0690449676496976,0.3018554936177862,1.673251445442004,-1.1020368261920155,-1.4795316027343326,0.3628874075190402,0.09631458781993787,1.2309772557716583,-0.6962274051083736,-0.9079650879257783,0.6078187762757981,2
1.1572751247156892,-1.0690449676496976,-2.142137921899199,-0.23534853692899507,2.0123867609226753,1.2973835896678843,0.7443788203184395,-1.5608991451387682,-1.3047968666350491,-0.6852254482580803,0.15929471312295362,1.8229734738343626,4
1.1572751247156892,-1.0690449676496976,-1.297778865508228,0.3397318071041881,1.1649165864838642,0.7972013827030751,0.6936911500863515,-1.3664301866793283,-0.7053317731581916,-1.515087336394479,-0.21308253833330176,1.3195288150617859,1
1.1572751247156892,-1.0690449676496976,0.14176295081582824,0.8829895234043095,-0.8722938743386173,-0.34417825584071804,-0.9963424863361625,0.9361950171085339,0.2122543668569985,-1.1897437552500953,-0.1349498114652482,1.2047368733221102,3
1.1572751247156892,-1.0690449676496976,-0.34367895316430175,1.453523777761341,-1.4454790960544937,0.10056206794244951,0.04408863948038127,0.8854639844669409,-0.03415153046170987,-0.7716693949389553,-1.5729244655262342,0.19456778601296656,2
1.1572751247156892,-1.0690449676496976,-2.113734406240787,-0.34975846044547815,2.092093499320793,1.3648780561498826,0.7470465924359178,-1.7018186802543045,-1.253309067195319,-0.3033003747407606,0.0977859706949114,1.5195947706652202,4
1.1572751247156892,-1.0690449676496976,-1.2409718341914038,0.4730837709379696,0.9000088971018843,0.7501963078316831,0.9297889824831825,-1.1649152514641115,-1.0731017691562637,-1.3940658110412543,0.06786279870289104,1.285091232539883,1
1.1572751247156892,-1.0690449676496976,0.16242005311285507,0.9064776533977598,-0.9015978222791017,-0.3297151558802898,-1.0430284983920328,1.0503398405521183,0.05779096853780818,-1.4003526435271363,0.08781158003090456,1.1211027443403467,3
1.1572751247156892,-1.0690449676496976,-0.44954660243656397,1.4883771319451704,-1.5615227298988121,0.17408282607462633,0.1134507145348175,0.905192719383116,-0.2364250282606496,-1.2541837882303841,-1.3584750662500868,0.06993653498131894,2
1.1572751247156892,-1.0690449676496976,-2.200236022109587,-0.2118604069355448,2.2315802915174996,1.049100373680533,0.6790184034402208,-1.521441675306418,-1.3967393656345672,-0.35202332650634455,0.2058418695549855,1.581910396181044,4
1.1572751247156892,-1.0690449676496976,-1.2228968696815057,0.5011179906075713,0.9000088971018843,0.5019130918443325,1.261926611109233,-1.3100623726331138,-1.1999824177755987,-1.0985846842048095,-0.20144574922529376,1.5491126985411368,1
1.1572751247156892,-1.0690449676496976,0.10948622847672396,0.9883072675684895,-0.9426233493957799,-0.3803360057417886,-0.9189770949292914,0.9897444404524375,-0.04150693038167132,-1.1268754303912774,-0.29287766364535656,1.334287778999744,3
1.1572751247156892,-1.0690449676496976,-0.5683249406444683,1.4921655400086302,-1.4782995177478364,0.042709668100736606,0.022746462540554707,0.7558180121606475,0.13502266769740334,-1.566953704403004,-1.2620559564980212,0.06337699545333747,2
1.1572751247156892,-1.0690449676496976,-2.2092735043645355,-0.1300307927648153,1.9971487079936237,1.0587424403208185,0.7403771621422222,-1.3452922564119978,-1.4905207146140758,-0.6647932426789646,0.46018883148715994,1.5966693601190023,4
1.1572751247156892,-1.0690449676496976,-1.2112772496394282,0.4026193809576191,1.1438177439667152,0.21144583430573244,1.36196806551467,-1.291742833068094,-1.212854367635531,-0.913123125871296,-0.582134992901555,1.5835502810630393,1
1.1572751247156892,-1.0690449676496976,0.11335943515741663,1.0110377159492479,-0.9895096661005551,-0.41649375564285906,-0.7122247558247216,0.7980938726953083,0.19938241699706596,-1.0482900243177549,-0.4873782815934899,0.9538344863768198,3
1.1572751247156892,-1.0690449676496976,-0.648371212045447,1.4467046432471136,-1.4419626223016357,-0.13807908140461594,0.23350045982134177,0.380972048753321,0.40165591479600565,-1.452219011535661,-1.1357136747539343,-0.1432484996780783,2
1.1572751247156892,-1.0690449676496976,-2.197653884322458,-0.11184643406020871,1.8318744416092911,1.3202834979385618,0.6189935307969586,-1.4101152425651444,-1.4721322148141722,-0.711944486323078,0.6763006292073082,1.5392733892491646,4
1.1572751247156892,-1.0690449676496976,-1.1802915961938878,0.39883097289415953,1.0125360571933448,0.43923965868247683,1.2085711687596667,-1.400250875107057,-0.8579563214973914,-1.093869559840398,-0.6403189384415947,1.7344196902066127,1
1.1572751247156892,-1.0690449676496976,0.159837915325727,1.0254336665903945,-1.041084614475808,-0.4176990139728949,-0.6562015413576772,0.8854639844669409,-0.03047383050172915,-0.7402352325095463,-0.9229266739217884,1.1407813629242913,3
1.1572751247156892,-1.0690449676496976,-0.6044748696642652,1.3951822935840617,-1.6341965207912137,0.02583605148023701,0.68035228949896,0.02726401561332522,0.2232874667369407,-1.4443604709283089,-1.18724802651797,0.2814816847587208,2
1.1572751247156892,-1.0690449676496976,-2.111152268453659,-0.24595607950668227,1.8307022836916715,1.5010722474439149,0.5976513538571321,-1.54821638697837,-1.3066357166150397,-0.6349307883710259,0.4003424875031189,1.5950294752370069,4
1.1572751247156892,-1.0690449676496976,-1.117029220409243,0.3397318071041881,0.8671884754085418,0.8333591326041456,0.9337906406593999,-1.3988416797559016,-0.4791532256193772,-1.4647926765074246,-0.3926215702854248,1.8492116319462883,1
1.1572751247156892,-1.0690449676496976,0.1934057065583953,0.9996724917588686,-0.8511950318214685,-0.5249670053460709,-0.765580198174288,0.6402639933659076,0.4494660142757551,-0.5877795447269124,-1.1955600187379753,0.8292032353451723,3
1.1572751247156892,-1.0690449676496976,-0.6690283143424738,1.4648890019517202,-1.2930985667639743,-0.1284370147643306,0.3322080281680395,-0.06151529150946269,0.489920713835543,-1.2023174202218592,-1.7042539426023244,1.1063437804023886,2
1.6201851746019649,-1.0690449676496976,-1.2848681765725856,-0.427041984940056,1.4145862229367918,0.9755796155483565,0.6736828592052642,-0.8408003206983782,-2.088146958110943,-1.1347339709986297,0.07949958781089884,1.7557381936725527,4
1.6201851746019649,-1.0690449676496976,-0.9801759176914403,0.4897527664171925,0.880082212502355,1.0635634736409612,1.335290344339887,-0.4377704502679443,-1.1080399187760805,-1.1504510522133342,-1.0043841976778443,1.2145761826140826,1
1.6201851746019649,-1.0690449676496976,-0.08675624334503096,1.2565265584614362,-1.1641611958258427,-1.2312483867469817,0.2988608766995606,-0.07137965896755023,0.22880401667691172,-0.832966011676303,0.013003650050853282,1.3277282394717627,3
1.6201851746019649,-1.0690449676496976,-0.00929210973118033,1.0746829714153707,-0.4385954448194468,-1.24571148670741,-0.31606059637919154,0.31333067189786357,0.8889511594934514,0.32538287384742026,-0.5804725944575536,0.273282260348744,2
1.6201851746019649,-1.0690449676496976,-1.0124526400305447,-0.7339030380802921,1.310264168268667,1.2672521314169922,0.7030283524975257,-0.7041083716363079,-1.7093438622329287,-1.4003526435271363,-0.4109079531694374,1.8229734738343626,4
1.6201851746019649,-1.0690449676496976,-0.8484868905478945,0.14273458780428347,0.7159801040356418,1.0623582153109257,1.630079163321241,0.1695927460800168,-0.7623361225378928,-0.8376811360407141,-1.2803423393820335,1.352326512701693,1
1.6201851746019649,-1.0690449676496976,-0.028658143134642555,1.2012158007349245,-1.1688498274963202,-1.2637903616579451,0.6403357077367852,-0.01923943097480178,-0.21619767848075563,-0.6820820320151395,-0.018581920385168402,1.0833853920544536,3
1.6201851746019649,-1.0690449676496976,0.032022094862873336,1.0807444243169062,-0.38233186477371667,-1.3517742197505502,-0.3414044314952356,0.3401053835698156,1.2144276059517454,0.28923358705359986,-0.6519557275496025,0.04369837686939312,2
1.6201851746019649,-1.0690449676496976,-0.7865155836568141,-0.8915008135202157,1.1754660077424386,1.381751672770382,0.773724313610701,-0.5054118271234018,-1.6118848132934396,-1.6203917805329993,-0.7068148762016404,1.7770566971384922,4
1.6201851746019649,-1.0690449676496976,-0.8032994792731482,0.027566982675108355,0.598764312273704,1.126236906802817,1.5393749113269781,0.3415145789209708,-0.33940062714010977,-0.9335553314504118,-1.240444776726006,1.1194628594583516,1
1.6201851746019649,-1.0690449676496976,-0.0002546274762309472,1.198942755896849,-1.4009370951849571,-1.057691187221843,0.9511311594230091,-0.11083712879990026,-0.4699589757194254,-0.7449503568739576,0.11440995513492282,0.8193639260532,3
1.6201851746019649,-1.0690449676496976,0.004909648098025761,1.0155838056253994,-0.26980470468225615,-1.284279753268552,-0.5228129354837612,0.1653651600265507,1.2052333560517936,0.6082903357121016,-0.37765998428941455,0.05845734080735139,2
1.6201851746019649,-1.0690449676496976,-0.6716104521296025,-0.9460538896340355,1.1637444285662448,1.35162021451949,0.8390847304889198,-0.3236256268243602,-1.8012863612324468,-1.6329654455047629,-0.9179394785897852,1.7967353157224366,4
1.6201851746019649,-1.0690449676496976,-0.6871032788523725,-0.1701879182374881,0.48154852051176594,1.1768577566643155,1.379308584278279,0.46693296517379806,0.14237806761736477,-0.9288402070860005,-1.2454319720580096,0.9193969038549171,1
1.6201851746019649,-1.0690449676496976,0.0023275103108976935,1.1959120294460812,-1.3188860409516008,-0.951628454178703,0.5216198485090001,-0.06433368221177342,0.18467161715714306,-1.093869559840398,-0.020244318829169546,0.927596328264894,3
1.6201851746019649,-1.0690449676496976,-0.055770589899490706,1.0413449804569255,-0.402258549373246,-1.284279753268552,-0.4747930373691514,0.40492836972296237,1.008476408192825,0.6978776986359174,-0.4873782815934899,0.23064525341686457,2
1.6201851746019649,-1.0690449676496976,-0.5283018049439792,-1.0884980328201204,1.2024256398476842,1.4275514893117383,0.8444202747238765,-0.330671603580137,-1.8785180603920417,-1.472651217114777,-1.0908289167659038,1.8688902505302327,4
1.6201851746019649,-1.0690449676496976,-0.6380426608969341,-0.31263206142357297,0.5471893638984512,0.9466534156275,1.4593417478026285,0.442976644204157,0.10008451807758646,-0.5091941386533898,-1.5529756841982205,1.0587871188245233,1
1.6201851746019649,-1.0690449676496976,0.04364171490495136,1.1648470833257114,-1.1876043541782302,-0.9335495792281677,0.15480118235573143,0.17804791818694896,0.3814285650161117,-1.1976022958574477,-0.28456567142535083,1.126022398986333,3
1.6201851746019649,-1.0690449676496976,-0.1603471702781889,1.1519664959099485,-0.7328070821419111,-1.2541482950176597,-0.2280241165024071,0.726224909786385,0.8484964599336634,0.27194479771742486,-0.7151268684216461,0.31919903704461416,2
1.6201851746019649,-1.0690449676496976,-0.5786534917929816,-1.067282947664746,1.1789824814952965,1.4540671725725232,0.8137408953728757,-0.3673106827101763,-1.8399022108122443,-1.524517585123302,-1.0343073696698648,1.950884494630001,4
1.6201851746019649,-1.0690449676496976,-0.7335817590206829,-0.3111166981981892,0.7394232623880295,0.8719273991652875,1.5020261016822816,0.3062846951420869,-0.19964802866084236,-0.33316282904869915,-1.577911660858238,1.1047038955203932,1
1.6201851746019649,-1.0690449676496976,0.06429881720197819,1.1118093704372756,-1.0621834569929567,-1.0335860206211296,0.15480118235573143,0.217505388019299,0.602090562614955,-1.0860110192330459,-0.5438998286895286,1.157180211744245,3
1.6201851746019649,-1.0690449676496976,-0.24168451057273163,1.2171271146014557,-1.1184470370386868,-1.0504596372416288,-0.046615612513881494,0.8713720309553873,1.0250260580127382,-0.36302528335663775,-0.88136671282176,0.38643431720642407,2
