number_of_features,proportion_of_numeric_features,number_of_instances,number_of_classes,ratio_of_instances_to_features,ratio_of_classes_to_features,ratio_of_instances_to_classes,ratio_of_min_to_max_instances_per_class,proportion_of_features_with_outliers,average_mutual_information,minimum_mutual_information,maximum_mutual_information,noise_to_signal_ratio_of_features,batch_normalisation_testing_loss,prune_testing_loss,baseline_testing_loss,weight_normalisation_testing_loss,dropout_testing_loss,layer_normalisation_testing_loss,weight_decay_testing_loss,weight_perturbation_testing_loss,SMOTE_testing_loss
18.0,0.6111111111111112,165.0,3.0,9.166666666666666,0.1666666666666666,55.0,0.1276595744680851,0.5,0.0695554325094312,0.0002039865772658,0.2144923479882408,-0.2980058030109991,1,1,1,1,2,3,4,5,-1
18.0,0.6111111111111112,264.0,3.0,14.666666666666666,0.1666666666666666,88.0,0.5315315315315315,0.5555555555555556,0.0364903163698136,0.000956942399853,0.1058995445110206,0.6242506957301154,2,4,3,1,1,4,5,6,-1
18.0,0.6111111111111112,170.0,2.0,9.444444444444445,0.1111111111111111,85.0,0.5315315315315315,0.5,0.0121908639250247,0.0,0.079708741355327,1.9421253606759945,5,1,4,4,4,2,3,5,-1
14.0,0.6428571428571429,276.0,4.0,19.714285714285715,0.2857142857142857,69.0,0.1081081081081081,0.5,0.0455969468289941,0.0,0.0860374627025293,0.8787438050645843,2,3,2,1,1,3,5,4,6
14.0,0.5714285714285714,276.0,4.0,19.714285714285715,0.2857142857142857,69.0,0.1081081081081081,0.5,0.0468805900473619,0.0011150370487329,0.1337593830516323,0.8273016892126859,1,4,3,3,2,4,6,5,7
9.0,0.5555555555555556,276.0,4.0,30.666666666666668,0.4444444444444444,69.0,0.1081081081081081,0.5555555555555556,0.0458185061961456,0.0022577984714441,0.0792028409482051,1.9083584073927853,2,4,2,1,2,3,5,5,6
10.0,0.5,276.0,4.0,27.6,0.4,69.0,0.1081081081081081,0.4,0.0543342122852234,0.0,0.1337593830516323,1.207282831472663,3,4,2,2,1,4,6,5,7
14.0,0.5714285714285714,276.0,4.0,19.714285714285715,0.2857142857142857,69.0,0.1081081081081081,0.5,0.0399713732101636,0.0,0.1337593830516323,1.1431583281969795,1,2,1,1,1,2,3,2,4
15.0,0.6666666666666666,276.0,4.0,18.4,0.2666666666666666,69.0,0.1081081081081081,0.5333333333333333,0.0405697471244517,0.0003252063507837,0.1337593830516323,0.9707784320315404,3,4,2,2,1,3,5,5,6
18.0,0.6111111111111112,102.0,3.0,5.666666666666667,0.1666666666666666,34.0,0.5348837209302325,0.4444444444444444,0.0557919201245893,0.0,0.1698493248027284,0.0630514288756382,1,2,1,1,1,4,3,5,-1
18.0,0.6111111111111112,134.0,3.0,7.444444444444445,0.1666666666666666,44.66666666666666,0.5357142857142857,0.5555555555555556,0.037229817054348,0.0,0.1169017182443752,0.5928724563405507,3,3,2,1,2,4,3,5,-1
18.0,0.6111111111111112,152.0,3.0,8.444444444444445,0.1666666666666666,50.66666666666666,0.53125,0.5555555555555556,0.0293809063438319,0.0,0.1163450099319856,1.01726175218403,1,3,1,2,2,3,4,5,-1
18.0,0.6111111111111112,191.0,3.0,10.61111111111111,0.1666666666666666,63.66666666666666,0.5375,0.5,0.0340895638845375,0.0,0.0921304591904856,0.7403080475740236,1,3,2,1,2,3,4,5,-1
18.0,0.6111111111111112,244.0,4.0,13.555555555555555,0.2222222222222222,61.0,0.1122448979591836,0.5555555555555556,0.0421300690937343,0.0,0.147364448310202,0.5855190884283372,2,2,1,1,1,2,3,3,4
18.0,0.6111111111111112,267.0,4.0,14.833333333333334,0.2222222222222222,66.75,0.1121495327102803,0.5,0.0518221458189942,0.0022332801604879,0.1400116969368475,0.2890277697670564,2,3,1,1,1,3,4,3,5
22.0,0.0,3564.0,2.0,162.0,0.0909090909090909,1782.0,0.010204081632653,0.0,0.0231058030221649,0.0,0.0564651742788733,-0.8889197303207449,4,5,2,2,3,1,6,1,-1
22.0,0.0,7724.0,8.0,351.09090909090907,0.3636363636363636,965.5,0.010204081632653,0.0,0.2919043305721157,0.0,0.6512399910884226,-0.7688335061842175,1,2,3,2,1,4,6,5,-1
22.0,0.0,3620.0,6.0,164.54545454545453,0.2727272727272727,603.3333333333334,0.0166666666666666,0.0,0.3112948082897798,0.0,0.752857363601946,-0.8199702908161255,1,6,3,3,4,5,7,2,-1
22.0,0.0,5964.0,8.0,271.09090909090907,0.3636363636363636,745.5,0.010204081632653,0.0,0.2711680382268211,0.0,0.656097013353153,-0.7651401804060655,1,2,3,3,4,5,7,6,-1
22.0,0.0,6536.0,5.0,297.09090909090907,0.2272727272727272,1307.2,0.0544217687074829,0.0,0.2251906420104029,0.0,0.5993138819926717,-0.7779198470211021,2,1,1,3,3,4,6,5,-1
20.0,0.0,8124.0,9.0,406.2,0.45,902.6666666666666,0.010204081632653,0.0,0.3183641651317854,0.0209398332964979,0.6598973310110031,-0.747506823996843,2,2,3,3,1,4,6,5,-1
16.0,0.0,8124.0,9.0,507.75,0.5625,902.6666666666666,0.010204081632653,0.0,0.3149290761486494,0.0,0.6598973310110031,-0.6809409432642554,2,4,1,3,3,5,7,6,-1
17.0,0.0,8124.0,9.0,477.88235294117646,0.5294117647058824,902.6666666666666,0.010204081632653,0.0,0.344581275566113,0.0209398332964979,0.6598973310110031,-0.7255500076393953,2,2,3,3,1,4,6,5,-1
16.0,0.0,8124.0,9.0,507.75,0.5625,902.6666666666666,0.010204081632653,0.0,0.3433168527177181,0.0209398332964979,0.6598973310110031,-0.7073229199812542,2,3,4,4,1,5,7,6,-1
14.0,0.0,8124.0,9.0,580.2857142857143,0.6428571428571429,902.6666666666666,0.010204081632653,0.0,0.3104234540657158,0.0,0.6598973310110031,-0.6300685488672569,2,2,1,2,1,3,5,4,-1
22.0,0.0,1020.0,8.0,46.36363636363637,0.3636363636363636,127.5,0.0539325842696629,0.0,0.2959906993341208,0.0,0.6525300014033953,-0.7566566735878888,1,2,3,4,2,5,7,6,-1
22.0,0.0,2284.0,9.0,103.8181818181818,0.4090909090909091,253.77777777777777,0.0100806451612903,0.0,0.3100025867907071,0.0,0.6770104584774219,-0.7642787594160412,2,3,4,4,1,5,7,6,-1
22.0,0.0,3604.0,9.0,163.8181818181818,0.4090909090909091,400.44444444444446,0.0102236421725239,0.0,0.3043235234578337,0.0,0.6549436201651537,-0.7598539021248433,2,3,5,4,1,6,8,7,-1
22.0,0.0,5966.0,9.0,271.1818181818182,0.4090909090909091,662.8888888888889,0.0100347356233114,0.0,0.30353507230674,0.0,0.6551901196653209,-0.7592716845824835,1,1,1,2,1,3,4,3,-1
22.0,0.0,7439.0,9.0,338.1363636363636,0.4090909090909091,826.5555555555555,0.0102135561745589,0.0,0.304869228175129,0.0,0.6605928897945109,-0.7603254737459536,1,2,3,3,1,4,6,5,-1
10.0,1.0,5202.0,2.0,520.2,0.2,2601.0,0.0640212722438126,1.0,0.0739338500103738,0.017325651989194,0.1510586140831717,-0.6923834827932107,2,5,4,3,4,1,6,1,-1
10.0,1.0,403.0,3.0,40.3,0.3,134.33333333333334,0.0894568690095846,0.9,0.2572871576362927,0.0458528310278543,0.5698865396207762,-0.7397682500845392,1,6,5,4,4,2,7,3,-1
10.0,1.0,427.0,2.0,42.7,0.2,213.5,0.3642172523961661,0.8,0.2066648908451207,0.0659537995473373,0.4432206034750181,-0.7192407484829912,3,2,1,2,3,4,5,6,-1
10.0,1.0,5316.0,3.0,531.6,0.3,1772.0,0.0233176518715483,1.0,0.0917410639111161,0.0291362374784804,0.1901452493646387,-0.6444720920667634,3,6,3,4,5,2,7,1,-1
10.0,1.0,5378.0,4.0,537.8,0.4,1344.5,0.012681529965228,1.0,0.1135165640263299,0.0372190973728741,0.2062160819161849,-0.6605628450801909,5,6,3,3,4,2,7,1,8
7.0,1.0,5406.0,5.0,772.2857142857143,0.7142857142857143,1081.2,0.0057271425649417,1.0,0.1374579034897443,0.0729000210259203,0.2230594409153004,-0.5679224513549649,4,5,4,3,4,2,6,1,7
8.0,1.0,5406.0,5.0,675.75,0.625,1081.2,0.0057271425649417,1.0,0.1318834322903974,0.0550989689591188,0.2266038753357702,-0.6059519089586082,4,6,3,3,5,2,7,1,8
8.0,1.0,5406.0,5.0,675.75,0.625,1081.2,0.0057271425649417,1.0,0.1260857153611181,0.0550989689591188,0.2266038753357702,-0.5878326534835714,6,7,4,3,5,2,8,1,9
7.0,1.0,5406.0,5.0,772.2857142857143,0.7142857142857143,1081.2,0.0057271425649417,1.0,0.1165119312567817,0.0554341415078023,0.2230594409153004,-0.4902455624837344,2,6,4,3,5,1,8,7,9
5.0,1.0,5406.0,5.0,1081.2,1.0,1081.2,0.0057271425649417,1.0,0.1171468033625,0.0567886458490867,0.1993213217038831,-0.2902114168909069,4,5,3,3,4,2,6,1,7
10.0,1.0,316.0,2.0,31.6,0.2,158.0,0.0639730639730639,1.0,0.0637536810806504,0.0,0.1465885134124238,-0.6434469785875027,2,4,3,3,2,1,5,1,-1
10.0,1.0,2033.0,5.0,203.3,0.5,406.6,0.0054377379010331,1.0,0.1241233798636527,0.0477257605519976,0.2333164212910088,-0.6661804354474801,5,7,4,3,6,2,8,1,9
10.0,1.0,2814.0,5.0,281.4,0.5,562.8,0.005893909626719,1.0,0.1140070618953882,0.0526188611382762,0.2119896436083892,-0.6353586417667804,3,7,5,4,6,2,8,1,9
10.0,1.0,3965.0,5.0,396.5,0.5,793.0,0.0055772448410485,1.0,0.1266981254817172,0.0532409815859169,0.221661707014886,-0.6722989565671167,3,7,5,4,6,2,8,1,9
10.0,1.0,4983.0,5.0,498.3,0.5,996.6,0.0057700843320017,1.0,0.1266576775584306,0.0493123389567475,0.2310664128218422,-0.6715358350052564,3,6,4,4,5,2,7,1,8
5.0,1.0,768.0,2.0,153.6,0.4,384.0,0.536,1.0,0.0450798852965991,0.0,0.0966519408853405,1.869569948582304,4,1,3,4,2,5,7,6,-1
4.0,1.0,768.0,2.0,192.0,0.5,384.0,0.536,1.0,0.047501328617191,0.0,0.0814371559657372,2.404112261131621,1,2,3,4,3,5,6,7,-1
7.0,1.0,768.0,2.0,109.71428571428572,0.2857142857142857,384.0,0.536,1.0,0.0543038906687172,0.0140577528018042,0.1080881416898511,0.7015340171720255,3,1,1,2,1,4,5,6,-1
5.0,1.0,768.0,2.0,153.6,0.4,384.0,0.536,1.0,0.0603418901706115,0.0065676916341297,0.1160725108498919,1.1437824331803983,3,2,1,1,2,4,5,6,-1
4.0,1.0,768.0,2.0,192.0,0.5,384.0,0.536,1.0,0.0481254423997553,0.002496455130257,0.0814371559657372,2.3599661032236976,2,1,2,3,1,4,5,6,-1
4.0,1.0,768.0,2.0,192.0,0.5,384.0,0.536,1.0,0.051218889288795,0.0063049410950191,0.0879279806115553,2.1570355665872865,4,3,1,3,2,5,6,7,-1
6.0,1.0,768.0,2.0,128.0,0.3333333333333333,384.0,0.536,1.0,0.0421443673127897,0.0,0.1125499674484766,1.5578721503589206,4,1,3,2,2,5,6,7,-1
8.0,1.0,181.0,2.0,22.625,0.25,90.5,0.5338983050847458,0.625,0.0339841178257193,0.0,0.1066764711112564,1.3769977646697416,1,3,2,1,1,3,4,5,-1
8.0,1.0,213.0,2.0,26.625,0.25,106.5,0.5323741007194245,0.875,0.0527439261433644,0.0041537740765906,0.1564235290652522,0.530587400111792,1,3,1,1,2,4,6,5,-1
8.0,1.0,324.0,2.0,40.5,0.25,162.0,0.5355450236966824,1.0,0.0310546349096337,0.0,0.0939137542008892,1.6029892291419008,1,3,1,1,2,5,6,4,-1
8.0,1.0,405.0,2.0,50.625,0.25,202.5,0.5340909090909091,0.875,0.0556896105051475,0.0097852962123619,0.0993595577463912,0.4506582131334217,2,1,2,1,2,3,5,4,-1
8.0,1.0,491.0,2.0,61.375,0.25,245.5,0.534375,1.0,0.0431975185100392,0.0080052050351391,0.0976180955078855,0.870386347390099,5,1,3,4,2,6,8,7,-1
8.0,1.0,545.0,2.0,68.125,0.25,272.5,0.5352112676056338,1.0,0.0546479135338103,0.0106809749749645,0.1147539381579352,0.4789919315403282,2,1,2,1,2,3,4,5,-1
8.0,1.0,627.0,2.0,78.375,0.25,313.5,0.5367647058823529,1.0,0.0423522154064928,0.0,0.1019846125595875,0.9095849351388406,1,2,1,1,2,4,5,3,-1
8.0,1.0,703.0,2.0,87.875,0.25,351.5,0.5349344978165939,1.0,0.0481432052580123,0.0059047090745514,0.1125385160777892,0.6786302790361092,3,2,2,1,1,4,5,6,-1
14.0,1.0,7400.0,2.0,528.5714285714286,0.1428571428571428,3700.0,0.9807280513918628,1.0,0.0871120893524599,0.0769534679983112,0.1058550514262703,-0.4316847153519783,2,2,1,1,3,1,4,5,-1
13.0,1.0,7400.0,2.0,569.2307692307693,0.1538461538461538,3700.0,0.9807280513918628,1.0,0.086603091188935,0.071016812501828,0.1055787890747996,-0.3843710191318519,4,3,2,1,4,5,6,7,-1
12.0,1.0,7400.0,2.0,616.6666666666666,0.1666666666666666,3700.0,0.9807280513918628,1.0,0.0883121268218115,0.0767114836967888,0.1029345446496872,-0.3459752065994515,4,1,1,2,3,5,6,7,-1
18.0,1.0,7400.0,2.0,411.1111111111111,0.1111111111111111,3700.0,0.9807280513918628,1.0,0.0869077643857295,0.0745656754716952,0.1039563302425654,-0.55693778028052,3,2,2,1,4,5,5,6,-1
18.0,1.0,7400.0,2.0,411.1111111111111,0.1111111111111111,3700.0,0.9807280513918628,1.0,0.0867968218200413,0.0745656754716952,0.1064530467874005,-0.556371463929478,3,2,1,1,4,5,6,7,-1
13.0,1.0,7400.0,2.0,569.2307692307693,0.1538461538461538,3700.0,0.9807280513918628,1.0,0.0880344788663782,0.0783794544912863,0.1043119597910697,-0.3943807760866136,3,2,1,1,3,4,5,6,-1
12.0,1.0,7400.0,2.0,616.6666666666666,0.1666666666666666,3700.0,0.9807280513918628,1.0,0.0882164481691128,0.0725988730151852,0.1029345446496872,-0.3452658580327966,4,2,2,1,3,5,6,7,-1
20.0,1.0,593.0,2.0,29.65,0.1,296.5,0.9832775919732442,1.0,0.0882858619641577,0.043159920646379,0.1250868917112702,-0.6074617056971874,4,3,2,1,2,5,5,6,-1
20.0,1.0,1715.0,2.0,85.75,0.1,857.5,0.9803695150115472,1.0,0.0900883600105566,0.0706443822720661,0.1043068784850911,-0.6153231946475833,2,1,1,1,2,4,2,3,-1
20.0,1.0,2210.0,2.0,110.5,0.1,1105.0,0.9802867383512543,1.0,0.0860392122297633,0.061168469910944,0.1190841561231998,-0.5972199109891686,3,2,1,1,3,4,4,5,-1
20.0,1.0,3612.0,2.0,180.6,0.1,1806.0,0.9802631578947368,1.0,0.0873413242596949,0.0749768324892341,0.0995358476903924,-0.6032247522657024,2,1,1,1,3,4,5,6,-1
20.0,1.0,4134.0,2.0,206.7,0.1,2067.0,0.9808337326305702,1.0,0.0882984595342507,0.0743323321266018,0.1167075155181014,-0.6075240879827957,4,2,2,1,3,5,6,7,-1
20.0,1.0,4999.0,2.0,249.95,0.1,2499.5,0.9805863708399366,1.0,0.0848953377120091,0.0697041112941445,0.1044663452959304,-0.59179198807825,2,2,1,1,2,3,4,5,-1
20.0,1.0,6213.0,2.0,310.65,0.1,3106.5,0.980554670066943,1.0,0.0863496158259166,0.0690162187912244,0.1129039109096614,-0.5986670146799413,4,2,1,1,3,4,5,6,-1
20.0,1.0,6821.0,2.0,341.05,0.1,3410.5,0.9805458768873404,1.0,0.0857102749145512,0.073004413946909,0.1104228892832335,-0.5956733666562242,2,1,1,1,3,4,5,6,-1
10.0,0.3,1920.0,3.0,192.0,0.3,640.0,0.0617760617760617,0.2,0.1000914798448349,0.0162499152283652,0.3846061231928365,-0.4037235381623081,6,1,4,3,2,5,7,7,-1
10.0,0.3,934.0,2.0,93.4,0.2,467.0,0.4066265060240964,0.2,0.0694913514695501,0.0047229607349652,0.3473916888507237,-0.1346762349313029,1,1,1,1,4,3,5,2,-1
10.0,0.3,2488.0,3.0,248.8,0.3,829.3333333333334,0.1737451737451737,0.2,0.1185236957194729,0.0131891921592437,0.4956420957929852,-0.2511988119881364,2,1,3,3,2,4,5,4,-1
6.0,0.5,2584.0,4.0,430.6666666666667,0.6666666666666666,646.0,0.0617760617760617,0.3333333333333333,0.0879309852552122,0.0189630774282565,0.1826138358301734,0.920669993533946,1,2,3,4,2,6,7,5,8
5.0,0.4,2584.0,4.0,516.8,0.8,646.0,0.0617760617760617,0.4,0.0791449635163092,0.0132431633107522,0.1789567675697034,1.56066434115055,4,5,1,1,1,3,6,2,7
8.0,0.375,2584.0,4.0,323.0,0.5,646.0,0.0617760617760617,0.25,0.1527234860695053,0.0189630774282565,0.5675229547078426,-0.1706265557379591,2,1,5,4,3,6,7,5,8
5.0,0.2,2584.0,4.0,516.8,0.8,646.0,0.0617760617760617,0.2,0.1802024086441666,0.0333980964695828,0.5675229547078426,0.1246447113704256,2,1,4,4,3,6,7,5,-1
9.0,0.3333333333333333,2584.0,4.0,287.1111111111111,0.4444444444444444,646.0,0.0617760617760617,0.2222222222222222,0.1316172903857858,0.0132431633107522,0.5675229547078426,-0.1445581636144413,3,1,2,3,2,4,5,6,6
6.0,0.5,2584.0,4.0,430.6666666666667,0.6666666666666666,646.0,0.0617760617760617,0.3333333333333333,0.1602921099870917,0.0189630774282565,0.5675229547078426,0.0536164562008836,1,3,2,3,2,4,5,6,6
10.0,0.3,171.0,3.0,17.1,0.3,57.0,0.1682242990654205,0.2,0.1660969542266206,0.0171565629361685,0.7442567913195779,-0.4680497638086098,2,2,3,4,3,1,4,5,-1
10.0,0.3,830.0,4.0,83.0,0.4,207.5,0.0621242484969939,0.2,0.1523040333613833,0.0178099764131425,0.6776397275353392,-0.3341235533551734,1,1,3,3,2,4,5,5,6
10.0,0.3,1256.0,4.0,125.6,0.4,314.0,0.062251655629139,0.2,0.1510431092661362,0.0173456655292851,0.6370507767901102,-0.3287328315708764,4,2,3,7,1,6,7,5,8
10.0,0.3,1729.0,4.0,172.9,0.4,432.25,0.0615384615384615,0.2,0.1453479702042882,0.0135968842786266,0.6169619954888097,-0.3029577488110443,1,2,4,3,4,5,6,7,7
10.0,0.3,1824.0,4.0,182.4,0.4,456.0,0.0619872379216043,0.2,0.1394294526974118,0.0160942436193581,0.6034285730502841,-0.2732887584980913,3,1,4,4,2,5,6,6,7
10.0,0.3,2551.0,4.0,255.1,0.4,637.75,0.0619295958279009,0.2,0.1322341620456966,0.0137390125843588,0.5686239544340295,-0.2334062280785443,1,1,3,2,2,4,5,5,6
18.0,0.8888888888888888,592.0,2.0,32.888888888888886,0.1111111111111111,296.0,0.9733333333333334,0.6666666666666666,0.1367549585628589,0.0,0.6666707596930189,-0.7184518623105882,1,2,1,1,2,3,3,4,-1
18.0,0.8888888888888888,599.0,2.0,33.27777777777778,0.1111111111111111,299.5,0.9966666666666668,0.3333333333333333,0.4192331853289051,2.1067559415943737e-05,0.6934247253094908,-0.908146347600828,1,5,3,2,4,6,6,7,-1
18.0,0.8888888888888888,1789.0,6.0,99.38888888888889,0.3333333333333333,298.1666666666667,0.9733333333333334,0.6111111111111112,0.6837892909657419,0.0177709457858125,1.102476388674854,-0.8544293711929936,1,3,2,3,1,2,4,5,4
18.0,0.8888888888888888,1787.0,6.0,99.27777777777776,0.3333333333333333,297.8333333333333,0.9733333333333334,0.6666666666666666,0.7415586064818616,0.0118234783656496,1.2089151624245922,-0.8657697001780231,3,2,4,3,1,1,5,7,6
18.0,0.8888888888888888,1189.0,4.0,66.05555555555556,0.2222222222222222,297.25,0.9733333333333334,0.6666666666666666,0.5345011486044782,0.0145564315636341,0.933439466653567,-0.8559155625508996,3,2,1,1,2,4,5,6,5
13.0,0.8461538461538461,2086.0,7.0,160.46153846153845,0.5384615384615384,298.0,0.9733333333333334,0.7692307692307693,0.6421986235131418,0.0177633836163828,1.119421525501216,-0.7669221272968861,3,2,2,1,1,1,5,6,4
12.0,0.8333333333333334,2086.0,7.0,173.83333333333334,0.5833333333333334,298.0,0.9733333333333334,0.75,0.6787501181118397,0.0177633836163828,1.188905751856018,-0.7610964495188474,3,1,2,1,1,1,5,6,4
12.0,0.9166666666666666,2086.0,7.0,173.83333333333334,0.5833333333333334,298.0,0.9733333333333334,0.75,0.8540786953091916,0.0177633836163828,1.1897308409705072,-0.8101394941742259,4,2,3,3,1,2,5,6,5
16.0,0.875,2086.0,7.0,130.375,0.4375,298.0,0.9733333333333334,0.75,0.7264554060971833,0.0177633836163828,1.1880189935010728,-0.8325886781086937,4,2,5,3,1,2,6,7,6
12.0,0.8333333333333334,2086.0,7.0,173.83333333333334,0.5833333333333334,298.0,0.9733333333333334,0.6666666666666666,0.6573942568092671,0.0177633836163828,1.188905751856018,-0.7533355190940355,2,1,2,1,1,2,4,5,3
18.0,0.8888888888888888,390.0,7.0,21.666666666666668,0.3888888888888889,55.71428571428572,0.9821428571428572,0.7222222222222222,0.7228472265727838,0.0100187025383873,1.2293229314981229,-0.8504465613023594,2,5,2,2,1,1,4,6,3
18.0,0.8888888888888888,694.0,7.0,38.55555555555556,0.3888888888888889,99.14285714285714,0.97,0.7777777777777778,0.6953636564828636,0.0203665291606604,1.16969074200379,-0.8445369712940116,2,3,2,3,1,3,5,6,4
18.0,0.8888888888888888,1220.0,7.0,67.77777777777777,0.3888888888888889,174.28571428571428,0.9715909090909092,0.7222222222222222,0.7094377189557336,0.0206699158003214,1.1945832131597305,-0.8476200327635574,2,3,3,3,2,1,4,5,4
18.0,0.8888888888888888,1333.0,7.0,74.05555555555556,0.3888888888888889,190.42857142857144,0.96875,0.7222222222222222,0.7114640752470547,0.0210298942751691,1.2037277764256382,-0.8480554735228634,3,5,4,4,2,1,6,7,6
18.0,0.8888888888888888,2015.0,7.0,111.94444444444444,0.3888888888888889,287.85714285714283,0.9724137931034482,0.7777777777777778,0.719458281729395,0.0169076231488176,1.186582667107715,-0.8497426909864706,3,4,4,4,2,1,6,7,5
13.0,0.3846153846153846,1709.0,3.0,131.46153846153845,0.2307692307692307,569.6666666666666,0.088356729975227,0.0,0.079341131955424,1.7647752032175223e-05,0.5746099757500185,-0.2679897147784471,1,2,1,1,2,4,5,3,-1
13.0,0.3846153846153846,1181.0,4.0,90.84615384615384,0.3076923076923077,295.25,0.2584541062801932,0.1538461538461538,0.0957605372824459,0.0,0.93854500019113,0.0346053710730811,3,1,1,1,2,4,5,7,6
13.0,0.3846153846153846,1318.0,2.0,101.3846153846154,0.1538461538461538,659.0,0.088356729975227,0.1538461538461538,0.0313054809427906,0.0,0.1850779049629751,-0.3079346867062161,2,4,3,3,3,1,5,1,-1
13.0,0.3846153846153846,1894.0,3.0,145.69230769230768,0.2307692307692307,631.3333333333334,0.2221304706853839,0.0,0.0863997126491562,0.0,0.6683227015579478,-0.2026873654357316,3,2,3,1,1,4,5,5,-1
13.0,0.3846153846153846,1602.0,2.0,123.23076923076924,0.1538461538461538,801.0,0.3228736581337737,0.0769230769230769,0.0668075008274203,3.710334567363915e-09,0.4732542057910107,-0.3601294260707779,3,3,1,2,1,4,5,6,-1
9.0,0.2222222222222222,2392.0,5.0,265.77777777777777,0.5555555555555556,478.4,0.088356729975227,0.0,0.0035809086337855,0.0,0.0157426525506417,40.236436263183,6,7,3,4,5,2,8,1,9
10.0,0.3,2392.0,5.0,239.2,0.5,478.4,0.088356729975227,0.0,0.1014099175438942,0.0,0.983156139134987,0.3104982510188726,4,1,3,3,2,4,6,5,7
10.0,0.5,2392.0,5.0,239.2,0.5,478.4,0.088356729975227,0.0,0.1476321230564777,0.0,0.983574199335656,-0.099806215437269,3,1,3,2,2,4,6,5,7
11.0,0.3636363636363636,2392.0,5.0,217.45454545454547,0.4545454545454545,478.4,0.088356729975227,0.0,0.0483046698718758,0.0,0.4787935314023293,1.5011231255457431,3,2,2,2,1,3,4,3,5
12.0,0.4166666666666667,2392.0,5.0,199.3333333333333,0.4166666666666667,478.4,0.088356729975227,0.0,0.123241854228657,0.0,0.983574199335656,-0.101377257960123,3,1,3,1,2,5,6,4,7
13.0,0.3846153846153846,317.0,5.0,24.384615384615383,0.3846153846153846,63.4,0.0875,0.0,0.1311826876313538,0.0,1.0231882509399122,-0.219904622470568,2,5,2,1,3,4,6,6,7
13.0,0.3846153846153846,572.0,5.0,44.0,0.3846153846153846,114.4,0.0896551724137931,0.0,0.1181880497330232,0.0,0.97815551861924,-0.1350997809870231,3,1,2,1,2,4,6,5,7
13.0,0.3846153846153846,1071.0,5.0,82.38461538461539,0.3846153846153846,214.2,0.088560885608856,0.0,0.1139897817806012,0.0,0.958897063778518,-0.102803151862424,3,1,2,3,2,4,5,5,6
13.0,0.3846153846153846,1556.0,5.0,119.6923076923077,0.3846153846153846,311.2,0.0888324873096446,0.0,0.1214119099883725,0.0,0.9949869881188034,-0.157893410452798,4,1,3,4,2,5,6,6,7
13.0,0.3846153846153846,2304.0,5.0,177.23076923076923,0.3846153846153846,460.8,0.088336192109777,0.0,0.1153737219814641,0.0,0.9796580904163106,-0.1138252511373742,2,1,2,1,1,3,4,4,5
18.0,1.0,435.0,2.0,24.166666666666668,0.1111111111111111,217.5,0.9954128440366972,0.4444444444444444,0.1495706829246436,0.0422054609223077,0.2843771984245622,-0.7425429292220566,1,1,2,2,2,4,3,4,-1
18.0,1.0,429.0,2.0,23.83333333333333,0.1111111111111111,214.5,0.976958525345622,0.2222222222222222,0.0271444806306058,0.0,0.0938341887905045,0.4184984351894986,1,4,3,2,3,6,5,7,-1
18.0,1.0,629.0,3.0,34.94444444444444,0.1666666666666666,209.66666666666663,0.9128440366972476,0.6111111111111112,0.2227125638148578,0.0453424460411027,0.4561662894910099,-0.7261310562060665,1,4,2,1,2,3,5,6,-1
14.0,1.0,846.0,4.0,60.42857142857143,0.2857142857142857,211.5,0.9128440366972476,0.5714285714285714,0.2383516727550203,0.0898311829525573,0.414060625745354,-0.5847529839702111,1,5,2,2,4,3,6,7,6
11.0,1.0,846.0,4.0,76.9090909090909,0.3636363636363636,211.5,0.9128440366972476,0.4545454545454545,0.2206971282739101,0.0498224646402229,0.3708225729235757,-0.4292270369399281,1,5,2,3,4,3,6,8,7
11.0,1.0,846.0,4.0,76.9090909090909,0.3636363636363636,211.5,0.9128440366972476,0.6363636363636364,0.2031491762153064,0.0155853817806881,0.4056159650348849,-0.3799238756929928,1,4,2,2,2,3,5,7,6
12.0,1.0,846.0,4.0,70.5,0.3333333333333333,211.5,0.9128440366972476,0.5,0.2023657162165678,0.0271879595871378,0.3956650768307699,-0.4293963102268023,1,4,2,2,3,2,5,7,6
14.0,1.0,846.0,4.0,60.42857142857143,0.2857142857142857,211.5,0.9128440366972476,0.5714285714285714,0.2009411688169613,0.0217141621744829,0.414060625745354,-0.5074437883488786,1,4,2,2,3,3,5,7,6
9.0,1.0,846.0,4.0,94.0,0.4444444444444444,211.5,0.9128440366972476,0.5555555555555556,0.162920722363816,0.021102937896694,0.372329548150365,-0.0549953975045317,1,3,2,1,1,2,5,4,4
18.0,1.0,174.0,4.0,9.666666666666666,0.2222222222222222,43.5,0.9111111111111112,0.3888888888888889,0.2216403711574454,0.0009459897337085,0.4468679632801882,-0.6526999379897004,1,6,2,2,3,2,5,4,4
18.0,1.0,285.0,4.0,15.833333333333334,0.2222222222222222,71.25,0.9054054054054054,0.4444444444444444,0.1964073384058494,0.0339706655909588,0.3437220239336074,-0.6080763398683501,1,4,2,2,3,2,4,5,4
18.0,1.0,459.0,4.0,25.5,0.2222222222222222,114.75,0.9152542372881356,0.5,0.2068012855174998,0.0594059812179703,0.3928476788499839,-0.6277548850124607,1,5,1,2,3,4,6,7,6
18.0,1.0,494.0,4.0,27.444444444444443,0.2222222222222222,123.5,0.9133858267716536,0.5555555555555556,0.2099398878639097,0.0036620179283048,0.4328659136013513,-0.6333281700001139,1,4,1,2,3,2,5,7,6
18.0,1.0,604.0,4.0,33.55555555555556,0.2222222222222222,151.0,0.9102564102564102,0.6111111111111112,0.2030472429889922,0.0442620930822181,0.4196346014741783,-0.6208822395910241,1,5,2,3,4,3,5,6,5
18.0,1.0,841.0,4.0,46.72222222222222,0.2222222222222222,210.25,0.9166666666666666,0.5555555555555556,0.2058513016323003,0.0099886719771702,0.4110864868394597,-0.6260313922669349,2,5,2,1,4,3,7,8,6
11.0,1.0,3272.0,6.0,297.45454545454544,0.5454545454545454,545.3333333333334,0.0027964205816554,1.0,0.0381101120849772,0.0083679227681399,0.0873120921120595,1.4119457136871234,2,3,1,1,2,4,6,5,7
11.0,1.0,2786.0,6.0,253.27272727272728,0.5454545454545454,464.3333333333333,0.0027964205816554,0.9090909090909092,0.0353504135252237,0.0022134525172228,0.0809631558694079,1.5203711153621324,1,5,3,4,2,1,7,6,8
11.0,1.0,1353.0,4.0,123.0,0.3636363636363636,338.25,0.0042553191489361,1.0,0.015418270298806,0.0,0.0515824621246825,1.6649063592888684,3,6,4,4,5,2,7,1,8
11.0,1.0,3808.0,6.0,346.1818181818182,0.5454545454545454,634.6666666666666,0.0027964205816554,0.9090909090909092,0.0557172928799887,0.0148539579211313,0.1724688211111158,0.92419814738906,2,2,2,1,2,3,5,4,6
11.0,1.0,136.0,2.0,12.363636363636363,0.1818181818181818,68.0,0.0381679389312977,0.9090909090909092,0.0057032812310073,0.0,0.0298232285197539,1.5108711407274291,2,4,3,3,3,1,5,1,-1
9.0,1.0,3961.0,7.0,440.1111111111111,0.7777777777777778,565.8571428571429,0.0027964205816554,0.8888888888888888,0.0570741574675996,0.0013082796481067,0.1640333351172094,1.5256100953389566,3,2,2,1,1,4,6,5,7
9.0,1.0,3961.0,7.0,440.1111111111111,0.7777777777777778,565.8571428571429,0.0027964205816554,0.8888888888888888,0.0580240119366737,0.0013082796481067,0.1640333351172094,1.4842657974159756,3,2,1,1,2,4,6,5,7
9.0,1.0,3961.0,7.0,440.1111111111111,0.7777777777777778,565.8571428571429,0.0027964205816554,1.0,0.0421510473513744,0.0047348893115235,0.1064102371394142,2.419774296033825,3,1,2,1,1,4,6,5,7
5.0,1.0,3961.0,7.0,792.2,1.4,565.8571428571429,0.0027964205816554,1.0,0.0607024846141252,0.03849351566932,0.1081049440301189,3.274367425963096,1,1,1,1,1,2,4,3,-1
8.0,1.0,3961.0,7.0,495.125,0.875,565.8571428571429,0.0027964205816554,0.875,0.0594926443687874,0.0164309186287741,0.1368138149500208,1.725806753743931,1,4,2,2,3,5,7,6,8
11.0,1.0,247.0,4.0,22.454545454545453,0.3636363636363636,61.75,0.0862068965517241,0.8181818181818182,0.0552520916877861,0.0,0.136729076616185,0.9047507830089284,1,4,3,2,3,5,7,6,8
11.0,1.0,1561.0,5.0,141.9090909090909,0.4545454545454545,312.2,0.0733427362482369,0.9090909090909092,0.045129777351178,0.0,0.1294080984991694,1.5468104426565372,3,1,1,1,2,4,6,5,7
11.0,1.0,1796.0,5.0,163.27272727272728,0.4545454545454545,359.2,0.0735294117647058,0.9090909090909092,0.0547605464468018,0.0,0.1584438528420046,1.09875340310592,3,2,1,1,1,4,6,5,7
11.0,1.0,2552.0,6.0,232.0,0.5454545454545454,425.3333333333333,0.0112749349522983,0.9090909090909092,0.0507508417954238,0.0191102824305877,0.1522139279778698,1.3108529928406576,4,3,1,2,2,5,7,6,8
11.0,1.0,3787.0,6.0,344.27272727272725,0.5454545454545454,631.1666666666666,0.0110981308411214,0.9090909090909092,0.050335814794543,0.0033519105745116,0.1663664616597362,1.327353974674208,2,3,1,1,3,4,6,5,7
11.0,1.0,1192.0,5.0,108.36363636363636,0.4545454545454545,238.4,0.0173310225303292,1.0,0.0313276737711785,0.0,0.1153337772910332,1.7565277820414291,2,2,1,2,2,3,5,4,6
11.0,1.0,630.0,2.0,57.27272727272727,0.1818181818181818,315.0,0.0918544194107452,0.9090909090909092,0.0106364059945803,0.0,0.0287948663946386,1.4678103732518692,2,4,3,3,3,1,5,1,-1
11.0,1.0,1342.0,5.0,122.0,0.4545454545454545,268.4,0.0173310225303292,1.0,0.053275097125859,0.0,0.150874256734282,0.967491444013,1,2,1,1,2,3,5,4,6
11.0,1.0,807.0,4.0,73.36363636363636,0.3636363636363636,201.75,0.0173310225303292,1.0,0.0751535568322416,0.0063957332086588,0.2549564276334073,-0.0333622074683611,1,6,4,4,5,3,7,2,8
11.0,1.0,1289.0,4.0,117.1818181818182,0.3636363636363636,322.25,0.0173310225303292,0.9090909090909092,0.0481476454268384,0.0,0.1676951576868206,0.9395641414109608,3,3,2,2,1,4,6,5,7
8.0,1.0,1359.0,6.0,169.875,0.75,226.5,0.0173310225303292,1.0,0.0528983503129054,0.0,0.1058747649521709,1.849368680820215,3,1,1,1,2,3,5,4,6
9.0,1.0,1359.0,6.0,151.0,0.6666666666666666,226.5,0.0173310225303292,1.0,0.057766943172616,0.0030576046781716,0.1898332868458407,1.3193103471075318,1,2,1,1,3,4,6,5,7
6.0,1.0,1359.0,6.0,226.5,1.0,226.5,0.0173310225303292,1.0,0.0439552759998647,0.0,0.1618379153870743,3.572129260026724,1,1,1,1,1,1,3,2,4
7.0,1.0,1359.0,6.0,194.1428571428572,0.8571428571428571,226.5,0.0173310225303292,1.0,0.0506713693847814,0.0151213135878793,0.1158213474813476,2.399539412575607,3,1,2,2,2,1,5,4,6
6.0,1.0,1359.0,6.0,226.5,1.0,226.5,0.0173310225303292,1.0,0.0629493585615908,0.0,0.1618379153870743,2.1925536355529296,1,1,2,2,1,2,4,3,5
11.0,1.0,97.0,3.0,8.818181818181818,0.2727272727272727,32.333333333333336,0.2954545454545454,0.6363636363636364,0.0371752700169628,0.0,0.0985952181897173,1.4288576960913453,1,3,2,1,1,4,4,5,-1
11.0,1.0,527.0,4.0,47.90909090909091,0.3636363636363636,131.75,0.0921052631578947,0.9090909090909092,0.0452982457688513,0.0,0.168590182794279,1.2425324517748906,1,1,2,2,3,3,5,4,6
11.0,1.0,698.0,4.0,63.45454545454545,0.3636363636363636,174.5,0.0927152317880794,1.0,0.0558645088006915,0.0,0.1799137167854338,0.8209584557849838,2,1,3,2,2,5,6,4,7
11.0,1.0,1073.0,5.0,97.54545454545456,0.4545454545454545,214.6,0.0283224400871459,1.0,0.0468239520159371,0.0,0.163060931701928,1.269837131219005,3,3,1,1,2,4,6,5,7
11.0,1.0,1227.0,5.0,111.54545454545456,0.4545454545454545,245.4,0.0285714285714285,1.0,0.0532468679327438,0.0050397894764686,0.1911470396876136,0.9964418658966904,1,1,1,2,1,3,5,4,6
16.0,1.0,7738.0,7.0,483.625,0.4375,1105.428571428571,0.9222027972027972,0.25,0.5091156825446719,0.2350153877349496,0.8961421069350157,-0.7612113503120994,1,3,2,4,2,1,5,7,6
16.0,1.0,4221.0,4.0,263.8125,0.25,1055.25,0.9990530303030304,0.125,0.3532915771968464,0.1103854324277056,0.7119038994291211,-0.7547538693211684,4,3,2,1,1,4,5,6,5
16.0,1.0,9849.0,9.0,615.5625,0.5625,1094.3333333333333,0.9222027972027972,0.1875,0.5072892565871255,0.260529655718138,0.8378429695517782,-0.7293916496323776,2,4,4,4,3,1,5,6,5
16.0,1.0,5539.0,5.0,346.1875,0.3125,1107.8,0.9222027972027972,0.3125,0.4028616826607603,0.157981537637132,0.6417097751262297,-0.750429805781671,1,3,3,3,2,2,4,5,4
16.0,1.0,9849.0,9.0,615.5625,0.5625,1094.3333333333333,0.9222027972027972,0.375,0.4857417327620825,0.1709474569213571,0.7742229799961904,-0.7173874517561826,2,4,4,5,3,1,6,7,6
12.0,1.0,10992.0,10.0,916.0,0.8333333333333334,1099.2,0.9222027972027972,0.25,0.4600696521775151,0.2517481533688137,0.8433672314363378,-0.5830733532772712,2,3,3,3,2,1,4,5,4
15.0,1.0,10992.0,10.0,732.8,0.6666666666666666,1099.2,0.9222027972027972,0.1333333333333333,0.5102206542938696,0.2506538693583349,0.8420209990433318,-0.69924338307044,2,3,4,3,2,1,5,6,5
10.0,1.0,10992.0,10.0,1099.2,1.0,1099.2,0.9222027972027972,0.1,0.5080144983170017,0.2623452912764543,0.8519941529929422,-0.5469059297085559,2,4,3,5,4,1,6,8,7
13.0,1.0,10992.0,10.0,845.5384615384615,0.7692307692307693,1099.2,0.9222027972027972,0.2307692307692307,0.5276771107224816,0.2506911101353002,0.8384924424428943,-0.6644533733395552,2,3,3,3,2,1,4,6,5
14.0,1.0,10992.0,10.0,785.1428571428571,0.7142857142857143,1099.2,0.9222027972027972,0.2142857142857142,0.527411263508344,0.2572138197539013,0.8496236305466347,-0.6882639348406783,1,3,2,2,2,1,4,5,4
16.0,1.0,1952.0,10.0,122.0,0.625,195.2,0.9211822660098522,0.1875,0.5053844932972538,0.2124966185030676,0.83978942697745,-0.7153423643542204,2,5,4,3,2,1,6,7,6
16.0,1.0,3222.0,10.0,201.375,0.625,322.2,0.9196428571428572,0.1875,0.5115424440886527,0.2278328180106856,0.8592423238821727,-0.7187708759085835,2,5,5,4,3,1,7,8,6
16.0,1.0,5833.0,10.0,364.5625,0.625,583.3,0.9225700164744646,0.1875,0.5054771552958913,0.2376081383178419,0.8468297715629354,-0.7153942962738477,3,2,2,2,2,1,4,5,4
16.0,1.0,7033.0,10.0,439.5625,0.625,703.3,0.9221311475409836,0.1875,0.5105967819121537,0.2546496572485366,0.857365895849453,-0.7182480163224688,2,3,3,3,2,1,4,6,5
16.0,1.0,10174.0,10.0,635.875,0.625,1017.4,0.9216241737488196,0.1875,0.5061578044436486,0.2452134689880969,0.8382908353688272,-0.7157777954069475,2,4,2,3,2,1,5,6,5
13.0,0.4615384615384615,8124.0,2.0,624.9230769230769,0.1538461538461538,4062.0,0.9306083650190116,0.2307692307692307,0.1147931904975727,0.0098184487013197,0.2939611414229512,-0.5359540505954538,1,3,4,4,2,5,5,6,-1
19.0,0.5263157894736842,8124.0,2.0,427.578947368421,0.1052631578947368,4062.0,0.9306083650190116,0.2631578947368421,0.1494952917784627,0.0052102297135727,0.6314991666255025,-0.7561968295678508,1,4,3,2,4,5,5,6,-1
20.0,0.55,8124.0,2.0,406.2,0.1,4062.0,0.9306083650190116,0.25,0.1417858513334149,0.0052102297135727,0.6276405543939957,-0.75579330046245,1,5,4,3,2,6,6,7,-1
16.0,0.5625,8124.0,2.0,507.75,0.125,4062.0,0.9306083650190116,0.25,0.1598730430362042,0.0098184487013197,0.6307353998096041,-0.7292769458058826,1,2,3,2,1,4,5,6,-1
19.0,0.5789473684210527,8124.0,2.0,427.578947368421,0.1052631578947368,4062.0,0.9306083650190116,0.3157894736842105,0.1307853362726444,0.0052102297135727,0.6276405543939957,-0.7213187109578743,1,2,3,3,2,4,4,5,-1
16.0,0.4375,8124.0,2.0,507.75,0.125,4062.0,0.9306083650190116,0.125,0.1565354976167033,0.0052102297135727,0.6288599774832568,-0.7235047695057101,2,2,3,3,1,4,5,6,-1
13.0,0.5384615384615384,8124.0,2.0,624.9230769230769,0.1538461538461538,4062.0,0.9306083650190116,0.2307692307692307,0.1889788109715349,0.0052102297135727,0.6284296992166347,-0.7181201702150258,1,3,4,5,2,6,6,7,-1
21.0,0.5714285714285714,567.0,2.0,27.0,0.0952380952380952,283.5,0.9285714285714286,0.238095238095238,0.1347529675585213,0.0,0.5915485138038237,-0.7552978520772495,1,2,2,2,2,5,3,4,-1
21.0,0.5714285714285714,1898.0,2.0,90.38095238095238,0.0952380952380952,949.0,0.930824008138352,0.238095238095238,0.1471982623077781,0.0062304071014647,0.6152681227019206,-0.7759726240145497,1,5,4,3,2,6,6,7,-1
21.0,0.5714285714285714,2334.0,2.0,111.14285714285714,0.0952380952380952,1167.0,0.9305210918114144,0.2857142857142857,0.14144522325031,0.0042629317603345,0.6205724892548472,-0.7668626648423801,1,2,3,4,2,6,5,6,-1
21.0,0.5714285714285714,3111.0,2.0,148.14285714285714,0.0952380952380952,1555.5,0.931098696461825,0.2857142857142857,0.1489581705201368,0.0053721041593799,0.638009655053559,-0.7786177736937802,1,5,4,2,3,6,7,8,-1
21.0,0.5714285714285714,4156.0,2.0,197.9047619047619,0.0952380952380952,2078.0,0.93032977241059,0.2857142857142857,0.1451692909150508,0.0057586675801091,0.6274885107089858,-0.7728446153266466,1,2,2,3,4,5,5,6,-1
21.0,0.5714285714285714,5810.0,2.0,276.6666666666667,0.0952380952380952,2905.0,0.9308740445330674,0.2857142857142857,0.1454428251502537,0.0057761149541443,0.625578567159862,-0.7732683876482939,1,5,2,4,3,6,6,7,-1
21.0,0.5714285714285714,6774.0,2.0,322.57142857142856,0.0952380952380952,3387.0,0.9304645198062126,0.2857142857142857,0.1434240669644683,0.0057416758500258,0.6291852875390955,-0.7700796592736056,1,2,3,4,3,5,6,7,-1
21.0,0.5714285714285714,7918.0,2.0,377.04761904761904,0.0952380952380952,3959.0,0.9307485979029504,0.2857142857142857,0.1453152252783303,0.0051256818279867,0.6286679162267762,-0.773070087452629,1,2,4,5,3,5,6,7,-1
11.0,0.7272727272727273,5000.0,2.0,454.54545454545456,0.1818181818181818,2500.0,0.1646866992778942,0.7272727272727273,0.0127417182967202,0.0,0.0580566024631683,1.9073913280293644,2,6,5,3,4,1,7,1,-1
19.0,0.8421052631578947,5000.0,2.0,263.1578947368421,0.1052631578947368,2500.0,0.1646866992778942,0.7894736842105263,0.0108766273298767,0.0,0.0583878526431156,0.9718611280283302,2,6,4,3,5,1,7,1,-1
11.0,0.7272727272727273,5000.0,2.0,454.54545454545456,0.1818181818181818,2500.0,0.1646866992778942,0.7272727272727273,0.0051697416377665,0.0,0.0252128567873437,6.165766468763456,2,5,3,4,3,1,6,1,-1
18.0,0.8333333333333334,5000.0,2.0,277.77777777777777,0.1111111111111111,2500.0,0.1646866992778942,0.7777777777777778,0.0120968035832787,0.0,0.0585305365281714,0.8714621193363656,2,5,4,3,3,1,6,1,-1
10.0,1.0,5000.0,2.0,500.0,0.2,2500.0,0.1646866992778942,1.0,0.0139638867372139,0.0,0.0586816034310144,1.918218843718272,2,4,3,3,3,1,5,1,-1
14.0,0.9285714285714286,5000.0,2.0,357.1428571428572,0.1428571428571428,2500.0,0.1646866992778942,0.8571428571428571,0.0057907070763241,0.0,0.0427692943744624,4.02648675726548,2,5,3,4,3,1,6,1,-1
14.0,0.8571428571428571,5000.0,2.0,357.1428571428572,0.1428571428571428,2500.0,0.1646866992778942,0.7142857142857143,0.0154206796715359,0.0,0.0604868557685727,0.8875246133329212,2,6,3,5,4,1,7,1,-1
20.0,0.85,423.0,2.0,21.15,0.1,211.5,0.1652892561983471,0.7,0.0083952839229769,0.0,0.046999131164791,1.431703102608081,2,5,4,3,3,1,6,1,-1
20.0,0.85,956.0,2.0,47.8,0.1,478.0,0.1644336175395858,0.75,0.0096848755442592,0.0,0.0469728047374786,1.1020406342157272,2,4,3,3,3,1,5,1,-1
20.0,0.85,1622.0,2.0,81.1,0.1,811.0,0.1643933955491744,0.75,0.0094442184094943,0.0,0.0473663871884291,1.1553211926645368,2,5,3,4,3,1,6,1,-1
20.0,0.85,2536.0,2.0,126.8,0.1,1268.0,0.1649058337161231,0.75,0.0096957383543895,0.0,0.046788539245042,1.1029238651472424,2,5,4,3,4,1,6,1,-1
20.0,0.85,3022.0,2.0,151.1,0.1,1511.0,0.1645472061657032,0.75,0.0114434246510544,0.0,0.0519858543036106,0.7796736505720783,2,4,3,3,3,1,5,1,-1
20.0,0.85,3625.0,2.0,181.25,0.1,1812.5,0.1648457583547558,0.75,0.011105883177478,0.0,0.0547316461590194,0.8355504936625597,2,5,4,4,3,1,6,1,-1
20.0,0.85,4003.0,2.0,200.15,0.1,2001.5,0.1646784986907186,0.75,0.0104374770556519,0.0,0.0574113018339912,0.9520324092111186,2,5,4,3,4,1,6,1,-1
20.0,0.85,4993.0,2.0,249.65,0.1,2496.5,0.1646839281548868,0.75,0.0105041745645703,0.0,0.0607672913495958,0.9396721124107376,2,4,3,3,3,1,5,1,-1
6.0,1.0,18905.0,2.0,3150.833333333333,0.3333333333333333,9452.5,0.5330035679532923,0.8333333333333334,0.0468450415891771,0.0091383906650548,0.0941364555476569,1.2983658908090128,3,3,2,2,1,5,6,4,-1
9.0,1.0,18905.0,2.0,2100.555555555556,0.2222222222222222,9452.5,0.5330035679532923,0.7777777777777778,0.0584436139698128,0.0082284358483537,0.1212040178221238,0.2281586578784165,3,3,2,2,1,4,6,5,-1
5.0,1.0,18905.0,2.0,3781.0,0.4,9452.5,0.5330035679532923,0.8,0.0617589990785226,0.0091919027444735,0.1212703174102252,1.0920101818075618,3,1,5,4,2,6,8,7,-1
5.0,1.0,18905.0,2.0,3781.0,0.4,9452.5,0.5330035679532923,1.0,0.0356014646652083,0.0092166756359919,0.0647565721908227,2.6290769524652418,2,1,2,3,1,5,6,4,-1
8.0,1.0,18905.0,2.0,2363.125,0.25,9452.5,0.5330035679532923,0.75,0.0507823930174275,0.0089880193792075,0.1214340386160759,0.5901236532681472,4,1,3,3,2,5,6,7,-1
6.0,1.0,18905.0,2.0,3150.833333333333,0.3333333333333333,9452.5,0.5330035679532923,0.6666666666666666,0.0638006266829294,0.0091383906650548,0.12119496189673,0.687554673673791,2,2,2,3,1,4,5,6,-1
9.0,1.0,18905.0,2.0,2100.555555555556,0.2222222222222222,9452.5,0.5330035679532923,0.7777777777777778,0.0576315430313898,0.0091132879874482,0.1212040178221238,0.2454643190038244,4,1,4,3,2,5,6,7,-1
10.0,1.0,618.0,2.0,61.8,0.2,309.0,0.533498759305211,0.8,0.04623591711428,0.0,0.1099395659050845,0.3974735640436501,2,1,1,2,3,4,5,6,-1
10.0,1.0,2551.0,2.0,255.1,0.2,1275.5,0.5330528846153846,0.8,0.0506590436595191,0.0017669160350841,0.1405673778596958,0.2752224098057074,3,1,2,2,3,4,6,5,-1
10.0,1.0,5442.0,2.0,544.2,0.2,2721.0,0.5329577464788733,0.8,0.0519049696025572,0.0027768981401883,0.1369687386458409,0.2445629189848954,4,1,2,1,3,5,7,6,-1
10.0,1.0,7853.0,2.0,785.3,0.2,3926.5,0.5328908842475112,0.8,0.0525381850613229,0.0032022299004177,0.1237742526776444,0.2295287626119579,4,1,3,2,2,5,6,6,-1
10.0,1.0,11060.0,2.0,1106.0,0.2,5530.0,0.532917532917533,0.8,0.0535329820410231,0.0078540701755027,0.1191353587772745,0.2066939111886828,3,1,4,2,1,5,6,7,-1
10.0,1.0,13101.0,2.0,1310.1,0.2,6550.5,0.5329978937514627,0.8,0.0565070902485335,0.0109110128882858,0.1214291411500179,0.1432207044363368,3,1,3,2,2,4,5,6,-1
10.0,1.0,14915.0,2.0,1491.5,0.2,7457.5,0.5330455339706034,0.8,0.055518276158949,0.0072944746447756,0.1201516971773148,0.1636051302774568,3,1,2,2,1,4,5,6,-1
10.0,1.0,17669.0,2.0,1766.9,0.2,8834.5,0.5329689397883047,0.8,0.0562641989333002,0.0079957231308327,0.1215950060236739,0.1481421836599117,3,1,2,2,2,4,5,6,-1
19.0,0.6842105263157895,2627.0,7.0,138.26315789473685,0.3684210526315789,375.2857142857143,0.7956730769230769,0.1052631578947368,0.0051486215462757,0.0,0.0212843344772659,18.87234496224094,4,1,2,3,1,5,3,5,3
19.0,0.6842105263157895,1834.0,5.0,96.52631578947368,0.2631578947368421,366.8,0.868766404199475,0.0526315789473684,0.006415675014889,0.0,0.0423455020655842,12.1923100157158,6,1,4,4,1,5,2,7,3
19.0,0.6842105263157895,758.0,2.0,39.89473684210526,0.1052631578947368,379.0,0.989501312335958,0.1052631578947368,0.004658834438693,0.0,0.0240836860331181,6.830434459805225,4,2,5,5,3,5,1,4,-1
19.0,0.6842105263157895,1494.0,4.0,78.63157894736842,0.2105263157894736,373.5,0.7956730769230769,0.1578947368421052,0.0056506964232046,0.0,0.0442836473550376,11.881035216510291,7,2,5,6,1,7,3,8,4
19.0,0.6842105263157895,2620.0,7.0,137.89473684210526,0.3684210526315789,374.2857142857143,0.7956730769230769,0.1578947368421052,0.0051017897906137,0.0,0.0213888855924824,19.05483510115571,4,1,3,2,1,5,2,5,2
11.0,0.6363636363636364,3000.0,8.0,272.72727272727275,0.7272727272727273,375.0,0.7956730769230769,0.0909090909090909,0.0041374431817855,0.0,0.020705393225584,44.65306900957026,5,1,2,2,1,6,3,7,4
14.0,0.7857142857142857,3000.0,8.0,214.28571428571428,0.5714285714285714,375.0,0.7956730769230769,0.1428571428571428,0.0047074861608659,0.0,0.0201535344765542,30.52663497962468,5,1,2,2,1,6,3,7,4
15.0,0.6666666666666666,3000.0,8.0,200.0,0.5333333333333333,375.0,0.7956730769230769,0.1333333333333333,0.0018524209179271,0.0,0.0175980867659504,73.77626530074491,6,1,2,3,1,7,4,8,5
17.0,0.7058823529411765,3000.0,8.0,176.47058823529412,0.4705882352941176,375.0,0.7956730769230769,0.0588235294117647,0.0051431935905309,0.0,0.0291315836912713,22.76363718882528,4,1,3,2,1,5,2,5,2
16.0,0.75,3000.0,8.0,187.5,0.5,375.0,0.7956730769230769,0.125,0.0036190373195975,0.0,0.0180666901611643,34.88241475955221,5,1,4,4,1,6,2,6,3
19.0,0.6842105263157895,203.0,8.0,10.68421052631579,0.4210526315789473,25.375,0.7857142857142857,0.0526315789473684,0.0244943309075657,0.0,0.1158171953336824,3.463938280723421,1,1,1,1,1,2,1,3,1
19.0,0.6842105263157895,1141.0,8.0,60.05263157894737,0.4210526315789473,142.625,0.7974683544303798,0.0526315789473684,0.009220886671454,0.0,0.0428795954848388,10.8596797079832,2,1,2,2,1,5,3,6,4
19.0,0.6842105263157895,1297.0,8.0,68.26315789473684,0.4210526315789473,162.125,0.7944444444444444,0.0526315789473684,0.0065079770530275,0.0,0.0442390049077729,15.803077746237038,4,1,1,1,1,5,3,6,2
19.0,0.6842105263157895,1885.0,8.0,99.21052631578948,0.4210526315789473,235.625,0.7969348659003831,0.1052631578947368,0.0068821895981,0.0,0.0533397837778237,14.889765971535676,5,1,2,2,2,6,3,7,4
19.0,0.6842105263157895,2659.0,8.0,139.94736842105263,0.4210526315789473,332.375,0.7940379403794038,0.1052631578947368,0.0036384898272888,0.0,0.0230547374763014,29.054725666362515,4,1,1,1,2,5,3,5,3
8.0,0.125,8364.0,2.0,1045.5,0.25,4182.0,0.9361111111111112,0.0,0.0977491254589528,0.0008431991751341,0.6926026290520564,-0.1143109646759753,1,5,3,2,4,7,6,7,-1
8.0,0.125,8310.0,2.0,1038.75,0.25,4155.0,0.9479606188466948,0.0,0.0371510511331137,0.0022496224579068,0.1919110130354013,1.3309915758252333,3,1,2,3,5,4,6,6,-1
8.0,0.125,4648.0,2.0,581.0,0.25,2324.0,0.0759259259259259,0.0,0.0477211273828711,0.0036277386941236,0.2551056792333761,-0.331780038465359,2,5,3,3,4,1,6,1,-1
7.0,0.1428571428571428,12958.0,4.0,1851.142857142857,0.5714285714285714,3239.5,0.0759259259259259,0.0,0.126189239523678,0.0028969627758662,0.6645051449782055,0.3454384618976481,4,1,3,3,2,2,5,6,-1
7.0,0.1428571428571428,12958.0,4.0,1851.142857142857,0.5714285714285714,3239.5,0.0759259259259259,0.0,0.0324065495334471,0.0028969627758662,0.1331108547235806,4.239059967107565,5,2,4,3,1,3,6,5,-1
6.0,0.1666666666666666,12958.0,4.0,2159.6666666666665,0.6666666666666666,3239.5,0.0759259259259259,0.0,0.1388220075370629,0.0028969627758662,0.6645051449782055,0.4268378808887131,4,1,3,3,3,2,5,6,-1
4.0,0.25,12958.0,4.0,3239.5,1.0,3239.5,0.0759259259259259,0.0,0.2047654778245829,0.008026315046589,0.6645051449782055,0.4510001966097035,3,1,4,1,2,4,5,6,-1
6.0,0.1666666666666666,12958.0,4.0,2159.6666666666665,0.6666666666666666,3239.5,0.0759259259259259,0.0,0.1453919175862611,0.0028969627758662,0.6645051449782055,0.3623625187925657,1,1,2,1,2,2,3,4,-1
5.0,0.2,12958.0,4.0,2591.6,0.8,3239.5,0.0759259259259259,0.0,0.1643917748148396,0.0028969627758662,0.6645051449782055,0.4458862016277922,2,1,3,3,1,3,4,5,-1
8.0,0.125,575.0,4.0,71.875,0.5,143.75,0.078125,0.0,0.1161034390346291,0.0076431282685042,0.661780603902762,0.2815983028133528,4,2,1,1,3,5,6,7,-1
8.0,0.125,2392.0,4.0,299.0,0.5,598.0,0.0765370138017565,0.0,0.1077020484224237,0.0054226878775932,0.6638041959717583,0.3799141943176414,3,1,2,2,4,3,5,6,-1
8.0,0.125,5737.0,4.0,717.125,0.5,1434.25,0.0757971772085729,0.0,0.1130803139799139,0.0017445878300048,0.6625629341053033,0.3136200897170896,2,1,2,2,3,4,5,6,-1
8.0,0.125,6744.0,4.0,843.0,0.5,1686.0,0.076067615658363,0.0,0.1114326257563061,0.0030045724293952,0.6645652169408512,0.3332866917425586,1,1,2,2,4,3,5,5,-1
8.0,0.125,9535.0,4.0,1191.875,0.5,2383.75,0.0758100031456432,0.0,0.1130152889961248,0.0031661967100161,0.6651444346598263,0.3143848609908252,2,1,4,3,5,6,8,7,-1
8.0,0.125,10921.0,4.0,1365.125,0.5,2730.25,0.0760780005492996,0.0,0.1111852866243698,0.0028279464810242,0.6640675909276911,0.336270978619499,2,1,4,3,6,5,7,8,-1
