gender,branch,cgpa,tenth_percentage,twelfth_percentage,backlogs,study_hours_per_day,attendance_percentage,projects_completed,internships_completed,coding_skill_rating,communication_skill_rating,aptitude_skill_rating,hackathons_participated,certifications_count,sleep_hours,stress_level,part_time_job,family_income_level,city_tier,internet_access,extracurricular_involvement,target
1,1,1.6210904542852909,1.5989892779658452,1.7327964601134287,-0.5433017678139239,1.3495531119588815,0.4733255447116464,-1.853095139913053,1.59163425244022,-0.562431307578826,0.617821471727644,1.1045592447399097,-0.45290896209110154,1.0815237935390936,1.1472900442814646,-1.0491693695260658,0,2,2,1,0,2
1,3,-0.5733356758056624,-0.28581929330676187,-0.2872938018997226,-0.5433017678139239,1.3495531119588815,1.3979141740687293,1.3280515169376879,-1.0151589489945576,1.0319840506033509,-1.5033655812039337,1.1045592447399097,0.7966345136780986,0.5433742730824431,0.3011978636538452,0.7013346001475536,1,1,1,1,2,2
0,1,-1.9546485523361286,-1.9722269623401465,-2.022734981538294,1.135500694731101,-1.6423680746476337,-1.5730972882653633,0.7978604074625644,-1.8840900161394836,1.0319840506033509,-0.08924087924954853,-1.615032839918514,1.4214062515626986,3.234121875365695,-1.1371588434131066,-0.6990685755913418,0,1,1,1,1,2
1,2,-1.6411591051802779,-1.377024255622481,-1.6095347006719676,2.814303157276126,0.059931910835383614,0.510309089885931,-1.3229040304379296,-1.8840900161394836,-0.562431307578826,-0.7963032302267411,1.1045592447399097,-0.45290896209110154,-1.0710742882875082,0.3011978636538452,-0.348967781656618,0,1,2,1,2,1
0,2,-0.47537022356945857,-0.5933406917775551,-0.2872938018997226,-0.5433017678139239,1.091628871734182,1.089717964283035,-1.3229040304379296,-0.14622788184963176,-0.562431307578826,0.617821471727644,-0.2552367975893022,0.1718627757934985,0.00522475262579272,-0.5448943169737734,1.0514353940822774,1,1,0,1,2,2
1,1,1.6210904542852909,1.3113079697189745,-0.07610254723471156,-0.5433017678139239,-1.0233498981083546,0.05417869940310315,0.7978604074625644,-0.14622788184963176,0.23477637151226244,0.617821471727644,1.1045592447399097,0.7966345136780986,-1.0710742882875082,0.7242439539676545,1.4015361880170014,0,2,0,1,0,2
1,1,-0.3186254999915341,0.20026291717933212,-0.4250272288551647,-0.5433017678139239,0.21468645497020328,-0.09375548129403048,-0.7927129209628061,0.7227031852952942,0.23477637151226244,0.617821471727644,1.1045592447399097,0.1718627757934985,0.5433742730824431,-0.8833311892248205,-0.6990685755913418,1,1,2,1,0,2
0,1,0.9647219243027291,-0.32549947375460536,1.337960636174495,-0.5433017678139239,0.5757803912847828,0.9787673287601861,1.3280515169376879,0.7227031852952942,1.0319840506033509,-0.08924087924954853,-0.2552367975893022,1.4214062515626986,0.5433742730824431,-0.291066662785488,-1.3992701634607896,0,2,0,1,2,2
1,3,-0.07371186940102593,-0.8711019549124653,-0.7739519104756178,-0.5433017678139239,0.3178561510600832,-0.13073902646831345,-0.7927129209628061,-1.0151589489945576,-0.562431307578826,-1.5033655812039337,-0.2552367975893022,-0.45290896209110154,0.00522475262579272,-1.6448141517896775,0.7013346001475536,0,2,2,1,2,2
0,2,-0.03452568850654372,-0.7024611880091265,-0.030191404916230853,1.135500694731101,0.21468645497020328,-0.7101479008654191,-0.2625218114876826,-0.14622788184963176,0.23477637151226244,-0.08924087924954853,-0.2552367975893022,-0.45290896209110154,-1.0710742882875082,-2.0678602421034866,1.4015361880170014,0,0,2,1,1,2
0,2,1.2096355548932374,0.7954656238969975,1.5858808046942896,-0.5433017678139239,2.3812500728576795,2.06361798720583,-0.2625218114876826,0.7227031852952942,-0.562431307578826,-0.7963032302267411,1.1045592447399097,0.1718627757934985,-0.5329247678308576,0.7242439539676545,1.0514353940822774,1,2,1,1,2,2
1,3,-0.8966216681851332,-0.7322213233450109,-0.6270362550564801,-0.5433017678139239,-1.5907832266026938,-0.6731643556911362,-1.3229040304379296,-1.0151589489945576,-1.3596389866699146,-0.7963032302267411,-0.2552367975893022,-0.45290896209110154,1.0815237935390936,1.739554570720797,0.7013346001475536,1,2,1,1,1,2
0,1,1.6210904542852909,1.192267428375441,1.677703089331251,-0.5433017678139239,-0.09482263329943627,-0.5129023266025755,1.3280515169376879,1.59163425244022,1.0319840506033509,-0.7963032302267411,1.1045592447399097,0.7966345136780986,2.157822834452394,0.47041629977936905,1.0514353940822774,0,2,1,1,1,2
1,2,0.4650981178980927,1.4005883757266233,0.46564893212336134,-0.5433017678139239,0.7305349354196025,-0.08142763290260341,1.3280515169376879,1.59163425244022,1.0319840506033509,-0.08924087924954853,1.1045592447399097,1.4214062515626986,0.5433742730824431,1.739554570720797,0.00113301227810585,0,2,0,1,2,2
0,1,1.3369906428003022,0.5772246314338533,1.6960675462586436,-0.5433017678139239,0.21468645497020328,0.3007356672316586,1.3280515169376879,0.7227031852952942,1.0319840506033509,-0.08924087924954853,1.1045592447399097,0.1718627757934985,-1.0710742882875082,1.1472900442814646,0.7013346001475536,0,2,0,1,0,2
0,2,-0.19127041208446907,-0.05765825573165566,-0.6086717981290876,-0.5433017678139239,-1.3328589863779943,-0.5005744782111466,0.2676692979874409,-0.14622788184963176,0.23477637151226244,-0.7963032302267411,1.1045592447399097,0.1718627757934985,-0.5329247678308576,0.3011978636538452,0.35123380621282974,0,1,1,1,0,2
0,0,-0.024729143282923603,0.4284239547544369,-0.021009176452535232,1.135500694731101,1.1947985678240618,0.1404736381430979,0.7978604074625644,-1.8840900161394836,0.23477637151226244,1.3248838227048365,-0.2552367975893022,0.1718627757934985,1.619673313995744,-0.629503535036535,-1.3992701634607896,1,2,2,1,2,2
1,2,0.6316393866996382,-0.04773821061969513,0.46564893212336134,-0.5433017678139239,1.710647048273461,0.2267685768830909,-0.2625218114876826,0.7227031852952942,-0.562431307578826,0.617821471727644,1.1045592447399097,-0.45290896209110154,0.00522475262579272,-0.7987219711620589,-1.3992701634607896,0,1,2,1,2,2
0,2,-0.4263874974513571,-0.07749834595557813,-0.021009176452535232,1.135500694731101,-1.2296892902881142,-1.3881795623939466,-0.2625218114876826,-1.0151589489945576,0.23477637151226244,1.3248838227048365,-0.2552367975893022,0.1718627757934985,1.619673313995744,1.739554570720797,1.4015361880170014,0,1,1,1,1,2
1,3,1.1312631931042747,1.321228014830935,1.8888943439962633,-0.5433017678139239,0.6789500873746627,0.9787673287601861,0.7978604074625644,-1.0151589489945576,1.0319840506033509,-1.5033655812039337,1.1045592447399097,1.4214062515626986,0.5433742730824431,-1.8140325879152015,1.4015361880170014,0,2,2,1,1,2
1,4,-1.2982800223535667,-1.3571841653985592,-1.4809835021802211,-0.5433017678139239,-0.7138408098387151,-1.240245381696813,-1.3229040304379296,-0.14622788184963176,-0.562431307578826,0.617821471727644,-1.615032839918514,-1.7024524378603016,-0.5329247678308576,-0.03723900859720181,-1.0491693695260658,0,1,0,1,1,2
1,3,-0.4851667687930796,-0.027898120395772674,-0.847409738185188,-0.5433017678139239,0.47261069519490284,-0.1677225716425964,0.2676692979874409,1.59163425244022,1.0319840506033509,-1.5033655812039337,1.1045592447399097,0.7966345136780986,0.00522475262579272,-0.2064574447227257,1.0514353940822774,0,1,2,1,1,2
0,1,-0.6713011280418653,-1.0992629924875708,-0.5168495134921262,-0.5433017678139239,-0.04323778525449631,0.07883439618595904,0.2676692979874409,-0.14622788184963176,-0.562431307578826,-0.08924087924954853,-0.2552367975893022,1.4214062515626986,1.619673313995744,0.3858070817166075,0.7013346001475536,1,2,2,1,2,2
1,2,-0.47537022356945857,0.18042282695540965,-0.4158450003914691,-0.5433017678139239,-0.14640748134437623,0.152801486534525,0.2676692979874409,-0.14622788184963176,1.0319840506033509,-0.7963032302267411,-0.2552367975893022,1.4214062515626986,0.00522475262579272,-0.8833311892248205,0.35123380621282974,0,0,1,1,0,2
0,2,-1.6803452860747592,-1.3968643458464034,-1.4075256744706521,1.135500694731101,0.5241955432398426,-0.03211623933689161,-1.3229040304379296,-1.8840900161394836,-1.3596389866699146,-0.08924087924954853,-1.615032839918514,-2.327224175744902,0.5433742730824431,1.739554570720797,-1.3992701634607896,1,0,1,0,0,1
0,3,-0.4263874974513571,-0.4346199699861782,-0.6637651689112651,1.135500694731101,0.3694409991050229,1.1020458126744639,1.3280515169376879,0.7227031852952942,1.0319840506033509,-1.5033655812039337,1.1045592447399097,1.4214062515626986,0.5433742730824431,-0.291066662785488,-1.0491693695260658,0,2,0,1,2,2
1,3,0.09282939940051954,0.4284239547544369,0.722751329106853,2.814303157276126,1.659062200228521,1.545848354765863,0.7978604074625644,-1.8840900161394836,1.0319840506033509,0.617821471727644,1.1045592447399097,0.7966345136780986,1.619673313995744,-1.898641805977963,0.7013346001475536,0,0,2,1,0,2
1,3,1.6210904542852909,1.5493890524060396,1.9439877147784397,-0.5433017678139239,1.659062200228521,1.052734419108752,1.3280515169376879,1.59163425244022,1.0319840506033509,-0.08924087924954853,1.1045592447399097,1.4214062515626986,1.619673313995744,-1.4755957156641537,-1.0491693695260658,0,2,0,1,2,2
1,1,0.8569599268429061,0.845065849456803,1.7511609170408213,-0.5433017678139239,-1.3328589863779943,-0.5745415685597143,0.7978604074625644,-0.14622788184963176,1.0319840506033509,-1.5033655812039337,1.1045592447399097,0.1718627757934985,-1.6092238087441584,-0.629503535036535,-0.348967781656618,0,2,1,1,2,2
0,0,1.6210904542852909,0.9244262103524914,1.2645028084649246,-0.5433017678139239,-0.3011620254791959,-0.38962384268829775,-0.7927129209628061,1.59163425244022,-1.3596389866699146,0.617821471727644,1.1045592447399097,-0.45290896209110154,-0.5329247678308576,-2.321687896291772,1.4015361880170014,0,2,1,1,2,2
1,2,0.4846912083453329,0.4978642705381648,0.8053913852801176,-0.5433017678139239,-0.19799232938931596,-0.6731643556911362,-0.7927129209628061,-1.0151589489945576,-1.3596389866699146,-1.5033655812039337,-0.2552367975893022,-1.7024524378603016,-0.5329247678308576,1.1472900442814646,0.7013346001475536,0,1,1,1,2,2
1,4,1.6210904542852909,1.797390180205067,0.9890359545540404,-0.5433017678139239,-0.24957717743425592,-0.1923782684254523,0.2676692979874409,0.7227031852952942,0.23477637151226244,0.617821471727644,1.1045592447399097,-0.45290896209110154,0.00522475262579272,-1.2217680614758681,0.35123380621282974,0,2,1,1,2,2
1,3,-1.337466203248047,-0.9405422706961932,-0.9851431651406302,-0.5433017678139239,-1.3328589863779943,-0.6854922040825632,0.2676692979874409,-1.0151589489945576,0.23477637151226244,0.617821471727644,-1.615032839918514,0.7966345136780986,1.0815237935390936,-0.2064574447227257,-0.6990685755913418,0,1,0,1,1,2
1,3,0.4944877535689531,-0.4346199699861782,0.35546219055900735,-0.5433017678139239,0.47261069519490284,0.584276180234497,1.3280515169376879,-0.14622788184963176,1.0319840506033509,0.617821471727644,-0.2552367975893022,-0.45290896209110154,1.0815237935390936,0.47041629977936905,0.7013346001475536,0,2,2,1,1,2
0,0,-0.024729143282923603,-0.9107821353603102,-0.21383597419015368,-0.5433017678139239,1.5043076560937012,0.6828989673659188,0.2676692979874409,1.59163425244022,1.0319840506033509,-1.5033655812039337,-0.2552367975893022,0.1718627757934985,-0.5329247678308576,0.8934623900931784,-0.6990685755913418,0,0,1,1,1,2
1,4,-0.9945871204213361,-0.6727010526732435,-0.5994895696653919,-0.5433017678139239,1.1432137197791217,0.9171280868030472,1.3280515169376879,-1.0151589489945576,1.0319840506033509,-1.5033655812039337,-0.2552367975893022,0.7966345136780986,0.00522475262579272,0.639634735904893,0.7013346001475536,1,0,2,1,2,2
1,2,0.719808293712221,0.41850390964247636,0.07999533664812311,-0.5433017678139239,0.21468645497020328,-0.2540175103825912,-0.2625218114876826,-1.0151589489945576,0.23477637151226244,1.3248838227048365,-0.2552367975893022,0.7966345136780986,0.00522475262579272,0.5550255178421306,-0.348967781656618,0,2,1,1,2,2
1,1,-0.33821859043877434,-0.38501974442637277,-0.14037814648058483,-0.5433017678139239,-1.3328589863779943,-0.18005042003402524,-0.7927129209628061,-0.14622788184963176,-1.3596389866699146,-0.7963032302267411,-0.2552367975893022,-1.0776806999757016,-1.0710742882875082,-0.12184822665996413,-1.7493709573955134,0,1,1,1,0,2
0,3,1.190042464445997,1.1029870223677907,0.9798537260903448,1.135500694731101,1.8654015924082807,1.7430939290287084,0.2676692979874409,0.7227031852952942,1.0319840506033509,1.3248838227048365,-0.2552367975893022,1.4214062515626986,0.00522475262579272,-1.1371588434131066,1.4015361880170014,0,0,0,1,2,2
1,2,0.12221903507138164,-0.09733843617950058,-0.18628928879906553,1.135500694731101,1.4011379600038212,1.3609306288944463,0.7978604074625644,0.7227031852952942,-0.562431307578826,0.617821471727644,1.1045592447399097,-2.327224175744902,-1.0710742882875082,-0.4602850989110111,-1.0491693695260658,1,1,2,1,0,2
1,2,1.2880079166822,1.7279498644213405,1.255320580001229,-0.5433017678139239,0.6273652393297225,0.33771921240594155,0.7978604074625644,-0.14622788184963176,1.0319840506033509,-0.08924087924954853,1.1045592447399097,0.7966345136780986,-0.5329247678308576,-1.0525496253503444,-0.6990685755913418,0,1,2,1,1,2
1,3,0.8079772007248037,1.231947608823286,-0.15874260340797736,1.135500694731101,-0.04323778525449631,0.39935845436308043,0.7978604074625644,1.59163425244022,1.0319840506033509,1.3248838227048365,-0.2552367975893022,1.4214062515626986,-0.5329247678308576,-1.6448141517896775,1.4015361880170014,0,2,0,1,2,2
1,1,-2.0526140045723316,-1.922626736780341,-1.50853018757131,1.135500694731101,0.5241955432398426,1.0650622675001808,-0.7927129209628061,-0.14622788184963176,-0.562431307578826,1.3248838227048365,-1.615032839918514,-1.7024524378603016,0.00522475262579272,0.5550255178421306,1.4015361880170014,0,0,0,1,2,2
1,3,-1.8762761905471659,-1.5655051127497415,-1.2606100190515137,1.135500694731101,-0.7654256578836551,-0.14306687485974226,-0.7927129209628061,-1.0151589489945576,-0.562431307578826,0.617821471727644,-1.615032839918514,0.7966345136780986,0.00522475262579272,-0.2064574447227257,-1.3992701634607896,0,1,0,1,0,2
1,2,-1.3864489293661495,-1.6647055638693524,-0.6729473973749608,-0.5433017678139239,-0.45591656961401555,-0.7101479008654191,0.2676692979874409,-1.0151589489945576,0.23477637151226244,-0.7963032302267411,-0.2552367975893022,-1.0776806999757016,0.00522475262579272,-2.0678602421034866,0.00113301227810585,0,1,1,1,1,2
1,2,1.2096355548932374,1.0335467065840642,0.7778446998890294,-0.5433017678139239,1.1432137197791217,0.5226369382773581,0.2676692979874409,0.7227031852952942,0.23477637151226244,-0.08924087924954853,1.1045592447399097,0.7966345136780986,0.00522475262579272,1.1472900442814646,-0.6990685755913418,1,2,2,1,2,2
1,4,0.14181212551862188,0.3391435487467879,0.18099984974878017,-0.5433017678139239,1.091628871734182,0.4856533931030752,-1.853095139913053,-1.8840900161394836,-2.156846665761003,-1.5033655812039337,1.1045592447399097,-1.7024524378603016,-1.0710742882875082,-0.12184822665996413,1.0514353940822774,0,2,1,1,1,1
0,1,-0.3284220452151542,-0.3354195188665673,-0.0944670041621041,-0.5433017678139239,-1.2812741383330541,-1.634736530222502,0.2676692979874409,-0.14622788184963176,0.23477637151226244,-0.08924087924954853,-0.2552367975893022,0.1718627757934985,0.00522475262579272,0.3858070817166075,-0.348967781656618,1,2,1,0,2,2
0,4,1.3565837332475426,1.5493890524060396,1.475694063129937,-0.5433017678139239,-0.4043317215690758,-0.9936884138682576,0.2676692979874409,-0.14622788184963176,0.23477637151226244,-1.5033655812039337,1.1045592447399097,0.7966345136780986,0.5433742730824431,-1.3063772795386297,1.0514353940822774,0,2,0,1,2,2
0,2,1.4643457307073655,1.5295489621821188,1.4389651492751518,-0.5433017678139239,0.5241955432398426,-1.153950442956819,-0.7927129209628061,0.7227031852952942,-0.562431307578826,-0.08924087924954853,1.1045592447399097,-0.45290896209110154,-0.5329247678308576,-0.4602850989110111,-1.3992701634607896,1,1,1,1,0,2
0,2,-1.5040074720495935,-0.8711019549124653,-0.9759609366769332,-0.5433017678139239,-0.868595353973535,0.06650654779453022,-0.7927129209628061,-0.14622788184963176,-1.3596389866699146,-0.08924087924954853,-1.615032839918514,-0.45290896209110154,0.00522475262579272,-0.2064574447227257,-0.348967781656618,0,2,2,1,1,1
0,1,-0.08350841462464605,-1.138943172935415,0.32791550516791923,-0.5433017678139239,-0.19799232938931596,-0.09375548129403048,-0.2625218114876826,-0.14622788184963176,0.23477637151226244,1.3248838227048365,-0.2552367975893022,0.7966345136780986,0.00522475262579272,-0.12184822665996413,0.35123380621282974,0,2,0,1,1,2
1,4,-0.9945871204213361,-0.13701861662734552,-0.6545829404475683,-0.5433017678139239,-0.35274687352413586,-0.13073902646831345,1.3280515169376879,-1.0151589489945576,1.0319840506033509,-1.5033655812039337,-1.615032839918514,0.7966345136780986,1.0815237935390936,-0.4602850989110111,0.7013346001475536,0,1,1,0,1,1
0,1,0.7883841102775635,1.0533867968079853,1.82461874475039,-0.5433017678139239,0.6789500873746627,0.8924723900201914,0.7978604074625644,1.59163425244022,1.0319840506033509,-1.5033655812039337,-1.615032839918514,0.1718627757934985,-0.5329247678308576,0.21658864559108362,-0.348967781656618,0,2,1,1,0,2
0,0,-0.6027253114765228,-0.6429409173373605,-0.6545829404475683,-0.5433017678139239,-0.3011620254791959,0.2267685768830909,0.7978604074625644,-0.14622788184963176,1.0319840506033509,-0.7963032302267411,-0.2552367975893022,0.1718627757934985,1.619673313995744,-0.37567588084824954,-1.3992701634607896,0,2,1,1,1,2
1,1,-0.7398769446072079,-1.2877438496148312,-0.526031741955823,-0.5433017678139239,0.7305349354196025,-0.08142763290260341,-0.7927129209628061,-0.14622788184963176,-0.562431307578826,1.3248838227048365,-1.615032839918514,-0.45290896209110154,0.00522475262579272,0.5550255178421306,-1.7493709573955134,0,1,0,1,0,2
1,3,-0.7202838541599668,-0.21637897752303395,-0.8014985958667074,-0.5433017678139239,0.6789500873746627,1.4225698708515853,1.3280515169376879,-0.14622788184963176,1.0319840506033509,-1.5033655812039337,-0.2552367975893022,1.4214062515626986,0.00522475262579272,-0.4602850989110111,-0.348967781656618,0,1,1,1,2,2
0,4,-0.6713011280418653,-0.6330208722253999,0.254457677458349,-0.5433017678139239,-2.106631707052093,-1.5730972882653633,-0.2625218114876826,-1.0151589489945576,0.23477637151226244,1.3248838227048365,-0.2552367975893022,0.1718627757934985,-0.5329247678308576,-0.4602850989110111,-1.7493709573955134,0,2,0,1,1,2
1,1,-0.21086350253170932,-1.3075839398387539,-1.0218720789954139,1.135500694731101,0.4210258471499631,0.4979812414945023,1.3280515169376879,-0.14622788184963176,1.0319840506033509,-0.7963032302267411,-0.2552367975893022,1.4214062515626986,0.00522475262579272,0.8088531720304168,1.0514353940822774,0,0,1,1,1,2
1,3,0.06343976372965919,-0.44454001509813873,0.18099984974878017,1.135500694731101,-0.04323778525449631,0.7075546641487748,-0.7927129209628061,0.7227031852952942,-1.3596389866699146,1.3248838227048365,1.1045592447399097,-1.7024524378603016,-1.0710742882875082,-0.8833311892248205,-0.348967781656618,0,1,1,1,2,2
0,1,-1.6411591051802779,-2.101187548795641,-1.591170243744575,4.493105619821151,0.21468645497020328,1.8540445645515573,-0.2625218114876826,-1.8840900161394836,-1.3596389866699146,1.3248838227048365,-1.615032839918514,-1.0776806999757016,0.00522475262579272,0.3858070817166075,0.7013346001475536,0,1,2,1,0,1
1,1,0.3965223013327501,0.6069847667697362,0.364644419022703,-0.5433017678139239,-0.09482263329943627,0.1404736381430979,0.7978604074625644,-0.14622788184963176,1.0319840506033509,-0.08924087924954853,1.1045592447399097,1.4214062515626986,-1.0710742882875082,-0.7987219711620589,1.0514353940822774,0,0,0,1,0,2
1,3,1.6210904542852909,2.313232526027044,1.154316066900572,-0.5433017678139239,1.2463834158690017,0.5719483318430699,-0.2625218114876826,0.7227031852952942,-0.562431307578826,-1.5033655812039337,1.1045592447399097,-0.45290896209110154,-1.0710742882875082,-1.3063772795386297,1.0514353940822774,0,2,0,1,0,2
1,2,0.4259119370036105,0.35898363897070895,-0.32402271575450764,-0.5433017678139239,0.7821197834645421,-0.5745415685597143,1.3280515169376879,1.59163425244022,1.0319840506033509,-1.5033655812039337,1.1045592447399097,0.1718627757934985,2.157822834452394,1.0626808262187015,-1.7493709573955134,0,2,2,1,1,2
0,2,-1.4844143816023525,-1.7440659247650416,-1.1045121351686797,-0.5433017678139239,0.11151675888032335,-0.056771936119747506,-1.3229040304379296,-1.0151589489945576,-1.3596389866699146,1.3248838227048365,-1.615032839918514,-1.7024524378603016,0.00522475262579272,0.04737020946555975,1.0514353940822774,0,0,0,1,1,2
0,2,-0.8966216681851332,-1.3671042105105198,-1.8666370976554594,-0.5433017678139239,-1.3328589863779943,-0.5252301749940025,0.2676692979874409,0.7227031852952942,0.23477637151226244,0.617821471727644,-1.615032839918514,0.7966345136780986,-0.5329247678308576,-1.2217680614758681,1.0514353940822774,0,2,0,1,2,2
0,2,-1.1709249344465016,-1.0992629924875708,-0.8106808243304029,-0.5433017678139239,0.4210258471499631,0.6952268157573477,-1.3229040304379296,-1.0151589489945576,-1.3596389866699146,-0.08924087924954853,-1.615032839918514,-0.45290896209110154,-1.0710742882875082,0.7242439539676545,0.00113301227810585,0,2,1,1,2,2
1,3,0.18099830641310233,0.26970323296306004,0.5023778459781452,-0.5433017678139239,-0.4043317215690758,-0.7594592944311309,0.7978604074625644,0.7227031852952942,1.0319840506033509,1.3248838227048365,1.1045592447399097,1.4214062515626986,0.00522475262579272,0.97807160815594,1.4015361880170014,0,2,0,1,2,2
0,4,-0.03452568850654372,0.1010624660597212,-0.24138265958124186,-0.5433017678139239,-0.9717650500634147,-1.227917533305386,0.2676692979874409,-0.14622788184963176,1.0319840506033509,0.617821471727644,-0.2552367975893022,-0.45290896209110154,1.619673313995744,-0.2064574447227257,0.7013346001475536,0,1,2,1,1,2
0,2,-1.7979038287582032,-1.4067843909583646,-1.2055166482693367,-0.5433017678139239,-1.6939529226925738,-0.7224757492568462,0.2676692979874409,-1.8840900161394836,0.23477637151226244,-0.08924087924954853,-1.615032839918514,0.1718627757934985,-0.5329247678308576,-1.3909864976013921,-0.348967781656618,0,1,1,1,2,2
1,1,0.9059426529610067,0.6863451276654261,1.65933863240386,-0.5433017678139239,-0.6106711137488354,-0.2540175103825912,-0.7927129209628061,0.7227031852952942,-0.562431307578826,1.3248838227048365,1.1045592447399097,0.1718627757934985,-1.0710742882875082,1.739554570720797,0.00113301227810585,0,0,1,1,2,2
1,1,0.4553015726744726,0.5375444509860097,0.41973778980488063,-0.5433017678139239,0.266271303015143,1.4102420224601582,1.3280515169376879,-0.14622788184963176,1.0319840506033509,0.617821471727644,-0.2552367975893022,0.7966345136780986,1.0815237935390936,-1.8140325879152015,1.0514353940822774,1,2,0,1,2,2
1,1,0.8863495625137664,1.4997888268462343,0.5574712167603227,-0.5433017678139239,-0.7654256578836551,-0.43893523625400777,1.3280515169376879,1.59163425244022,1.0319840506033509,-0.7963032302267411,1.1045592447399097,0.1718627757934985,-1.0710742882875082,0.21658864559108362,1.0514353940822774,0,2,0,1,2,2
1,3,-0.7104873089363466,-0.08741839106754005,-0.10364923262579973,-0.5433017678139239,-0.09482263329943627,-0.03211623933689161,-1.3229040304379296,-0.14622788184963176,-0.562431307578826,0.617821471727644,-0.2552367975893022,-0.45290896209110154,0.00522475262579272,-0.2064574447227257,1.4015361880170014,0,1,1,0,0,2
1,2,-0.9749940299740959,-0.563580556441672,-1.2697922475152101,-0.5433017678139239,0.16310160692526354,0.5719483318430699,-1.853095139913053,-0.14622788184963176,-2.156846665761003,-1.5033655812039337,-0.2552367975893022,-1.7024524378603016,-0.5329247678308576,-1.0525496253503444,1.4015361880170014,0,0,0,1,2,1
0,2,0.05364321850603907,0.021702105164032776,0.13508870743029944,-0.5433017678139239,0.11151675888032335,-0.09375548129403048,-0.7927129209628061,0.7227031852952942,-0.562431307578826,-0.08924087924954853,-0.2552367975893022,-1.0776806999757016,-1.6092238087441584,-0.37567588084824954,-1.7493709573955134,0,2,1,1,0,2
0,1,-1.4648212911551122,-1.2976638947267927,-1.5177124160350062,1.135500694731101,-0.4043317215690758,0.4486698479287922,0.2676692979874409,-1.8840900161394836,1.0319840506033509,0.617821471727644,-0.2552367975893022,0.7966345136780986,-1.0710742882875082,1.739554570720797,-0.6990685755913418,0,0,2,1,2,1
1,3,-1.7195314669692405,-1.7639060149889634,-1.7748148130184978,2.814303157276126,-1.0749347461532945,-1.1169668977825353,-0.7927129209628061,-0.14622788184963176,-0.562431307578826,1.3248838227048365,-1.615032839918514,-0.45290896209110154,-1.0710742882875082,-0.37567588084824954,-1.7493709573955134,0,2,0,1,2,1
1,3,-1.7587176478637219,-1.922626736780341,-1.4901657306439173,-0.5433017678139239,-1.1781044422431746,-0.9690327170854016,-0.2625218114876826,-1.0151589489945576,-0.562431307578826,1.3248838227048365,-1.615032839918514,-0.45290896209110154,1.619673313995744,-1.0525496253503444,1.4015361880170014,0,1,0,1,0,2
1,4,-0.7888596707253093,-1.079422902263649,-0.1771070603353686,-0.5433017678139239,1.1432137197791217,0.7938496028887695,-0.2625218114876826,-1.0151589489945576,0.23477637151226244,1.3248838227048365,-0.2552367975893022,1.4214062515626986,-0.5329247678308576,0.5550255178421306,0.00113301227810585,0,2,1,0,0,2
1,0,1.0235011956444515,1.321228014830935,1.337960636174495,-0.5433017678139239,1.4527228080487615,1.964995200074408,0.2676692979874409,1.59163425244022,-0.562431307578826,0.617821471727644,-0.2552367975893022,-1.0776806999757016,-0.5329247678308576,0.8088531720304168,-1.7493709573955134,0,0,1,1,1,2
0,1,-0.46557367834583846,-0.08741839106754005,-0.526031741955823,1.135500694731101,-0.9717650500634147,-1.2895567752625248,0.7978604074625644,0.7227031852952942,0.23477637151226244,0.617821471727644,-0.2552367975893022,-1.0776806999757016,1.619673313995744,-0.291066662785488,1.0514353940822774,0,0,0,1,1,1
1,2,1.6210904542852909,2.1743518944595897,1.4114184638840637,-0.5433017678139239,0.8337046315094824,0.8554888448459084,1.3280515169376879,1.59163425244022,1.0319840506033509,0.617821471727644,-0.2552367975893022,0.1718627757934985,1.619673313995744,0.7242439539676545,-1.3992701634607896,0,0,1,1,2,2
1,1,0.41611539177999035,-0.21637897752303395,0.511560074441842,-0.5433017678139239,-0.6622559617937754,-0.8334263847796969,1.3280515169376879,-0.14622788184963176,1.0319840506033509,0.617821471727644,-0.2552367975893022,0.7966345136780986,2.6959723549090446,0.7242439539676545,-0.6990685755913418,1,2,1,1,2,2
0,2,-0.20106695730808918,0.5772246314338533,-0.4250272288551647,1.135500694731101,-0.19799232938931596,0.4240141511459363,-1.853095139913053,-1.0151589489945576,-2.156846665761003,0.617821471727644,-0.2552367975893022,-1.7024524378603016,-1.0710742882875082,0.639634735904893,1.4015361880170014,0,2,2,1,2,1
0,2,-0.5929287662529026,-0.49414024065794415,-0.5627606558106069,1.135500694731101,0.3178561510600832,0.7075546641487748,0.7978604074625644,-1.0151589489945576,1.0319840506033509,1.3248838227048365,-1.615032839918514,-0.45290896209110154,-0.5329247678308576,0.3011978636538452,-1.0491693695260658,1,2,0,1,0,2
1,4,-0.19127041208446907,0.299463368298943,0.30955104824052665,-0.5433017678139239,-0.9717650500634147,0.05417869940310315,-0.2625218114876826,-0.14622788184963176,-0.562431307578826,1.3248838227048365,-0.2552367975893022,0.1718627757934985,1.619673313995744,-0.8833311892248205,1.0514353940822774,0,2,0,1,1,2
1,1,-0.8476389420670308,-0.692541142897166,-0.8198630527940985,-0.5433017678139239,-1.1781044422431746,-0.9443770203025476,-0.2625218114876826,-0.14622788184963176,0.23477637151226244,-0.7963032302267411,-1.615032839918514,-1.0776806999757016,2.157822834452394,0.3011978636538452,-0.6990685755913418,0,2,2,1,1,2
0,0,-0.7594700350544481,-1.4365445262942478,-0.8382275097214911,-0.5433017678139239,-0.04323778525449631,0.62125972540878,-1.853095139913053,-1.8840900161394836,-2.156846665761003,-0.7963032302267411,-0.2552367975893022,-0.45290896209110154,-1.0710742882875082,-2.0678602421034866,-0.6990685755913418,0,1,0,1,1,2
0,0,-0.12269459551912652,-1.3571841653985592,0.05244865125703495,-0.5433017678139239,0.21468645497020328,-1.4498188043510856,-0.2625218114876826,0.7227031852952942,0.23477637151226244,0.617821471727644,-0.2552367975893022,0.7966345136780986,-1.6092238087441584,-0.12184822665996413,1.4015361880170014,0,2,1,1,1,2
0,3,1.6210904542852909,2.0652313982280166,1.6226097185490747,-0.5433017678139239,1.2979682639139414,1.2006685998058857,-0.2625218114876826,1.59163425244022,-0.562431307578826,-0.7963032302267411,1.1045592447399097,-1.0776806999757016,-0.5329247678308576,0.3858070817166075,-1.0491693695260658,0,2,0,1,1,2
1,1,-0.4263874974513571,-1.0595828120397266,0.38300887595009553,2.814303157276126,0.4210258471499631,-0.13073902646831345,1.3280515169376879,0.7227031852952942,1.0319840506033509,-1.5033655812039337,-0.2552367975893022,0.7966345136780986,0.00522475262579272,-0.8833311892248205,-1.0491693695260658,0,0,1,1,2,2
1,0,-1.4746178363787323,-1.4167044360703251,-1.297338932906298,1.135500694731101,-1.3328589863779943,-1.634736530222502,1.3280515169376879,-1.8840900161394836,1.0319840506033509,-1.5033655812039337,-1.615032839918514,1.4214062515626986,2.157822834452394,0.8088531720304168,-1.0491693695260658,0,2,1,1,1,2
1,1,-0.07371186940102593,-0.6032607368895155,0.686022415252068,-0.5433017678139239,1.710647048273461,0.6335875738002088,-0.7927129209628061,-0.14622788184963176,-1.3596389866699146,-0.7963032302267411,-0.2552367975893022,-0.45290896209110154,0.5433742730824431,0.3858070817166075,1.0514353940822774,0,2,1,1,2,2
1,4,0.5434704796870554,0.329223503634826,0.8604847560622952,-0.5433017678139239,1.607477352183581,1.8540445645515573,0.2676692979874409,-0.14622788184963176,0.23477637151226244,0.617821471727644,-0.2552367975893022,0.1718627757934985,0.00522475262579272,0.97807160815594,0.7013346001475536,0,2,2,1,0,1
1,1,-0.09330495984826617,-0.4743001504340217,-0.6821296258386564,-0.5433017678139239,1.091628871734182,0.7938496028887695,0.2676692979874409,-0.14622788184963176,0.23477637151226244,1.3248838227048365,-0.2552367975893022,-0.45290896209110154,-1.0710742882875082,1.6549453526580356,-1.0491693695260658,0,0,0,1,1,2
1,3,1.1116701026570344,0.9740264359122969,1.475694063129937,-0.5433017678139239,0.47261069519490284,0.3007356672316586,1.3280515169376879,0.7227031852952942,1.0319840506033509,-1.5033655812039337,1.1045592447399097,0.7966345136780986,0.00522475262579272,-0.37567588084824954,-0.6990685755913418,1,2,2,1,0,2
1,4,1.5035319116018477,1.9957910824442888,0.9982181830177373,-0.5433017678139239,-0.04323778525449631,-0.7841149912139851,-1.3229040304379296,0.7227031852952942,-1.3596389866699146,-0.08924087924954853,1.1045592447399097,-0.45290896209110154,0.00522475262579272,0.97807160815594,-0.6990685755913418,0,0,0,1,2,2
0,2,0.4748946631217128,-0.7619814586808938,0.7502980144979412,-0.5433017678139239,1.1432137197791217,1.3609306288944463,-1.3229040304379296,-1.0151589489945576,-1.3596389866699146,0.617821471727644,-0.2552367975893022,-1.0776806999757016,0.00522475262579272,0.639634735904893,0.7013346001475536,0,0,1,1,1,2
1,2,0.9451288338554888,0.3986638194185539,0.9982181830177373,-0.5433017678139239,1.7622318963184007,0.2267685768830909,0.7978604074625644,1.59163425244022,1.0319840506033509,1.3248838227048365,1.1045592447399097,0.7966345136780986,0.00522475262579272,-0.03723900859720181,-0.348967781656618,1,2,1,1,2,2
1,2,-1.3276696580244272,-1.4365445262942478,-1.3707967606158677,1.135500694731101,-1.6939529226925738,0.10349009296881319,-0.7927129209628061,-0.14622788184963176,-0.562431307578826,0.617821471727644,-0.2552367975893022,-0.45290896209110154,-0.5329247678308576,-1.898641805977963,-0.348967781656618,0,0,0,1,1,1
1,1,0.2691672134256851,0.4780241803142423,-0.2046537457264581,1.135500694731101,-0.3011620254791959,-0.18005042003402524,-0.7927129209628061,-0.14622788184963176,-0.562431307578826,-0.08924087924954853,1.1045592447399097,-0.45290896209110154,-1.0710742882875082,-0.37567588084824954,-1.7493709573955134,0,2,2,1,2,2
0,0,1.4937353663782258,1.261707744159169,0.9063958983807759,-0.5433017678139239,0.3178561510600832,-0.06909978451117459,0.7978604074625644,-0.14622788184963176,1.0319840506033509,-0.08924087924954853,1.1045592447399097,0.7966345136780986,0.5433742730824431,-1.4755957156641537,-0.348967781656618,0,2,0,1,1,2
1,1,-0.5635391305820422,0.35898363897070895,-1.0494187643865027,1.135500694731101,-0.19799232938931596,0.5596204834516412,-0.2625218114876826,-1.8840900161394836,0.23477637151226244,-0.08924087924954853,-0.2552367975893022,-0.45290896209110154,-0.5329247678308576,0.1319794275283213,0.7013346001475536,0,2,0,1,1,2
1,3,-0.08350841462464605,0.18042282695540965,0.20854653513986832,1.135500694731101,0.4210258471499631,-0.6238529621254244,-1.3229040304379296,-0.14622788184963176,-1.3596389866699146,0.617821471727644,1.1045592447399097,-1.0776806999757016,-1.0710742882875082,0.21658864559108362,0.7013346001475536,0,2,1,0,1,1
0,1,0.43570848222723063,0.6665050374415036,-0.0944670041621041,-0.5433017678139239,-0.5075014176589555,-1.227917533305386,1.3280515169376879,0.7227031852952942,1.0319840506033509,1.3248838227048365,-0.2552367975893022,1.4214062515626986,-1.0710742882875082,1.739554570720797,0.35123380621282974,1,2,0,1,0,2
0,3,0.08303285417689943,0.18042282695540965,0.4564667036596644,-0.5433017678139239,0.008347062790443425,0.18978503170880795,0.7978604074625644,1.59163425244022,1.0319840506033509,-0.7963032302267411,-0.2552367975893022,0.7966345136780986,1.619673313995744,0.1319794275283213,0.35123380621282974,0,2,1,1,1,2
0,3,-0.04432223373016384,0.23994309762717703,-0.6454007119838726,-0.5433017678139239,-1.1265195941982347,-1.0553276558253963,0.2676692979874409,0.7227031852952942,-0.562431307578826,1.3248838227048365,-0.2552367975893022,-1.0776806999757016,0.00522475262579272,1.739554570720797,0.35123380621282974,0,0,2,1,1,2
1,3,1.0332977408680717,0.38874377430659335,0.9155781268444715,-0.5433017678139239,-1.2296892902881142,-0.7964428396054138,0.2676692979874409,0.7227031852952942,1.0319840506033509,1.3248838227048365,1.1045592447399097,0.7966345136780986,0.00522475262579272,-0.37567588084824954,0.00113301227810585,0,2,0,1,0,2
1,1,0.6610290223704985,1.5097088719581961,0.1167242505029069,-0.5433017678139239,2.22649552872286,0.6828989673659188,0.7978604074625644,-0.14622788184963176,1.0319840506033509,1.3248838227048365,1.1045592447399097,0.7966345136780986,-0.5329247678308576,-1.3909864976013921,-0.6990685755913418,0,1,0,1,0,2
1,0,-0.1128980502955064,-0.19653888729911148,0.10754202203921127,-0.5433017678139239,0.885289479554422,0.9541116319773302,-1.3229040304379296,-0.14622788184963176,-1.3596389866699146,1.3248838227048365,1.1045592447399097,-1.0776806999757016,-1.6092238087441584,1.4857269165325109,1.4015361880170014,0,1,0,1,1,2
0,1,-0.6615045828182452,-0.7818215489048164,-1.6278991575993595,1.135500694731101,-1.2296892902881142,-1.0429998074339693,1.3280515169376879,-0.14622788184963176,1.0319840506033509,-0.7963032302267411,-0.2552367975893022,0.7966345136780986,0.5433742730824431,0.8934623900931784,-1.0491693695260658,1,2,0,1,0,2
0,2,0.3671326656618898,0.40858386453051443,-0.16792483187167298,-0.5433017678139239,0.11151675888032335,1.7430939290287084,1.3280515169376879,-1.0151589489945576,1.0319840506033509,0.617821471727644,1.1045592447399097,1.4214062515626986,-1.0710742882875082,-0.4602850989110111,0.00113301227810585,0,1,0,1,1,2
1,3,-0.19127041208446907,-0.563580556441672,-0.6454007119838726,1.135500694731101,0.3178561510600832,1.089717964283035,0.2676692979874409,-1.0151589489945576,1.0319840506033509,-1.5033655812039337,1.1045592447399097,0.1718627757934985,0.5433742730824431,0.1319794275283213,0.00113301227810585,1,2,0,1,2,1
1,1,-0.289235864320672,-0.8512618646885428,-0.7923163674030104,-0.5433017678139239,-1.9518771629172733,-0.6238529621254244,1.3280515169376879,-1.0151589489945576,1.0319840506033509,-0.08924087924954853,-0.2552367975893022,0.7966345136780986,-0.5329247678308576,1.1472900442814646,-1.0491693695260658,1,2,0,1,2,2
0,1,0.5826566605815359,0.38874377430659335,0.5574712167603227,-0.5433017678139239,1.1947985678240618,1.1513572062401738,1.3280515169376879,0.7227031852952942,1.0319840506033509,-0.08924087924954853,1.1045592447399097,1.4214062515626986,2.6959723549090446,-1.729423369852439,0.00113301227810585,0,1,2,1,2,2
0,2,-1.0435698465394376,-0.9504623158081538,-0.4525739142462529,-0.5433017678139239,-0.6622559617937754,0.10349009296881319,0.2676692979874409,-0.14622788184963176,0.23477637151226244,1.3248838227048365,-0.2552367975893022,0.7966345136780986,-0.5329247678308576,-0.37567588084824954,1.4015361880170014,1,0,0,0,1,2
0,2,1.1116701026570344,1.5295489621821188,0.6768401867883723,-0.5433017678139239,0.5757803912847828,0.8431609964544796,-1.3229040304379296,0.7227031852952942,-1.3596389866699146,-0.7963032302267411,1.1045592447399097,-1.7024524378603016,-1.6092238087441584,1.739554570720797,0.7013346001475536,0,0,2,1,1,2
0,0,1.160652828775135,0.7359453532252315,0.8053913852801176,-0.5433017678139239,-1.487613530512814,-1.0553276558253963,0.7978604074625644,0.7227031852952942,0.23477637151226244,-1.5033655812039337,1.1045592447399097,-0.45290896209110154,1.0815237935390936,-0.9679404072875828,-1.0491693695260658,0,0,1,1,2,2
0,3,1.6210904542852909,2.045391308004094,1.2002272092190527,-0.5433017678139239,0.988459175644302,1.1267015094573198,0.2676692979874409,1.59163425244022,1.0319840506033509,1.3248838227048365,-0.2552367975893022,0.7966345136780986,1.619673313995744,-1.560204933726916,-0.6990685755913418,0,0,2,0,1,2
1,3,1.2880079166822,1.737869909533301,1.2369561230738364,-0.5433017678139239,0.7305349354196025,1.7184382322458525,1.3280515169376879,0.7227031852952942,1.0319840506033509,-0.7963032302267411,1.1045592447399097,0.7966345136780986,-1.0710742882875082,-0.291066662785488,-0.6990685755913418,0,2,1,1,2,2
1,1,0.22018448730758455,-0.6131807820014775,-0.3056582588271151,2.814303157276126,-1.7971226187824534,-2.140178314271041,1.3280515169376879,-1.0151589489945576,1.0319840506033509,-0.08924087924954853,-0.2552367975893022,0.7966345136780986,-1.0710742882875082,1.4857269165325109,0.00113301227810585,0,2,2,1,2,2
0,2,0.21038794208396444,0.24986314273913757,0.7135691006431562,-0.5433017678139239,1.710647048273461,0.5719483318430699,-1.3229040304379296,-0.14622788184963176,-1.3596389866699146,1.3248838227048365,1.1045592447399097,-0.45290896209110154,-0.5329247678308576,0.7242439539676545,-1.0491693695260658,0,2,2,1,0,2
1,2,-0.5831322210292825,-0.42469992487421626,-0.36075162960929147,2.814303157276126,1.1947985678240618,2.3348306518172413,-1.3229040304379296,-0.14622788184963176,-1.3596389866699146,-0.08924087924954853,-0.2552367975893022,-1.7024524378603016,-1.0710742882875082,-0.9679404072875828,1.4015361880170014,0,1,2,1,1,1
1,2,1.3859733689184028,2.0057111275562507,1.5124229769847208,-0.5433017678139239,2.32966522481274,1.4102420224601582,-1.3229040304379296,1.59163425244022,-0.562431307578826,-0.08924087924954853,1.1045592447399097,-1.0776806999757016,-0.5329247678308576,-0.12184822665996413,-1.7493709573955134,0,2,1,1,0,2
0,2,-0.07371186940102593,0.06138228561187629,-0.26892934497233,-0.5433017678139239,1.3495531119588815,0.9664394803687573,-0.7927129209628061,1.59163425244022,-1.3596389866699146,0.617821471727644,-1.615032839918514,0.1718627757934985,0.5433742730824431,-0.37567588084824954,-0.348967781656618,0,1,0,1,2,2
0,1,-1.5333971077204538,-0.9703024060320762,-1.132058820559768,1.135500694731101,0.21468645497020328,-0.3772959942968689,-1.853095139913053,-1.0151589489945576,-1.3596389866699146,0.617821471727644,-1.615032839918514,-1.7024524378603016,-0.5329247678308576,-0.629503535036535,0.7013346001475536,1,0,0,1,1,1
1,2,-0.024729143282923603,0.2597831878510981,0.22691099206726087,-0.5433017678139239,-0.7654256578836551,-0.41427953947115187,-1.853095139913053,0.7227031852952942,-1.3596389866699146,-1.5033655812039337,1.1045592447399097,0.1718627757934985,-1.0710742882875082,-0.7141127530992973,-1.3992701634607896,0,1,1,1,1,2
1,3,-0.6810976732654854,-0.03781816550773461,-0.6913118543023533,-0.5433017678139239,-1.0233498981083546,-0.6361808105168532,0.2676692979874409,0.7227031852952942,1.0319840506033509,1.3248838227048365,-1.615032839918514,1.4214062515626986,-0.5329247678308576,0.3858070817166075,-1.0491693695260658,0,0,1,1,1,2
0,1,-0.3969978617804959,-0.44454001509813873,-1.2146988767330331,1.135500694731101,1.659062200228521,1.2499799933715974,1.3280515169376879,-0.14622788184963176,1.0319840506033509,1.3248838227048365,-0.2552367975893022,1.4214062515626986,1.0815237935390936,-0.4602850989110111,1.4015361880170014,0,2,1,1,1,2
1,2,0.6022497510287779,0.329223503634826,0.10754202203921127,1.135500694731101,-0.4043317215690758,-0.056771936119747506,1.3280515169376879,0.7227031852952942,1.0319840506033509,-0.7963032302267411,1.1045592447399097,0.1718627757934985,1.0815237935390936,1.2318992623442262,1.4015361880170014,0,1,1,0,2,2
1,2,0.278963758649307,-0.14693866173930603,-0.3423871726819002,1.135500694731101,1.659062200228521,0.9541116319773302,-0.7927129209628061,-1.8840900161394836,-0.562431307578826,-1.5033655812039337,-0.2552367975893022,-0.45290896209110154,0.5433742730824431,-0.7141127530992973,-1.3992701634607896,0,2,1,0,1,1
1,1,0.10262594462413967,-0.27589924819479994,0.2728221343857416,1.135500694731101,0.3694409991050229,0.608931877017353,0.2676692979874409,-1.0151589489945576,0.23477637151226244,0.617821471727644,-0.2552367975893022,-0.45290896209110154,-1.6092238087441584,-0.4602850989110111,-0.6990685755913418,0,1,1,1,0,2
1,2,-1.1121456631047801,-0.7818215489048164,-0.2597471165086344,-0.5433017678139239,1.7622318963184007,0.8431609964544796,-0.7927129209628061,-1.0151589489945576,-1.3596389866699146,1.3248838227048365,-0.2552367975893022,-1.7024524378603016,1.0815237935390936,-0.03723900859720181,1.0514353940822774,0,2,2,1,0,1
1,2,-0.34801513566239445,0.3788237291946314,-0.4433916857825572,-0.5433017678139239,1.1947985678240618,-0.1677225716425964,-2.383286249388177,-0.14622788184963176,-2.156846665761003,-1.5033655812039337,1.1045592447399097,-1.7024524378603016,-1.6092238087441584,1.0626808262187015,0.7013346001475536,0,2,1,1,1,2
0,4,-0.6908942184891064,0.40858386453051443,-0.6270362550564801,-0.5433017678139239,-0.817010505928595,-0.47591878142829075,1.3280515169376879,-0.14622788184963176,1.0319840506033509,0.617821471727644,-1.615032839918514,0.1718627757934985,0.5433742730824431,-1.0525496253503444,0.7013346001475536,0,2,2,1,2,2
0,4,1.3173975523530603,0.805385669008958,1.503240748521025,-0.5433017678139239,-0.6106711137488354,0.584276180234497,1.3280515169376879,-0.14622788184963176,1.0319840506033509,-1.5033655812039337,1.1045592447399097,0.7966345136780986,1.0815237935390936,0.04737020946555975,-1.0491693695260658,0,2,1,1,1,2
0,3,-2.228951818597497,-1.4067843909583646,-1.3157033898336907,1.135500694731101,-1.3328589863779943,-1.585425136656791,-0.7927129209628061,-1.0151589489945576,-1.3596389866699146,-0.7963032302267411,-0.2552367975893022,-0.45290896209110154,1.0815237935390936,-0.291066662785488,-0.348967781656618,0,1,0,1,0,2
1,1,0.21038794208396444,0.0316221502759933,-0.14037814648058483,-0.5433017678139239,-0.14640748134437623,-0.14306687485974226,0.7978604074625644,-0.14622788184963176,1.0319840506033509,0.617821471727644,1.1045592447399097,1.4214062515626986,1.0815237935390936,0.3011978636538452,0.7013346001475536,0,2,2,0,2,2
1,4,-0.651708037594625,-0.752061413568932,-1.3707967606158677,-0.5433017678139239,-0.14640748134437623,0.1774571833173809,1.3280515169376879,0.7227031852952942,1.0319840506033509,1.3248838227048365,-0.2552367975893022,0.7966345136780986,0.00522475262579272,-0.629503535036535,0.00113301227810585,0,2,1,1,2,2
0,2,-0.8574354872906519,-1.0992629924875708,-0.4617561427099498,1.135500694731101,-0.6106711137488354,-0.6238529621254244,0.2676692979874409,-0.14622788184963176,0.23477637151226244,0.617821471727644,-0.2552367975893022,-0.45290896209110154,-0.5329247678308576,0.04737020946555975,-1.7493709573955134,0,1,1,1,1,2
0,2,-1.5725832886149351,-1.4266244811822864,-1.1504232774871606,1.135500694731101,-1.6939529226925738,-0.47591878142829075,-0.7927129209628061,-0.14622788184963176,-1.3596389866699146,-0.08924087924954853,-1.615032839918514,0.1718627757934985,-1.0710742882875082,-1.560204933726916,1.0514353940822774,0,0,1,1,1,2
1,3,1.160652828775135,0.45818409009031985,0.26363990592204595,-0.5433017678139239,0.266271303015143,-0.31565675233973006,-0.7927129209628061,1.59163425244022,-0.562431307578826,-0.08924087924954853,1.1045592447399097,-0.45290896209110154,0.00522475262579272,-0.12184822665996413,-1.3992701634607896,0,1,1,1,2,2
0,2,1.6210904542852909,1.4700286915103513,1.6042452616216822,-0.5433017678139239,0.47261069519490284,0.20211288010023679,-0.2625218114876826,0.7227031852952942,-0.562431307578826,0.617821471727644,1.1045592447399097,-0.45290896209110154,0.00522475262579272,-0.5448943169737734,-0.6990685755913418,0,1,2,1,1,2
1,3,-0.289235864320672,-0.7223012782330489,-0.057738090307319016,1.135500694731101,-0.14640748134437623,-0.6485086589082802,1.3280515169376879,0.7227031852952942,1.0319840506033509,-0.08924087924954853,-1.615032839918514,1.4214062515626986,0.00522475262579272,-1.1371588434131066,1.4015361880170014,0,1,1,1,0,2
0,0,-0.7594700350544481,-0.39493978953833325,0.01571973740224986,1.135500694731101,-1.3844438344229342,-1.2895567752625248,-1.3229040304379296,-1.8840900161394836,-1.3596389866699146,-0.7963032302267411,-0.2552367975893022,-0.45290896209110154,-0.5329247678308576,-1.2217680614758681,0.35123380621282974,0,2,0,1,2,1
1,1,0.6512324771468784,0.5375444509860097,1.145133838436875,1.135500694731101,0.988459175644302,0.37470275758022453,0.7978604074625644,0.7227031852952942,1.0319840506033509,0.617821471727644,-0.2552367975893022,1.4214062515626986,-1.0710742882875082,0.8934623900931784,-0.348967781656618,0,1,1,1,0,2
0,4,-1.552990198167695,-1.8035861954368082,-1.2606100190515137,-0.5433017678139239,0.21468645497020328,1.4472255676344412,0.2676692979874409,-1.0151589489945576,0.23477637151226244,-1.5033655812039337,-0.2552367975893022,-0.45290896209110154,-0.5329247678308576,-0.629503535036535,-0.6990685755913418,0,2,1,1,1,2
0,3,-1.8566831000999247,-0.8413418195765823,-2.050281666929382,-0.5433017678139239,0.11151675888032335,-0.43893523625400777,-1.3229040304379296,-1.8840900161394836,-1.3596389866699146,-1.5033655812039337,-0.2552367975893022,-1.7024524378603016,-1.0710742882875082,1.2318992623442262,-0.6990685755913418,0,2,1,1,2,1
0,1,0.0732363089532793,0.31930345852286546,0.2360932205309578,-0.5433017678139239,1.4011379600038212,1.077390115891608,-1.853095139913053,-0.14622788184963176,-1.3596389866699146,0.617821471727644,-0.2552367975893022,-1.7024524378603016,0.00522475262579272,0.04737020946555975,0.35123380621282974,1,1,1,1,0,2
0,3,-0.014932598059303488,0.16058273673148718,0.2360932205309578,-0.5433017678139239,0.21468645497020328,0.62125972540878,-0.7927129209628061,0.7227031852952942,-0.562431307578826,-0.7963032302267411,-0.2552367975893022,0.1718627757934985,-0.5329247678308576,0.1319794275283213,0.35123380621282974,0,2,1,1,1,2
1,2,0.09282939940051954,0.7061852178893471,0.28200436284943853,-0.5433017678139239,0.4210258471499631,0.4979812414945023,-0.2625218114876826,-1.8840900161394836,-0.562431307578826,-0.7963032302267411,-0.2552367975893022,-0.45290896209110154,0.00522475262579272,-0.7141127530992973,0.7013346001475536,0,2,2,1,2,2
1,1,0.3965223013327501,0.8351458043448424,0.1259064789666038,-0.5433017678139239,0.7305349354196025,1.4595534160258683,0.7978604074625644,0.7227031852952942,1.0319840506033509,-0.08924087924954853,1.1045592447399097,0.1718627757934985,0.00522475262579272,1.739554570720797,-0.6990685755913418,0,1,1,1,1,2
0,3,-1.2982800223535667,-1.3373440751746368,-0.8198630527940985,1.135500694731101,-1.1265195941982347,-1.3635238656110906,1.3280515169376879,-1.8840900161394836,1.0319840506033509,-0.7963032302267411,-1.615032839918514,1.4214062515626986,0.5433742730824431,-0.2064574447227257,0.7013346001475536,0,2,0,1,1,1
1,2,-0.3969978617804959,0.5276244058740478,-0.9851431651406302,-0.5433017678139239,2.48441976894756,1.8170610193772743,0.2676692979874409,-0.14622788184963176,1.0319840506033509,0.617821471727644,-1.615032839918514,1.4214062515626986,1.0815237935390936,1.4857269165325109,1.4015361880170014,1,0,0,1,1,2
1,0,1.3663802784711627,0.845065849456803,1.7787076024319095,-0.5433017678139239,-1.8487074668273933,-2.2881124949681735,1.3280515169376879,0.7227031852952942,1.0319840506033509,0.617821471727644,1.1045592447399097,1.4214062515626986,-1.0710742882875082,0.21658864559108362,-0.6990685755913418,0,2,0,1,2,2
1,4,-1.210111115340983,-1.9127066916683797,-1.9951882961472052,-0.5433017678139239,0.5241955432398426,1.2253242965887416,-1.3229040304379296,-0.14622788184963176,-1.3596389866699146,0.617821471727644,-1.615032839918514,-1.0776806999757016,0.00522475262579272,0.639634735904893,-0.6990685755913418,0,2,1,0,2,2
0,3,0.7589944746067014,0.5177043607620873,1.218591666146444,1.135500694731101,0.059931910835383614,-0.48824662981971956,0.2676692979874409,1.59163425244022,-0.562431307578826,-1.5033655812039337,1.1045592447399097,-0.45290896209110154,1.619673313995744,-0.291066662785488,-1.3992701634607896,1,2,1,1,2,2
1,1,0.9451288338554888,1.450188601286429,0.9063958983807759,-0.5433017678139239,-1.0233498981083546,-0.697820052473992,0.2676692979874409,0.7227031852952942,1.0319840506033509,-1.5033655812039337,1.1045592447399097,0.7966345136780986,0.00522475262579272,-0.2064574447227257,0.00113301227810585,0,2,0,1,2,2
1,1,-0.33821859043877434,-0.5437404662177496,0.10754202203921127,1.135500694731101,-0.5590862657038954,-0.06909978451117459,-0.2625218114876826,1.59163425244022,-1.3596389866699146,-1.5033655812039337,-0.2552367975893022,-1.0776806999757016,0.5433742730824431,-1.0525496253503444,-0.348967781656618,0,0,0,0,0,2
0,2,1.6210904542852909,1.251787699047207,1.4389651492751518,-0.5433017678139239,1.659062200228521,1.5828318999401458,-0.2625218114876826,1.59163425244022,-0.562431307578826,-1.5033655812039337,1.1045592447399097,-1.0776806999757016,-1.0710742882875082,-1.1371588434131066,1.4015361880170014,1,2,1,1,0,2
1,2,0.6120462962523979,0.9343462554644533,-0.526031741955823,2.814303157276126,-0.24957717743425592,-0.8704099299539798,-0.2625218114876826,1.59163425244022,-1.3596389866699146,0.617821471727644,-0.2552367975893022,-1.0776806999757016,-1.0710742882875082,-1.0525496253503444,1.4015361880170014,0,0,2,1,2,2
1,1,-0.13249114074274665,-0.21637897752303395,-0.057738090307319016,1.135500694731101,0.266271303015143,-1.1169668977825353,0.7978604074625644,1.59163425244022,1.0319840506033509,0.617821471727644,-0.2552367975893022,1.4214062515626986,0.5433742730824431,-0.7987219711620589,0.7013346001475536,0,2,1,1,2,2
1,1,1.092077012209794,1.1823473832634805,0.7135691006431562,-0.5433017678139239,-0.7654256578836551,-0.06909978451117459,-0.2625218114876826,0.7227031852952942,0.23477637151226244,-0.08924087924954853,1.1045592447399097,0.1718627757934985,1.619673313995744,-0.5448943169737734,-1.3992701634607896,1,0,2,1,2,2
1,1,-0.3284220452151542,-0.008058030171850212,-0.6270362550564801,-0.5433017678139239,0.3694409991050229,0.21444072849166385,0.7978604074625644,0.7227031852952942,1.0319840506033509,0.617821471727644,-0.2552367975893022,1.4214062515626986,0.5433742730824431,0.7242439539676545,-0.6990685755913418,0,2,0,1,0,2
0,2,1.6210904542852909,2.0354712628921336,1.1084049245820913,-0.5433017678139239,-0.7654256578836551,-0.14306687485974226,0.7978604074625644,1.59163425244022,0.23477637151226244,-1.5033655812039337,-0.2552367975893022,-0.45290896209110154,0.5433742730824431,-0.03723900859720181,-1.0491693695260658,0,0,0,1,0,2
1,4,-1.2884834771299458,-2.09126750368368,-1.3891612175432597,-0.5433017678139239,-1.2296892902881142,-0.771787142822558,-1.3229040304379296,-1.8840900161394836,-1.3596389866699146,1.3248838227048365,-1.615032839918514,-1.0776806999757016,-1.6092238087441584,0.97807160815594,-0.348967781656618,0,1,1,1,2,2
1,4,1.1508562835515148,0.2597831878510981,0.5850179021514109,-0.5433017678139239,-0.7654256578836551,-1.20326183652253,-0.2625218114876826,0.7227031852952942,-0.562431307578826,-0.08924087924954853,-0.2552367975893022,-0.45290896209110154,0.00522475262579272,-0.03723900859720181,1.4015361880170014,1,1,0,1,0,2
1,2,-0.7888596707253093,-0.8512618646885428,-0.32402271575450764,-0.5433017678139239,-1.7455377707375135,-0.9320491719111187,-1.853095139913053,-1.0151589489945576,-2.156846665761003,-0.7963032302267411,1.1045592447399097,-1.7024524378603016,-0.5329247678308576,1.739554570720797,1.4015361880170014,0,2,0,1,1,2
1,4,0.014457037611556865,-0.44454001509813873,0.32791550516791923,-0.5433017678139239,-0.868595353973535,-1.4744745011339413,0.2676692979874409,-0.14622788184963176,0.23477637151226244,1.3248838227048365,-0.2552367975893022,0.7966345136780986,0.00522475262579272,0.04737020946555975,0.35123380621282974,0,2,0,1,1,2
1,1,-0.4067944070041169,-0.05765825573165566,-0.7464052250845297,-0.5433017678139239,-1.436028682467874,-0.8580820815625527,1.3280515169376879,-0.14622788184963176,1.0319840506033509,-0.7963032302267411,-0.2552367975893022,1.4214062515626986,-0.5329247678308576,0.639634735904893,-0.6990685755913418,1,2,1,1,2,2
0,0,1.0430942860916919,1.1525872479275963,1.154316066900572,-0.5433017678139239,-1.3328589863779943,-1.794998559311063,0.7978604074625644,-0.14622788184963176,1.0319840506033509,1.3248838227048365,1.1045592447399097,1.4214062515626986,1.0815237935390936,-0.37567588084824954,-1.3992701634607896,0,2,2,1,2,2
0,3,-1.670548740851139,-1.8333463307726914,-1.1136943636323753,-0.5433017678139239,-1.2296892902881142,-1.2895567752625248,-0.2625218114876826,0.7227031852952942,-0.562431307578826,1.3248838227048365,-1.615032839918514,0.1718627757934985,-1.0710742882875082,1.739554570720797,1.0514353940822774,0,2,2,1,1,2
1,3,0.8275702911720441,0.9045861201285689,0.8880314414533833,-0.5433017678139239,-0.19799232938931596,0.6335875738002088,-0.2625218114876826,-0.14622788184963176,0.23477637151226244,-0.7963032302267411,1.1045592447399097,-0.45290896209110154,-0.5329247678308576,-0.03723900859720181,1.4015361880170014,0,2,0,1,2,2
0,3,1.6210904542852909,0.9442663005764138,1.1726805238279632,-0.5433017678139239,-0.7138408098387151,-1.5114580463082243,-0.2625218114876826,0.7227031852952942,0.23477637151226244,1.3248838227048365,1.1045592447399097,1.4214062515626986,-1.0710742882875082,-0.291066662785488,1.4015361880170014,1,2,1,1,1,2
1,2,-2.0820036402431925,-1.7738260601009246,-1.8941837830465473,-0.5433017678139239,-0.19799232938931596,-0.26634535877402,1.3280515169376879,-1.8840900161394836,1.0319840506033509,-0.7963032302267411,-1.615032839918514,0.1718627757934985,0.5433742730824431,0.639634735904893,-0.6990685755913418,0,1,1,0,0,2
0,2,0.5728601153579157,1.1625072930395581,0.6584757298609798,-0.5433017678139239,-1.1781044422431746,-1.2772289268710968,-1.3229040304379296,0.7227031852952942,-0.562431307578826,-0.7963032302267411,-0.2552367975893022,-1.0776806999757016,-1.0710742882875082,-0.03723900859720181,-0.6990685755913418,0,0,0,1,1,2
1,3,0.18099830641310233,-0.07749834595557813,0.7043868721794605,-0.5433017678139239,-0.7654256578836551,-0.01978839094546454,-0.2625218114876826,0.7227031852952942,0.23477637151226244,0.617821471727644,1.1045592447399097,0.7966345136780986,0.00522475262579272,1.4011176984697493,-1.3992701634607896,0,2,2,1,0,2
0,4,0.17120176118948222,0.7061852178893471,-0.24138265958124186,-0.5433017678139239,-0.817010505928595,-1.0429998074339693,1.3280515169376879,-1.0151589489945576,1.0319840506033509,1.3248838227048365,-0.2552367975893022,1.4214062515626986,-0.5329247678308576,-2.490906332417296,1.4015361880170014,1,2,2,1,2,2
1,0,0.6316393866996382,0.22010300740325456,0.38300887595009553,1.135500694731101,0.008347062790443425,-0.06909978451117459,0.7978604074625644,1.59163425244022,1.0319840506033509,-1.5033655812039337,1.1045592447399097,0.7966345136780986,-1.0710742882875082,1.739554570720797,-0.348967781656618,0,2,0,1,1,2
1,1,1.2292286453404775,1.2121075185993635,-0.3332049442182033,-0.5433017678139239,-1.7455377707375135,-2.2757846465767466,1.3280515169376879,-0.14622788184963176,1.0319840506033509,-0.08924087924954853,-0.2552367975893022,0.7966345136780986,0.5433742730824431,-0.4602850989110111,-1.3992701634607896,0,2,0,1,2,2
1,1,-0.21086350253170932,-0.1667787519632285,0.043266422793338026,1.135500694731101,0.6273652393297225,0.62125972540878,-0.2625218114876826,-1.0151589489945576,0.23477637151226244,-1.5033655812039337,-0.2552367975893022,0.1718627757934985,0.00522475262579272,-0.5448943169737734,0.7013346001475536,1,1,2,0,0,1
0,1,1.5721077281671887,0.7359453532252315,1.9623521717058323,-0.5433017678139239,-0.6622559617937754,-0.771787142822558,-0.7927129209628061,1.59163425244022,-0.562431307578826,-0.08924087924954853,1.1045592447399097,0.1718627757934985,-0.5329247678308576,0.8088531720304168,-0.6990685755913418,0,0,2,1,0,2
0,2,0.5924532058051559,1.0434667516960248,1.0992226961183944,-0.5433017678139239,0.266271303015143,0.05417869940310315,-0.2625218114876826,-1.0151589489945576,-0.562431307578826,1.3248838227048365,-0.2552367975893022,-1.0776806999757016,-1.0710742882875082,-0.7987219711620589,-1.3992701634607896,0,0,0,1,1,2
1,1,-1.9056658262180262,-1.347264120286598,-2.15128618003004,1.135500694731101,-0.04323778525449631,-0.26634535877402,-0.7927129209628061,-1.0151589489945576,-1.3596389866699146,-0.08924087924954853,-1.615032839918514,-1.7024524378603016,-1.0710742882875082,-0.12184822665996413,0.00113301227810585,0,2,1,1,0,2
1,2,-0.12269459551912652,-0.9008620902483483,0.08917756511181874,1.135500694731101,-0.920180202018475,0.1774571833173809,0.2676692979874409,-0.14622788184963176,1.0319840506033509,-0.08924087924954853,-0.2552367975893022,0.1718627757934985,-0.5329247678308576,-2.0678602421034866,0.7013346001475536,0,1,1,1,1,2
1,4,-0.014932598059303488,-0.4147798797622557,-0.4617561427099498,-0.5433017678139239,0.4210258471499631,0.6335875738002088,1.3280515169376879,0.7227031852952942,1.0319840506033509,-0.7963032302267411,-0.2552367975893022,0.1718627757934985,1.619673313995744,0.639634735904893,-1.3992701634607896,0,1,2,1,0,2
1,4,-0.7104873089363466,-0.45446006021009927,-0.7280407681571371,-0.5433017678139239,-0.04323778525449631,-0.01978839094546454,-2.383286249388177,-1.0151589489945576,-2.156846665761003,-0.08924087924954853,1.1045592447399097,-1.7024524378603016,-1.0710742882875082,-0.2064574447227257,1.0514353940822774,0,2,1,1,0,1
0,4,1.6210904542852909,1.4799487366223132,1.8062542878229975,-0.5433017678139239,0.885289479554422,1.3362749321115905,0.7978604074625644,0.7227031852952942,1.0319840506033509,1.3248838227048365,-0.2552367975893022,1.4214062515626986,-0.5329247678308576,0.97807160815594,-1.7493709573955134,0,1,1,1,1,2
0,4,-1.2688903866827055,-1.138943172935415,-0.847409738185188,-0.5433017678139239,-0.817010505928595,-0.3772959942968689,-2.383286249388177,-1.0151589489945576,-2.156846665761003,1.3248838227048365,-0.2552367975893022,-1.7024524378603016,-0.5329247678308576,-0.03723900859720181,-1.3992701634607896,0,1,0,1,0,1
1,1,-1.6509556504038978,-2.130947684131524,-1.6095347006719676,1.135500694731101,-0.14640748134437623,0.4116863027545075,-0.2625218114876826,-1.0151589489945576,-0.562431307578826,-0.08924087924954853,-1.615032839918514,0.1718627757934985,0.5433742730824431,-1.3909864976013921,0.00113301227810585,1,1,1,1,2,2
1,2,1.2292286453404775,0.5772246314338533,1.7419786885771242,-0.5433017678139239,0.8337046315094824,1.3116192353287364,0.2676692979874409,0.7227031852952942,1.0319840506033509,-0.7963032302267411,-0.2552367975893022,0.7966345136780986,1.619673313995744,1.4857269165325109,-1.7493709573955134,0,2,0,1,1,2
1,2,0.05364321850603907,0.48794422542620425,0.254457677458349,1.135500694731101,1.9169864404532204,1.977323048465835,-1.3229040304379296,-0.14622788184963176,-1.3596389866699146,-0.08924087924954853,1.1045592447399097,-0.45290896209110154,-1.6092238087441584,-1.3909864976013921,1.4015361880170014,0,2,0,0,2,2
0,3,1.1508562835515148,0.35898363897070895,1.0992226961183944,-0.5433017678139239,-0.24957717743425592,-0.29100105555687417,0.2676692979874409,0.7227031852952942,0.23477637151226244,-1.5033655812039337,1.1045592447399097,0.1718627757934985,0.5433742730824431,-0.37567588084824954,-0.348967781656618,0,0,2,1,2,2
0,1,0.2985568490965472,0.24986314273913757,-0.5443961988832143,-0.5433017678139239,0.3694409991050229,-0.845754233171124,0.2676692979874409,-0.14622788184963176,1.0319840506033509,1.3248838227048365,-1.615032839918514,0.1718627757934985,1.0815237935390936,-0.2064574447227257,-0.6990685755913418,0,0,0,1,1,2
0,1,-0.04432223373016384,-0.14693866173930603,-0.5627606558106069,-0.5433017678139239,0.6789500873746627,1.7430939290287084,1.3280515169376879,-0.14622788184963176,1.0319840506033509,-0.08924087924954853,1.1045592447399097,1.4214062515626986,0.5433742730824431,1.739554570720797,-1.3992701634607896,0,1,1,1,1,2
0,3,-0.22066004775533118,0.9938665261362193,-1.1228765920960717,-0.5433017678139239,0.885289479554422,0.5226369382773581,0.2676692979874409,-0.14622788184963176,0.23477637151226244,-0.7963032302267411,-0.2552367975893022,0.1718627757934985,0.5433742730824431,0.8088531720304168,0.00113301227810585,0,0,1,1,1,2
1,3,-0.7398769446072079,-0.9207021804722707,-0.6913118543023533,1.135500694731101,-0.817010505928595,-1.3018846236539519,0.7978604074625644,-1.0151589489945576,1.0319840506033509,-0.08924087924954853,-0.2552367975893022,1.4214062515626986,1.0815237935390936,0.8934623900931784,0.00113301227810585,0,1,2,1,1,2
1,2,-0.5439460401348012,0.06138228561187629,-1.3616145321521715,-0.5433017678139239,0.11151675888032335,0.11581794136024201,0.2676692979874409,-0.14622788184963176,0.23477637151226244,0.617821471727644,-1.615032839918514,0.7966345136780986,0.00522475262579272,0.639634735904893,0.00113301227810585,1,1,2,0,1,2
1,2,0.7394013841594612,1.0533867968079853,0.8145736137438144,-0.5433017678139239,2.48441976894756,2.889583829431491,-0.7927129209628061,0.7227031852952942,-1.3596389866699146,-0.08924087924954853,-0.2552367975893022,-2.327224175744902,-1.0710742882875082,1.1472900442814646,0.00113301227810585,0,2,1,0,2,2
0,4,0.6316393866996382,-0.08741839106754005,0.1259064789666038,-0.5433017678139239,0.5241955432398426,1.114373661065891,-1.853095139913053,-0.14622788184963176,-1.3596389866699146,-0.7963032302267411,-0.2552367975893022,-1.7024524378603016,-0.5329247678308576,0.7242439539676545,0.35123380621282974,0,2,2,0,1,1
1,3,-0.4067944070041169,-0.206458932411072,-0.10364923262579973,-0.5433017678139239,0.3178561510600832,0.029523002620247252,0.2676692979874409,0.7227031852952942,0.23477637151226244,-0.7963032302267411,-1.615032839918514,0.1718627757934985,0.5433742730824431,0.7242439539676545,-1.7493709573955134,0,0,2,1,2,2
0,4,0.6806221128177388,0.6565849923295417,0.8053913852801176,1.135500694731101,0.47261069519490284,0.5596204834516412,0.7978604074625644,0.7227031852952942,1.0319840506033509,-1.5033655812039337,1.1045592447399097,0.1718627757934985,-1.0710742882875082,0.21658864559108362,0.35123380621282974,0,2,0,1,1,1
1,3,1.29780446190582,1.6485895035256506,1.3012317223197098,-0.5433017678139239,-1.9002923148723334,-1.6963757721796409,0.7978604074625644,1.59163425244022,1.0319840506033509,0.617821471727644,1.1045592447399097,0.7966345136780986,-0.5329247678308576,0.21658864559108362,0.35123380621282974,0,1,1,1,2,2
1,1,-0.22066004775533118,0.8649059396807254,-0.9759609366769332,-0.5433017678139239,-1.487613530512814,-2.152506162662469,0.7978604074625644,-0.14622788184963176,1.0319840506033509,-0.7963032302267411,-0.2552367975893022,0.1718627757934985,0.00522475262579272,1.739554570720797,-0.6990685755913418,0,0,1,1,0,2
1,4,0.6022497510287779,0.5970647216577757,0.9339425837718641,-0.5433017678139239,1.4011379600038212,1.545848354765863,-1.3229040304379296,0.7227031852952942,-0.562431307578826,-0.08924087924954853,1.1045592447399097,-0.45290896209110154,0.5433742730824431,1.570336134595274,-0.348967781656618,0,2,1,1,0,2
0,2,-1.8664796453235448,-0.8314217744646217,-1.8482726407280667,-0.5433017678139239,1.091628871734182,1.3979141740687293,-0.2625218114876826,-1.8840900161394836,-0.562431307578826,-1.5033655812039337,-1.615032839918514,-0.45290896209110154,0.5433742730824431,-0.12184822665996413,1.0514353940822774,0,1,2,1,1,1
0,3,1.6210904542852909,1.4105084208385854,2.10926782712497,-0.5433017678139239,0.266271303015143,-0.26634535877402,1.3280515169376879,0.7227031852952942,1.0319840506033509,1.3248838227048365,1.1045592447399097,1.4214062515626986,-0.5329247678308576,0.1319794275283213,1.0514353940822774,1,2,1,1,2,2
1,1,-0.7790631255016892,-0.4643801053220612,0.07081310818442618,2.814303157276126,-0.7654256578836551,-0.6361808105168532,0.7978604074625644,0.7227031852952942,0.23477637151226244,0.617821471727644,-0.2552367975893022,0.7966345136780986,-1.0710742882875082,1.4857269165325109,-1.0491693695260658,0,1,0,1,0,1
1,1,-0.5929287662529026,-0.6727010526732435,-0.6454007119838726,-0.5433017678139239,-1.0233498981083546,-1.3265403204368078,0.7978604074625644,-0.14622788184963176,1.0319840506033509,-0.7963032302267411,-0.2552367975893022,1.4214062515626986,-0.5329247678308576,0.04737020946555975,-1.0491693695260658,0,1,0,1,2,2
0,1,1.0724839217625521,1.3410681050548574,0.4564667036596644,-0.5433017678139239,1.3495531119588815,1.977323048465835,-0.7927129209628061,-1.8840900161394836,-0.562431307578826,-0.08924087924954853,-0.2552367975893022,0.1718627757934985,-0.5329247678308576,0.04737020946555975,0.35123380621282974,0,1,2,1,1,2
1,2,1.6210904542852909,1.0533867968079853,1.3838717784929755,-0.5433017678139239,1.091628871734182,0.8061774512801966,-0.7927129209628061,0.7227031852952942,-1.3596389866699146,-0.08924087924954853,-1.615032839918514,-1.7024524378603016,0.00522475262579272,0.97807160815594,0.35123380621282974,0,1,0,1,0,2
1,2,-1.670548740851139,-1.476224706742092,-1.3524323036884751,-0.5433017678139239,0.6273652393297225,0.36237490918879744,0.7978604074625644,-0.14622788184963176,0.23477637151226244,0.617821471727644,-1.615032839918514,0.1718627757934985,-1.0710742882875082,1.739554570720797,-1.0491693695260658,0,1,0,1,1,2
1,4,1.6210904542852909,0.5375444509860097,1.6317919470127704,-0.5433017678139239,0.6273652393297225,1.1636850546316027,0.7978604074625644,-1.0151589489945576,1.0319840506033509,1.3248838227048365,1.1045592447399097,0.1718627757934985,1.0815237935390936,0.7242439539676545,-1.3992701634607896,0,2,2,1,1,2
1,2,1.4839388211546058,1.3906683306146628,0.6492935013972841,-0.5433017678139239,1.9169864404532204,1.8047331709858472,-1.3229040304379296,1.59163425244022,-0.562431307578826,0.617821471727644,1.1045592447399097,-1.0776806999757016,-1.6092238087441584,1.3165084804069878,0.00113301227810585,1,1,1,1,0,2
1,3,0.08303285417689943,-0.8512618646885428,0.16263539282138761,1.135500694731101,0.8337046315094824,0.39935845436308043,1.3280515169376879,1.59163425244022,1.0319840506033509,-0.7963032302267411,-0.2552367975893022,0.7966345136780986,0.00522475262579272,-0.2064574447227257,-1.7493709573955134,0,1,1,1,2,2
1,1,0.7883841102775635,0.2300230525152151,-0.08528477569840719,-0.5433017678139239,-0.45591656961401555,-0.9567048686939745,0.2676692979874409,0.7227031852952942,1.0319840506033509,0.617821471727644,-0.2552367975893022,0.7966345136780986,2.6959723549090446,1.6549453526580356,0.7013346001475536,1,2,1,1,0,2
1,2,0.5532670249106755,-0.11717852640342305,0.6584757298609798,-0.5433017678139239,0.9368743275993623,0.584276180234497,-1.3229040304379296,0.7227031852952942,-0.562431307578826,-0.08924087924954853,1.1045592447399097,-1.0776806999757016,1.0815237935390936,-1.560204933726916,1.4015361880170014,0,2,0,1,0,2
1,2,0.44550502745085246,-1.0199026315918815,1.8338009732140856,-0.5433017678139239,0.5757803912847828,-0.8950656267368358,-0.7927129209628061,0.7227031852952942,-1.3596389866699146,-1.5033655812039337,1.1045592447399097,-0.45290896209110154,-1.0710742882875082,0.04737020946555975,1.4015361880170014,0,2,2,1,2,2
1,1,-1.2297042057882241,-1.585345202973664,-0.9208675658947569,-0.5433017678139239,-0.19799232938931596,-1.0183441106511135,-1.3229040304379296,-1.8840900161394836,-1.3596389866699146,-0.08924087924954853,1.1045592447399097,-1.0776806999757016,0.00522475262579272,1.739554570720797,1.0514353940822774,0,2,1,1,1,1
0,3,1.2880079166822,1.9164307215486003,1.3930540069566713,-0.5433017678139239,-0.5590862657038954,-0.1923782684254523,-0.2625218114876826,0.7227031852952942,-0.562431307578826,1.3248838227048365,1.1045592447399097,-0.45290896209110154,0.5433742730824431,1.4857269165325109,0.7013346001475536,1,2,0,1,2,2
1,2,0.44550502745085246,0.5276244058740478,-0.12201368955319228,-0.5433017678139239,1.2463834158690017,-0.01978839094546454,1.3280515169376879,0.7227031852952942,1.0319840506033509,1.3248838227048365,1.1045592447399097,1.4214062515626986,-1.6092238087441584,0.639634735904893,1.4015361880170014,0,0,1,1,1,2
1,4,-0.984790575197716,-0.017978075283812147,-0.9208675658947569,-0.5433017678139239,-0.14640748134437623,-0.7964428396054138,-0.7927129209628061,-0.14622788184963176,-1.3596389866699146,-0.08924087924954853,-1.615032839918514,-1.7024524378603016,-0.5329247678308576,0.47041629977936905,1.4015361880170014,0,2,1,1,1,2
1,3,-2.6110170823186905,-2.1805479096913296,-1.6095347006719676,2.814303157276126,-0.4043317215690758,0.28840781884022976,-0.2625218114876826,-1.8840900161394836,-0.562431307578826,-0.7963032302267411,-1.615032839918514,-0.45290896209110154,-0.5329247678308576,-1.4755957156641537,1.4015361880170014,0,0,0,1,1,1
0,2,-0.17167732163722885,-0.28581929330676187,-0.32402271575450764,-0.5433017678139239,-0.868595353973535,-0.1923782684254523,0.7978604074625644,-1.0151589489945576,0.23477637151226244,-1.5033655812039337,1.1045592447399097,0.1718627757934985,0.5433742730824431,0.5550255178421306,-0.6990685755913418,0,0,2,1,0,2
1,2,-0.9651974847504748,-0.7719015037928544,-0.8106808243304029,-0.5433017678139239,-1.0233498981083546,-0.32798460073115887,1.3280515169376879,-1.0151589489945576,1.0319840506033509,-1.5033655812039337,-0.2552367975893022,0.7966345136780986,1.619673313995744,-0.7987219711620589,0.00113301227810585,0,1,2,0,0,2
0,1,-2.434679268293524,-1.4960647969660144,-2.2798373785217856,1.135500694731101,-1.0233498981083546,-1.5730972882653633,-1.3229040304379296,-1.8840900161394836,-1.3596389866699146,-1.5033655812039337,-0.2552367975893022,-1.7024524378603016,-1.0710742882875082,0.639634735904893,0.7013346001475536,0,1,2,1,2,1
1,2,0.8177737459484239,1.0137066163601418,0.5299245313692333,-0.5433017678139239,-2.106631707052093,-0.7964428396054138,0.7978604074625644,-1.0151589489945576,1.0319840506033509,0.617821471727644,-0.2552367975893022,0.1718627757934985,0.00522475262579272,0.47041629977936905,-1.0491693695260658,0,1,2,1,1,2
1,3,-0.35781168088601456,0.2597831878510981,-0.2964760303634195,-0.5433017678139239,-1.0749347461532945,-0.9073934751282627,-0.2625218114876826,-0.14622788184963176,-1.3596389866699146,0.617821471727644,-0.2552367975893022,-1.0776806999757016,-0.5329247678308576,-0.291066662785488,-1.3992701634607896,0,1,1,1,1,2
1,1,-0.6615045828182452,-1.0000625413679591,0.17181762128508454,-0.5433017678139239,-0.868595353973535,-1.3388681688282358,-0.7927129209628061,-0.14622788184963176,-0.562431307578826,1.3248838227048365,-0.2552367975893022,0.1718627757934985,-0.5329247678308576,-0.291066662785488,-0.6990685755913418,1,2,1,1,1,2
1,2,-0.00513605283568337,0.48794422542620425,0.22691099206726087,-0.5433017678139239,-0.5590862657038954,-0.771787142822558,0.2676692979874409,-1.0151589489945576,-0.562431307578826,-0.7963032302267411,1.1045592447399097,-1.7024524378603016,0.00522475262579272,-1.1371588434131066,-0.348967781656618,0,1,1,1,2,2
1,1,-0.7104873089363466,-0.5239003759938271,0.3187332767042223,-0.5433017678139239,-0.35274687352413586,0.7198825125402019,1.3280515169376879,-0.14622788184963176,1.0319840506033509,0.617821471727644,-1.615032839918514,0.1718627757934985,0.00522475262579272,0.1319794275283213,1.0514353940822774,0,2,0,1,1,2
0,1,0.3475395752146478,1.0236266614721024,-0.6270362550564801,-0.5433017678139239,-0.5075014176589555,-1.1416225945653913,0.2676692979874409,0.7227031852952942,1.0319840506033509,-0.08924087924954853,-0.2552367975893022,0.7966345136780986,-1.0710742882875082,-1.0525496253503444,-1.0491693695260658,0,2,1,1,0,2
0,2,0.7589944746067014,1.2021874734874016,0.6309290444698916,-0.5433017678139239,-0.5075014176589555,-0.18005042003402524,-1.3229040304379296,1.59163425244022,-1.3596389866699146,1.3248838227048365,-0.2552367975893022,-1.0776806999757016,0.00522475262579272,-0.37567588084824954,-1.0491693695260658,1,2,0,1,1,2
1,1,0.9647219243027291,1.0236266614721024,0.3921911044137912,-0.5433017678139239,-0.4043317215690758,-0.6361808105168532,1.3280515169376879,0.7227031852952942,1.0319840506033509,-0.7963032302267411,1.1045592447399097,1.4214062515626986,1.0815237935390936,0.3858070817166075,-1.0491693695260658,0,2,2,1,1,2
1,2,0.954925379079109,1.222027563711324,0.16263539282138761,-0.5433017678139239,0.8337046315094824,0.33771921240594155,-0.7927129209628061,0.7227031852952942,-0.562431307578826,1.3248838227048365,1.1045592447399097,-0.45290896209110154,-0.5329247678308576,1.6549453526580356,0.00113301227810585,1,1,1,1,2,2
1,1,0.3573361204382697,-0.027898120395772674,0.9706714976266492,-0.5433017678139239,-0.4043317215690758,0.1281457897516691,0.7978604074625644,-0.14622788184963176,1.0319840506033509,0.617821471727644,-1.615032839918514,1.4214062515626986,-1.0710742882875082,0.1319794275283213,0.7013346001475536,0,2,0,1,2,2
0,3,0.7100117484886008,0.22010300740325456,1.0624937822636107,2.814303157276126,0.7305349354196025,1.1636850546316027,0.7978604074625644,-0.14622788184963176,1.0319840506033509,0.617821471727644,1.1045592447399097,0.7966345136780986,0.5433742730824431,1.2318992623442262,1.4015361880170014,0,2,2,1,2,1
0,2,-0.4851667687930796,-0.11717852640342305,0.006537508938554238,-0.5433017678139239,1.4527228080487615,2.2485357130772465,1.3280515169376879,0.7227031852952942,1.0319840506033509,-1.5033655812039337,1.1045592447399097,0.1718627757934985,1.0815237935390936,-0.9679404072875828,1.4015361880170014,0,1,2,1,1,2
0,4,-0.651708037594625,-0.45446006021009927,-0.8382275097214911,-0.5433017678139239,0.6273652393297225,0.8061774512801966,0.2676692979874409,-0.14622788184963176,-0.562431307578826,-0.08924087924954853,1.1045592447399097,-0.45290896209110154,-1.0710742882875082,0.1319794275283213,0.00113301227810585,0,2,1,1,1,2
1,1,0.6512324771468784,0.7756255336730751,0.26363990592204595,-0.5433017678139239,-0.04323778525449631,0.7075546641487748,-0.7927129209628061,-0.14622788184963176,-0.562431307578826,0.617821471727644,1.1045592447399097,-0.45290896209110154,-0.5329247678308576,-0.629503535036535,-0.348967781656618,0,0,0,1,2,2
0,0,-1.7293280121928605,-1.6250253834215083,-1.9400949253650281,2.814303157276126,-1.3328589863779943,-0.41427953947115187,-1.853095139913053,-1.0151589489945576,-2.156846665761003,1.3248838227048365,1.1045592447399097,-2.327224175744902,-1.0710742882875082,1.2318992623442262,1.0514353940822774,1,1,1,1,2,1
0,1,-1.10234911788116,-1.7043857443171975,-0.9484142512858451,-0.5433017678139239,-0.35274687352413586,-0.4512630846454366,-1.3229040304379296,-1.0151589489945576,-1.3596389866699146,1.3248838227048365,-0.2552367975893022,-1.0776806999757016,-0.5329247678308576,-0.9679404072875828,1.4015361880170014,1,0,2,0,2,2
1,3,1.0724839217625521,0.36890368408267094,1.9807166286332247,-0.5433017678139239,0.7821197834645421,1.089717964283035,0.7978604074625644,0.7227031852952942,1.0319840506033509,-1.5033655812039337,-0.2552367975893022,0.1718627757934985,1.619673313995744,0.8934623900931784,1.4015361880170014,0,1,1,1,1,2
0,3,-0.014932598059303488,0.2796232780750205,0.09835979357551566,-0.5433017678139239,0.16310160692526354,0.608931877017353,-0.7927129209628061,1.59163425244022,-0.562431307578826,-0.7963032302267411,-0.2552367975893022,0.1718627757934985,2.157822834452394,-1.3063772795386297,0.00113301227810585,0,2,1,1,1,2
1,1,-0.289235864320672,-0.5834206466655946,0.1167242505029069,-0.5433017678139239,-1.0233498981083546,-1.684047923788213,0.7978604074625644,-0.14622788184963176,1.0319840506033509,-0.08924087924954853,1.1045592447399097,0.7966345136780986,0.00522475262579272,-1.4755957156641537,1.4015361880170014,0,1,1,1,0,2
1,1,1.190042464445997,1.1525872479275963,0.7870269283527264,-0.5433017678139239,-0.3011620254791959,-0.8827377783454087,-0.2625218114876826,0.7227031852952942,0.23477637151226244,-0.7963032302267411,-0.2552367975893022,-0.45290896209110154,-0.5329247678308576,-0.291066662785488,1.0514353940822774,0,1,0,1,0,2
1,4,0.09282939940051954,-0.19653888729911148,-0.4158450003914691,-0.5433017678139239,0.988459175644302,1.1267015094573198,-0.2625218114876826,1.59163425244022,-0.562431307578826,-0.08924087924954853,-0.2552367975893022,-0.45290896209110154,-1.6092238087441584,-0.5448943169737734,-0.348967781656618,0,0,1,1,2,2
1,0,-0.20106695730808918,0.7756255336730751,-0.379116086536684,1.135500694731101,-1.3844438344229342,-0.9443770203025476,-1.3229040304379296,-0.14622788184963176,-1.3596389866699146,0.617821471727644,1.1045592447399097,-1.7024524378603016,0.00522475262579272,-0.37567588084824954,-0.348967781656618,0,0,1,1,2,1
1,1,1.6210904542852909,1.4898687817342737,1.539969662375809,-0.5433017678139239,-0.6622559617937754,-1.0183441106511135,-1.3229040304379296,-0.14622788184963176,-0.562431307578826,0.617821471727644,1.1045592447399097,-0.45290896209110154,0.5433742730824431,0.5550255178421306,-0.348967781656618,0,1,2,1,2,2
1,1,0.6414359319232583,0.8847460299046479,0.8237558422075101,-0.5433017678139239,0.16310160692526354,0.8061774512801966,-0.2625218114876826,0.7227031852952942,1.0319840506033509,1.3248838227048365,1.1045592447399097,0.1718627757934985,1.0815237935390936,-0.9679404072875828,-0.348967781656618,0,2,1,1,2,2
1,2,-1.2590938414590853,-0.7719015037928544,-1.6095347006719676,2.814303157276126,-0.45591656961401555,0.1404736381430979,0.2676692979874409,-1.8840900161394836,0.23477637151226244,0.617821471727644,-1.615032839918514,0.1718627757934985,2.157822834452394,-0.8833311892248205,0.35123380621282974,1,0,2,1,2,1
1,1,0.8177737459484239,0.5970647216577757,1.475694063129937,1.135500694731101,0.059931910835383614,-0.845754233171124,0.2676692979874409,0.7227031852952942,0.23477637151226244,-0.7963032302267411,1.1045592447399097,0.7966345136780986,0.5433742730824431,1.739554570720797,1.0514353940822774,0,1,0,1,1,2
0,4,0.09282939940051954,-0.3651796542024503,0.7502980144979412,-0.5433017678139239,-1.5391983785577539,-2.103194769096757,-0.2625218114876826,-0.14622788184963176,-0.562431307578826,0.617821471727644,-0.2552367975893022,-0.45290896209110154,0.5433742730824431,1.2318992623442262,1.4015361880170014,1,0,1,1,2,1
1,4,-1.3668558389189085,-1.0992629924875708,-1.297338932906298,-0.5433017678139239,-0.5590862657038954,-1.3265403204368078,0.7978604074625644,-0.14622788184963176,1.0319840506033509,1.3248838227048365,-1.615032839918514,1.4214062515626986,-0.5329247678308576,0.1319794275283213,-0.6990685755913418,0,1,0,1,2,2
1,4,0.03405012805879884,-0.48422019554598367,-0.4342094573188616,1.135500694731101,-1.5907832266026938,-1.6717200753967851,-0.7927129209628061,-0.14622788184963176,-1.3596389866699146,-1.5033655812039337,-0.2552367975893022,-1.0776806999757016,0.00522475262579272,0.5550255178421306,-0.348967781656618,0,0,1,1,1,2
1,0,0.30835339432016734,0.4284239547544369,0.28200436284943853,-0.5433017678139239,-0.920180202018475,-0.09375548129403048,-1.853095139913053,-1.0151589489945576,-1.3596389866699146,1.3248838227048365,-0.2552367975893022,-1.0776806999757016,1.619673313995744,-2.490906332417296,-1.0491693695260658,0,2,1,1,2,1
0,2,1.1116701026570344,0.805385669008958,0.4105555613411837,-0.5433017678139239,0.4210258471499631,0.3253913640145145,-0.7927129209628061,0.7227031852952942,-1.3596389866699146,1.3248838227048365,1.1045592447399097,-2.327224175744902,-1.0710742882875082,-1.1371588434131066,1.4015361880170014,1,1,2,1,2,2
0,0,0.0732363089532793,0.5772246314338533,-0.32402271575450764,-0.5433017678139239,-0.04323778525449631,-0.4512630846454366,-0.2625218114876826,1.59163425244022,-0.562431307578826,0.617821471727644,-0.2552367975893022,0.1718627757934985,-0.5329247678308576,-1.4755957156641537,0.7013346001475536,1,2,0,1,1,2
1,4,0.847163381619286,0.9938665261362193,0.9890359545540404,-0.5433017678139239,-0.5075014176589555,1.3979141740687293,0.2676692979874409,0.7227031852952942,-0.562431307578826,1.3248838227048365,1.1045592447399097,-0.45290896209110154,-1.0710742882875082,-0.629503535036535,-1.0491693695260658,0,2,2,1,1,2
1,1,-0.12269459551912652,0.785545578785037,-0.3423871726819002,2.814303157276126,1.3495531119588815,2.3101749550343853,1.3280515169376879,0.7227031852952942,1.0319840506033509,-0.08924087924954853,-0.2552367975893022,0.1718627757934985,1.0815237935390936,0.1319794275283213,1.4015361880170014,1,1,2,0,1,2
1,2,-0.44598058789859824,-0.11717852640342305,-0.91168533743106,-0.5433017678139239,1.4527228080487615,1.533520506374436,-0.7927129209628061,0.7227031852952942,-0.562431307578826,-0.7963032302267411,-1.615032839918514,0.1718627757934985,0.00522475262579272,0.8088531720304168,-1.3992701634607896,0,0,2,1,2,2
1,3,-0.7300803993835877,-1.3075839398387539,-0.9667787082132376,1.135500694731101,1.4527228080487615,1.7184382322458525,-0.2625218114876826,-1.0151589489945576,0.23477637151226244,-0.7963032302267411,-0.2552367975893022,-1.0776806999757016,0.00522475262579272,-0.5448943169737734,-1.7493709573955134,0,2,1,0,0,2
1,0,-0.06391532417740581,-0.652860962449321,0.13508870743029944,-0.5433017678139239,-0.35274687352413586,-1.8319821044853466,-0.7927129209628061,-1.0151589489945576,-2.156846665761003,-1.5033655812039337,-0.2552367975893022,-1.7024524378603016,0.00522475262579272,-1.3063772795386297,0.7013346001475536,0,2,1,1,0,2
0,1,0.30835339432016734,0.38874377430659335,0.4381022467322719,2.814303157276126,-0.6106711137488354,0.04185085101167432,0.7978604074625644,1.59163425244022,1.0319840506033509,1.3248838227048365,-0.2552367975893022,1.4214062515626986,0.00522475262579272,-0.03723900859720181,0.35123380621282974,0,0,0,1,1,2
1,2,-0.29903240954429383,-0.176698797075189,-0.15874260340797736,-0.5433017678139239,-1.8487074668273933,-2.1771618594453237,-0.7927129209628061,-1.0151589489945576,-0.562431307578826,-1.5033655812039337,-0.2552367975893022,-1.7024524378603016,-1.0710742882875082,0.1319794275283213,-0.6990685755913418,0,2,1,1,2,2
1,1,-1.337466203248047,-1.079422902263649,-1.701356985308929,1.135500694731101,-2.106631707052093,-1.7703428625282078,1.3280515169376879,0.7227031852952942,1.0319840506033509,1.3248838227048365,-1.615032839918514,-0.45290896209110154,1.0815237935390936,0.8088531720304168,0.35123380621282974,0,2,0,1,1,2
1,3,-1.092552572657539,-0.8215017293526599,-1.132058820559768,1.135500694731101,0.008347062790443425,-0.20470611681688114,1.3280515169376879,-1.0151589489945576,1.0319840506033509,-0.7963032302267411,-0.2552367975893022,1.4214062515626986,-0.5329247678308576,-0.4602850989110111,0.7013346001475536,0,1,2,1,0,2
1,0,0.004660492387936747,-0.5139803308818667,-0.3056582588271151,-0.5433017678139239,0.6273652393297225,-0.747131446039702,1.3280515169376879,-0.14622788184963176,1.0319840506033509,1.3248838227048365,-1.615032839918514,1.4214062515626986,-0.5329247678308576,0.21658864559108362,-1.7493709573955134,0,2,2,1,1,2
0,2,-1.6803452860747592,-1.4067843909583646,-0.7923163674030104,1.135500694731101,-1.9002923148723334,-2.115522617488185,-0.2625218114876826,-0.14622788184963176,-0.562431307578826,-0.7963032302267411,-1.615032839918514,-0.45290896209110154,0.5433742730824431,1.2318992623442262,1.0514353940822774,0,2,2,1,1,2
0,1,0.11242248984776151,0.31930345852286546,-0.36075162960929147,-0.5433017678139239,-0.45591656961401555,-0.38962384268829775,-1.3229040304379296,-0.14622788184963176,-1.3596389866699146,-1.5033655812039337,1.1045592447399097,-1.0776806999757016,-1.6092238087441584,1.1472900442814646,-0.6990685755913418,0,1,0,1,2,2
0,0,-0.5047598592403197,-0.563580556441672,-0.2230182026538493,-0.5433017678139239,-0.19799232938931596,0.1281457897516691,-2.383286249388177,-0.14622788184963176,-2.156846665761003,0.617821471727644,-1.615032839918514,-2.327224175744902,-1.6092238087441584,-0.291066662785488,1.0514353940822774,0,2,2,0,2,1
0,2,0.3671326656618898,0.2300230525152151,-0.08528477569840719,-0.5433017678139239,-0.24957717743425592,0.004867305837391357,0.7978604074625644,0.7227031852952942,0.23477637151226244,0.617821471727644,-0.2552367975893022,0.7966345136780986,1.619673313995744,1.739554570720797,-1.0491693695260658,0,2,1,1,0,2
0,2,-0.03452568850654372,-0.29573933841872235,-0.16792483187167298,-0.5433017678139239,0.3178561510600832,1.2992913869373075,-0.7927129209628061,-0.14622788184963176,-0.562431307578826,-1.5033655812039337,1.1045592447399097,-1.0776806999757016,0.5433742730824431,-1.729423369852439,1.0514353940822774,1,0,2,1,0,2
1,4,-0.6125218567001437,-1.1786233533832593,-0.4158450003914691,-0.5433017678139239,-1.1265195941982347,-0.5991972653425685,-1.3229040304379296,-1.0151589489945576,-0.562431307578826,1.3248838227048365,-1.615032839918514,-0.45290896209110154,0.5433742730824431,-0.9679404072875828,-0.6990685755913418,0,1,2,1,0,2
1,2,0.6414359319232583,0.021702105164032776,0.9706714976266492,-0.5433017678139239,0.8337046315094824,1.545848354765863,-0.7927129209628061,0.7227031852952942,-1.3596389866699146,-1.5033655812039337,1.1045592447399097,-0.45290896209110154,-0.5329247678308576,-0.4602850989110111,1.4015361880170014,0,2,1,1,1,2
0,4,1.6210904542852909,0.9343462554644533,1.8062542878229975,-0.5433017678139239,-0.9717650500634147,-1.20326183652253,-0.7927129209628061,1.59163425244022,-1.3596389866699146,-0.7963032302267411,1.1045592447399097,-1.0776806999757016,-0.5329247678308576,-1.1371588434131066,1.4015361880170014,1,2,0,0,1,2
1,2,0.6414359319232583,1.1029870223677907,0.9614892691629522,-0.5433017678139239,-0.817010505928595,-0.8210985363882698,0.7978604074625644,-0.14622788184963176,1.0319840506033509,-0.08924087924954853,1.1045592447399097,1.4214062515626986,-0.5329247678308576,0.97807160815594,0.00113301227810585,0,1,1,1,1,2
1,2,1.4153630045892631,0.5970647216577757,0.7135691006431562,-0.5433017678139239,0.21468645497020328,-0.11841117807688638,0.7978604074625644,1.59163425244022,1.0319840506033509,1.3248838227048365,1.1045592447399097,0.7966345136780986,-1.0710742882875082,0.639634735904893,0.00113301227810585,0,2,1,1,1,2
0,2,-0.3186254999915341,0.07130233072383822,-0.6362184835201757,-0.5433017678139239,0.059931910835383614,-0.7594592944311309,0.2676692979874409,-0.14622788184963176,0.23477637151226244,-0.08924087924954853,-0.2552367975893022,-0.45290896209110154,1.619673313995744,0.3858070817166075,0.35123380621282974,0,0,0,1,1,2
0,2,1.5721077281671887,0.8153057141209199,1.6042452616216822,-0.5433017678139239,0.008347062790443425,-0.01978839094546454,-1.3229040304379296,1.59163425244022,-0.562431307578826,-0.7963032302267411,1.1045592447399097,0.1718627757934985,-0.5329247678308576,-0.629503535036535,0.35123380621282974,0,2,0,0,1,2
0,1,0.4553015726744726,-0.5139803308818667,-0.12201368955319228,-0.5433017678139239,2.0201561365431004,0.9294559351944743,0.2676692979874409,0.7227031852952942,1.0319840506033509,-1.5033655812039337,1.1045592447399097,0.7966345136780986,0.00522475262579272,0.639634735904893,0.00113301227810585,1,0,1,1,2,2
1,2,-0.5047598592403197,-0.42469992487421626,0.02490196586594548,2.814303157276126,0.5757803912847828,0.38703060597165334,-1.3229040304379296,-0.14622788184963176,-0.562431307578826,1.3248838227048365,-0.2552367975893022,-1.0776806999757016,0.00522475262579272,-1.0525496253503444,1.4015361880170014,0,2,2,1,1,2
0,2,0.18099830641310233,-0.4643801053220612,0.10754202203921127,-0.5433017678139239,-0.35274687352413586,0.004867305837391357,-1.3229040304379296,0.7227031852952942,-1.3596389866699146,0.617821471727644,-0.2552367975893022,0.7966345136780986,-0.5329247678308576,1.4011176984697493,1.4015361880170014,1,1,0,1,2,2
0,1,0.22998103253120467,0.8946660750166083,0.6676579583246754,-0.5433017678139239,-1.1781044422431746,-1.5484415914825074,-0.2625218114876826,-1.0151589489945576,0.23477637151226244,-0.08924087924954853,-0.2552367975893022,0.1718627757934985,0.5433742730824431,-1.6448141517896775,1.4015361880170014,0,1,1,1,2,2
1,2,-1.1415352987756413,-0.5040602857699047,-1.1136943636323753,2.814303157276126,1.0400440236892416,0.7938496028887695,-1.3229040304379296,-1.8840900161394836,-1.3596389866699146,-0.7963032302267411,-0.2552367975893022,-1.7024524378603016,-0.5329247678308576,0.21658864559108362,-0.6990685755913418,0,1,0,0,2,1
1,2,-1.6411591051802779,-1.585345202973664,-2.041099438465686,2.814303157276126,-1.487613530512814,0.04185085101167432,0.2676692979874409,-1.0151589489945576,0.23477637151226244,0.617821471727644,-1.615032839918514,0.7966345136780986,-1.0710742882875082,1.6549453526580356,1.0514353940822774,0,1,1,1,0,1
1,1,-1.1219422083284003,-0.4048598346502938,-1.0310543074591103,1.135500694731101,-1.0749347461532945,-0.31565675233973006,-0.7927129209628061,-1.0151589489945576,-0.562431307578826,-1.5033655812039337,-0.2552367975893022,-0.45290896209110154,1.0815237935390936,-1.1371588434131066,-0.348967781656618,0,0,1,0,1,2
1,3,1.6210904542852909,2.0057111275562507,2.3112768533262855,-0.5433017678139239,0.6273652393297225,0.6952268157573477,0.7978604074625644,0.7227031852952942,1.0319840506033509,-0.08924087924954853,1.1045592447399097,0.1718627757934985,2.157822834452394,1.739554570720797,0.00113301227810585,0,2,1,1,1,2
0,1,0.5336739344634353,-0.13701861662734552,0.4013733328774881,-0.5433017678139239,0.9368743275993623,-0.18005042003402524,-0.7927129209628061,-1.0151589489945576,-0.562431307578826,-0.08924087924954853,-0.2552367975893022,-0.45290896209110154,0.00522475262579272,1.4857269165325109,-1.7493709573955134,0,2,0,1,2,2
0,1,0.014457037611556865,0.01178206005207084,0.006537508938554238,1.135500694731101,1.2463834158690017,0.5966040286259241,0.2676692979874409,-0.14622788184963176,1.0319840506033509,-1.5033655812039337,-0.2552367975893022,0.7966345136780986,1.0815237935390936,-0.4602850989110111,0.35123380621282974,0,1,2,1,0,1
0,3,-0.7300803993835877,-1.8035861954368082,-0.40666277192777217,-0.5433017678139239,-0.35274687352413586,-0.47591878142829075,-0.2625218114876826,-0.14622788184963176,-0.562431307578826,0.617821471727644,1.1045592447399097,-0.45290896209110154,1.619673313995744,-0.03723900859720181,-1.3992701634607896,1,0,0,1,2,2
1,2,1.2684148262349597,1.0930669772558301,1.1634982953642676,-0.5433017678139239,0.988459175644302,0.21444072849166385,1.3280515169376879,1.59163425244022,0.23477637151226244,-1.5033655812039337,1.1045592447399097,-0.45290896209110154,2.157822834452394,-1.0525496253503444,-0.6990685755913418,1,2,0,1,0,2
1,1,0.22998103253120467,0.6962651727773866,0.5942001306151066,1.135500694731101,0.11151675888032335,-0.2170339652083082,0.2676692979874409,-0.14622788184963176,1.0319840506033509,1.3248838227048365,1.1045592447399097,-0.45290896209110154,1.0815237935390936,-0.4602850989110111,-1.3992701634607896,1,2,1,1,2,2
0,3,0.22018448730758455,0.7557854434491525,0.5482889882966259,1.135500694731101,0.059931910835383614,0.5226369382773581,-0.2625218114876826,-0.14622788184963176,1.0319840506033509,-0.7963032302267411,-0.2552367975893022,-0.45290896209110154,3.234121875365695,-0.629503535036535,-0.348967781656618,1,1,1,1,1,2
0,4,1.4153630045892631,1.3113079697189745,1.475694063129937,-0.5433017678139239,-0.5075014176589555,-1.1046390493911082,1.3280515169376879,-0.14622788184963176,1.0319840506033509,1.3248838227048365,1.1045592447399097,1.4214062515626986,-0.5329247678308576,0.1319794275283213,0.00113301227810585,0,2,0,1,0,2
1,2,0.8079772007248037,0.6863451276654261,0.9247603553081685,-0.5433017678139239,0.47261069519490284,0.1281457897516691,-1.3229040304379296,0.7227031852952942,-1.3596389866699146,0.617821471727644,-0.2552367975893022,-1.0776806999757016,0.00522475262579272,0.47041629977936905,0.00113301227810585,1,0,1,1,0,2
1,1,-0.45577713312221835,0.05146224049991576,-0.4525739142462529,-0.5433017678139239,0.266271303015143,0.7075546641487748,-0.2625218114876826,-1.0151589489945576,-0.562431307578826,1.3248838227048365,-0.2552367975893022,0.1718627757934985,-1.6092238087441584,-1.0525496253503444,0.35123380621282974,0,2,0,1,1,2
1,2,-1.219907660564604,-1.1885433984952205,-1.2881567044426026,-0.5433017678139239,-1.0233498981083546,-1.4374909559596576,-1.853095139913053,-1.0151589489945576,-2.156846665761003,-1.5033655812039337,-1.615032839918514,-1.0776806999757016,-1.0710742882875082,0.8088531720304168,-1.3992701634607896,0,2,0,1,1,1
1,3,0.22998103253120467,0.16058273673148718,0.2360932205309578,-0.5433017678139239,0.3694409991050229,0.7938496028887695,0.2676692979874409,0.7227031852952942,0.23477637151226244,-1.5033655812039337,1.1045592447399097,0.7966345136780986,0.00522475262579272,1.739554570720797,-1.7493709573955134,0,1,0,1,2,2
0,2,-2.1799690924793955,-2.0218271878999516,-2.0870105807841663,-0.5433017678139239,-0.7654256578836551,-1.2772289268710968,0.7978604074625644,-1.0151589489945576,1.0319840506033509,1.3248838227048365,-2.974828882247726,0.1718627757934985,0.00522475262579272,1.739554570720797,1.4015361880170014,0,1,0,0,2,2
1,1,-0.07371186940102593,0.44826404497835937,-0.21383597419015368,-0.5433017678139239,-0.817010505928595,-0.8580820815625527,1.3280515169376879,0.7227031852952942,1.0319840506033509,1.3248838227048365,1.1045592447399097,0.7966345136780986,-0.5329247678308576,-0.8833311892248205,-0.348967781656618,0,2,0,1,2,2
0,0,0.8863495625137664,0.3788237291946314,1.0716760107273062,-0.5433017678139239,-1.1781044422431746,-1.5484415914825074,1.3280515169376879,1.59163425244022,1.0319840506033509,0.617821471727644,-0.2552367975893022,1.4214062515626986,1.0815237935390936,-0.2064574447227257,0.35123380621282974,0,1,2,1,1,2
1,1,-0.15208423118998862,-0.37509969931441084,-0.08528477569840719,-0.5433017678139239,-0.45591656961401555,-0.04444408772831868,0.2676692979874409,-1.8840900161394836,1.0319840506033509,0.617821471727644,-0.2552367975893022,0.7966345136780986,0.5433742730824431,-0.9679404072875828,-0.348967781656618,0,2,1,1,1,2
1,0,0.3965223013327501,0.14074264650756613,0.364644419022703,1.135500694731101,0.7821197834645421,-0.06909978451117459,1.3280515169376879,-0.14622788184963176,1.0319840506033509,-1.5033655812039337,-0.2552367975893022,1.4214062515626986,-1.0710742882875082,-1.2217680614758681,1.4015361880170014,0,2,0,1,1,1
0,0,-1.8860727357707858,-1.1191030827114925,-2.0319172100019895,-0.5433017678139239,-0.09482263329943627,-0.31565675233973006,1.3280515169376879,-1.0151589489945576,0.23477637151226244,-0.08924087924954853,-1.615032839918514,0.1718627757934985,-0.5329247678308576,-0.291066662785488,-1.0491693695260658,1,1,0,1,2,2
1,1,-1.2786869319063257,-1.3571841653985592,-1.7105392137726245,2.814303157276126,2.3812500728576795,1.8787002613344133,1.3280515169376879,-1.0151589489945576,1.0319840506033509,-0.08924087924954853,-1.615032839918514,0.7966345136780986,-0.5329247678308576,-0.9679404072875828,0.7013346001475536,0,2,0,1,2,2
0,1,-1.5725832886149351,-1.2579837142789483,-1.5268946444987017,-0.5433017678139239,-0.4043317215690758,-0.03211623933689161,0.7978604074625644,-1.0151589489945576,1.0319840506033509,-0.08924087924954853,-1.615032839918514,1.4214062515626986,-1.0710742882875082,1.0626808262187015,0.00113301227810585,0,1,2,1,0,2
1,2,1.3369906428003022,1.2815478343830915,1.0900404676546986,-0.5433017678139239,1.4527228080487615,0.152801486534525,-1.853095139913053,0.7227031852952942,-1.3596389866699146,-0.7963032302267411,1.1045592447399097,-0.45290896209110154,-1.0710742882875082,-1.560204933726916,0.35123380621282974,0,1,1,1,2,2
