fixed acidity,volatile acidity,citric acid,residual sugar,chlorides,free sulfur dioxide,total sulfur dioxide,density,pH,sulphates,alcohol,target
1.1261958591555425,-0.9373261574431888,1.5166974203561605,-0.24836851877962238,1.2480344812531472,-0.9143017369361512,-0.8116360358725069,0.9244344947674116,-1.6921941742009246,2.5420553561626646,-0.9779482580081287,2
1.592152724104732,-1.278598490024944,1.5660664303476195,-0.40060704213901205,-0.3986360737047977,-0.3118976491284078,-0.553978487030071,0.6697524676364469,-1.243891464765721,2.0306567328350904,-0.32024267228340914,3
1.0226498891668343,-0.5391751027644742,1.0723763304330303,-0.1722492570999279,-0.37926347894058654,-0.21149696782711722,-0.7830074193344585,-0.3999120463134798,-1.307934708970749,1.3914084536756237,0.9012105583482147,3
-0.7376316006412136,-0.5391751027644742,0.3812101905526054,-0.7050840888577911,0.02756101110784672,-0.11109628652582665,-0.2676923216495868,-0.3235074381742074,0.22910315194995076,-0.5902612117187235,-1.165864139643764,3
-0.16812876570331597,0.7690355054655882,-0.30995594932781945,-0.24836851877962238,-0.35989088417637544,-0.6130996930322795,-0.6684929531822648,0.007579197096029567,-0.027069824870166324,3.5009277749018644,-0.1323267906477738,2
1.2815148141386061,-0.8804474353462295,1.4673284103647015,1.1217781914548832,-0.32114569464795345,0.19010575737804508,0.5339089414157692,1.3064575354637735,-0.5394157785103977,0.8160850024321037,-0.32024267228340914,2
-0.5823126456581507,-1.1648410458310257,-0.26058693933636046,-0.1722492570999279,-0.4180086684690088,1.9973180208012753,0.6770520241060113,-0.46103573282490906,0.8054923497952157,-0.20671224422304368,-0.32024267228340914,2
-0.9964965256129853,-0.08414532598880033,-0.6555390192680319,0.36058557465793556,-0.4567538579974311,-0.3118976491284078,-0.553978487030071,-1.9789406145252793,0.1650599077449229,-0.3984867279708839,2.216621729797655,3
-0.6340856306525048,-0.6529325469583928,0.08499613060385187,-0.3244877804593172,-0.08867455747741981,1.9973180208012753,0.7343092571821082,0.10945200794839277,0.8695355940002435,-0.8459605233825105,-0.9779482580081287,2
-0.06458279571460673,0.7690355054655882,-0.6555390192680319,-0.47672630381870684,-0.16616493653426434,0.19010575737804508,-0.12454923895934467,0.211324818800756,0.03697341933486437,-0.718110867550617,-0.7900323763724949,3
-0.6858586156468595,1.195625921192782,-0.6061700092765729,-0.47672630381870684,0.2406595535141692,-0.01069560522453607,0.8774523398723503,-0.09429361375633363,-0.21919955748525272,-0.07886258839115017,-1.0719061988259455,2
0.9191039191781251,-1.6198708226066996,1.0230073204415713,-0.09612999542023307,-0.2436553155911089,-0.512699011730989,-0.5253498704920226,0.5169432513579022,-1.0517617321506318,-0.2706370721389904,-0.03836884982995696,2
-0.27167473569202427,-1.278598490024944,1.9610185102792912,4.394906443681759,-0.7279701846963867,2.2483197240545016,6.631804264020084,-1.846505960417173,-1.8843239068160138,-0.9098853512984573,1.7468320257085694,4
0.6084660092119992,0.08649084030207749,0.6774242505013589,-0.09612999542023307,-0.12741974700584208,0.9933112077883697,0.1617369264211396,0.10945200794839277,-0.6675022669204562,0.3686112070204764,0.9012105583482147,3
0.6084660092119992,2.020367391598691,-0.013741889379065782,-0.09612999542023307,-0.03055677318478668,1.4953146142948226,2.88145549753574,0.5678796567840838,-0.41132929010033914,-0.7820356954665637,-0.9779482580081287,2
-0.8929505556242765,-1.3923559342188623,-0.013741889379065782,-0.09612999542023307,-1.4641287857364094,2.097718702102566,1.535910520247464,-3.1301033771571305,-0.28324280169028343,-1.6769832862898175,1.1830843808016651,4
-0.7376316006412136,0.2571270065929547,-1.2973361491569977,-0.40060704213901205,-0.3017730998837423,0.19010575737804508,-0.5826071035681195,-0.5272530598789338,0.35718964036000933,-0.2706370721389904,-0.2262847314655923,2
-0.5823126456581507,0.3708844507868732,-0.11247990936198371,-0.40060704213901205,-0.1467923417700532,0.19010575737804508,1.6504249863996578,-0.48141029499540433,-0.15515631328022486,-0.8459605233825105,-0.5081585539190427,2
-0.3234477206863789,-1.051083601637107,0.43057920054406434,-0.40060704213901205,-0.10804715224163283,0.8929105264870791,0.3335086256494302,-0.1961664246087534,0.22910315194995076,-0.3984867279708839,-0.9779482580081287,3
-0.37522070568073307,1.0249897549019042,-0.9023840692253264,0.056108527939156584,-0.06930196271320868,-0.6130996930322795,-0.5826071035681195,0.41507044050553893,0.5493193729750986,-1.0377350071303508,-0.6960744355546781,2
1.5403797391103777,-1.506113378412781,0.7761622704842769,0.8173011447361042,-0.32114569464795345,-0.9143017369361512,-0.7830074193344585,0.9244344947674116,-1.1798482205606904,1.07178431409589,-1.0719061988259455,3
-1.100042495601694,0.42776317288383253,-0.9023840692253264,-0.7050840888577911,-0.766715374224809,-0.3118976491284078,-0.5826071035681195,-1.8974423658433546,1.5740112802555641,-0.9098853512984573,1.5589161440729342,2
-0.47876667566944187,-0.027266603891841053,0.6774242505013589,-0.1722492570999279,-0.011184178420575548,-0.71350037433357,-0.23906370511153838,0.211324818800756,1.7661410128706534,-0.2706370721389904,0.05558909098785987,3
0.8155579491894167,1.1671865601443023,0.7267932604928179,-0.1722492570999279,-0.5536168318184868,-0.01069560522453607,-0.43946402087787734,-0.09429361375633363,-0.987718487945604,-0.5263363838027775,0.5253787950769457,2
-0.5823126456581507,-0.9088867963947092,1.0230073204415713,-0.02001073374053824,0.008188416343635587,2.398920746006438,1.7076822194757546,-0.09429361375633363,0.35718964036000933,0.8160850024321037,0.5253787950769457,2
-0.7376316006412136,-0.1410240480857596,-0.7049080292594907,-0.5528455654984015,-0.1855375312984755,-0.512699011730989,-0.6684929531822648,-0.21654098677919212,1.4459247918455056,-0.2706370721389904,-0.03836884982995696,2
-0.21990175069767012,1.138747199095823,-0.21121792934490163,0.2083470512985459,-0.08867455747741981,-0.512699011730989,0.44802309180162386,0.033047399809120366,0.29314639615498145,-0.5902612117187235,-0.41420061310122597,3
1.8510176490765036,-0.8235687132492703,1.3685903903817842,-0.3244877804593172,0.10505139016469126,-0.9143017369361512,-0.6398643366442164,1.255521130037592,-1.0517617321506318,0.3686112070204764,0.43142085425912885,3
-1.7730913005283004,-0.8235687132492703,-1.3467051591484567,-0.7050840888577911,-0.766715374224809,1.0937118890896602,0.390765858725527,-3.028230566304711,2.5346599433310044,0.6243105186842633,3.3441170196114607,3
0.7637849641950626,0.08649084030207749,-0.11247990936198371,-0.40060704213901205,0.45375809592049143,-0.8139010556348607,0.390765858725527,0.15529477283197884,-2.3326266162512175,2.0945815607510374,-0.2262847314655923,2
-0.530539660663796,-1.5629921005097402,0.03562712061239291,-0.24836851877962238,-0.6504798056395423,0.3909071199806262,0.07585107680699432,-0.0637317705006473,0.6133626171801264,0.6882353466002101,0.43142085425912885,4
-0.7376316006412136,0.6552780612716697,-1.2973361491569977,-0.3244877804593172,-0.3986360737047977,-0.6130996930322795,-0.6684929531822648,0.10945200794839277,1.0616653266153326,0.11291189535669009,-0.9779482580081287,3
-0.4269936906750877,-0.1410240480857596,0.03562712061239291,-0.1722492570999279,-0.03055677318478668,-1.0147024182374418,-0.9261505020247006,-0.8990888194901048,0.10101666353989222,-0.20671224422304368,0.9951684991660316,3
-0.9447235406186312,0.7690355054655882,-1.3960741691399157,0.36058557465793556,0.531248474977336,0.5917084825832074,-0.43946402087787734,-0.25219647057753053,0.9335788382052742,-0.14278741630709693,-0.1323267906477738,2
0.14250914426280992,-0.5960538248614334,0.8255312804757358,-0.09612999542023307,-0.3017730998837423,1.6961159768974037,0.3621372421874786,-0.31332015708895977,0.1650599077449229,0.7521601745161569,1.4649582032551174,3
-0.7894045856355677,0.5983993391747103,-1.2973361491569977,-0.47672630381870684,-0.1855375312984755,0.2905064386793356,-0.46809263741592577,0.170575694459822,0.6133626171801264,0.6243105186842633,-0.6021164947368596,2
-0.7376316006412136,-0.7098112690553517,0.1837341505867698,0.8173011447361042,-0.5148716422900645,-0.6130996930322795,-0.4967212539539742,-1.3371419061553005,-0.15515631328022486,-1.0377350071303508,0.8072526175303979,4
-0.37522070568073307,0.6552780612716697,-0.3593249593192784,-0.24836851877962238,-0.20491012606268663,1.6961159768974037,2.480654866003062,-0.6036576680182062,-0.21919955748525272,-1.2934343187941375,-0.5081585539190427,2
-1.2035884655904028,1.0818684769988636,-0.9023840692253264,0.056108527939156584,-0.6698524004037535,-0.21149696782711722,-0.553978487030071,-1.6121984954567603,1.7020977686656227,-0.973810179214404,1.3710002624373006,2
1.643925709099086,0.02961211820511822,1.8622804902963732,0.8553607755759515,0.6474840435626025,-0.9143017369361512,-0.9261505020247006,0.5169432513579022,-1.6281509299958967,0.5603856907683167,0.9951684991660316,4
2.5240664540031106,-0.5391751027644742,1.4673284103647015,-0.47672630381870684,-0.3405182894121643,-0.01069560522453607,-0.1818064720354415,1.841289792438737,-1.564107685790866,-1.0377350071303508,-1.3537800212793976,2
-0.37522070568073307,0.541520617077751,-1.19859812917408,0.9695396680954935,-0.06930196271320868,0.9933112077883697,-0.03866338934519939,0.5169432513579022,0.22910315194995076,-0.7820356954665637,-0.8839903171903117,2
-0.6340856306525048,0.2571270065929547,-1.0998601091911622,-0.7050840888577911,-0.22428272082689776,-0.6130996930322795,-0.553978487030071,0.211324818800756,0.35718964036000933,0.3046863791045296,-0.7900323763724949,3
-0.8411775706299224,0.4846418949807918,-1.19859812917408,-0.7812033505374858,-0.5923620213469089,-1.0147024182374418,-1.0406649681768942,-0.7819350870098983,0.741449105590185,-0.3345619000549372,-0.8839903171903117,2
-0.16812876570331597,1.1671865601443023,-1.3960741691399157,-0.02001073374053824,-0.12741974700584208,-0.3118976491284078,-0.6398643366442164,0.6086287811250177,0.48527612877006787,-1.2295094908781907,-0.7900323763724949,1
-0.16812876570331597,-1.1079623237340663,0.7761622704842769,-0.7812033505374858,-0.8829509428100757,-0.9143017369361512,-0.9834077351007975,-0.6953431977853783,0.29314639615498145,-0.2706370721389904,0.24350497262349352,2
-0.4269936906750877,-0.6529325469583928,-0.7049080292594907,0.36058557465793556,-0.011184178420575548,0.5917084825832074,-0.09592062242129624,-0.1961664246087534,0.10101666353989222,-0.5263363838027775,0.05558909098785987,3
-0.47876667566944187,0.42776317288383253,0.1837341505867698,0.1322277896188514,0.2987773378068023,-0.21149696782711722,1.4786532871713673,1.3217384570916733,0.9335788382052742,-0.20671224422304368,-0.8839903171903117,2
-0.5823126456581507,-1.2501591289764644,0.5293172205269823,-1.0095611355765701,-0.5536168318184868,-0.8139010556348607,-1.012036351638846,-1.7701013522779006,-0.09111306907519418,-0.8459605233825105,0.9951684991660316,3
3.6630721238789055,0.6837174223201492,1.0230073204415713,1.2740167148142727,0.14379657969311352,-0.512699011730989,-0.6684929531822648,3.242040941658901,-2.460713104661276,0.5603856907683167,0.6193367358947626,2
-0.37522070568073307,0.4846418949807918,-0.5074319892936552,-0.09612999542023307,-0.08867455747741981,-0.9143017369361512,-0.75437880279641,-0.247102830034935,-0.09111306907519418,-0.3345619000549372,-0.2262847314655923,3
0.8673309341837709,-1.2217197679279848,0.7761622704842769,-0.1722492570999279,-0.1467923417700532,0.692109163884498,-0.01003477280715096,1.0263073056197747,0.10101666353989222,0.11291189535669009,-0.6960744355546781,3
-0.27167473569202427,-1.1648410458310257,1.1217453404244893,-0.5528455654984015,4.909454891689048,0.19010575737804508,0.2762513925733333,0.05851560252221117,-1.6921941742009246,2.7338298399105048,-1.165864139643764,3
-0.37522070568073307,2.7313514178106804,-0.6555390192680319,-0.3244877804593172,0.2794047430425912,-0.4122983304296984,-0.41083540433982896,-0.37953748414298455,-0.4753725343053698,-1.1016598350462976,-0.41420061310122597,2
1.592152724104732,-0.42541765857055563,1.0723763304330303,0.36058557465793556,-0.1855375312984755,0.3909071199806262,0.018593843730897466,1.7903533870125554,-0.28324280169028343,2.925604323658345,0.5253787950769457,3
0.9191039191781251,-0.4822963806675149,0.6774242505013589,-0.40060704213901205,-0.32114569464795345,-0.8139010556348607,-0.75437880279641,-0.5730958247625199,-1.0517617321506318,0.8800098303480504,0.6193367358947626,4
-0.7894045856355677,-0.25478149227967817,-0.4086939693107372,-0.47672630381870684,-0.10804715224163283,-0.6130996930322795,-0.6684929531822648,-0.47631665445275223,0.5493193729750986,-1.4212839746260308,-1.3068010508704884,1
-0.012809810720252576,-0.8804474353462295,0.7267932604928179,-0.1722492570999279,-0.4761264527616422,-0.3118976491284078,-0.7830074193344585,-0.6545940734443878,-0.8596319995355455,1.007859486179944,0.7132946767125794,4
-0.21990175069767012,-1.5629921005097402,0.7267932604928179,-0.6289648271780963,-0.3986360737047977,0.692109163884498,0.10447969334504274,-1.113021722280079,0.48527612877006787,-0.3345619000549372,1.3710002624373006,3
0.24605511425151913,-1.1648410458310257,0.13436514059531085,-0.40060704213901205,0.008188416343635587,-0.3118976491284078,-0.7830074193344585,-0.5527212625920246,-0.8596319995355455,-0.6541860396346703,-0.03836884982995696,3
1.2815148141386061,-0.766689991152311,0.9242693004586534,-0.5528455654984015,0.5893662592699691,-0.9143017369361512,-0.9261505020247006,0.7206888730626285,-0.027069824870166324,0.6243105186842633,-0.6021164947368596,3
-0.37522070568073307,-0.5391751027644742,-0.16184891935344267,0.056108527939156584,-0.2824005051195312,1.394913932993532,0.4766517083396723,-0.3235074381742074,0.42123288456504,-0.4624115558868307,0.05558909098785987,3
-0.9964965256129853,2.1341248357926093,-1.3960741691399157,-0.7050840888577911,-0.6892249951679645,-0.6130996930322795,-0.8402646524105554,-1.0773662384817404,1.2537950592304192,-0.14278741630709693,0.43142085425912885,3
1.4368337691216686,-0.1410240480857596,2.2572325702280445,1.9971497007713732,0.2406595535141692,-1.0147024182374418,-0.8402646524105554,1.4337985490292842,-0.5394157785103977,-0.20671224422304368,0.7132946767125794,2
-0.530539660663796,0.9965503938534246,-1.3960741691399157,-0.47672630381870684,-0.22428272082689776,-0.4122983304296984,-0.3535781712637321,0.5169432513579022,1.317838303435447,-0.5902612117187235,-0.9779482580081287,2
-0.6858586156468595,1.053429115950384,-1.3960741691399157,-0.47672630381870684,-0.1467923417700532,-0.11109628652582665,-0.32494955472568365,0.211324818800756,1.0616653266153326,-0.6541860396346703,-0.9779482580081287,2
1.3850607841273144,-0.994204879540148,0.9736383104501124,0.43670483633763035,0.04693360587205785,-1.0147024182374418,-0.7257501862583616,0.9244344947674116,-0.8596319995355455,-0.7820356954665637,0.05558909098785987,2
1.7992446640821496,-0.8235687132492703,1.0230073204415713,0.1322277896188514,0.20191436398574694,-0.3118976491284078,-0.12454923895934467,1.841289792438737,-0.9236752437405733,-0.2706370721389904,-0.1323267906477738,2
-1.4624533905621746,2.2194429189380482,-1.3960741691399157,-0.3244877804593172,-0.9023235375742888,0.19010575737804508,0.9060809564103987,-1.6936967441386284,2.406573454920946,0.4964608628523699,0.9012105583482147,2
-0.21990175069767012,-1.2217197679279848,0.8255312804757358,-0.3244877804593172,2.4878805461626587,-1.0147024182374418,-0.8688932689486037,-1.632573057627199,-0.987718487945604,1.007859486179944,1.934747907344203,4
-1.1518154805960483,-0.42541765857055563,-0.4086939693107372,-0.7050840888577911,-0.35989088417637544,-1.2155037808400229,-0.8975218854866522,-0.501784857165843,0.6774058613851571,-0.5902612117187235,-1.165864139643764,2
1.229741829144252,-0.42541765857055563,0.23310316057822877,-0.02001073374053824,0.22128695874995807,0.4913078012819168,-0.23906370511153838,0.7105015919773809,-0.41132929010033914,0.3686112070204764,0.337462913441312,2
-0.6858586156468595,0.3708844507868732,-1.3960741691399157,-0.24836851877962238,-0.1855375312984755,1.0937118890896602,-0.06729200588324781,-0.7972160086377416,0.741449105590185,0.17683672327263683,0.337462913441312,3
-0.8411775706299224,0.20024828449599605,-0.30995594932781945,-0.5528455654984015,-0.26302791035532,-0.01069560522453607,-0.6398643366442164,-1.2250818142176896,0.6133626171801264,1.07178431409589,0.7132946767125794,3
0.19428212925716498,0.7690355054655882,-0.11247990936198371,-0.6289648271780963,-0.26302791035532,-1.1151030995387323,-0.6684929531822648,0.16038841337457438,-0.987718487945604,0.5603856907683167,-1.165864139643764,2
-0.8411775706299224,0.6552780612716697,-1.2479671391655391,-0.1722492570999279,-0.2436553155911089,-0.11109628652582665,-0.43946402087787734,-0.6800622761575352,0.35718964036000933,-0.4624115558868307,-0.03836884982995696,3
0.8155579491894167,-0.6529325469583928,0.8255312804757358,2.796401948408168,-0.32114569464795345,-0.9143017369361512,-0.9261505020247006,0.1196392890336404,-0.6034590227154284,-1.0377350071303508,1.2770423216194837,4
0.34960108424022746,0.7690355054655882,-0.6555390192680319,0.5128240980173252,0.18254176922153392,-0.6130996930322795,0.3621372421874786,1.515296797711152,-0.15515631328022486,-0.718110867550617,-0.7900323763724949,2
-0.4269936906750877,-0.5391751027644742,0.13436514059531085,-0.3244877804593172,-0.35989088417637544,-0.21149696782711722,0.791566490258205,-0.501784857165843,-0.28324280169028343,-0.718110867550617,-0.5081585539190427,3
-0.8411775706299224,0.7121567833686289,-1.2973361491569977,-0.3244877804593172,-0.1855375312984755,-0.71350037433357,-0.8975218854866522,-0.9194633816606,0.29314639615498145,-0.20671224422304368,-0.03836884982995696,3
-1.6177723455452375,-0.31166021437663743,-0.8530150592338677,-0.24836851877962238,-0.766715374224809,0.0897050760767545,1.2209957383289314,-2.5290537931280856,1.5099680360505363,1.4553332815915705,2.936965942734283,4
0.34960108424022746,-1.3354772121219034,0.23310316057822877,-0.3625474112991648,-0.4761264527616422,-0.21149696782711722,-0.553978487030071,-0.8277778518934279,-0.28324280169028343,1.1996339699277834,1.1830843808016651,4
0.7120119792007085,2.020367391598691,-0.16184891935344267,-0.02001073374053824,0.3181499325710135,1.9973180208012753,3.1104844298401275,2.1469082249958267,0.6774058613851571,0.11291189535669009,0.7132946767125794,2
-0.8411775706299224,0.42776317288383253,-0.5074319892936552,-0.47672630381870684,-0.16616493653426434,0.2905064386793356,1.1351098887147861,0.007579197096029567,1.8301842570756812,-0.5263363838027775,-1.0719061988259455,3
-0.530539660663796,0.42776317288383253,-0.11247990936198371,-0.3244877804593172,-0.08867455747741981,0.19010575737804508,1.2782529714050284,-0.3184137976315553,-0.09111306907519418,-0.5902612117187235,-0.6021164947368596,3
0.8155579491894167,-0.994204879540148,0.9242693004586534,-0.40060704213901205,-0.5148716422900645,-0.9143017369361512,-1.012036351638846,-0.47631665445275223,-0.4753725343053698,-0.8459605233825105,1.4649582032551174,3
0.9708769041724802,-0.1410240480857596,0.6774242505013589,-0.40060704213901205,-0.35989088417637544,0.5917084825832074,0.13310830988309116,0.7206888730626285,-0.9236752437405733,0.4325360349364231,0.9951684991660316,3
1.229741829144252,-0.31166021437663743,0.7267932604928179,-0.3244877804593172,1.6161137817731586,1.1941125703909508,0.5625375579538175,0.7206888730626285,-0.8596319995355455,0.6882353466002101,0.337462913441312,3
0.14250914426280992,-1.2217197679279848,0.8749002904671948,-0.8573226122171806,-0.5536168318184868,-0.4122983304296984,-0.6112357201061679,-0.09429361375633363,0.35718964036000933,0.6882353466002101,-0.32024267228340914,3
3.404207198907134,-1.7905069888975773,0.7761622704842769,-0.24836851877962238,-0.2436553155911089,-0.512699011730989,-0.6398643366442164,1.6630123734471578,-1.5000644415858382,1.1996339699277834,-1.165864139643764,4
-0.16812876570331597,1.1103078380473432,-0.9517530792167854,0.2083470512985459,-0.06930196271320868,0.2905064386793356,0.07585107680699432,1.3319257381768643,0.8054923497952157,0.4325360349364231,0.6193367358947626,3
-0.6340856306525048,-0.42541765857055563,-0.6555390192680319,-0.40060704213901205,-0.1855375312984755,-0.512699011730989,-0.5253498704920226,-0.35406928142989375,-0.09111306907519418,-0.9098853512984573,-0.5081585539190427,3
0.7637849641950626,-0.994204879540148,1.3192213803903252,-0.3244877804593172,-0.4954990475258534,-1.0147024182374418,-0.9261505020247006,0.16038841337457438,-0.28324280169028343,0.8800098303480504,0.1495470318056767,2
2.368747499020047,-0.31166021437663743,1.0230073204415713,1.3501359764939673,-0.04992936794899755,-0.9143017369361512,0.018593843730897466,2.707208684683937,-0.027069824870166324,0.17683672327263683,2.1226637889798368,3
-0.9447235406186312,0.4846418949807918,-1.3960741691399157,-0.7050840888577911,-0.35989088417637544,-1.1151030995387323,-1.0979222012529912,-1.4390147170077203,0.1650599077449229,-1.804832942121711,-0.03836884982995696,1
0.24605511425151913,-1.3923559342188623,0.8255312804757358,-0.6289648271780963,-0.3986360737047977,-0.8139010556348607,-0.9834077351007975,-1.6529476197976942,-0.34728604589531126,-0.6541860396346703,1.7468320257085694,4
0.2978280992458733,0.31400572868991394,-0.16184891935344267,0.2083470512985459,-0.2436553155911089,-0.6130996930322795,1.6504249863996578,0.51184961081525,-0.4753725343053698,-0.5263363838027775,-0.6960744355546781,2
-0.4269936906750877,-0.19790277018271887,0.23310316057822877,-0.47672630381870684,-0.26302791035532,1.1941125703909508,1.1064812721767376,0.1400138512040791,0.6774058613851571,-0.4624115558868307,-1.3537800212793976,2
0.6602389942063533,-1.1648410458310257,1.2698523703988662,-0.02001073374053824,0.12442398492890239,1.2945132516922413,1.0492240391006409,0.8225616839149917,-0.15515631328022486,1.07178431409589,-0.7900323763724949,2
-0.7376316006412136,-0.42541765857055563,0.2824721705696877,0.1322277896188514,-0.10804715224163283,0.0897050760767545,0.7343092571821082,0.6188160622102653,1.5740112802555641,-0.3345619000549372,-0.8839903171903117,2
2.1098825740482754,-0.36853893647359637,1.0230073204415713,1.502374499853357,-0.3405182894121643,1.0937118890896602,0.07585107680699432,0.6697524676364469,-1.6281509299958967,-0.5263363838027775,-0.7900323763724949,1
-0.5823126456581507,0.14336956239903675,-1.3467051591484567,-0.5528455654984015,0.10505139016469126,-0.6130996930322795,-0.8975218854866522,-0.8379651329786755,0.29314639615498145,-0.4624115558868307,0.5253787950769457,4
-0.21990175069767012,1.3947014485321396,0.1837341505867698,-0.3244877804593172,-0.16616493653426434,0.0897050760767545,0.791566490258205,-0.1146681759268289,-0.21919955748525272,-0.973810179214404,-0.6021164947368596,3
-0.11635578070896181,1.4515801706290987,-1.3960741691399157,-0.24836851877962238,0.02756101110784672,-0.21149696782711722,-0.5826071035681195,0.5169432513579022,0.42123288456504,-1.2295094908781907,-0.7900323763724949,1
0.8673309341837709,-0.42541765857055563,-0.26058693933636046,-0.47672630381870684,-0.10804715224163283,-0.512699011730989,-0.8116360358725069,0.48638140810215924,-0.5394157785103977,-0.014937760475203418,-1.0719061988259455,3
-1.100042495601694,0.14336956239903675,-0.6555390192680319,-0.5528455654984015,-0.20491012606268663,1.0937118890896602,-0.32494955472568365,-1.8566932415024207,0.10101666353989222,1.07178431409589,1.0891264399838483,3
-1.0482695106073394,0.20024828449599605,-0.6555390192680319,-0.5528455654984015,-0.1855375312984755,0.19010575737804508,0.5339089414157692,-1.9585660523547839,0.1650599077449229,-0.3345619000549372,0.05558909098785987,3
-0.530539660663796,0.7690355054655882,-1.3960741691399157,-0.5528455654984015,-0.2436553155911089,-0.21149696782711722,-0.1818064720354415,0.5169432513579022,1.317838303435447,-0.5902612117187235,-0.9779482580081287,2
1.1261958591555425,2.845108862004599,0.7267932604928179,0.2083470512985459,-0.1467923417700532,0.5917084825832074,1.0778526556386894,0.87349808934123,-1.564107685790866,-0.5263363838027775,-0.32024267228340914,2
1.2815148141386061,0.02961211820511822,1.0230073204415713,1.5784937615330514,0.5893662592699691,-0.512699011730989,-0.8402646524105554,1.7394169815863738,-1.5000644415858382,-0.5902612117187235,1.1830843808016651,3
-1.4624533905621746,0.7690355054655882,-1.3960741691399157,-0.02001073374053824,-0.4180086684690088,-0.8139010556348607,-0.8975218854866522,-2.1521243929743195,1.3818815476404778,-0.4624115558868307,2.310579670615472,2
-0.012809810720252576,0.541520617077751,-0.8036460492424087,-0.5528455654984015,-0.3017730998837423,2.298520064705147,-0.01003477280715096,-0.8889015384048571,0.48527612877006787,1.5192581095075173,1.2770423216194837,3
-0.37522070568073307,-0.6529325469583928,2.3559705902109624,-0.5528455654984015,10.140055478026051,-0.71350037433357,-0.03866338934519939,0.007579197096029567,-1.564107685790866,3.884476742397545,-0.9779482580081287,2
-0.06458279571460673,1.8212918642593334,-1.3467051591484567,-0.24836851877962238,-0.3405182894121643,-1.0147024182374418,-0.9261505020247006,-0.04335720833015204,0.10101666353989222,-0.4624115558868307,0.5253787950769457,1
1.1261958591555425,-1.051083601637107,1.0230073204415713,0.5128240980173252,-0.1855375312984755,0.4913078012819168,0.9060809564103987,1.230052927324501,-0.7315455111254869,0.3046863791045296,-0.41420061310122597,3
-0.27167473569202427,-1.1079623237340663,0.6280552405098999,-0.7812033505374858,-0.611734616111122,-0.9143017369361512,-0.32494955472568365,-1.4390147170077203,-0.09111306907519418,0.3686112070204764,0.5253787950769457,3
-0.27167473569202427,0.42776317288383253,-1.0998601091911622,-0.7050840888577911,-0.35989088417637544,-0.01069560522453607,0.3621372421874786,-0.1961664246087534,-0.027069824870166324,-1.2295094908781907,-0.9779482580081287,2
0.34960108424022746,-0.7098112690553517,1.4179594003732425,1.5784937615330514,-0.1467923417700532,-0.9143017369361512,-0.75437880279641,-0.13504273809732417,-0.15515631328022486,-0.5263363838027775,1.934747907344203,3
0.24605511425151913,-1.2217197679279848,1.4179594003732425,-0.40060704213901205,0.45375809592049143,1.0937118890896602,1.1064812721767376,0.16038841337457438,-0.28324280169028343,-0.7820356954665637,-0.6960744355546781,2
-1.2035884655904028,-0.8235687132492703,-0.6555390192680319,-0.5528455654984015,-0.3017730998837423,-0.9143017369361512,-0.7830074193344585,-0.6545940734443878,0.741449105590185,-0.5263363838027775,-0.9779482580081287,2
-0.27167473569202427,-1.9611431551884548,0.5786862305184413,-0.24836851877962238,-0.7473427794605978,2.298520064705147,0.591166174491866,-0.3999120463134798,0.1650599077449229,1.7749574211713042,0.8072526175303979,2
-0.9447235406186312,0.4846418949807918,-1.3467051591484567,-0.47672630381870684,-0.1467923417700532,-0.71350037433357,-0.6112357201061679,0.3437594729088621,2.4706166991259737,0.4964608628523699,0.05558909098785987,2
-0.9964965256129853,-0.36853893647359637,-0.7049080292594907,-0.09612999542023307,0.5118758802131248,-0.6130996930322795,-0.2676923216495868,0.27244850531218523,2.2784869665108873,-0.014937760475203418,-0.6021164947368596,2
-0.4269936906750877,-1.278598490024944,0.6774242505013589,-0.40060704213901205,-0.6892249951679645,-0.9143017369361512,-0.6398643366442164,-0.247102830034935,0.8695355940002435,1.07178431409589,1.3710002624373006,3
-0.11635578070896181,2.0488067526471707,-0.4086939693107372,-0.8573226122171806,-0.03055677318478668,-0.8139010556348607,-0.43946402087787734,-1.113021722280079,-1.243891464765721,-1.2295094908781907,-0.41420061310122597,2
1.1261958591555425,2.8166695009561202,0.7267932604928179,0.2844663129782407,-0.22428272082689776,1.0937118890896602,1.192367121790883,0.8225616839149917,-1.4360211973808075,-0.5263363838027775,-0.32024267228340914,3
-0.9447235406186312,-0.4822963806675149,-0.6555390192680319,-0.3244877804593172,-0.22428272082689776,0.692109163884498,0.19036554295918803,-0.5527212625920246,0.10101666353989222,-0.20671224422304368,-1.0719061988259455,2
1.0226498891668343,-1.1079623237340663,1.7141734603219962,0.2083470512985459,-0.06930196271320868,-1.0147024182374418,-0.6971215697203132,1.5356713598816474,-0.28324280169028343,0.5603856907683167,0.7132946767125794,4
-0.27167473569202427,-1.1079623237340663,-0.26058693933636046,-0.6289648271780963,-0.20491012606268663,0.2905064386793356,-0.03866338934519939,-0.2725710327480258,-0.09111306907519418,-0.014937760475203418,-1.0719061988259455,2
1.0226498891668343,-0.4822963806675149,2.2078635602365853,3.0628193642870993,-0.26302791035532,2.298520064705147,0.8488237233343019,1.128180116472138,-0.8596319995355455,1.2635587978437302,1.4649582032551174,4
-0.8929505556242765,0.20024828449599605,-0.9517530792167854,0.2844663129782407,-0.16616493653426434,-0.8139010556348607,-0.6971215697203132,-0.048450848872804125,0.997622082410302,-0.2706370721389904,-0.2262847314655923,2
-0.4269936906750877,0.08649084030207749,-0.7542770392509497,-0.02001073374053824,0.18254176922153392,0.8929105264870791,0.5625375579538175,0.542411454070993,0.5493193729750986,-0.2706370721389904,-0.9779482580081287,2
-0.7894045856355677,-0.9373261574431888,-0.16184891935344267,-0.09612999542023307,0.20191436398574694,-1.0147024182374418,-0.8688932689486037,-0.1961664246087534,0.6774058613851571,-0.3345619000549372,-0.32024267228340914,3
-0.6858586156468595,0.4846418949807918,-1.2973361491569977,-0.02001073374053824,-0.12741974700584208,0.19010575737804508,1.1637385052528346,0.33866583236621,1.1257085708203607,-0.3345619000549372,-0.6960744355546781,3
-0.11635578070896181,0.6552780612716697,-0.06311089937052475,-0.40060704213901205,0.14379657969311352,-1.0147024182374418,0.8774523398723503,0.34885311345145764,-1.1158049763556626,-0.20671224422304368,-1.2598220804615807,3
-0.4269936906750877,-0.08414532598880033,-0.21121792934490163,-0.09612999542023307,0.06630620063626899,-0.71350037433357,-0.23906370511153838,0.6188160622102653,1.0616653266153326,0.04898706744074333,-0.7900323763724949,3
-0.6340856306525048,0.62683870022319,-1.0504910991997032,0.056108527939156584,-0.20491012606268663,0.0897050760767545,1.1351098887147861,0.3539467539941097,1.317838303435447,-0.718110867550617,-0.6960744355546781,2
0.09073615926845574,-0.31166021437663743,0.9242693004586534,-0.09612999542023307,-0.26302791035532,-0.8139010556348607,-0.4967212539539742,0.5678796567840838,-1.4360211973808075,-1.2295094908781907,-0.8839903171903117,2
-0.9447235406186312,0.20024828449599605,-0.7049080292594907,-0.09612999542023307,-0.4567538579974311,-0.21149696782711722,-0.4967212539539742,-1.433921076465068,0.741449105590185,-0.20671224422304368,1.1830843808016651,4
-0.530539660663796,0.6552780612716697,-1.0504910991997032,-0.5528455654984015,0.2406595535141692,-0.71350037433357,-0.6684929531822648,-0.3489756408872982,-0.027069824870166324,-0.4624115558868307,-0.7900323763724949,2
-0.47876667566944187,0.5983993391747103,-0.8036460492424087,1.9590900699315252,0.45375809592049143,3.503328240320634,1.8221966856279483,0.7716252784888101,-0.28324280169028343,0.7521601745161569,-0.9779482580081287,2
1.7992446640821496,0.9681110328049449,1.2204833604074072,0.6650626213767146,0.7830922069120804,-0.8139010556348607,-0.7257501862583616,1.230052927324501,-0.8596319995355455,1.1996339699277834,1.652874084890751,4
-0.06458279571460673,0.5130812560292715,-0.30995594932781945,0.056108527939156584,-0.011184178420575548,-0.9143017369361512,-0.7830074193344585,0.7206888730626285,-0.28324280169028343,-0.2706370721389904,-1.0719061988259455,2
0.7637849641950626,-0.1410240480857596,-0.21121792934490163,-0.1722492570999279,0.2987773378068023,-0.9143017369361512,-0.9261505020247006,0.5169432513579022,0.22910315194995076,-0.8459605233825105,-0.41420061310122597,1
-0.3234477206863789,0.4846418949807918,0.03562712061239291,-0.7050840888577911,0.5118758802131248,-0.6130996930322795,-0.4967212539539742,0.3131976296531192,-0.28324280169028343,5.802221579875946,-1.2598220804615807,2
-1.6695453305395918,-1.051083601637107,-1.3960741691399157,-0.5528455654984015,-0.7279701846963867,1.1941125703909508,0.4766517083396723,-2.6411138850656966,2.406573454920946,0.8800098303480504,3.3441170196114607,3
-0.6858586156468595,0.9112323107079864,0.3318411805611464,-0.40060704213901205,0.008188416343635587,-0.6130996930322795,1.3068815879430766,-0.247102830034935,-0.15515631328022486,-0.20671224422304368,-0.9779482580081287,2
0.2978280992458733,-0.25478149227967817,0.1837341505867698,0.2083470512985459,-0.06930196271320868,0.5917084825832074,2.165740084084529,0.8225616839149917,0.10101666353989222,-0.20671224422304368,-0.9779482580081287,2
-0.7376316006412136,-0.08414532598880033,-0.9517530792167854,-0.3244877804593172,-0.4954990475258534,-1.1151030995387323,-1.0692935847149427,-0.48141029499540433,0.29314639615498145,-0.718110867550617,0.05558909098785987,2
0.6084660092119992,-0.1410240480857596,0.3812101905526054,0.2083470512985459,0.5506210697415449,1.0937118890896602,0.24762277603528488,0.22151209988600362,-0.7955887553305148,0.17683672327263683,0.43142085425912885,2
-0.7376316006412136,0.3708844507868732,-1.3960741691399157,-0.6289648271780963,-0.6892249951679645,-1.2155037808400229,-1.0979222012529912,-0.3999120463134798,0.6774058613851571,-1.1655846629622442,-0.1323267906477738,2
1.1261958591555425,-1.3923559342188623,0.5293172205269823,9.87549328461978,-0.35989088417637544,-0.9143017369361512,-0.6684929531822648,2.961890711814845,-1.1798482205606904,0.04898706744074333,-1.165864139643764,2
-0.5823126456581507,3.1010631114409164,-0.9517530792167854,-0.6289648271780963,1.751721945122636,-0.512699011730989,1.2209957383289314,-0.2980392354611166,-0.027069824870166324,-0.5263363838027775,-1.3537800212793976,2
-0.06458279571460673,1.4515801706290987,-0.9023840692253264,0.056108527939156584,-0.12741974700584208,3.001324833814181,1.1637385052528346,0.7716252784888101,1.1257085708203607,-0.7820356954665637,-0.41420061310122597,2
-1.100042495601694,-1.278598490024944,0.9736383104501124,-0.5528455654984015,-0.35989088417637544,0.2905064386793356,0.41939447526357543,-0.4508484517396614,0.8695355940002435,0.8160850024321037,-0.1323267906477738,3
-0.530539660663796,-1.3354772121219034,0.47994821053552333,-0.6289648271780963,-0.4954990475258534,-0.6130996930322795,-0.46809263741592577,0.007579197096029567,0.6774058613851571,-0.7820356954665637,-0.8839903171903117,3
2.3169745140256928,-0.1410240480857596,1.3192213803903252,0.2083470512985459,-0.3017730998837423,-0.8139010556348607,-0.6398643366442164,1.6986678572453833,-1.3719779531757796,0.17683672327263683,0.43142085425912885,3
1.7992446640821496,0.31400572868991394,1.4673284103647015,-0.47672630381870684,-0.32114569464795345,-1.0147024182374418,-0.8116360358725069,0.6188160622102653,-1.3719779531757796,-0.14278741630709693,-0.41420061310122597,3
1.0226498891668343,-1.051083601637107,1.4673284103647015,0.893420406415799,1.6742315660657916,-0.9143017369361512,-0.8688932689486037,0.10945200794839277,-0.7315455111254869,0.3046863791045296,0.8072526175303979,3
-0.6340856306525048,0.7121567833686289,-1.2973361491569977,-0.1722492570999279,0.12442398492890239,-1.0147024182374418,-0.43946402087787734,1.2809893327506827,2.3425302107159154,0.9439346582639971,-0.6960744355546781,2
-0.7376316006412136,0.42776317288383253,-0.8036460492424087,-0.24836851877962238,-0.08867455747741981,-0.21149696782711722,-0.5253498704920226,-0.09429361375633363,1.3818815476404778,-0.20671224422304368,-0.2262847314655923,4
0.9191039191781251,-0.5960538248614334,1.4179594003732425,0.6650626213767146,-0.3405182894121643,-1.1151030995387323,-1.0406649681768942,0.16038841337457438,-1.6921941742009246,-0.14278741630709693,-0.7900323763724949,2
0.5049200392232909,-1.1079623237340663,1.5166974203561605,0.2083470512985459,-0.16616493653426434,-0.6130996930322795,-0.46809263741592577,0.41507044050553893,-1.1798482205606904,-0.718110867550617,1.4649582032551174,3
3.8701640638563233,-0.9373261574431888,1.8129114803049142,3.7859523502442,0.16316917445732465,0.692109163884498,0.7056806406440597,0.41507044050553893,-2.0764536394311004,1.1996339699277834,4.189738486971816,2
-1.0482695106073394,1.508458892726058,-1.19859812917408,-0.24836851877962238,-0.5148716422900645,-0.4122983304296984,-0.8402646524105554,-0.46103573282490906,1.4459247918455056,-0.014937760475203418,-0.03836884982995696,3
-0.5823126456581507,-1.1079623237340663,0.9242693004586534,-0.3244877804593172,-0.20491012606268663,-1.0147024182374418,-1.012036351638846,-0.501784857165843,0.1650599077449229,-0.7820356954665637,-0.1323267906477738,3
0.556693024217645,1.4515801706290987,-0.30995594932781945,-0.47672630381870684,-0.20491012606268663,-0.9143017369361512,-0.41083540433982896,1.0263073056197747,-0.28324280169028343,-0.5902612117187235,0.1495470318056767,3
1.0226498891668343,-1.6198708226066996,0.8749002904671948,-0.5528455654984015,-0.2436553155911089,-0.9143017369361512,-0.7257501862583616,0.41507044050553893,-0.34728604589531126,2.350280872414824,0.337462913441312,4
-0.6858586156468595,-1.051083601637107,-0.013741889379065782,-0.40060704213901205,-0.10804715224163283,1.5957152955961131,0.6197947910299144,0.07889016469270643,0.9335788382052742,-1.1016598350462976,-0.9779482580081287,2
2.731158393980527,-0.6244931859099131,1.9610185102792912,0.2844663129782407,-0.04992936794899755,0.19010575737804508,-0.09592062242129624,2.350653846700666,-1.564107685790866,0.9439346582639971,-0.41420061310122597,3
-0.8411775706299224,0.8259142275625474,-1.2973361491569977,-0.5528455654984015,-0.7279701846963867,-1.0147024182374418,-1.012036351638846,-0.2980392354611166,1.1257085708203607,-0.8459605233825105,-0.8839903171903117,2
-0.11635578070896181,0.3708844507868732,-1.3960741691399157,-0.02001073374053824,0.10505139016469126,0.3909071199806262,0.3335086256494302,1.7394169815863738,1.2537950592304192,-0.014937760475203418,-1.0719061988259455,3
-0.7376316006412136,0.541520617077751,-0.9023840692253264,-0.8573226122171806,-0.32114569464795345,1.1941125703909508,0.4766517083396723,-0.3999120463134798,-0.15515631328022486,-0.2706370721389904,-1.165864139643764,2
-0.27167473569202427,-0.5391751027644742,-0.3593249593192784,-0.7050840888577911,0.35689512209943575,-0.512699011730989,-0.2676923216495868,-0.09429361375633363,-0.8596319995355455,1.6471077653394108,-0.8839903171903117,2
-0.530539660663796,-0.8804474353462295,0.7267932604928179,0.056108527939156584,-0.10804715224163283,0.2905064386793356,1.0205954225625924,0.15020113228932674,0.1650599077449229,0.17683672327263683,-0.6960744355546781,3
-0.11635578070896181,-0.7098112690553517,0.7761622704842769,0.2083470512985459,0.02756101110784672,-0.4122983304296984,-0.09592062242129624,0.3641340350793573,1.4459247918455056,-0.2706370721389904,0.05558909098785987,3
0.09073615926845574,-0.31166021437663743,0.08499613060385187,0.36058557465793556,-0.22428272082689776,1.4953146142948226,2.537912099079159,0.41507044050553893,-0.027069824870166324,-0.7820356954665637,-0.9779482580081287,2
-0.47876667566944187,-0.19790277018271887,-0.4086939693107372,0.056108527939156584,4.735101538811148,-0.71350037433357,-0.9261505020247006,0.007579197096029567,-0.6034590227154284,1.583182937423464,0.05558909098785987,3
-0.3234477206863789,0.20024828449599605,-0.4580629793021962,-0.5528455654984015,0.3181499325710135,-0.3118976491284078,0.018593843730897466,-0.1961664246087534,-0.7315455111254869,1.7749574211713042,-0.8839903171903117,2
0.19428212925716498,0.3708844507868732,-0.5074319892936552,0.2844663129782407,0.02756101110784672,-0.3118976491284078,0.791566490258205,0.30301034856792813,-1.0517617321506318,-0.718110867550617,-0.9779482580081287,2
0.7637849641950626,-0.994204879540148,0.6280552405098999,-0.1722492570999279,-0.08867455747741981,-0.4122983304296984,0.41939447526357543,0.7206888730626285,-0.6034590227154284,-0.973810179214404,-0.8839903171903117,2
-1.0482695106073394,-0.9373261574431888,1.2204833604074072,-0.24836851877962238,2.759096872861615,0.3909071199806262,-0.32494955472568365,-1.7242585873943712,0.42123288456504,1.7749574211713042,1.8407899665263863,3
-0.7376316006412136,-0.5391751027644742,0.08499613060385187,-0.40060704213901205,-0.04992936794899755,-0.9143017369361512,-0.21043508857348994,-1.6936967441386284,0.1650599077449229,-1.2295094908781907,1.3710002624373006,3
-0.4269936906750877,0.7974748665140677,-0.9023840692253264,-0.7812033505374858,-0.4180086684690088,1.1941125703909508,0.24762277603528488,-0.11976181646942444,0.5493193729750986,-0.9098853512984573,-1.0719061988259455,2
-1.0482695106073394,-0.5960538248614334,-0.9517530792167854,-0.1722492570999279,-0.6504798056395423,1.8969173394999848,0.5052803248777207,0.23169938097125123,0.6774058613851571,0.17683672327263683,-0.03836884982995696,3
-1.1518154805960483,0.6552780612716697,-0.9517530792167854,-0.02001073374053824,-0.12741974700584208,-0.01069560522453607,-0.5826071035681195,-0.7157177599558171,1.7020977686656227,-0.14278741630709693,1.4649582032551174,2
0.038963174274101585,0.3424450897383936,-0.5074319892936552,-0.3244877804593172,-0.1855375312984755,-1.0147024182374418,-0.46809263741592577,-0.04335720833015204,-0.6675022669204562,-1.1016598350462976,-0.6021164947368596,3
-0.9447235406186312,2.4753971683743643,-1.3960741691399157,-0.5528455654984015,-0.10804715224163283,-1.0147024182374418,-0.8688932689486037,-1.6223857765419514,1.2537950592304192,-1.357359146710084,1.3710002624373006,3
-0.27167473569202427,-0.1410240480857596,0.23310316057822877,-0.40060704213901205,-0.06930196271320868,-0.01069560522453607,2.766941031383546,0.007579197096029567,-0.6675022669204562,-0.6541860396346703,-0.8839903171903117,2
0.6084660092119992,0.8827929496595067,-0.21121792934490163,-0.24836851877962238,-0.011184178420575548,-1.0147024182374418,-0.5253498704920226,1.0263073056197747,-1.0517617321506318,-0.3345619000549372,-0.2262847314655923,2
0.7120119792007085,-0.1410240480857596,0.2824721705696877,-0.1722492570999279,0.12442398492890239,-0.512699011730989,-0.03866338934519939,0.9448090569378502,-0.41132929010033914,-0.3345619000549372,-0.6960744355546781,4
-0.3234477206863789,0.31400572868991394,-1.2973361491569977,-0.40060704213901205,-0.2824005051195312,-0.6130996930322795,-0.8116360358725069,0.007579197096029567,0.35718964036000933,-0.5263363838027775,-0.8839903171903117,4
0.2978280992458733,-0.36853893647359637,0.13436514059531085,0.2083470512985459,0.10505139016469126,0.3909071199806262,1.4786532871713673,0.6952206703495377,0.10101666353989222,-0.14278741630709693,-0.8839903171903117,3
0.09073615926845574,1.5653376148230174,-0.8530150592338677,-0.1722492570999279,-0.06930196271320868,-0.3118976491284078,-0.43946402087787734,0.5678796567840838,0.6133626171801264,-1.1016598350462976,-0.5081585539190427,2
1.592152724104732,0.08649084030207749,2.1091255402536677,1.4262552381736624,0.7056018278552358,-0.9143017369361512,-0.8975218854866522,0.8225616839149917,-1.8843239068160138,1.1357091420118368,1.2770423216194837,4
-1.3071344355791112,0.14336956239903675,-0.9023840692253264,-0.24836851877962238,-0.4954990475258534,2.398920746006438,0.13310830988309116,-0.8481524140639232,1.3818815476404778,0.6882353466002101,0.7132946767125794,3
-0.9964965256129853,0.8259142275625474,-1.3960741691399157,1.3501359764939673,-0.5923620213469089,-0.4122983304296984,-0.75437880279641,-0.9703997870867817,0.9335788382052742,-0.5902612117187235,1.2770423216194837,1
0.24605511425151913,-0.7098112690553517,0.1837341505867698,2.339686378329999,-0.011184178420575548,-0.512699011730989,0.018593843730897466,1.1791165218983195,0.48527612877006787,0.7521601745161569,0.05558909098785987,4
-0.9964965256129853,-0.766689991152311,-0.26058693933636046,4.394906443681759,-0.7085975899321757,1.2945132516922413,1.2782529714050284,-0.8074032897229891,0.8695355940002435,-0.6541860396346703,1.5589161440729342,3
-0.8929505556242765,0.8543535886110271,-1.0504910991997032,-0.09612999542023307,0.02756101110784672,0.19010575737804508,1.0205954225625924,-0.501784857165843,0.29314639615498145,-0.718110867550617,-0.32024267228340914,2
-0.9447235406186312,-0.4822963806675149,-0.9517530792167854,-0.24836851877962238,-0.4761264527616422,-0.6130996930322795,-0.8116360358725069,-1.1945199709620034,0.741449105590185,0.2407615511885829,0.8072526175303979,3
-0.7376316006412136,0.14336956239903675,-0.7542770392509497,-0.24836851877962238,-0.2436553155911089,-0.01069560522453607,-0.32494955472568365,-0.4508484517396614,0.35718964036000933,-0.3984867279708839,-0.6960744355546781,3
1.643925709099086,-0.31166021437663743,0.7761622704842769,-0.7050840888577911,1.1511715074320914,2.097718702102566,0.13310830988309116,0.8021871217445531,0.48527612877006787,1.327483625759677,-0.5081585539190427,1
-1.2035884655904028,-1.7905069888975773,0.5786862305184413,-0.8573226122171806,-0.4180086684690088,2.5495217679583737,3.3967705952206115,-2.8448595067704794,-0.34728604589531126,-0.3984867279708839,1.3710002624373006,3
-0.530539660663796,1.4800195316775784,-0.4580629793021962,2.0352093316112203,0.12442398492890239,0.3909071199806262,1.4786532871713673,0.17566933500241755,-0.9236752437405733,-0.8459605233825105,-0.8213516899784306,3
1.8510176490765036,-0.1410240480857596,1.5166974203561605,-0.8573226122171806,-0.2824005051195312,0.7925098451857885,-0.12454923895934467,0.6188160622102653,-2.460713104661276,0.17683672327263683,0.05558909098785987,4
0.40137406923458163,0.3708844507868732,-0.21121792934490163,0.5889433596970197,0.2600321482783782,0.4913078012819168,0.018593843730897466,1.0263073056197747,-0.28324280169028343,0.11291189535669009,-0.7900323763724949,2
1.954563619065212,-0.25478149227967817,1.2698523703988662,0.056108527939156584,-0.04992936794899755,0.3909071199806262,0.5052803248777207,1.6375441707340106,-1.307934708970749,-0.2706370721389904,0.05558909098785987,3
0.9191039191781251,-0.9373261574431888,1.7635424703134552,0.2844663129782407,0.6668566383268136,-0.512699011730989,-0.1531778554973931,0.6188160622102653,-0.4753725343053698,0.04898706744074333,1.934747907344203,3
-0.6340856306525048,-0.766689991152311,0.1837341505867698,-0.5528455654984015,-0.43738126323321996,1.8969173394999848,0.390765858725527,0.18076297554506965,0.997622082410302,0.8160850024321037,-0.5081585539190427,2
-1.100042495601694,1.3378227264351803,-1.3960741691399157,0.2844663129782407,-0.3017730998837423,1.0937118890896602,0.1617369264211396,-1.5256066062322402,1.317838303435447,-0.3345619000549372,0.9951684991660316,3
-0.6340856306525048,-1.051083601637107,0.1837341505867698,-0.02001073374053824,0.04693360587205785,2.8005234712116,1.9080825352420934,-0.09429361375633363,0.10101666353989222,0.8800098303480504,0.6193367358947626,2
2.575839438997465,-1.4492346563158216,1.6648044503305375,0.056108527939156584,-0.10804715224163283,-0.9143017369361512,-0.7257501862583616,1.7394169815863738,-0.9236752437405733,0.11291189535669009,-0.6960744355546781,3
-0.7894045856355677,0.2571270065929547,-1.3960741691399157,0.2083470512985459,-0.12741974700584208,0.5917084825832074,-0.1531778554973931,-0.8175905708082368,0.6774058613851571,-0.8459605233825105,0.337462913441312,2
0.6084660092119992,-1.1648410458310257,0.9242693004586534,-0.8573226122171806,-0.611734616111122,-0.6130996930322795,-0.6398643366442164,0.08398380523530197,-0.5394157785103977,1.07178431409589,-0.1323267906477738,4
3.7148451088732597,0.9112323107079864,2.3559705902109624,0.893420406415799,0.2406595535141692,-0.9143017369361512,-0.09592062242129624,3.267509144372048,-2.2685833720461868,0.17683672327263683,0.7132946767125794,4
1.7992446640821496,-0.8804474353462295,2.0103875202707497,-0.1722492570999279,-0.1855375312984755,-0.3118976491284078,-0.6398643366442164,-0.501784857165843,-1.9483671510210416,-0.014937760475203418,2.216621729797655,3
0.9708769041724802,-0.4822963806675149,1.0723763304330303,1.502374499853357,0.37626771686364685,-1.0147024182374418,-0.954779118562749,0.6188160622102653,-0.15515631328022486,1.1357091420118368,0.9951684991660316,2
-0.16812876570331597,1.707534420065415,-0.21121792934490163,-0.3244877804593172,-0.06930196271320868,-1.0147024182374418,-0.954779118562749,0.211324818800756,0.42123288456504,0.7521601745161569,0.24350497262349352,3
-0.8411775706299224,1.6222163369199767,-1.1492291191826212,-0.40060704213901205,-0.3405182894121643,-0.9143017369361512,-0.9261505020247006,-0.5934703869330151,1.317838303435447,0.04898706744074333,0.337462913441312,3
-0.3234477206863789,-1.1648410458310257,0.7761622704842769,0.1322277896188514,0.3181499325710135,-0.71350037433357,-0.8402646524105554,0.27244850531218523,0.1650599077449229,0.8160850024321037,0.5253787950769457,4
-0.11635578070896181,-1.051083601637107,0.47994821053552333,-0.02001073374053824,-0.1467923417700532,-0.3118976491284078,0.30488000911138174,0.5169432513579022,-0.027069824870166324,-1.1655846629622442,-1.3537800212793976,3
-1.1518154805960483,0.31400572868991394,-1.3960741691399157,-0.7050840888577911,-0.43738126323321996,-0.71350037433357,-0.8116360358725069,-0.09429361375633363,1.6380545244605949,1.1996339699277834,-0.9779482580081287,2
2.1098825740482754,-0.8804474353462295,1.3192213803903252,0.056108527939156584,-0.08867455747741981,0.9933112077883697,0.6197947910299144,1.3828621436031026,-0.987718487945604,1.07178431409589,-0.03836884982995696,3
0.8155579491894167,0.9396716717564654,-0.8530150592338677,-0.8573226122171806,-0.06930196271320868,-0.71350037433357,-0.6398643366442164,-0.5119721382510907,-2.716886081481393,-1.1655846629622442,-0.6960744355546781,2
-0.6340856306525048,-0.027266603891841053,-1.0504910991997032,-0.8573226122171806,-0.26302791035532,-1.0147024182374418,-0.75437880279641,0.2622612242269376,0.10101666353989222,1.007859486179944,-0.7900323763724949,3
-0.5823126456581507,0.3708844507868732,-0.11247990936198371,3.5575945652051155,-0.3405182894121643,1.9973180208012753,2.137111467546481,0.6697524676364469,0.42123288456504,-1.0377350071303508,-0.9779482580081287,2
-1.2035884655904028,-0.7098112690553517,-0.6061700092765729,-0.5528455654984015,-0.35989088417637544,-0.4122983304296984,-0.6112357201061679,-0.6545940734443878,0.741449105590185,0.5603856907683167,-0.32024267228340914,4
-1.4624533905621746,0.5130812560292715,-1.3960741691399157,-0.7050840888577911,0.02756101110784672,0.0897050760767545,0.3621372421874786,-1.2658309385586801,1.7661410128706534,-0.8459605233825105,-0.5081585539190427,2
-0.47876667566944187,0.2571270065929547,-1.2973361491569977,0.056108527939156584,-0.20491012606268663,-0.4122983304296984,-0.32494955472568365,-0.6189385896461059,0.35718964036000933,-0.20671224422304368,0.337462913441312,3
-0.6858586156468595,-0.31166021437663743,-1.3960741691399157,-0.24836851877962238,-0.3986360737047977,-0.8139010556348607,-0.9261505020247006,-0.8226842113508324,0.6133626171801264,-0.4624115558868307,0.43142085425912885,1
1.1261958591555425,1.7359737811138944,0.43057920054406434,0.056108527939156584,-0.03055677318478668,1.0937118890896602,0.6770520241060113,0.6697524676364469,-0.9236752437405733,-0.8459605233825105,-0.5081585539190427,2
0.9191039191781251,-1.3354772121219034,1.0230073204415713,0.056108527939156584,-0.5536168318184868,-1.0147024182374418,-0.954779118562749,0.41507044050553893,-1.6281509299958967,0.5603856907683167,0.05558909098785987,4
-0.6340856306525048,0.5983993391747103,-1.3960741691399157,-0.47672630381870684,0.18254176922153392,-0.11109628652582665,-0.23906370511153838,-0.017889005617061235,0.42123288456504,-0.4624115558868307,-1.3537800212793976,3
-0.530539660663796,1.4800195316775784,-0.4580629793021962,2.0352093316112203,0.12442398492890239,0.3909071199806262,1.4786532871713673,0.17566933500241755,-0.9236752437405733,-0.8459605233825105,-0.7900323763724949,3
-0.4269936906750877,-0.5960538248614334,-1.0011220892082442,0.1322277896188514,-0.06930196271320868,-0.01069560522453607,0.047222460268945894,0.007579197096029567,-0.6034590227154284,-0.3984867279708839,-0.41420061310122597,2
-0.9447235406186312,-0.1410240480857596,-1.3960741691399157,-0.5528455654984015,-0.4954990475258534,0.5917084825832074,-0.5253498704920226,-1.663134900882942,0.8695355940002435,-0.6541860396346703,1.7468320257085694,3
-0.5823126456581507,-0.25478149227967817,0.1837341505867698,-0.3244877804593172,-0.4954990475258534,1.5957152955961131,0.21899415949723647,0.2520739431417465,-0.027069824870166324,-0.014937760475203418,-0.41420061310122597,4
-0.530539660663796,-0.9373261574431888,0.03562712061239291,0.056108527939156584,-0.011184178420575548,1.0937118890896602,0.7343092571821082,-0.17069822189566258,0.5493193729750986,0.17683672327263683,0.5253787950769457,2
1.5403797391103777,0.5699599781262307,1.8622804902963732,2.796401948408168,0.008188416343635587,-0.9143017369361512,-0.6398643366442164,1.0263073056197747,-1.243891464765721,2.158506388666984,2.6864114338867413,3
-0.5823126456581507,0.9396716717564654,0.1837341505867698,-0.24836851877962238,-0.35989088417637544,1.9973180208012753,1.6504249863996578,-0.23691554894968736,0.1650599077449229,-0.9098853512984573,-0.8839903171903117,2
1.6956986940934402,-1.3923559342188623,0.9242693004586534,-0.6289648271780963,-0.6504798056395423,0.19010575737804508,-0.41083540433982896,0.03814104035171591,-0.987718487945604,0.11291189535669009,0.1495470318056767,4
-0.6340856306525048,0.7690355054655882,-1.2479671391655391,-0.1722492570999279,-0.1855375312984755,0.0897050760767545,1.1351098887147861,0.3284785512810189,1.4459247918455056,-0.5263363838027775,-0.6960744355546781,2
-0.47876667566944187,-0.5960538248614334,0.1837341505867698,0.1322277896188514,-0.3986360737047977,-0.8139010556348607,-0.6112357201061679,-0.25729011112012606,-0.41132929010033914,-1.357359146710084,-0.03836884982995696,2
0.038963174274101585,-1.9611431551884548,1.1217453404244893,-0.5909051963382489,-0.32114569464795345,3.001324833814181,1.192367121790883,-0.787028727552494,0.1650599077449229,0.6882353466002101,1.2770423216194837,4
-1.2035884655904028,0.6552780612716697,-1.2973361491569977,-0.09612999542023307,-0.35989088417637544,1.0937118890896602,-0.01003477280715096,-1.632573057627199,1.0616653266153326,-1.2934343187941375,0.5253787950769457,2
-0.11635578070896181,2.2194429189380482,-0.06311089937052475,-0.3244877804593172,0.008188416343635587,-0.8139010556348607,-0.6684929531822648,-0.2980392354611166,-0.28324280169028343,-1.1655846629622442,-0.41420061310122597,1
0.2978280992458733,-0.9373261574431888,1.1711143504159482,-0.3244877804593172,0.45375809592049143,-1.0147024182374418,-1.0406649681768942,-0.5629085436772723,0.03697341933486437,-0.20671224422304368,0.8072526175303979,3
-0.16812876570331597,1.6790950590169353,-1.3960741691399157,1.1978974531345776,0.14379657969311352,-1.0147024182374418,-0.9261505020247006,0.8938726515116686,0.35718964036000933,-0.7820356954665637,-0.7900323763724949,2
2.2652015290313385,1.7928525032108538,1.7141734603219962,-0.09612999542023307,0.008188416343635587,-0.21149696782711722,-0.32494955472568365,1.4847349544554658,-1.307934708970749,-0.3345619000549372,-0.03836884982995696,3
-0.11635578070896181,-0.7098112690553517,0.13436514059531085,-0.47672630381870684,-0.10804715224163283,-0.71350037433357,-0.6398643366442164,-0.3999120463134798,-0.41132929010033914,0.2407615511885829,0.1495470318056767,3
0.7637849641950626,-0.19790277018271887,1.4673284103647015,0.7411818830564093,0.12442398492890239,-0.6130996930322795,-0.09592062242129624,1.841289792438737,-0.09111306907519418,-0.4624115558868307,-1.3537800212793976,2
1.954563619065212,-0.42541765857055563,1.0230073204415713,-0.8573226122171806,-0.2436553155911089,-1.2155037808400229,-1.155179434329088,0.05851560252221117,-1.1158049763556626,-0.14278741630709693,-0.03836884982995696,2
-1.9284102555113634,0.42776317288383253,-0.556800999285114,-0.1722492570999279,-0.5729894265826998,0.19010575737804508,1.7076822194757546,-1.8261313982467344,3.4953086064064425,-0.3345619000549372,2.310579670615472,3
0.09073615926845574,-0.19790277018271887,1.1217453404244893,-0.40060704213901205,6.478635067590148,0.0897050760767545,0.44802309180162386,0.5678796567840838,-1.7562374184059553,3.3091532911540242,-1.3537800212793976,2
-0.6340856306525048,-1.051083601637107,-0.21121792934490163,-0.40060704213901205,-0.32114569464795345,1.4953146142948226,0.1617369264211396,-0.5221594193363382,0.8695355940002435,-0.4624115558868307,-0.32024267228340914,2
-0.9447235406186312,1.0249897549019042,-1.0504910991997032,-0.7050840888577911,-0.22428272082689776,-0.9143017369361512,-0.8975218854866522,-0.2980392354611166,0.8695355940002435,-0.4624115558868307,0.24350497262349352,2
-0.6340856306525048,0.02961211820511822,-0.7049080292594907,-0.3244877804593172,-0.4567538579974311,-0.01069560522453607,-0.4967212539539742,-1.810850476618891,0.29314639615498145,-0.2706370721389904,1.5589161440729342,3
0.556693024217645,0.14336956239903675,1.8622804902963732,-0.1722492570999279,5.800594250842759,-0.3118976491284078,-0.2676923216495868,0.7206888730626285,-0.8596319995355455,0.11291189535669009,-0.7900323763724949,2
-0.7376316006412136,-0.5960538248614334,-0.4580629793021962,-0.1722492570999279,-0.32114569464795345,0.2905064386793356,-0.2963209381876352,-1.0315234735982108,0.5493193729750986,-0.5902612117187235,0.43142085425912885,2
0.14250914426280992,1.36626208748366,-0.30995594932781945,-0.1722492570999279,-0.4567538579974311,-0.6130996930322795,-0.12454923895934467,-0.247102830034935,-1.307934708970749,-0.6541860396346703,-0.9779482580081287,2
-0.9447235406186312,-0.766689991152311,1.0230073204415713,-0.6289648271780963,-0.3405182894121643,0.7925098451857885,2.938712730611837,-2.335495452508607,-1.1798482205606904,-0.973810179214404,0.9951684991660316,3
-0.16812876570331597,1.4800195316775784,1.1711143504159482,-0.40060704213901205,0.6668566383268136,2.1981193834038564,3.0532271967640305,0.05851560252221117,-0.6034590227154284,0.2407615511885829,-1.0719061988259455,2
-0.6340856306525048,2.7029120567622016,-1.3960741691399157,0.36058557465793556,0.2794047430425912,-0.8139010556348607,-0.8688932689486037,-0.4712230139101567,0.8054923497952157,-1.2295094908781907,-0.41420061310122597,2
0.24605511425151913,-1.6198708226066996,0.5293172205269823,-0.7050840888577911,-0.26302791035532,-1.2155037808400229,-1.0406649681768942,0.09926472686314514,-1.1798482205606904,-0.3984867279708839,-0.8839903171903117,3
-0.3234477206863789,0.14336956239903675,-1.3960741691399157,-0.6289648271780963,-0.3405182894121643,-0.8139010556348607,-0.8402646524105554,-0.09938725429898573,-0.28324280169028343,-0.07886258839115017,-0.9779482580081287,3
0.6084660092119992,0.20024828449599605,-0.26058693933636046,0.6650626213767146,0.2794047430425912,2.1981193834038564,1.3068815879430766,1.4337985490292842,-0.027069824870166324,-0.014937760475203418,-0.32024267228340914,2
-0.27167473569202427,-0.19790277018271887,0.1837341505867698,-0.47672630381870684,-0.10804715224163283,0.19010575737804508,2.7955696479215946,0.007579197096029567,-0.6675022669204562,-0.6541860396346703,-0.8839903171903117,2
0.24605511425151913,-0.5391751027644742,0.8255312804757358,-0.47672630381870684,-0.6892249951679645,-0.9143017369361512,-0.8688932689486037,-1.0111489114277157,0.29314639615498145,0.3046863791045296,1.934747907344203,3
-0.47876667566944187,0.31400572868991394,1.3685903903817842,0.43670483633763035,1.2674070760173581,-1.0147024182374418,-0.9261505020247006,-1.0315234735982108,-0.6034590227154284,2.414205700330771,1.0891264399838483,3
-0.7376316006412136,0.7405961444171085,-0.6061700092765729,-0.3244877804593172,-0.26302791035532,-0.71350037433357,-0.6112357201061679,-0.3693502030577935,0.42123288456504,-0.6541860396346703,-0.6960744355546781,2
-0.8411775706299224,0.9396716717564654,-1.3960741691399157,2.339686378329999,0.7056018278552358,0.5917084825832074,0.3335086256494302,1.4847349544554658,0.997622082410302,0.4325360349364231,-0.2262847314655923,2
-0.8411775706299224,-0.25478149227967817,-1.0011220892082442,-0.5528455654984015,-0.26302791035532,2.4993214273077284,0.5052803248777207,-0.7615605248394032,-1.1798482205606904,-1.0377350071303508,-0.7900323763724949,2
0.5049200392232909,0.9112323107079864,-0.11247990936198371,-0.09612999542023307,-0.10804715224163283,0.7925098451857885,2.766941031383546,0.5169432513579022,-0.15515631328022486,-0.6541860396346703,-0.9779482580081287,2
-0.5823126456581507,0.14336956239903675,-1.2479671391655391,-0.7050840888577911,-0.3017730998837423,0.19010575737804508,-0.12454923895934467,-0.6036576680182062,0.42123288456504,-1.1016598350462976,-1.3537800212793976,1
-0.8411775706299224,2.2194429189380482,0.03562712061239291,1.7307322848924411,-0.3405182894121643,-0.01069560522453607,-0.21043508857348994,-0.5170657787936862,1.4459247918455056,-0.718110867550617,0.6193367358947626,2
0.8155579491894167,0.20024828449599605,-0.21121792934490163,-0.24836851877962238,-0.16616493653426434,0.3909071199806262,0.3335086256494302,1.1791165218983195,-0.7955887553305148,-0.5902612117187235,-0.32024267228340914,3
-0.8411775706299224,1.3947014485321396,-1.3960741691399157,-0.5528455654984015,-0.4180086684690088,1.8969173394999848,0.1617369264211396,0.41507044050553893,2.0223139896907703,0.17683672327263683,-0.5081585539190427,2
-0.21990175069767012,1.0249897549019042,-1.1492291191826212,-0.47672630381870684,-0.26302791035532,-0.71350037433357,-0.7830074193344585,-0.2980392354611166,0.22910315194995076,1.902807077003197,0.05558909098785987,3
0.6602389942063533,0.02961211820511822,1.5660664303476195,-0.40060704213901205,-0.9410687271027091,-1.0147024182374418,-0.7830074193344585,-0.47631665445275223,-0.027069824870166324,1.327483625759677,1.8407899665263863,3
-0.06458279571460673,-0.5960538248614334,0.47994821053552333,-0.02001073374053824,0.12442398492890239,0.8929105264870791,0.390765858725527,0.5678796567840838,0.03697341933486437,0.3046863791045296,0.337462913441312,3
-0.27167473569202427,-0.7098112690553517,0.08499613060385187,-0.5528455654984015,1.3448974550742028,-1.3159044621413136,-0.03866338934519939,0.24698030259909443,0.03697341933486437,1.6471077653394108,-0.8839903171903117,3
0.19428212925716498,-1.2217197679279848,0.5786862305184413,0.2083470512985459,0.4150129063920691,-0.8139010556348607,-0.8688932689486037,-0.32860107871680294,0.03697341933486437,0.8800098303480504,1.2770423216194837,4
0.9191039191781251,0.6837174223201492,0.3812101905526054,-0.5528455654984015,-0.6698524004037535,-1.0147024182374418,-0.9261505020247006,0.7206888730626285,-0.8596319995355455,-1.4852088025419776,-0.41420061310122597,3
-0.4269936906750877,1.0818684769988636,-1.3960741691399157,-0.3244877804593172,-0.37926347894058654,1.4953146142948226,-0.32494955472568365,-0.7411859626689079,1.1257085708203607,-0.014937760475203418,0.9012105583482147,3
-0.012809810720252576,0.20024828449599605,-1.19859812917408,-0.40060704213901205,-0.10804715224163283,-0.512699011730989,-0.6971215697203132,0.41507044050553893,-0.5394157785103977,-1.357359146710084,-0.7900323763724949,2
-0.7376316006412136,0.541520617077751,-1.0011220892082442,-0.5528455654984015,-0.22428272082689776,-0.71350037433357,-0.6398643366442164,0.5169432513579022,1.1257085708203607,-0.7820356954665637,-1.3537800212793976,2
-0.11635578070896181,-1.506113378412781,0.2824721705696877,-0.02001073374053824,-0.2824005051195312,0.0897050760767545,0.018593843730897466,-0.43047388956916616,0.6133626171801264,0.8160850024321037,0.8072526175303979,4
0.5049200392232909,0.9112323107079864,-0.8530150592338677,0.1322277896188514,-0.20491012606268663,-0.9143017369361512,-0.43946402087787734,0.8225616839149917,-0.7315455111254869,0.3046863791045296,-0.32024267228340914,3
0.34960108424022746,-1.7905069888975773,0.43057920054406434,-0.7050840888577911,-0.3986360737047977,-0.9143017369361512,-1.0406649681768942,-0.6444067923591967,-0.4753725343053698,-0.4624115558868307,0.6193367358947626,4
0.34960108424022746,-1.3923559342188623,0.9736383104501124,-0.5528455654984015,-0.3986360737047977,1.0937118890896602,-0.01003477280715096,-0.04335720833015204,0.10101666353989222,2.4781305282467176,0.1495470318056767,3
