battery_power,blue,clock_speed,dual_sim,fc,four_g,int_memory,m_dep,mobile_wt,target,pc,px_height,px_width,ram,sc_h,sc_w,talk_time,three_g,touch_screen,wifi
1.4022615949083104,1,0.4404882931394315,1,0.9816774427642516,1,-0.9749109596965282,0.0234774550940849,0.5642078499882586,3,0.6919272869682098,-0.4693725025349366,-1.3096869887355986,-0.4975796239520142,-1.2364417896614797,-1.0720643257893787,0.3760538284886195,1,1,0
-1.0555502861385329,1,-1.201210911004664,1,-0.8126637212268465,0,0.6722343918009565,-1.3577794862745591,1.0019339401989298,4,1.0309284421379228,1.084875468087286,0.2007957038267077,1.7093402757147036,-1.470345300781792,-1.0720643257893787,0.1882928646180641,1,1,0
1.637199495302494,1,0.909545208609173,1,-0.8126637212268465,1,1.550711912599615,-0.6671510155902372,-1.5952408617177192,7,-1.172579066465211,-1.0026928846111895,0.025105118740155453,1.6349599091825742,-0.5347312563005435,0.3400204018361837,0.0005319007475086858,1,0,0
1.648494586667599,1,-1.201210911004664,0,-0.1397857847301847,1,-0.20624312899770206,0.0234774550940849,0.24320871716709974,5,0.5224267093833534,-0.1776789058075167,-1.3963914333237673,0.8258466537355079,-0.3008277451802315,-1.0720643257893787,1.6903805755825074,1,1,1
0.7516643322782637,1,-1.201210911004664,0,2.5517259612564627,0,0.013376251201962557,1.7500486318048898,0.2723904565144778,8,1.7089307524773485,-0.5499147643178809,-1.4465887433484963,-1.4100997304315532,-1.704248811902104,-1.0720643257893787,-0.9382729186052684,1,1,1
1.207986023428505,1,0.557752522006867,0,0.7573847972653643,0,-1.1396254948462767,1.059420161120568,-0.6614252026016206,2,-0.1555756009560723,-1.3248619317429666,-0.9058268126275499,1.5905131047914238,-1.0025382785411676,-0.36602196197659753,1.502619611711952,1,0,0
1.3051238091684076,1,-1.0839466821372286,1,-1.0369563667257338,1,-1.5239594101956897,-1.0124652509323981,1.6731139451886254,3,-0.32507617854092874,-0.7131761057697951,0.0410769901116602,-1.1824232426319863,-0.7686347674208556,-0.601369416580858,0.5638147923591749,1,1,0
1.4090386497273735,0,-0.9666824532697933,0,0.7573847972653643,1,0.5075198566512079,-1.3577794862745591,-0.39878954847521797,2,1.0309284421379228,1.0935827396313882,0.7392759386374392,-1.2232417364605939,1.5704003437822651,0.3400204018361837,0.9393367201002857,1,0,1
-1.4215112463679342,0,1.144073666344044,0,-0.8126637212268465,1,1.1114731522002856,-1.0124652509323981,0.1556634991249655,4,-1.3420796440500673,-0.4367202342445538,-0.3103041800614443,-0.7615392173770101,1.5704003437822651,1.5167576748574858,-0.750511954734713,1,0,0
-1.4666916118283542,0,-0.1458328511977455,1,1.205970088263139,1,-1.3592448750459414,0.0234774550940849,0.038936541735453196,8,0.6919272869682098,-1.196429676467461,-1.5743637143205345,1.0117975700658315,-0.7686347674208556,0.3400204018361837,-0.1872290631230467,1,0,1
-0.12257573938086165,0,0.909545208609173,0,1.6545553792609133,1,1.550711912599615,0.3687916904362458,-0.7197886812963769,2,1.0309284421379228,-0.6108656651265956,-1.0427285672404478,-0.038598337790337604,-1.470345300781792,-1.3074117803936391,1.3148586478413966,1,1,0
-0.5337170650706828,0,0.20595983540456075,0,0.30879950626758984,0,0.891853772000621,0.3687916904362458,-0.2528808517383276,1,1.2004290197227792,-0.12543527654290415,1.5561230744943964,-0.42138510213861335,-1.2364417896614797,-1.3074117803936391,-0.5627509908641576,0,1,0
0.4037755182330303,1,0.7922809797417381,1,-1.0369563667257338,1,0.891853772000621,0.0234774550940849,-1.157514771507048,4,-1.5115802216349237,-1.1659542260631035,-0.9149535962684098,0.20631262518130802,0.1669792770603927,-1.3074117803936391,0.1882928646180641,1,1,0
-0.4004349869624441,0,-0.02856862233031,0,-0.5883710757279592,0,-0.7552915794968637,-0.32183678024807605,0.739298286072527,4,0.6919272869682098,-0.3757693334358392,-0.09354306859102268,-1.4917367180887684,-0.7686347674208556,0.3400204018361837,0.9393367201002857,0,0,1
0.6884118206336758,0,-0.9666824532697933,1,-0.8126637212268465,0,1.4958070675496986,1.059420161120568,1.6439322058412476,7,0.35292613179849697,0.08353924051554594,-1.0632638304323825,-0.42773464562306346,1.5704003437822651,-1.3074117803936391,-1.68931677408749,1,0,1
-0.454651425514948,1,-0.9666824532697933,0,0.5330921517664771,1,0.7820440819007887,-1.0124652509323981,-1.0407878141175357,6,0.8614278645530663,-0.9831015236369598,0.39930324801540956,-0.20640770130794664,-1.0025382785411676,-1.0720643257893787,-0.3749900269936021,1,0,0
-0.6805532528170476,0,-0.49762553780005153,0,0.5330921517664771,0,-0.48076735424728284,1.059420161120568,-0.8365156386858892,5,0.35292613179849697,0.9695041201279333,0.39930324801540956,-0.9483972113479694,-0.06692423405991939,0.3400204018361837,-0.3749900269936021,0,0,1
0.36989024413771543,1,0.4404882931394315,1,-0.8126637212268465,0,1.2761876873500342,-0.6671510155902372,0.3599356745566121,1,0.8614278645530663,-1.1659542260631035,-1.5447016674877398,0.9664436880340452,1.102593321541641,-0.8367168711851184,1.502619611711952,1,1,0
-1.1368749439672887,0,-0.26309708006518073,1,1.6545553792609133,1,0.8369489269507049,0.0234774550940849,0.009754802388075117,4,1.0309284421379228,-0.005710292811500454,1.197896816590647,-1.1162065748655783,1.336496832661953,1.046062765648965,-1.313794846346379,1,0,0
-1.6609671833081596,0,-0.26309708006518073,1,1.8788480247598007,0,1.7154264477493633,1.404734396462729,-0.19451737304357142,4,1.2004290197227792,1.5637754030129007,1.4237847117019284,0.6752717653899776,1.5704003437822651,0.3400204018361837,-0.750511954734713,0,0,1
1.5152125085593602,0,-0.7321539955349224,1,-0.36407843022907194,0,-1.0298158047464443,0.0234774550940849,-0.778152159991133,4,0.35292613179849697,-1.0157537919273425,-0.9605875144727091,1.1904918652710692,-1.470345300781792,-0.601369416580858,1.502619611711952,1,0,1
0.35181809795354746,0,-0.1458328511977455,0,-0.5883710757279592,1,0.17809078635171102,1.059420161120568,1.2062061156305763,1,-0.6640773337106416,-1.4184651008420641,-0.07300780539908801,0.9764215420810382,0.4008827881807048,0.3400204018361837,0.5638147923591749,1,1,0
-1.3379275702661573,1,0.32322406427199624,1,-1.0369563667257338,0,-0.2611479740476182,-0.32183678024807605,1.7022956845360036,1,1.7089307524773485,-0.2908734358808438,-0.03421897492543361,0.7460238213595641,-1.0025382785411676,0.10467294723192329,-1.1260338824758238,0,0,1
0.19142780056905676,0,-1.201210911004664,1,0.5330921517664771,0,0.8369489269507049,-1.0124652509323981,0.7976617647672832,5,1.0309284421379228,-1.2247283089857928,0.6731067572412053,0.75328044248465,-1.0025382785411676,-0.13067450737233713,-0.3749900269936021,0,0,1
-0.09094948355856772,1,1.49586635294635,0,-0.8126637212268465,1,-0.7003867344469474,1.059420161120568,-0.8948791173806453,2,0.6919272869682098,1.9904317086739032,0.8305437750460378,-1.413728040994096,-0.7686347674208556,-0.601369416580858,0.1882928646180641,1,1,0
0.36537220759167344,0,1.6131305818137855,1,1.8788480247598007,0,-1.304340029996025,0.0234774550940849,-1.566059122370341,6,1.3699295973076355,1.398337243674961,1.6040386886089106,0.9746073867997668,-0.06692423405991939,-1.0720643257893787,0.0005319007475086858,1,1,1
-0.8319074771094543,0,-0.1458328511977455,1,-1.0369563667257338,1,-1.5788642552456058,0.7141059257784068,-0.16533563369619336,6,-1.5115802216349237,-1.296563299224635,1.5652498581352563,-1.1543038357722788,0.1669792770603927,0.10467294723192329,-1.5015558102169346,1,1,0
-0.21519548857472248,0,0.08869560653712551,1,-1.0369563667257338,1,1.2761876873500342,-0.6671510155902372,-0.28206259108570564,7,-1.0030784888803546,0.834541411194351,0.9742906173895806,0.9682578433153166,-1.470345300781792,-0.13067450737233713,-0.3749900269936021,1,0,1
1.5039174171942553,0,1.378602124078915,0,-0.1397857847301847,0,1.605616757649531,0.7141059257784068,-0.2236991123909495,3,1.2004290197227792,-0.5760365789501872,1.5994752967884807,-0.2508545056990972,0.8686898104213289,1.046062765648965,-1.1260338824758238,0,1,1
0.028778484911545058,1,0.6750167508743026,1,-0.5883710757279592,1,-1.1396254948462767,-1.3577794862745591,0.8560252434620393,2,-1.172579066465211,-0.7349442846300502,0.2053590956471376,-0.7225348788296739,-0.3008277451802315,-1.3074117803936391,-0.9382729186052684,1,1,0
1.4271107959115414,0,0.909545208609173,0,-1.0369563667257338,1,-1.304340029996025,-1.3577794862745591,1.468841769756979,6,-1.172579066465211,0.10095378360375011,0.35138763390089534,-0.9728883076451339,-1.470345300781792,-1.0720643257893787,-1.68931677408749,1,0,1
-1.541239214838047,0,1.0268094374766086,1,-0.8126637212268465,1,-1.3592448750459414,0.0234774550940849,-0.5738799845594864,7,-1.172579066465211,-0.7414747382881268,-0.8807281576151853,-0.7787736925490889,-0.3008277451802315,-0.36602196197659753,-0.5627509908641576,1,1,1
-1.02618304858926,1,-0.26309708006518073,1,-0.8126637212268465,0,1.7154264477493633,-1.0124652509323981,-1.536877383022963,2,-0.49457675612578517,-0.6478715691890294,-1.5538284511285998,1.632238676260667,1.102593321541641,1.046062765648965,-0.3749900269936021,0,0,0
-0.10450359319669368,1,0.909545208609173,0,1.8788480247598007,0,-1.3592448750459414,0.0234774550940849,1.6731139451886254,3,0.6919272869682098,-0.6239265724427486,-0.8122772803087364,-1.0608748387867992,-0.7686347674208556,0.10467294723192329,0.3760538284886195,1,1,0
0.7991037160117046,1,-1.0839466821372286,1,-1.0369563667257338,1,1.3859973774498664,1.404734396462729,-1.6244226010650973,7,-0.49457675612578517,-0.75453564560428,-0.1870926009098362,1.2712217752876487,1.5704003437822651,1.046062765648965,-0.9382729186052684,1,1,1
1.124402347326728,0,0.08869560653712551,1,0.9816774427642516,0,1.2761876873500342,0.0234774550940849,-0.8656973780332672,6,0.8614278645530663,-0.07101482939226611,0.8236986873153929,1.1696290795364475,-1.470345300781792,-0.13067450737233713,-0.3749900269936021,1,0,0
-1.6541901284890967,0,1.144073666344044,0,-0.36407843022907194,0,1.3310925323999503,0.3687916904362458,1.2937513336727104,6,0.18342555421364057,0.24462376408143455,0.00685155145843574,-1.5942364914806053,-0.3008277451802315,0.5753678564404441,0.9393367201002857,0,0,1
0.43991981060136626,1,0.557752522006867,1,-1.0369563667257338,1,-0.9200061146466121,-1.0124652509323981,0.8852069828094175,4,-1.5115802216349237,0.06612469742734177,-1.211574064596355,0.7741432282192716,-1.470345300781792,-0.601369416580858,-0.1872290631230467,1,1,0
-0.11353966628877767,0,0.4404882931394315,0,-1.0369563667257338,0,-0.09643343889786975,-0.32183678024807605,0.33075393520923396,8,-0.49457675612578517,0.3730560193569403,0.8077268159438882,0.3487238147611168,0.8686898104213289,-0.8367168711851184,-1.5015558102169346,1,1,1
-1.039737158227386,1,1.2613378952114795,0,-1.0369563667257338,0,-0.1513382839477859,-0.32183678024807605,1.4104782910622229,7,0.013924976628784128,-0.22774571718610367,0.5065429557955129,0.41766171544943187,1.102593321541641,2.4581474932745273,-0.3749900269936021,1,0,1
-0.22197254339378547,0,0.7922809797417381,0,0.30879950626758984,1,-1.6337691002955221,1.404734396462729,0.9435704615041736,5,-0.49457675612578517,1.2720818062854808,-0.006838624002854044,-1.5842586374336123,0.6347862993010168,1.9874525840660067,1.127097683970841,1,0,0
-1.1910913825197926,0,1.0268094374766086,1,-1.0369563667257338,0,1.2761876873500342,0.7141059257784068,-1.0699695534649138,7,-1.5115802216349237,0.7257005168930749,0.9286566991852813,-0.12930610185391006,-1.2364417896614797,-0.601369416580858,0.0005319007475086858,1,1,0
-0.95841250039863,1,1.0268094374766086,1,0.08450686076870259,1,-1.6886739453454382,-0.6671510155902372,-1.0116060747701576,6,0.5224267093833534,-0.7240601951999227,0.3217255870681008,0.043945727507513334,1.336496832661953,0.3400204018361837,-1.68931677408749,1,0,1
0.6364544003541929,1,0.7922809797417381,1,1.4302627337620262,0,-0.7552915794968637,-0.6671510155902372,1.118660897588442,2,1.0309284421379228,-0.8154865464129946,0.6936420204331399,-0.08213806454085239,-0.3008277451802315,-1.3074117803936391,0.3760538284886195,0,0,1
1.3525631929018485,0,0.6750167508743026,0,0.5330921517664771,1,0.39771016655137564,-1.3577794862745591,-1.2158782502018042,4,0.18342555421364057,-1.4489405512464215,1.5949119049680507,1.4780354773525939,0.1669792770603927,-1.3074117803936391,0.9393367201002857,1,1,0
-0.5834154670771448,1,1.49586635294635,1,-0.5883710757279592,0,0.12318594130179486,0.3687916904362458,0.710116546725149,2,0.8614278645530663,1.8206399135639124,1.3096999161911802,1.4979911854465797,1.5704003437822651,-0.601369416580858,-0.1872290631230467,0,1,1
-0.5201629554325569,1,0.08869560653712551,1,0.30879950626758984,0,-0.0415285938479536,0.3687916904362458,1.7022956845360036,7,0.5224267093833534,0.47318964211411435,1.0541499742471043,0.05120234863259913,0.4008827881807048,0.8107153110447045,-1.1260338824758238,1,1,1
1.5762060019309272,0,-1.201210911004664,1,-1.0369563667257338,0,1.6605216026994472,-0.32183678024807605,1.1770243762831982,8,-0.6640773337106416,-0.9221506228282451,-1.414645000605487,0.9791427750029453,0.4008827881807048,-0.601369416580858,0.9393367201002857,1,1,1
-1.1572061084244776,0,-1.201210911004664,0,0.08450686076870259,0,1.6605216026994472,0.0234774550940849,0.9143887221567956,8,0.6919272869682098,0.5232564534927013,1.1705164656680673,-1.4282412832442677,-1.704248811902104,-1.3074117803936391,-0.5627509908641576,1,0,1
1.4000025766352895,0,-0.6148897666674871,1,0.7573847972653643,0,1.3859973774498664,1.404734396462729,0.12648175977758744,4,0.6919272869682098,0.9020227656611421,1.3576155303056945,0.6997628616871422,0.4008827881807048,-0.8367168711851184,-1.5015558102169346,1,1,0
-1.4192522280949131,1,-0.8494182244023578,0,-0.8126637212268465,1,-0.8101964245467798,-1.0124652509323981,0.1556634991249655,7,-1.172579066465211,-1.1202410504565676,-1.724955644394722,-1.3720024695248527,-0.06692423405991939,-1.0720643257893787,0.1882928646180641,1,0,1
-1.2837111317136534,0,-0.9666824532697933,1,0.7573847972653643,0,-0.535672199297199,1.059420161120568,-0.13615389434881528,4,0.6919272869682098,0.000820160846576111,0.19166892018584783,1.503433651290394,1.5704003437822651,1.046062765648965,-0.1872290631230467,1,1,0
-1.6044917264826348,1,-1.201210911004664,1,0.08450686076870259,0,1.0016634621004534,0.0234774550940849,-0.1069721550014372,8,0.18342555421364057,-0.8786142651077348,0.6822335408820651,-0.15561135343234608,1.336496832661953,-0.601369416580858,0.1882928646180641,0,1,0
0.530280541522206,0,0.7922809797417381,1,-0.1397857847301847,1,0.013376251201962557,-0.32183678024807605,-0.07779041565405911,7,0.013924976628784128,2.447563464739263,1.5971936008782657,-0.389637384716363,1.336496832661953,-0.36602196197659753,-1.313794846346379,1,0,0
-1.3785898991805352,1,-0.38036130893261627,1,0.08450686076870259,1,-1.249435184946109,-1.0124652509323981,1.2353878549779544,4,-0.32507617854092874,-0.06666119362021507,-1.0176299122280832,1.1433238279580116,-0.7686347674208556,-1.0720643257893787,-0.750511954734713,1,1,1
1.2554254071619457,1,-1.201210911004664,1,-0.8126637212268465,1,0.013376251201962557,0.0234774550940849,-0.8948791173806453,5,-1.0030784888803546,-0.6413411155309529,-1.3827012578624773,-1.3320910533368808,1.102593321541641,0.5753678564404441,0.9393367201002857,1,0,1
0.18013270920395177,1,-0.7321539955349224,0,-0.36407843022907194,1,0.39771016655137564,0.3687916904362458,0.6225713286830148,6,-0.6640773337106416,1.3199717997780425,0.06389394921380984,1.2412882131466698,-1.0025382785411676,-0.8367168711851184,1.6903805755825074,1,1,0
-0.5201629554325569,0,-1.201210911004664,0,-1.0369563667257338,0,0.7271392368508726,-0.32183678024807605,-0.2236991123909495,8,1.2004290197227792,-1.0658206033059296,0.6115009676654012,1.652194384354653,1.102593321541641,-1.3074117803936391,1.6903805755825074,0,1,1
0.49639526742689116,0,0.7922809797417381,1,0.7573847972653643,1,-0.7552915794968637,-0.6671510155902372,0.9727522008515517,4,0.013924976628784128,-1.2508501236180989,-1.5059128370140855,-0.030434639024616083,-1.0025382785411676,-1.3074117803936391,-0.1872290631230467,1,0,0
0.9504579403041113,0,-0.6148897666674871,0,0.08450686076870259,1,0.06828109625187871,-1.3577794862745591,0.739298286072527,3,-0.49457675612578517,0.46665918845603777,0.3833313766439048,-0.3932656952789059,0.6347862993010168,1.5167576748574858,0.5638147923591749,1,1,0
-0.38236284077827615,0,1.730394810681221,1,0.30879950626758984,1,-1.5239594101956897,0.0234774550940849,0.7684800254199051,5,-0.49457675612578517,-1.3335692032870687,0.4928527803342231,-0.9239061150508048,-1.0025382785411676,0.3400204018361837,0.0005319007475086858,1,0,0
-0.9222682080302941,1,-1.0839466821372286,1,0.9816774427642516,1,0.12318594130179486,-1.0124652509323981,-1.566059122370341,6,1.2004290197227792,-1.3988737398678344,-1.0541370467915225,0.2761576035102588,-1.704248811902104,-0.601369416580858,0.7515757562297303,1,0,1
-0.9313042811223781,0,-0.6148897666674871,1,0.9816774427642516,1,-0.8101964245467798,-1.0124652509323981,1.2062061156305763,5,1.0309284421379228,1.1197045542636943,0.14147161016111862,1.6612651607610103,0.1669792770603927,1.046062765648965,-0.3749900269936021,1,1,0
-1.516390013834816,0,1.730394810681221,1,-0.8126637212268465,0,-1.3592448750459414,0.7141059257784068,-0.31124433043308375,2,-1.172579066465211,0.4078851055333487,1.0244879274143097,0.1491667338212574,-0.7686347674208556,-0.8367168711851184,0.5638147923591749,1,0,1
0.6296773455351299,0,1.6131305818137855,0,-1.0369563667257338,0,-0.31605281909753435,-1.0124652509323981,-0.6614252026016206,3,-1.5115802216349237,-1.0440524244456744,1.1910517288600022,-0.8259417298621465,-1.0025382785411676,-0.601369416580858,1.6903805755825074,0,1,1
0.06266375900686,1,-0.1458328511977455,1,-0.8126637212268465,1,-0.0415285938479536,-0.32183678024807605,-1.0991512928122917,2,-1.3420796440500673,-0.558622035861983,-1.469405702450646,1.187770632349162,1.336496832661953,1.7521051294617462,-0.1872290631230467,1,1,0
-0.32136934740670925,0,0.4404882931394315,1,-0.5883710757279592,1,-0.5905770443471151,-0.6671510155902372,1.6147504664938694,8,0.6919272869682098,-0.9308578943723472,-1.0974892690856068,-0.175567061526332,-1.0025382785411676,-0.13067450737233713,-1.313794846346379,1,1,1
-0.3439595301369192,1,1.6131305818137855,1,-0.8126637212268465,1,1.7154264477493633,1.059420161120568,1.089479158241064,3,0.18342555421364057,0.7822977819297384,-0.38788184100875306,1.0408240545661747,0.1669792770603927,-0.601369416580858,-1.313794846346379,1,0,0
-1.473468666647417,0,-1.201210911004664,1,-0.8126637212268465,1,1.605616757649531,1.059420161120568,-1.6536043404124754,8,-0.6640773337106416,0.11183787303387772,0.9788540092100104,-1.0672243822712493,0.1669792770603927,-0.8367168711851184,0.3760538284886195,1,1,0
0.7381102226401377,1,-0.26309708006518073,1,-0.8126637212268465,1,-1.4141497200958575,-1.0124652509323981,1.439660030409601,5,0.8614278645530663,-0.05142346841803641,0.559021961730457,0.16367997607142898,-0.06692423405991939,1.046062765648965,-0.9382729186052684,1,0,0
-0.0457691180981478,0,-0.6148897666674871,0,-0.1397857847301847,0,-0.9200061146466121,-1.3577794862745591,-0.31124433043308375,4,-0.32507617854092874,-0.4606652309908345,0.4221202071175592,0.5165331782787258,-1.2364417896614797,-1.0720643257893787,0.7515757562297303,0,0,1
-0.01414286227585386,0,-1.201210911004664,1,2.3274333157575753,0,-1.0298158047464443,1.059420161120568,1.468841769756979,2,1.0309284421379228,-1.1877224049233588,1.3462070507546198,-0.3587967449347484,1.102593321541641,0.10467294723192329,1.127097683970841,0,0,1
1.65075360494062,0,-0.8494182244023578,1,2.3274333157575753,1,0.8369489269507049,-1.0124652509323981,0.09730002043020936,1,1.0309284421379228,1.2546672631972766,1.5629681622250413,-0.735233965798574,-1.470345300781792,-0.36602196197659753,1.502619611711952,1,1,1
-1.516390013834816,1,-1.201210911004664,0,-0.5883710757279592,0,0.013376251201962557,0.3687916904362458,1.498023509104357,1,-0.6640773337106416,-1.2029601301255375,-0.9697142981135689,0.46301559748121807,0.1669792770603927,0.10467294723192329,-1.68931677408749,0,1,1
0.7629594236433687,1,1.730394810681221,1,-0.36407843022907194,1,-0.48076735424728284,1.7500486318048898,-0.45715302716997414,8,-0.8335779112954981,0.08136242262952043,-0.8601928944232506,0.6471523585302702,-1.704248811902104,-0.601369416580858,1.127097683970841,1,1,1
0.3156738055852115,0,1.6131305818137855,0,-0.5883710757279592,0,-0.7003867344469474,-0.32183678024807605,0.18484523847234358,6,-0.49457675612578517,-0.1515570911752104,-1.3895463455931223,1.618632511651131,-1.0025382785411676,-1.3074117803936391,0.1882928646180641,1,0,1
-0.8454615867475803,0,-1.201210911004664,0,-1.0369563667257338,0,1.7154264477493633,1.059420161120568,-1.0407878141175357,7,-1.5115802216349237,1.5463608599246965,1.3142633080116102,-1.3266485874930665,0.6347862993010168,-1.0720643257893787,0.1882928646180641,0,1,0
0.7991037160117046,0,1.144073666344044,0,0.08450686076870259,1,1.0016634621004534,1.059420161120568,1.5855687271464913,1,1.3699295973076355,0.3142819364342513,1.0381781028755994,0.49839162546601135,-1.0025382785411676,-0.8367168711851184,0.9393367201002857,1,0,0
-0.7234746000044465,0,-0.49762553780005153,0,0.30879950626758984,0,1.2761876873500342,0.3687916904362458,1.3521148123674667,8,1.2004290197227792,-0.2908734358808438,0.3650778093621851,-1.0499899070991705,1.5704003437822651,1.046062765648965,0.1882928646180641,0,1,0
-0.2490807626700374,1,1.378602124078915,0,1.205970088263139,0,-0.535672199297199,-0.32183678024807605,-0.6906069419489987,1,0.6919272869682098,0.23591649253733246,-0.7963054089372317,-0.3823807635912772,0.4008827881807048,0.5753678564404441,0.1882928646180641,1,1,0
-0.37784480423223415,0,-0.9666824532697933,1,0.9816774427642516,0,1.0016634621004534,0.0234774550940849,-0.4863347665173522,4,0.8614278645530663,1.6094885786194368,1.4192213198814985,-1.3720024695248527,-0.06692423405991939,0.5753678564404441,-0.9382729186052684,1,1,0
0.543834651160332,1,-0.38036130893261627,1,-1.0369563667257338,1,1.2212828423001179,-1.3577794862745591,0.8852069828094175,4,-0.8335779112954981,2.12321759972146,0.8624875177890473,-0.4839734593424784,0.1669792770603927,0.5753678564404441,-1.5015558102169346,1,0,1
0.3360049700424005,1,1.49586635294635,1,2.3274333157575753,0,1.4958070675496986,-1.3577794862745591,-1.7119678191072314,3,1.3699295973076355,0.6908714307166666,-0.17796581726897634,-0.7633533726582815,1.336496832661953,1.5167576748574858,0.7515757562297303,1,0,1
0.2524212939406236,0,-0.7321539955349224,1,0.7573847972653643,1,1.1114731522002856,1.059420161120568,-0.9532425960754014,6,0.8614278645530663,0.6429814372241051,-0.6388683911323991,1.6086546576041383,0.6347862993010168,-0.601369416580858,0.5638147923591749,1,0,1
1.5242485816514442,1,0.20595983540456075,0,-1.0369563667257338,0,0.06828109625187871,0.3687916904362458,-0.7489704206437549,2,-1.6810807992197803,0.6952250664887176,-0.00912031991306901,-1.5906081809180623,-1.0025382785411676,-0.36602196197659753,-0.1872290631230467,0,0,1
-0.5630843026199558,0,-0.1458328511977455,1,0.30879950626758984,1,-0.20624312899770206,-1.0124652509323981,-0.5446982452121084,7,0.013924976628784128,2.7022511574042487,1.4215030157917135,0.6163117187486555,1.102593321541641,1.5167576748574858,0.7515757562297303,1,0,0
0.4037755182330303,0,0.557752522006867,1,-0.5883710757279592,0,1.1663779972502017,1.059420161120568,-1.2158782502018042,7,-1.172579066465211,-0.8786142651077348,-1.0472919590608776,1.5750927849006164,1.102593321541641,0.3400204018361837,-0.750511954734713,1,0,1
-0.7438057644616355,0,1.730394810681221,0,1.205970088263139,1,-1.0298158047464443,0.0234774550940849,-1.6827860797598533,8,0.8614278645530663,-1.0658206033059296,-1.476250790181291,-0.27353144671499025,1.102593321541641,1.2814102202532254,0.1882928646180641,1,1,0
-0.38236284077827615,1,1.0268094374766086,0,0.30879950626758984,0,-0.535672199297199,0.3687916904362458,0.9435704615041736,3,-0.49457675612578517,0.4448910095957826,-0.5977978647485297,-1.058153605864892,-0.06692423405991939,0.8107153110447045,-0.1872290631230467,0,0,1
-0.31233327431462526,0,-0.8494182244023578,0,1.205970088263139,1,-0.6454818893970313,-1.3577794862745591,0.5642078499882586,7,0.8614278645530663,1.3308558892081699,0.14603500198154856,0.1419101126961716,0.6347862993010168,0.10467294723192329,0.1882928646180641,1,0,1
0.7697364784624317,1,0.7922809797417381,0,0.7573847972653643,0,-1.5239594101956897,0.7141059257784068,-0.04860867630668104,3,1.2004290197227792,-0.8873215366518368,-1.1385597954694762,1.6703359371673674,-1.704248811902104,-1.0720643257893787,-0.750511954734713,1,1,1
0.7403692409131587,0,1.0268094374766086,0,-1.0369563667257338,1,-0.48076735424728284,-1.0124652509323981,0.8560252434620393,8,-1.6810807992197803,-1.1398324114307974,0.9377834828261411,1.4490089928522507,-1.2364417896614797,-0.13067450737233713,-1.1260338824758238,1,1,0
1.6213863673913471,1,0.6750167508743026,1,0.5330921517664771,0,1.2761876873500342,-1.3577794862745591,0.5058443712935025,8,-0.1555756009560723,-0.24080662450225682,-1.1956021932248504,0.24622404136927992,-0.3008277451802315,-0.13067450737233713,-1.313794846346379,1,0,0
1.5987961846611372,0,-1.201210911004664,1,-1.0369563667257338,1,-0.20624312899770206,-0.32183678024807605,-0.5738799845594864,1,-1.5115802216349237,-0.49114068139519185,-0.36962827372703333,-0.06581066700940934,-1.704248811902104,-0.8367168711851184,0.0005319007475086858,1,1,1
0.9414218672120274,1,-0.02856862233031,1,-0.8126637212268465,0,1.3310925323999503,-1.3577794862745591,1.0019339401989298,6,1.2004290197227792,-0.24080662450225682,-1.3096869887355986,-1.427334205603632,-0.06692423405991939,-0.8367168711851184,-1.68931677408749,1,1,1
1.5671699288388432,1,-1.201210911004664,1,-1.0369563667257338,1,-0.7552915794968637,1.7500486318048898,0.6517530680303928,6,-1.3420796440500673,-0.6892311090235144,-0.5407554669931557,-0.13565564533836014,-0.06692423405991939,0.3400204018361837,-0.9382729186052684,1,1,0
-1.455396520463249,1,-0.9666824532697933,0,-0.8126637212268465,0,-0.6454818893970313,-1.3577794862745591,1.2937513336727104,6,-0.49457675612578517,-0.663109294391208,-1.6724766384597778,0.14281719033680731,-0.3008277451802315,1.046062765648965,0.3760538284886195,1,1,0
1.2147630782475678,0,-1.201210911004664,1,0.5330921517664771,0,0.013376251201962557,-0.6671510155902372,0.06811828108283127,5,0.5224267093833534,0.3599951120407872,-0.2692336536775749,-0.06218235644686644,0.8686898104213289,0.8107153110447045,1.6903805755825074,1,0,0
-0.0028477709107488807,0,0.6750167508743026,1,-0.1397857847301847,1,0.6173295467510402,-0.32183678024807605,-0.9824243354227795,3,1.2004290197227792,0.2859833039159195,-0.5339103792625107,0.6861566970776063,0.1669792770603927,-0.601369416580858,-0.5627509908641576,1,0,1
0.8216938987419146,1,-1.201210911004664,0,-0.1397857847301847,0,-0.09643343889786975,-1.3577794862745591,-0.31124433043308375,2,-0.8335779112954981,2.504160729775926,1.4351931912530034,-0.7515613633300171,-0.3008277451802315,1.046062765648965,-0.3749900269936021,0,1,0
0.5212444684301221,0,1.0268094374766086,1,2.103140670258688,1,1.3310925323999503,1.404734396462729,0.4182991532513682,6,1.3699295973076355,1.8837676322586525,1.00167096831216,0.25166650721309425,1.336496832661953,2.222800038670267,-1.313794846346379,1,1,0
1.4722911613719614,1,1.730394810681221,1,0.30879950626758984,1,-0.8651012695966959,-1.0124652509323981,-0.427971287822596,8,-0.49457675612578517,1.10229001117549,1.1636713779374226,1.1660007689739047,1.336496832661953,2.4581474932745273,0.9393367201002857,1,1,0
-1.3944030270916823,0,-0.49762553780005153,0,1.4302627337620262,1,0.6722343918009565,-1.0124652509323981,1.3812965517148448,3,1.7089307524773485,1.1088204648335667,0.6799518449718501,0.25075942957245856,1.5704003437822651,-0.8367168711851184,-0.1872290631230467,1,1,0
-1.4147341915488711,1,-1.201210911004664,0,-0.1397857847301847,1,-1.249435184946109,-1.3577794862745591,-1.7411495584546095,6,-0.6640773337106416,-1.2029601301255375,0.5384866985385224,-0.14291226646344593,0.8686898104213289,-0.601369416580858,1.3148586478413966,1,1,1
1.4203337410924783,0,-0.1458328511977455,0,0.7573847972653643,1,0.7271392368508726,0.7141059257784068,1.089479158241064,1,0.35292613179849697,-1.0832351463941339,-0.7004741807082031,0.5655153708730549,-0.3008277451802315,0.3400204018361837,1.3148586478413966,1,1,1
-0.4026940052354651,0,1.378602124078915,1,-0.36407843022907194,0,0.17809078635171102,0.7141059257784068,-1.0407878141175357,3,0.18342555421364057,1.4201054225352163,0.14375330607133358,0.4158475601681604,1.5704003437822651,2.222800038670267,-0.9382729186052684,0,1,1
1.564910910565822,0,-1.201210911004664,1,0.08450686076870259,0,0.6173295467510402,1.404734396462729,-0.9240608567280234,8,1.5394301748924921,0.07700878685746937,-0.3011773964205844,1.6013980364790523,-0.7686347674208556,-0.36602196197659753,0.1882928646180641,1,0,0
0.6206412724430459,1,1.144073666344044,1,1.4302627337620262,0,0.7820440819007887,0.7141059257784068,-0.07779041565405911,2,0.5224267093833534,-1.1920760406954098,-0.2692336536775749,-1.0663173046306136,1.336496832661953,0.10467294723192329,-1.1260338824758238,0,0,0
1.686897897308956,1,0.08869560653712551,0,-0.5883710757279592,1,-1.1396254948462767,-1.0124652509323981,-1.7703312978019876,5,1.7089307524773485,-0.8241938179570967,-1.5857721938716092,-0.2163855553549396,0.1669792770603927,-0.601369416580858,0.5638147923591749,1,1,1
-1.2023864738848975,1,1.0268094374766086,0,-0.8126637212268465,1,-0.31605281909753435,-1.3577794862745591,-0.07779041565405911,1,-0.6640773337106416,-1.346630110603222,1.2138686879621516,-1.4155421962753676,-0.06692423405991939,-0.36602196197659753,0.0005319007475086858,1,1,1
0.2727524583978126,0,1.49586635294635,0,-1.0369563667257338,0,-0.20624312899770206,0.0234774550940849,1.6731139451886254,6,-1.6810807992197803,2.0600898810267196,1.585785121327191,1.4871062537589512,1.102593321541641,-1.3074117803936391,1.502619611711952,0,0,0
0.530280541522206,0,-1.201210911004664,0,-1.0369563667257338,0,1.1663779972502017,-1.3577794862745591,-1.6536043404124754,6,-1.5115802216349237,-0.2386298066162313,0.5111063476159428,-0.24722619513655425,0.8686898104213289,0.3400204018361837,1.502619611711952,0,1,1
-1.1368749439672887,1,-1.201210911004664,0,0.30879950626758984,0,1.4958070675496986,-1.3577794862745591,-1.4201504256334507,4,-0.1555756009560723,0.009527432390678199,-0.6000795606587447,0.9092977966739946,1.5704003437822651,1.5167576748574858,0.5638147923591749,0,1,1
-1.6474130736700336,0,0.08869560653712551,0,0.30879950626758984,1,0.4526150116012918,1.059420161120568,0.5350261106408806,1,-0.49457675612578517,0.4557750990259102,-0.6000795606587447,0.8185900326104221,0.1669792770603927,1.046062765648965,0.7515757562297303,1,0,0
-0.942599372487483,0,-1.201210911004664,1,-0.5883710757279592,1,-0.535672199297199,-1.0124652509323981,1.498023509104357,5,1.2004290197227792,-0.17332527003546563,0.6023741840245413,0.41312632724625326,1.5704003437822651,1.5167576748574858,-1.5015558102169346,1,1,0
-1.5819015437524249,0,-0.02856862233031,0,-0.8126637212268465,1,0.8369489269507049,0.7141059257784068,-0.8073338993385111,1,-1.0030784888803546,-0.8176633642990201,-1.0883624854447471,-1.199657717804065,-0.3008277451802315,1.046062765648965,1.3148586478413966,1,1,0
-0.17227414138732355,0,-0.02856862233031,0,-0.36407843022907194,0,0.17809078635171102,-0.32183678024807605,-1.0699695534649138,4,-0.32507617854092874,0.11183787303387772,-0.1870926009098362,0.04757403807005623,-1.0025382785411676,0.3400204018361837,1.3148586478413966,0,0,0
-0.6624811066328796,1,1.144073666344044,0,0.30879950626758984,0,-1.1945303398961928,0.0234774550940849,1.6147504664938694,5,1.5394301748924921,-0.4671956846489111,0.05020377375252006,-0.2535757386210043,-1.2364417896614797,-0.13067450737233713,1.3148586478413966,1,1,1
-0.7257336182774675,1,0.20595983540456075,1,0.30879950626758984,0,0.17809078635171102,1.7500486318048898,-0.3696078091278399,2,0.5224267093833534,0.7975355071319171,1.2184320797825816,-1.1579321463348218,1.5704003437822651,0.5753678564404441,0.3760538284886195,1,0,1
-1.1820553094277086,1,0.08869560653712551,0,0.30879950626758984,1,-1.304340029996025,1.059420161120568,0.9143887221567956,2,0.6919272869682098,0.4688360063420633,-0.12320511542381721,1.4054692661017358,0.1669792770603927,-0.13067450737233713,-1.313794846346379,1,0,0
-0.7370287096425725,1,-1.201210911004664,1,0.9816774427642516,0,-0.1513382839477859,-0.32183678024807605,-1.2742417288965604,3,0.013924976628784128,-0.8176633642990201,-1.1750669300329157,-1.3320910533368808,-0.06692423405991939,-1.3074117803936391,-1.313794846346379,1,1,1
1.06114983568214,1,1.49586635294635,0,-0.5883710757279592,1,-0.535672199297199,1.7500486318048898,-0.5446982452121084,3,1.7089307524773485,1.9468953509533926,1.1864883370395722,-0.35063304616902685,-1.0025382785411676,0.10467294723192329,1.6903805755825074,1,1,1
-0.39139891387036013,0,-1.201210911004664,0,-0.36407843022907194,1,0.3428053215014595,1.404734396462729,-0.4863347665173522,4,-1.0030784888803546,-0.20597753832584847,-1.0746723099834572,-0.6508757452194517,0.8686898104213289,-1.3074117803936391,0.0005319007475086858,1,0,1
-1.2498258576183385,1,-1.201210911004664,0,-0.1397857847301847,0,-0.7552915794968637,1.7500486318048898,-0.5738799845594864,4,0.18342555421364057,0.5145491819485992,-0.5110934201603611,0.2489452742911871,-0.3008277451802315,-1.0720643257893787,1.3148586478413966,0,1,1
0.08299492346404895,1,-1.201210911004664,0,-0.8126637212268465,1,0.9467586170505372,0.7141059257784068,-0.3404260697804618,8,1.3699295973076355,-0.6282802082147997,1.5561230744943964,0.822218343172965,0.6347862993010168,-0.8367168711851184,-0.1872290631230467,1,0,1
0.20949994675322473,1,-1.201210911004664,0,0.08450686076870259,1,-0.31605281909753435,-0.6671510155902372,0.09730002043020936,3,1.3699295973076355,-0.1384961838590573,-0.3011773964205844,0.5546304391854263,-1.2364417896614797,-0.8367168711851184,-1.1260338824758238,1,0,1
1.0905170732314131,1,1.144073666344044,1,2.103140670258688,1,-1.4690545651457736,-1.3577794862745591,1.2353878549779544,5,1.0309284421379228,-0.22121526352802712,-0.7027558766184181,1.5351813687126445,-1.2364417896614797,-1.0720643257893787,-0.5627509908641576,1,1,1
1.4745501796449823,1,1.378602124078915,0,-0.8126637212268465,1,1.1114731522002856,-1.3577794862745591,0.1556634991249655,4,-1.172579066465211,-1.2726183024783542,-1.5013494451936555,-0.41594263629479905,-0.5347312563005435,0.10467294723192329,-0.9382729186052684,1,1,1
0.8939824834785864,0,-0.7321539955349224,1,-0.5883710757279592,1,-1.6337691002955221,-1.3577794862745591,1.6731139451886254,7,0.35292613179849697,-1.0636437854199041,1.4078128403304238,-1.597864802043148,0.1669792770603927,-0.13067450737233713,0.3760538284886195,1,0,0
-1.3379275702661573,0,1.2613378952114795,0,-1.0369563667257338,1,-1.3592448750459414,-0.6671510155902372,-0.7489704206437549,4,-1.0030784888803546,0.12707559823605638,-0.2578251741265001,1.5215752041031088,-1.0025382785411676,0.3400204018361837,0.3760538284886195,1,0,1
0.9369038306659854,0,0.909545208609173,0,-1.0369563667257338,1,0.2879004764515433,0.7141059257784068,-1.5076956436755848,1,-1.5115802216349237,0.23373967465130696,-0.9286437717296996,-1.5770020163085265,0.4008827881807048,1.046062765648965,-1.68931677408749,1,1,1
-0.30103818294952034,1,-0.38036130893261627,0,0.08450686076870259,1,0.39771016655137564,1.7500486318048898,1.0019339401989298,3,0.6919272869682098,0.1967337705888731,-0.9263620758194846,0.6090550976235697,0.6347862993010168,1.5167576748574858,-1.313794846346379,1,1,0
-0.6195597594454807,1,-0.1458328511977455,1,-1.0369563667257338,1,1.3310925323999503,0.3687916904362458,-0.778152159991133,8,-1.172579066465211,-0.8154865464129946,0.3331340666191756,0.6525948243740846,1.336496832661953,0.8107153110447045,-0.750511954734713,1,1,1
-1.089435560233848,1,-1.201210911004664,0,1.4302627337620262,1,0.8369489269507049,-1.3577794862745591,-0.5738799845594864,8,1.7089307524773485,-0.1297889123149552,0.06389394921380984,1.2893633281003631,-0.3008277451802315,1.046062765648965,0.9393367201002857,1,0,0
-0.974225628309777,0,1.2613378952114795,1,-0.5883710757279592,0,0.891853772000621,0.3687916904362458,-1.0407878141175357,1,1.3699295973076355,-0.0601307399621385,-0.7963054089372317,0.1754719853996934,0.8686898104213289,-1.0720643257893787,-0.750511954734713,1,0,1
-0.44335633414984305,0,-1.0839466821372286,0,0.08450686076870259,1,-1.4690545651457736,-1.3577794862745591,-0.13615389434881528,6,-0.32507617854092874,-1.313977842312839,-1.6975752934721424,1.042638209847446,0.6347862993010168,0.3400204018361837,-0.750511954734713,1,0,1
1.043077689497972,1,-0.9666824532697933,0,-0.8126637212268465,1,0.06828109625187871,-1.3577794862745591,-1.3326052075913164,1,-1.172579066465211,-0.9352115301443983,-0.05475423811736829,1.4861991761183153,0.6347862993010168,0.8107153110447045,-0.5627509908641576,1,1,0
0.28856558630895957,1,1.2613378952114795,1,-0.8126637212268465,1,0.3428053215014595,-1.0124652509323981,-0.3404260697804618,5,-1.3420796440500673,-0.2516907139323844,-0.09126137268080771,-1.6287054418247628,-1.470345300781792,-1.0720643257893787,0.7515757562297303,1,1,0
-0.8115763126522654,0,1.378602124078915,0,1.6545553792609133,1,0.4526150116012918,-0.6671510155902372,-1.4201504256334507,7,1.0309284421379228,-1.1441860472028484,-1.7705895625990213,1.1533016820050044,0.8686898104213289,-0.601369416580858,0.5638147923591749,1,0,1
-1.2362717479802126,1,1.144073666344044,0,0.9816774427642516,0,0.39771016655137564,-1.0124652509323981,-0.9240608567280234,5,1.7089307524773485,-0.6304570261008252,1.5264610276616017,-0.6173138725159298,-0.06692423405991939,0.3400204018361837,-0.5627509908641576,0,1,0
0.04233259454967103,0,0.20595983540456075,0,-1.0369563667257338,1,0.6722343918009565,-0.32183678024807605,0.1556634991249655,3,-1.172579066465211,1.9708403476996734,1.5241793317513868,-1.321206121649252,-1.2364417896614797,-0.8367168711851184,-1.68931677408749,1,1,1
0.8917234652055654,1,1.49586635294635,1,-1.0369563667257338,1,-0.0415285938479536,1.404734396462729,-1.7703312978019876,6,-1.5115802216349237,0.10095378360375011,0.9993892724019451,-0.28260222312134753,-0.06692423405991939,1.046062765648965,1.6903805755825074,1,0,1
0.43766079232834526,1,1.144073666344044,0,0.30879950626758984,0,0.013376251201962557,-1.3577794862745591,-0.5738799845594864,5,-0.49457675612578517,0.48625054943026746,1.2731927816277409,-1.5053428826983042,-0.3008277451802315,0.10467294723192329,1.3148586478413966,1,1,1
-0.6760352162710056,0,-1.201210911004664,1,2.103140670258688,1,-1.0298158047464443,-1.3577794862745591,0.6809348073777709,3,1.2004290197227792,-1.1224178683425932,0.8875861728014118,1.540623834556459,0.1669792770603927,-1.0720643257893787,0.1882928646180641,1,0,0
0.8668742642023345,1,-0.7321539955349224,0,-0.36407843022907194,0,-0.7003867344469474,1.404734396462729,-0.6906069419489987,6,-0.1555756009560723,0.3208123900923278,-0.24641669457542528,-1.4500111466195251,-1.2364417896614797,-0.13067450737233713,0.9393367201002857,1,0,1
-1.464432593555333,1,1.144073666344044,0,2.5517259612564627,1,1.0016634621004534,0.3687916904362458,-0.8656973780332672,1,1.2004290197227792,-0.9177969870561941,0.16657026517348322,0.6199400293111984,-0.5347312563005435,-0.36602196197659753,-0.750511954734713,1,0,1
-0.44787437069588504,0,1.6131305818137855,1,-0.5883710757279592,0,1.3310925323999503,0.7141059257784068,-1.6827860797598533,6,-0.8335779112954981,0.18149604538669442,-0.7369813152716426,0.9845852408467597,0.8686898104213289,1.7521051294617462,-0.3749900269936021,1,0,0
-0.8861239156619583,0,-0.26309708006518073,1,-0.8126637212268465,0,-0.9200061146466121,1.404734396462729,-0.6322434632542426,7,-1.0030784888803546,-0.158087544833287,-1.268616462351729,-0.2980225430121548,1.102593321541641,0.5753678564404441,0.5638147923591749,0,0,1
-0.8025402395601814,0,-1.201210911004664,1,0.5330921517664771,1,-0.0415285938479536,0.0234774550940849,0.009754802388075117,4,1.2004290197227792,-0.6957615626815908,-1.2526445909802244,-0.8359195839091395,1.5704003437822651,2.6934949478787877,1.6903805755825074,1,1,1
-1.3672948078154303,0,0.557752522006867,0,0.9816774427642516,1,-1.0298158047464443,0.0234774550940849,1.1478426369358201,8,0.5224267093833534,-1.305270570768737,0.3650778093621851,-0.771517071424003,-0.06692423405991939,0.5753678564404441,0.1882928646180641,1,0,0
1.4067796314543524,0,1.730394810681221,1,-1.0369563667257338,0,-0.8651012695966959,0.3687916904362458,-0.4863347665173522,4,-1.5115802216349237,-0.1972702667817464,-0.200782776371126,0.3305822619484023,0.8686898104213289,1.2814102202532254,0.3760538284886195,1,1,0
0.09203099655613294,1,1.730394810681221,0,0.08450686076870259,1,0.013376251201962557,0.3687916904362458,-0.13615389434881528,4,0.5224267093833534,-1.4162882829560386,0.9834174010304404,0.3015557774480591,-0.3008277451802315,-1.0720643257893787,-0.1872290631230467,1,1,0
0.559647779071479,1,1.2613378952114795,1,1.8788480247598007,0,-0.7552915794968637,0.3687916904362458,0.1556634991249655,7,1.5394301748924921,-0.663109294391208,0.6023741840245413,-0.4313629561856063,-0.7686347674208556,-0.36602196197659753,1.502619611711952,0,0,0
-0.9335632993953991,0,-0.49762553780005153,1,-0.5883710757279592,0,0.6173295467510402,1.404734396462729,0.1556634991249655,2,-1.0030784888803546,-0.8633765399055561,-1.7363641239457968,1.111576110535761,-1.0025382785411676,-0.13067450737233713,1.127097683970841,1,1,0
0.07395885037196498,1,1.6131305818137855,0,0.9816774427642516,1,0.5075198566512079,1.404734396462729,1.2062061156305763,6,1.2004290197227792,-0.6652861122772336,-0.8579111985130357,-1.0264058884426417,-0.3008277451802315,-0.13067450737233713,1.6903805755825074,1,1,0
-0.6082646680803757,1,-1.201210911004664,0,-0.36407843022907194,0,0.23299563140162718,0.7141059257784068,-0.5155165058647303,3,-0.49457675612578517,1.576836310329054,1.387277577138489,-1.1298127394751143,-1.470345300781792,-0.13067450737233713,1.6903805755825074,1,0,0
0.06944081382592299,0,1.2613378952114795,0,-0.8126637212268465,0,-0.8101964245467798,-0.32183678024807605,-1.5952408617177192,7,-1.3420796440500673,1.134942279465873,0.7004871081637848,-1.5098782709014829,0.8686898104213289,0.5753678564404441,-1.5015558102169346,1,1,1
-0.4207661514196331,0,-1.0839466821372286,1,0.7573847972653643,1,-1.6886739453454382,-0.6671510155902372,0.9143887221567956,6,0.013924976628784128,-1.3640446536914261,0.629754534947121,-1.4781305534792324,-0.5347312563005435,0.3400204018361837,-0.9382729186052684,1,0,0
1.2893106812572606,0,-0.49762553780005153,0,-0.5883710757279592,1,1.7154264477493633,-0.6671510155902372,-0.2236991123909495,5,-0.49457675612578517,-0.8394315431592754,-1.3804195619522623,-0.22999171996447548,-1.2364417896614797,0.10467294723192329,-0.9382729186052684,1,1,1
-1.3130783692629264,1,-0.26309708006518073,0,-1.0369563667257338,1,1.0565683071503695,0.7141059257784068,1.6147504664938694,4,-1.0030784888803546,2.2843021232873486,1.3918409689589188,-0.9311627361758906,1.102593321541641,-0.36602196197659753,0.3760538284886195,1,0,0
-1.1888323642467715,0,0.4404882931394315,1,1.205970088263139,0,1.6605216026994472,-0.6671510155902372,0.2723904565144778,4,0.6919272869682098,-0.6979383805676164,-1.5675186265898895,-0.5021150121551928,-1.2364417896614797,-0.8367168711851184,-0.750511954734713,1,1,0
0.20272289193416174,1,-1.201210911004664,0,-1.0369563667257338,1,-1.0847206497963606,1.7500486318048898,-0.2236991123909495,4,-0.32507617854092874,1.4962940485461096,1.4306297994325734,1.4916416419621297,1.5704003437822651,-0.601369416580858,1.3148586478413966,1,1,0
-1.5819015437524249,1,-1.201210911004664,1,0.7573847972653643,1,1.1663779972502017,0.0234774550940849,0.12648175977758744,8,0.8614278645530663,0.09660014783169907,-0.7963054089372317,0.5546304391854263,0.4008827881807048,0.5753678564404441,-0.1872290631230467,1,0,0
0.7268151312750327,1,0.08869560653712551,0,0.5330921517664771,0,-0.3709576641474505,-0.6671510155902372,0.38911741390399013,5,0.6919272869682098,-0.0013566570394494108,1.145417810655703,-1.068131459911885,1.102593321541641,-0.8367168711851184,-1.1260338824758238,0,1,1
-1.2227176383420866,1,-1.201210911004664,1,0.30879950626758984,0,-1.6337691002955221,1.059420161120568,-0.9824243354227795,3,0.013924976628784128,1.4788795054579054,0.5156697394363727,-0.9719812300044982,-0.3008277451802315,-0.601369416580858,1.502619611711952,0,1,0
1.5129534902863393,0,-1.0839466821372286,1,0.9816774427642516,1,0.17809078635171102,-0.32183678024807605,-0.6322434632542426,3,1.7089307524773485,0.3469342047246341,0.5795572249223917,-0.7034862483763237,0.1669792770603927,-0.36602196197659753,0.9393367201002857,1,0,0
-1.5954556533905508,1,-0.1458328511977455,1,1.8788480247598007,1,-0.0415285938479536,0.7141059257784068,-0.04860867630668104,2,1.2004290197227792,0.2859833039159195,-0.9354888594603444,-0.4549469748421352,-0.06692423405991939,-1.3074117803936391,-1.5015558102169346,1,1,1
-1.1120257429640579,0,-1.201210911004664,0,0.9816774427642516,1,1.1114731522002856,-0.6671510155902372,0.24320871716709974,2,0.013924976628784128,0.009527432390678199,-0.4974032446990713,0.7940989363132576,-0.7686347674208556,-0.601369416580858,0.3760538284886195,1,1,1
-1.2882291682596954,1,-0.9666824532697933,0,-1.0369563667257338,1,-0.09643343889786975,-1.3577794862745591,1.2937513336727104,5,-1.3420796440500673,-0.3692388797777626,1.1773615533987123,-1.2450115998358513,-1.704248811902104,-0.8367168711851184,0.7515757562297303,1,0,0
0.8239529170149356,0,0.557752522006867,1,0.08450686076870259,0,0.6173295467510402,-1.3577794862745591,-1.2450599895491823,1,-0.32507617854092874,0.1510205949823371,-0.18937429682005116,0.7950060139538933,-1.0025382785411676,-0.601369416580858,1.502619611711952,1,1,1
0.9030185565706704,0,1.2613378952114795,1,-1.0369563667257338,1,-1.6886739453454382,0.3687916904362458,1.2062061156305763,4,-1.6810807992197803,1.1828322729584344,0.2806550606842314,0.22898956619720115,-0.5347312563005435,-1.0720643257893787,-1.68931677408749,1,1,0
-1.6541901284890967,0,-0.38036130893261627,1,0.08450686076870259,1,-1.3592448750459414,-0.32183678024807605,-0.8656973780332672,3,0.5224267093833534,-1.0114001561552914,-0.09810646041145261,0.47208637388757535,-0.3008277451802315,-1.3074117803936391,0.1882928646180641,1,0,0
0.4805821395157442,1,-1.201210911004664,1,0.30879950626758984,1,0.6722343918009565,1.059420161120568,-0.07779041565405911,7,0.18342555421364057,-0.20815435621187398,0.9948258805815152,1.1932130981929763,0.1669792770603927,1.2814102202532254,-1.68931677408749,1,1,1
-1.1142847612370788,0,0.7922809797417381,1,-0.1397857847301847,0,1.2761876873500342,-1.0124652509323981,1.439660030409601,7,0.6919272869682098,-0.19291663100969533,0.1620068733530533,1.3555799958667711,0.8686898104213289,1.2814102202532254,0.1882928646180641,0,1,1
-1.487022776285543,0,1.0268094374766086,0,0.7573847972653643,1,0.23299563140162718,1.404734396462729,0.5933895893356367,6,1.7089307524773485,0.9172604908633208,0.369641201182615,-1.1325339723970214,-0.3008277451802315,0.3400204018361837,1.502619611711952,1,1,1
-1.6361179823049288,1,1.730394810681221,1,0.08450686076870259,1,0.06828109625187871,1.404734396462729,-0.45715302716997414,8,0.5224267093833534,-1.1245946862286187,-0.006838624002854044,1.0907133248011396,0.4008827881807048,0.3400204018361837,0.5638147923591749,1,0,0
-1.4282883011869971,1,1.378602124078915,0,-1.0369563667257338,1,0.5075198566512079,-1.0124652509323981,-0.16533563369619336,8,-1.6810807992197803,0.17496559172861786,-1.218419152327,-0.11660701488500992,0.4008827881807048,1.046062765648965,0.0005319007475086858,1,0,0
1.0679268905012032,0,-0.8494182244023578,0,0.7573847972653643,1,-1.0298158047464443,1.404734396462729,1.6439322058412476,4,1.0309284421379228,-0.8764374472217092,0.1300631306100438,-0.7397693540017527,1.5704003437822651,2.4581474932745273,0.9393367201002857,1,0,0
0.4602509750585552,1,-0.38036130893261627,0,1.4302627337620262,1,1.3859973774498664,-1.0124652509323981,1.2353878549779544,1,1.7089307524773485,0.2794528502578429,0.6023741840245413,0.9129261072365374,1.102593321541641,1.2814102202532254,-1.68931677408749,1,1,0
1.666566732851767,0,0.08869560653712551,1,0.08450686076870259,1,0.3428053215014595,1.059420161120568,0.33075393520923396,4,-0.6640773337106416,0.2750992144857919,-0.24413499866521032,-0.06308943408750217,-0.7686347674208556,-1.3074117803936391,-1.1260338824758238,1,0,0
-0.470464553426095,1,-0.8494182244023578,0,0.5330921517664771,0,-0.8101964245467798,1.7500486318048898,0.1556634991249655,7,0.18342555421364057,-0.7131761057697951,-1.720392252574292,-0.7515613633300171,-1.2364417896614797,-0.36602196197659753,0.5638147923591749,1,0,1
-1.3627767712693883,0,-0.38036130893261627,0,0.30879950626758984,1,0.013376251201962557,0.0234774550940849,-1.157514771507048,2,0.013924976628784128,0.08571605840157147,-0.6753755256958385,-1.1116711866623998,0.8686898104213289,-0.36602196197659753,-1.5015558102169346,1,0,0
1.5581338557467592,0,1.730394810681221,1,-1.0369563667257338,1,-0.9200061146466121,1.059420161120568,1.0019339401989298,8,0.18342555421364057,0.6908714307166666,-0.45861441422541693,0.10018454122692826,-1.2364417896614797,-0.601369416580858,1.502619611711952,1,1,0
-0.3371824753178562,1,0.20595983540456075,1,-1.0369563667257338,1,0.5624247017011241,-1.0124652509323981,-0.8656973780332672,6,-1.5115802216349237,-1.3270387496289922,-0.3148675718818742,1.108854877613854,-0.3008277451802315,-0.13067450737233713,1.127097683970841,1,1,0
0.570942870436584,0,-1.201210911004664,0,-0.8126637212268465,0,0.3428053215014595,1.059420161120568,-0.8365156386858892,5,-0.6640773337106416,1.877237178600576,0.819135295494963,0.8993199426270015,0.4008827881807048,1.046062765648965,1.502619611711952,0,0,0
-1.3334095337201153,0,-1.201210911004664,0,-0.8126637212268465,0,0.4526150116012918,1.7500486318048898,1.6439322058412476,7,0.013924976628784128,-0.7371211025160758,-1.6154342407044038,0.8158687996885149,-0.06692423405991939,0.8107153110447045,-1.313794846346379,1,1,1
1.3435271198097645,0,-1.201210911004664,0,-1.0369563667257338,0,-1.4141497200958575,1.404734396462729,1.468841769756979,6,0.35292613179849697,-0.4476043236746814,0.6731067572412053,0.24622404136927992,-1.0025382785411676,0.3400204018361837,0.5638147923591749,0,1,0
0.010706338727377094,0,0.08869560653712551,0,-1.0369563667257338,0,0.3428053215014595,-1.3577794862745591,0.1556634991249655,2,-0.1555756009560723,1.8402312745381422,1.067840149708394,1.086177936597961,0.1669792770603927,-1.0720643257893787,1.127097683970841,0,0,1
-0.5540482295278718,1,1.378602124078915,1,-0.36407843022907194,0,-0.9749109596965282,1.404734396462729,0.3599356745566121,2,-0.49457675612578517,1.7422744696669936,0.9788540092100104,0.5764003025606836,-0.3008277451802315,0.5753678564404441,-0.9382729186052684,1,0,0
-0.9087140983921681,1,-1.0839466821372286,1,-1.0369563667257338,1,-0.31605281909753435,-0.6671510155902372,0.12648175977758744,4,-1.3420796440500673,-0.03618574321585776,0.004569855548220776,-1.3393476744619666,1.5704003437822651,0.5753678564404441,1.502619611711952,1,0,1
-1.0419961765004069,1,-1.0839466821372286,1,-0.5883710757279592,1,-1.3592448750459414,-0.32183678024807605,-0.13615389434881528,1,-1.0030784888803546,2.2799484875152976,1.3165450039218252,0.5002057807472828,-1.2364417896614797,-1.3074117803936391,0.5638147923591749,1,1,1
-0.5495301929818298,1,1.2613378952114795,1,1.205970088263139,0,1.0565683071503695,-0.6671510155902372,-0.9824243354227795,7,0.35292613179849697,-0.005710292811500454,0.5316416108078775,-1.5697453951834406,0.4008827881807048,0.8107153110447045,-0.750511954734713,0,0,1
-0.7528418375537195,1,-0.9666824532697933,0,-0.36407843022907194,0,-1.6337691002955221,-0.6671510155902372,-0.19451737304357142,7,-0.1555756009560723,0.020411521820805807,-0.006838624002854044,1.2231466603339554,-0.06692423405991939,1.2814102202532254,0.7515757562297303,0,0,1
-0.6014876132613127,0,1.0268094374766086,0,-1.0369563667257338,0,0.6722343918009565,-0.6671510155902372,-0.4863347665173522,7,-1.6810807992197803,-0.38012296920789024,-1.5948989775124691,-1.5044358050576685,1.336496832661953,-0.13067450737233713,1.502619611711952,1,0,1
0.3789263172297994,1,1.144073666344044,1,-0.36407843022907194,0,1.605616757649531,1.404734396462729,-1.478513904328207,4,0.5224267093833534,-0.9765710699788832,0.7643745936498039,-1.0354766648489988,0.4008827881807048,1.7521051294617462,1.3148586478413966,1,0,0
1.698192988674061,1,-1.201210911004664,0,-0.36407843022907194,1,1.1114731522002856,1.7500486318048898,1.1770243762831982,3,-0.49457675612578517,0.8410718648524276,0.5202331312568027,0.9564658339870522,1.336496832661953,-0.13067450737233713,-0.5627509908641576,1,1,1
1.564910910565822,0,1.2613378952114795,0,0.08450686076870259,0,-1.5239594101956897,1.059420161120568,0.6225713286830148,5,1.0309284421379228,-0.950449255346577,-0.647995174773259,-1.239569133992037,0.4008827881807048,1.5167576748574858,0.7515757562297303,1,1,1
-0.32136934740670925,0,-1.201210911004664,0,-0.8126637212268465,1,-0.09643343889786975,0.3687916904362458,0.8852069828094175,2,0.35292613179849697,1.402690879447012,0.3011903238761661,-0.3778453753880986,-0.06692423405991939,-1.3074117803936391,-0.9382729186052684,1,1,0
0.43991981060136626,0,-1.201210911004664,1,-0.8126637212268465,0,-0.31605281909753435,0.0234774550940849,1.2353878549779544,1,1.0309284421379228,1.0152172957344694,-0.24185330275499534,0.6979487064058707,-1.2364417896614797,-1.0720643257893787,0.7515757562297303,0,1,1
-1.3175964058089684,0,-1.201210911004664,1,-0.8126637212268465,0,1.3859973774498664,0.3687916904362458,0.038936541735453196,3,-1.3420796440500673,-0.4388970521305793,-1.1568133627511958,-1.358396304915317,1.336496832661953,1.5167576748574858,-0.3749900269936021,0,0,1
1.2802746081651766,1,-0.38036130893261627,1,0.7573847972653643,0,-0.31605281909753435,0.0234774550940849,-0.7197886812963769,5,1.0309284421379228,-0.46284204887686003,-0.7415447070920724,-0.16105381927616041,-0.5347312563005435,0.8107153110447045,-0.750511954734713,1,1,0
1.4722911613719614,0,0.20595983540456075,0,0.30879950626758984,1,0.4526150116012918,1.404734396462729,-1.7411495584546095,8,0.8614278645530663,0.5950914437315435,-0.7187277479899229,-0.36151797785665557,1.5704003437822651,1.9874525840660067,0.5638147923591749,1,0,0
1.092776091504434,1,0.6750167508743026,1,-1.0369563667257338,0,1.0565683071503695,-1.3577794862745591,1.3521148123674667,3,-1.5115802216349237,-0.5412074927737788,-1.7523359953173017,0.4965774701847399,-0.5347312563005435,-1.0720643257893787,0.0005319007475086858,1,1,1
1.5242485816514442,0,-0.1458328511977455,0,-1.0369563667257338,0,-0.20624312899770206,0.3687916904362458,0.1556634991249655,7,-1.3420796440500673,-0.7240601951999227,-1.4808141820017209,0.7995414021570719,-1.0025382785411676,0.3400204018361837,-1.68931677408749,1,1,1
0.3902214085949044,1,0.32322406427199624,0,-0.8126637212268465,0,1.4409022224997825,1.059420161120568,0.7976617647672832,1,-1.3420796440500673,0.10966105514785221,0.4152751193869143,-1.5606746187770835,-1.0025382785411676,-1.3074117803936391,-0.5627509908641576,1,0,1
-0.6105236863533967,1,-0.1458328511977455,0,-0.8126637212268465,0,-1.0847206497963606,1.404734396462729,1.6439322058412476,8,-1.3420796440500673,-0.04489301475995985,-0.029655583105003686,0.25438774013500143,1.102593321541641,1.5167576748574858,0.7515757562297303,1,0,0
1.62816342221041,0,-0.38036130893261627,1,1.205970088263139,1,-1.5239594101956897,1.059420161120568,0.4474808925987463,4,0.18342555421364057,0.4448910095957826,1.060995061977749,0.0611802026795921,-1.2364417896614797,-0.601369416580858,-0.1872290631230467,1,1,1
0.579978943528668,0,-1.201210911004664,0,1.8788480247598007,0,0.17809078635171102,-0.32183678024807605,1.2937513336727104,1,1.0309284421379228,-0.48243340985108973,1.0860937169901137,-1.3339052086181522,-0.5347312563005435,0.3400204018361837,1.3148586478413966,0,0,1
-0.12935279419992465,0,0.7922809797417381,1,0.30879950626758984,0,1.3310925323999503,-0.6671510155902372,-1.6536043404124754,3,1.2004290197227792,-1.2399660341879712,0.14603500198154856,0.3895423085897244,0.8686898104213289,1.9874525840660067,-0.1872290631230467,1,1,0
0.23886718430249765,1,0.6750167508743026,1,-1.0369563667257338,0,0.17809078635171102,-0.32183678024807605,-0.9824243354227795,8,-1.5115802216349237,-0.4193056911563496,-1.6291244161656935,0.12467563752409282,1.336496832661953,1.9874525840660067,0.7515757562297303,0,1,0
-0.24456272612399543,1,1.6131305818137855,1,0.08450686076870259,1,1.3310925323999503,1.059420161120568,0.6517530680303928,1,0.5224267093833534,0.5711464469852628,-0.5453188588135855,-0.013200163852537316,-0.3008277451802315,-0.13067450737233713,1.127097683970841,1,1,1
-0.996815811039987,1,-1.201210911004664,1,-1.0369563667257338,1,-1.6886739453454382,1.059420161120568,-1.0116060747701576,6,0.6919272869682098,1.2111309054767663,1.3735874016771992,-1.2649673079298371,0.1669792770603927,-0.36602196197659753,1.502619611711952,1,1,0
-0.6895893259091316,1,-1.201210911004664,1,-0.36407843022907194,1,0.06828109625187871,0.0234774550940849,1.439660030409601,4,1.0309284421379228,0.8367182290803765,0.9993892724019451,0.062087280320227825,-1.2364417896614797,-0.8367168711851184,-0.9382729186052684,1,0,1
1.4316288324575834,0,1.2613378952114795,0,-1.0369563667257338,1,-0.1513382839477859,-0.32183678024807605,0.33075393520923396,1,0.5224267093833534,-1.0941192358242613,-0.9446156431012043,-0.62366341600038,0.6347862993010168,-0.601369416580858,1.502619611711952,1,0,0
-0.21971352512076447,0,-0.49762553780005153,0,0.08450686076870259,1,0.8369489269507049,0.3687916904362458,-0.9240608567280234,3,0.6919272869682098,-0.9417419838024749,1.1157557638229083,-0.013200163852537316,-1.470345300781792,-1.3074117803936391,1.3148586478413966,1,1,1
0.12365725237842688,1,-0.1458328511977455,1,3.2246038977531244,1,0.12318594130179486,-0.6671510155902372,-0.8948791173806453,4,1.7089307524773485,-0.5673293074060851,-1.2457995032495794,-1.0735739257556993,0.8686898104213289,-0.8367168711851184,-0.5627509908641576,1,0,0
-1.0510322495924909,1,-1.0839466821372286,0,1.6545553792609133,1,0.013376251201962557,-0.32183678024807605,-1.478513904328207,2,0.6919272869682098,-1.1703078618351546,-1.4397436556178516,-0.3415622697626696,1.336496832661953,-0.8367168711851184,1.3148586478413966,1,0,1
0.06266375900686,1,0.557752522006867,0,-1.0369563667257338,0,-1.5239594101956897,-0.32183678024807605,0.1556634991249655,6,-1.172579066465211,0.6277437120219264,0.7324308509067943,-0.09483715150975253,-0.7686347674208556,0.10467294723192329,-1.313794846346379,1,1,1
0.07621786864498598,1,-0.26309708006518073,0,2.103140670258688,0,1.0565683071503695,1.059420161120568,-0.6614252026016206,2,0.8614278645530663,2.027437612736337,1.4420382789836481,-1.2676885408517444,1.336496832661953,-0.13067450737233713,-1.1260338824758238,0,0,0
-1.1481700353323936,1,-0.02856862233031,0,-1.0369563667257338,1,-0.0415285938479536,1.7500486318048898,-0.28206259108570564,7,-1.5115802216349237,0.3208123900923278,0.20307739973692265,-0.15561135343234608,1.5704003437822651,1.7521051294617462,-0.750511954734713,1,0,1
-0.4230251696926541,1,-0.02856862233031,0,-0.5883710757279592,1,-0.20624312899770206,1.7500486318048898,1.2062061156305763,1,-1.0030784888803546,-1.3858128325516814,0.8716143014299071,0.0756934449297637,-0.3008277451802315,1.046062765648965,-1.68931677408749,1,0,0
1.643976550121557,1,-0.6148897666674871,0,2.5517259612564627,1,0.06828109625187871,-1.3577794862745591,0.47666263194612435,2,1.2004290197227792,1.0239245672785713,1.197896816590647,-1.2232417364605939,1.336496832661953,-0.8367168711851184,-1.68931677408749,1,0,1
0.7087429850908648,1,-0.02856862233031,1,-1.0369563667257338,1,-0.31605281909753435,-0.32183678024807605,-0.8073338993385111,5,-0.49457675612578517,-0.07319164727829164,-0.28748722095929463,-1.4754093205573253,-0.5347312563005435,0.5753678564404441,0.0005319007475086858,1,0,0
0.49187723088084917,1,-1.201210911004664,0,-1.0369563667257338,0,-0.48076735424728284,-0.6671510155902372,0.4474808925987463,1,-1.5115802216349237,-1.3858128325516814,-0.5316286833522957,-0.40233647168526315,-0.3008277451802315,-0.13067450737233713,0.0005319007475086858,1,0,1
1.662048696305725,1,-1.201210911004664,1,-1.0369563667257338,0,0.39771016655137564,-0.6671510155902372,1.3229330730200886,7,1.5394301748924921,-0.39318387652404335,-0.835094239410886,-1.3529538390715026,-1.0025382785411676,0.3400204018361837,1.127097683970841,1,1,0
1.0317825981328672,0,0.6750167508743026,0,-0.1397857847301847,1,-1.6886739453454382,1.404734396462729,-1.0116060747701576,1,1.2004290197227792,2.6848366143160445,1.4055311444202088,1.556951232087902,-0.7686347674208556,-0.601369416580858,-0.750511954734713,1,1,1
-0.3439595301369192,1,1.6131305818137855,1,-0.8126637212268465,1,0.3428053215014595,1.7500486318048898,0.9435704615041736,8,-1.3420796440500673,-0.3104647968550735,-1.7021386852925724,1.0752930049103322,-1.0025382785411676,0.10467294723192329,-0.9382729186052684,1,0,1
0.49865428569991216,0,0.08869560653712551,1,0.08450686076870259,0,0.891853772000621,-1.0124652509323981,1.527205248451735,3,1.7089307524773485,1.348270432296374,0.31716219524767086,1.4163541977893646,-0.06692423405991939,1.2814102202532254,0.9393367201002857,1,1,0
-0.49079571788328397,1,-0.9666824532697933,1,0.5330921517664771,0,1.6605216026994472,-1.3577794862745591,0.4182991532513682,5,1.3699295973076355,0.41441555919142525,-0.9240803799092696,0.8938774767831873,-0.5347312563005435,-0.601369416580858,-1.68931677408749,0,0,1
-1.6519311102160756,1,1.49586635294635,1,-0.5883710757279592,0,1.1663779972502017,-0.32183678024807605,0.6517530680303928,2,0.013924976628784128,1.1784786371863833,0.5727121371917469,0.2861354575572518,1.102593321541641,1.2814102202532254,-1.68931677408749,1,0,0
-0.7663959471918455,0,-0.6148897666674871,1,-0.36407843022907194,1,-1.5788642552456058,-0.6671510155902372,-0.8656973780332672,1,-1.0030784888803546,1.552891313582773,0.4129934234766994,-0.9093928728006332,-0.06692423405991939,1.046062765648965,-1.313794846346379,1,1,1
0.9911202692184893,0,1.49586635294635,1,-1.0369563667257338,1,1.0565683071503695,-1.0124652509323981,-1.5076956436755848,3,-0.49457675612578517,1.6682626615421259,0.8236986873153929,-0.02952756138398036,-1.2364417896614797,-1.3074117803936391,-0.9382729186052684,1,0,0
-1.3944030270916823,0,-1.0839466821372286,0,0.7573847972653643,0,-0.9200061146466121,-1.0124652509323981,0.06811828108283127,1,0.6919272869682098,0.9564432128117802,0.7164589795352896,0.18091445124350775,0.8686898104213289,2.222800038670267,-1.313794846346379,0,1,0
-1.1910913825197926,1,1.378602124078915,1,-1.0369563667257338,1,1.6605216026994472,1.7500486318048898,1.5855687271464913,8,-0.49457675612578517,-1.2791487561364308,-1.4465887433484963,0.09655623066438536,-1.470345300781792,-0.13067450737233713,-0.750511954734713,1,1,1
-0.971966610036756,1,1.0268094374766086,1,-0.5883710757279592,0,1.4409022224997825,0.7141059257784068,-0.8948791173806453,1,-1.172579066465211,0.5101955461765483,1.588066817237406,0.7750503058599073,-0.06692423405991939,-0.8367168711851184,1.6903805755825074,1,1,0
0.24112620257551864,0,1.49586635294635,0,-0.8126637212268465,0,0.9467586170505372,-1.3577794862745591,0.9435704615041736,1,-0.32507617854092874,-1.17248467972118,-1.5241664042958052,0.5274181099663545,-1.2364417896614797,-0.8367168711851184,0.0005319007475086858,0,1,1
0.8284709535609776,0,1.378602124078915,0,-0.1397857847301847,1,0.7271392368508726,0.3687916904362458,-0.6614252026016206,1,-0.8335779112954981,-0.854669268361454,-0.515656811980791,-0.18191660501078208,0.8686898104213289,0.8107153110447045,-1.68931677408749,1,0,1
0.3834443537758414,0,0.20595983540456075,0,-1.0369563667257338,0,-1.3592448750459414,-0.6671510155902372,-0.9824243354227795,4,-0.49457675612578517,-0.8307242716151733,-0.5749809056463802,0.28432130227598035,1.5704003437822651,0.10467294723192329,0.0005319007475086858,0,1,0
-1.50283590419669,1,-1.201210911004664,1,-0.5883710757279592,0,-1.304340029996025,-0.6671510155902372,-0.8656973780332672,7,-0.8335779112954981,1.4484040550535482,1.4351931912530034,1.4517302257741578,0.4008827881807048,1.046062765648965,0.5638147923591749,0,0,0
-0.999074829313008,0,-0.6148897666674871,1,0.08450686076870259,1,-0.1513382839477859,1.404734396462729,-0.2236991123909495,2,0.8614278645530663,2.5955870809889983,1.4762637176368727,0.24440988608800845,1.102593321541641,1.7521051294617462,0.5638147923591749,1,1,1
1.10633020114256,0,-1.201210911004664,1,0.7573847972653643,1,1.0565683071503695,1.7500486318048898,1.2937513336727104,6,0.35292613179849697,0.9999795705322907,-0.2121912559222008,-0.7433976645642956,1.5704003437822651,2.928842402483048,-1.1260338824758238,1,1,1
-0.07513635564742074,1,1.0268094374766086,1,-1.0369563667257338,0,-0.7552915794968637,-1.3577794862745591,-0.5446982452121084,2,-1.5115802216349237,-0.5695061252921106,1.0358964069653847,-1.3311839756962451,1.5704003437822651,-1.3074117803936391,-1.5015558102169346,0,0,0
1.4993993806482133,1,-1.201210911004664,0,-0.1397857847301847,1,-0.2611479740476182,-1.3577794862745591,-1.3326052075913164,5,-0.49457675612578517,0.25115421773951113,0.2966269320557362,-1.4182634291972747,-1.704248811902104,-0.601369416580858,0.7515757562297303,1,0,1
1.207986023428505,0,0.909545208609173,1,-1.0369563667257338,0,-1.4141497200958575,1.059420161120568,-0.3696078091278399,7,-0.6640773337106416,0.47972009577219094,0.6023741840245413,-0.5284202637336288,-1.470345300781792,-1.0720643257893787,1.127097683970841,1,0,0
1.3751533756320584,1,0.909545208609173,1,-0.8126637212268465,0,1.0016634621004534,0.7141059257784068,0.5058443712935025,8,-1.172579066465211,-0.28869661799481827,-0.9263620758194846,-0.3070933194185121,-1.704248811902104,-1.0720643257893787,0.5638147923591749,0,1,1
-0.3484775666829612,0,1.730394810681221,0,0.5330921517664771,1,-0.8651012695966959,-1.3577794862745591,-1.5076956436755848,5,1.2004290197227792,-1.0701742390779807,0.9012763482627016,1.5524158438847233,1.102593321541641,2.222800038670267,0.9393367201002857,1,1,0
-1.3017832778978213,0,1.378602124078915,0,0.30879950626758984,1,-1.4690545651457736,0.0234774550940849,-0.8948791173806453,3,-0.49457675612578517,0.8454255006244786,1.4625735421755828,-0.016828474415080213,0.6347862993010168,-0.13067450737233713,-1.68931677408749,1,0,1
0.9888612509454683,0,1.49586635294635,1,0.5330921517664771,0,-1.304340029996025,-1.3577794862745591,1.3521148123674667,3,0.013924976628784128,-1.3074473886547626,-1.2640530705312993,1.4571726916179721,-0.7686347674208556,-1.0720643257893787,-0.1872290631230467,1,0,1
-1.3130783692629264,1,-0.02856862233031,1,-0.5883710757279592,0,1.2761876873500342,0.7141059257784068,-0.5446982452121084,1,-1.0030784888803546,-0.4889638635091663,-1.7523359953173017,0.49567039254410417,-1.2364417896614797,-0.8367168711851184,0.9393367201002857,1,1,1
1.634940477029473,1,-1.201210911004664,0,-1.0369563667257338,0,-0.1513382839477859,-1.3577794862745591,0.3599356745566121,3,-1.5115802216349237,0.5123723640625737,-0.5955161688383148,0.9020411755489087,0.4008827881807048,-1.0720643257893787,1.3148586478413966,1,0,0
-0.8386845319285173,0,1.144073666344044,0,1.205970088263139,1,-0.48076735424728284,0.7141059257784068,0.21402697781972166,4,0.8614278645530663,1.5158854095203393,0.2053590956471376,1.724760595605511,0.1669792770603927,0.5753678564404441,0.1882928646180641,1,1,0
1.2780155898921557,0,-1.201210911004664,1,0.30879950626758984,0,1.0565683071503695,1.404734396462729,-0.6030617239068645,6,0.013924976628784128,-1.2312587626438694,0.9583187460180758,-1.6368691405904843,0.4008827881807048,0.5753678564404441,-0.3749900269936021,1,0,0
-0.6150417228994387,0,-1.201210911004664,0,-0.8126637212268465,1,1.4958070675496986,1.059420161120568,0.4474808925987463,3,-1.172579066465211,0.16625832018451578,-1.0655455263425975,0.5981701659359411,-0.06692423405991939,0.10467294723192329,0.9393367201002857,1,0,0
1.4293698141845623,0,0.557752522006867,1,-1.0369563667257338,1,0.5075198566512079,-1.0124652509323981,0.8268435041146613,1,-1.0030784888803546,-0.6935847447955653,-1.4328985678872066,0.9691649209559524,-1.0025382785411676,-0.601369416580858,-0.750511954734713,1,1,1
-0.32362836567973025,1,-1.201210911004664,1,1.205970088263139,0,-1.1945303398961928,0.0234774550940849,0.7684800254199051,3,0.6919272869682098,-0.4301897805864772,-1.6359695038963384,-1.2023789507259721,0.4008827881807048,-0.36602196197659753,0.0005319007475086858,0,1,0
1.2825336264381977,1,1.2613378952114795,0,0.5330921517664771,1,-1.304340029996025,1.404734396462729,-0.8365156386858892,2,0.35292613179849697,-1.10935696102644,0.002288159638005812,-1.5026216497763971,-0.7686347674208556,-0.601369416580858,-1.1260338824758238,1,0,0
0.08977197828311194,0,-1.201210911004664,1,0.08450686076870259,0,-0.48076735424728284,-0.6671510155902372,1.2645695943253326,2,0.18342555421364057,-0.7980720033247904,-0.1117966358727424,1.210447573365055,1.5704003437822651,2.222800038670267,1.502619611711952,1,1,1
1.0408186712249512,0,0.20595983540456075,0,-0.8126637212268465,0,-1.0847206497963606,1.404734396462729,-1.2742417288965604,3,-1.3420796440500673,-1.059290149647853,-1.1773486259431307,-1.3964935658220172,-1.704248811902104,-1.3074117803936391,-1.313794846346379,0,1,1
0.7516643322782637,0,0.32322406427199624,1,-0.1397857847301847,0,-0.5905770443471151,-1.3577794862745591,-0.6322434632542426,8,-0.6640773337106416,-0.010063928583551499,0.6753884531514203,-1.6042143455275981,0.1669792770603927,-0.8367168711851184,-1.68931677408749,0,1,0
-1.0871765419608268,0,-1.201210911004664,1,0.5330921517664771,1,1.4409022224997825,0.7141059257784068,1.089479158241064,7,0.013924976628784128,2.7174888826064274,1.4602918462653678,-0.939326434941612,-1.470345300781792,-0.601369416580858,-1.1260338824758238,1,0,0
-0.8228714040173704,0,-1.0839466821372286,0,-0.5883710757279592,0,1.0565683071503695,-1.3577794862745591,1.089479158241064,3,-1.172579066465211,-1.0266378813574701,0.3399791543498205,-1.4745022429166896,0.4008827881807048,0.3400204018361837,1.127097683970841,1,0,0
-0.39139891387036013,0,-0.02856862233031,0,-0.36407843022907194,0,0.6722343918009565,-1.0124652509323981,0.3015721958618559,3,-1.0030784888803546,0.288160121801945,0.3354157625293906,-1.0445474412553561,0.4008827881807048,-0.8367168711851184,-0.3749900269936021,0,0,0
1.2915696995302817,0,-1.0839466821372286,1,-1.0369563667257338,0,-1.3592448750459414,-1.3577794862745591,-1.5076956436755848,8,0.8614278645530663,0.7496455136393556,0.31259880342724095,-1.1216490407093926,-0.3008277451802315,-1.0720643257893787,1.6903805755825074,0,0,0
0.4195886461441773,1,1.6131305818137855,0,-0.5883710757279592,0,0.5624247017011241,-1.0124652509323981,-0.31124433043308375,4,0.18342555421364057,1.8511153639682696,0.6115009676654012,-1.1044145655373139,0.4008827881807048,0.10467294723192329,-1.313794846346379,0,0,0
-0.8838648973889373,1,-0.9666824532697933,0,-0.36407843022907194,1,-0.5905770443471151,1.404734396462729,0.9143887221567956,7,-1.0030784888803546,-0.9243274407142706,-0.8259674557700262,0.1056270070707426,-0.5347312563005435,0.10467294723192329,-0.9382729186052684,1,1,1
0.564165815617521,0,-0.6148897666674871,0,-0.5883710757279592,1,-0.0415285938479536,0.7141059257784068,-1.6536043404124754,2,-0.1555756009560723,-0.3387634293734053,-0.6274599115813243,0.07660052257039941,1.5704003437822651,-1.0720643257893787,0.0005319007475086858,1,1,0
-0.956153482125609,0,-1.201210911004664,1,-0.8126637212268465,1,-0.8651012695966959,0.3687916904362458,1.2062061156305763,7,0.18342555421364057,-0.15373390906123593,-0.9058268126275499,1.0752930049103322,0.1669792770603927,1.046062765648965,0.5638147923591749,1,0,0
-1.2475668393453174,1,0.6750167508743026,0,0.5330921517664771,0,-0.1513382839477859,-1.3577794862745591,1.6439322058412476,7,-0.32507617854092874,0.5689696290992373,-0.34909301053509867,0.003127233678905726,-0.7686347674208556,-1.3074117803936391,0.7515757562297303,0,0,0
-0.21971352512076447,1,0.32322406427199624,1,-1.0369563667257338,1,1.0016634621004534,-0.6671510155902372,0.9143887221567956,4,-1.3420796440500673,1.080521832315235,1.1545445942965626,-0.6672031427508948,0.1669792770603927,1.5167576748574858,-1.313794846346379,1,1,1
-1.2385307662532334,0,-1.0839466821372286,1,1.8788480247598007,1,-1.0298158047464443,-0.32183678024807605,1.2937513336727104,2,1.0309284421379228,0.12054514457797981,0.7575295059191589,-0.43771249967005643,1.5704003437822651,-0.36602196197659753,1.502619611711952,1,1,1
0.22531307466437167,1,1.730394810681221,0,-0.36407843022907194,0,1.4958070675496986,1.059420161120568,1.1478426369358201,2,-1.0030784888803546,-1.2682646667063031,-1.663349854818918,1.4081904990236431,-1.704248811902104,-0.8367168711851184,-0.3749900269936021,1,0,0
-1.6248228909398237,1,-0.9666824532697933,1,-0.8126637212268465,0,-0.1513382839477859,1.404734396462729,-0.07779041565405911,1,0.35292613179849697,-1.1746614976072056,-1.346194123299038,1.513411505337387,1.102593321541641,1.7521051294617462,0.7515757562297303,0,0,0
1.610091276026242,1,1.378602124078915,0,-0.36407843022907194,1,-1.0847206497963606,-1.0124652509323981,0.6809348073777709,7,0.35292613179849697,-0.7175297415418461,-1.599462369332899,-1.423705895041089,1.336496832661953,0.3400204018361837,1.3148586478413966,1,1,1
0.8623562276562925,0,-0.02856862233031,0,-0.8126637212268465,1,1.6605216026994472,0.7141059257784068,-0.8656973780332672,2,0.013924976628784128,-0.8524924504754284,-0.47686798150713666,0.6271966504362843,1.5704003437822651,1.046062765648965,-0.5627509908641576,1,1,1
0.8013627342847256,0,0.4404882931394315,1,-0.36407843022907194,1,-0.6454818893970313,1.7500486318048898,0.5642078499882586,5,1.3699295973076355,0.5537319038970586,-0.7415447070920724,-0.3279561051531337,-0.3008277451802315,-0.36602196197659753,-1.313794846346379,1,0,1
1.133438420418812,1,0.557752522006867,1,-1.0369563667257338,0,-1.0298158047464443,-0.32183678024807605,0.4474808925987463,5,-1.3420796440500673,0.788828235587815,1.070121845618609,0.27252929294771594,-1.0025382785411676,-1.3074117803936391,-0.1872290631230467,1,0,1
-0.2761889819462894,0,-1.0839466821372286,1,-1.0369563667257338,0,-0.4258625091973667,-0.6671510155902372,0.12648175977758744,1,0.013924976628784128,0.8301877754222999,0.054767165572949986,-1.6196346654184055,-0.3008277451802315,-0.8367168711851184,0.1882928646180641,1,0,1
0.08073590519102795,1,-1.201210911004664,0,1.6545553792609133,0,-0.0415285938479536,-1.3577794862745591,-0.8073338993385111,7,0.8614278645530663,1.489763594888033,1.508207460379882,-1.467245621791604,0.6347862993010168,1.9874525840660067,0.5638147923591749,0,0,1
-1.0645863592306168,1,-0.38036130893261627,1,-0.8126637212268465,0,-1.0847206497963606,1.7500486318048898,0.33075393520923396,8,-1.3420796440500673,-0.663109294391208,-1.7728712585092363,0.9845852408467597,1.336496832661953,0.3400204018361837,-0.9382729186052684,1,1,0
-0.18356923275242853,0,-1.201210911004664,0,1.6545553792609133,1,-1.0298158047464443,0.7141059257784068,0.4474808925987463,7,0.6919272869682098,-0.9025592618540155,1.1705164656680673,-1.3384405968213309,-1.0025382785411676,-0.601369416580858,-1.313794846346379,1,1,1
0.2546803122136446,1,-1.201210911004664,1,3.000311252254237,0,0.39771016655137564,-1.3577794862745591,0.21402697781972166,1,1.7089307524773485,-0.27563571067866516,-1.4214900883361319,1.3428809088978708,-0.06692423405991939,-1.0720643257893787,0.0005319007475086858,0,0,0
-0.5947105584422497,1,0.20595983540456075,0,-1.0369563667257338,1,1.1663779972502017,0.7141059257784068,-0.9824243354227795,3,-1.0030784888803546,0.03347242913695894,-0.5430371629033706,-0.14744765466662454,0.8686898104213289,0.5753678564404441,1.502619611711952,1,0,1
0.21401798329926672,1,-0.26309708006518073,1,2.103140670258688,0,-1.6337691002955221,-0.6671510155902372,-1.6827860797598533,5,1.2004290197227792,0.68434097705859,-0.05931762993779822,-1.4509182242601608,0.4008827881807048,0.10467294723192329,0.0005319007475086858,0,0,1
0.559647779071479,1,0.7922809797417381,0,-0.36407843022907194,1,1.1114731522002856,0.7141059257784068,0.8268435041146613,5,0.18342555421364057,-0.8154865464129946,-1.4534338310791413,-0.2889517666057976,-1.470345300781792,-0.601369416580858,-0.1872290631230467,1,0,0
1.070185908774224,1,0.6750167508743026,0,-0.8126637212268465,0,-1.0847206497963606,1.7500486318048898,0.4474808925987463,2,-1.3420796440500673,0.6712800697424368,0.22133096701864236,1.1070407223325824,1.102593321541641,-1.0720643257893787,0.7515757562297303,1,0,0
-1.1459110170593727,0,0.909545208609173,1,-0.1397857847301847,0,-0.535672199297199,1.059420161120568,-0.8656973780332672,4,-0.8335779112954981,-1.1746614976072056,-1.0746723099834572,-1.4563606901039752,1.102593321541641,1.046062765648965,0.9393367201002857,1,1,1
1.3796714121781004,1,-0.6148897666674871,0,0.08450686076870259,1,1.1114731522002856,0.7141059257784068,-1.0116060747701576,8,-0.49457675612578517,-1.0462292423317,1.2412490388847313,-1.3602104601965883,-0.7686347674208556,-0.13067450737233713,-0.1872290631230467,1,0,1
-1.536721178292005,1,1.730394810681221,1,0.08450686076870259,1,0.2879004764515433,1.059420161120568,1.527205248451735,2,0.013924976628784128,-0.9831015236369598,1.5561230744943964,-0.3415622697626696,-1.0025382785411676,-1.0720643257893787,-0.5627509908641576,1,0,1
0.530280541522206,1,0.20595983540456075,1,0.30879950626758984,0,0.6722343918009565,-1.3577794862745591,-0.5738799845594864,1,-0.1555756009560723,0.24244694619540905,-0.451769326494772,1.0852708589573252,-0.5347312563005435,-1.0720643257893787,0.5638147923591749,1,0,1
1.680120842489893,0,-1.201210911004664,1,2.3274333157575753,0,1.1663779972502017,-0.6671510155902372,-0.13615389434881528,3,1.5394301748924921,0.0073506145046526765,0.05248546966273502,0.9873064737686669,-0.06692423405991939,-1.0720643257893787,1.6903805755825074,1,1,1
1.221540133066631,1,0.6750167508743026,1,1.205970088263139,0,0.12318594130179486,-1.3577794862745591,0.9143887221567956,4,1.0309284421379228,-0.8437851789313263,-1.5173213165651602,-0.22636340940193259,0.8686898104213289,1.7521051294617462,1.6903805755825074,1,1,1
1.4384058872766463,0,-1.201210911004664,1,-0.36407843022907194,0,-0.8651012695966959,0.7141059257784068,-1.5076956436755848,6,-0.6640773337106416,2.358313931412216,1.0929388047207587,-1.2141709600542367,1.102593321541641,-0.601369416580858,-0.3749900269936021,1,0,1
-0.24682174439701643,1,1.0268094374766086,0,-0.5883710757279592,1,-1.249435184946109,-0.32183678024807605,0.5642078499882586,6,-1.172579066465211,1.2133077233627918,0.7369942427272242,-0.011386008571265867,-1.2364417896614797,0.10467294723192329,0.1882928646180641,1,1,1
-1.057809304411554,1,-1.201210911004664,1,-0.1397857847301847,0,-0.1513382839477859,1.059420161120568,-1.186696510854426,5,-0.32507617854092874,0.288160121801945,1.521897635841172,1.2902704057409988,-0.7686347674208556,-1.0720643257893787,-1.313794846346379,1,0,1
1.1650646762411059,0,1.144073666344044,0,-0.8126637212268465,0,-1.5788642552456058,0.3687916904362458,0.1556634991249655,8,-0.1555756009560723,1.8141094599058358,1.515052548110527,-0.8232204969402394,1.5704003437822651,1.9874525840660067,0.1882928646180641,0,1,1
1.12892038387277,0,0.32322406427199624,1,2.5517259612564627,0,0.06828109625187871,-1.3577794862745591,-0.019426936959302962,2,1.2004290197227792,-1.1245946862286187,-0.9400522512807744,0.29883454452615194,1.102593321541641,2.222800038670267,1.502619611711952,1,0,1
-0.5563072478008928,0,-1.201210911004664,0,2.3274333157575753,0,-0.7003867344469474,-0.32183678024807605,0.3599356745566121,1,1.0309284421379228,-1.300916934996686,-0.7780518416555119,1.4072834213830074,1.102593321541641,-0.13067450737233713,-0.1872290631230467,1,1,0
0.1665785995658258,0,-0.02856862233031,0,0.9816774427642516,1,-1.1396254948462767,1.404734396462729,-1.2450599895491823,6,1.7089307524773485,0.44706782748180807,0.4472188621299238,-1.605121423168234,0.6347862993010168,-1.3074117803936391,-0.3749900269936021,1,1,0
-1.0374781399543649,0,1.730394810681221,1,0.9816774427642516,0,-1.304340029996025,0.0234774550940849,-0.8948791173806453,2,0.35292613179849697,-0.1776789058075167,-0.7164460520797079,-0.649968667578816,-1.704248811902104,-0.8367168711851184,-1.5015558102169346,0,0,1
1.657530659759683,0,-0.38036130893261627,1,0.9816774427642516,0,1.6605216026994472,-1.0124652509323981,-0.2528808517383276,4,0.18342555421364057,-0.5999815756964679,-1.21385576050657,-1.6005860349650554,-0.5347312563005435,-1.0720643257893787,-0.1872290631230467,1,1,0
-0.7144385269123625,0,-1.201210911004664,1,1.4302627337620262,0,-1.0847206497963606,-0.6671510155902372,0.5350261106408806,1,0.8614278645530663,-0.8503156325894029,-1.6382511998065534,-0.9384193573009764,-1.0025382785411676,-0.36602196197659753,1.127097683970841,1,0,0
0.18465074574999377,0,0.32322406427199624,1,-0.5883710757279592,0,0.5624247017011241,0.0234774550940849,-0.8073338993385111,5,-1.172579066465211,-1.059290149647853,-1.5401382756673099,1.2458236013498485,0.8686898104213289,1.7521051294617462,-1.1260338824758238,0,1,1
0.43088373750928227,1,1.144073666344044,0,-0.5883710757279592,1,1.2212828423001179,-0.32183678024807605,-0.9240608567280234,1,-0.49457675612578517,0.24244694619540905,-0.58410768928724,0.4530377434342251,-1.704248811902104,-1.0720643257893787,-1.5015558102169346,1,0,0
-0.6037466315343337,0,-1.201210911004664,1,1.8788480247598007,1,1.550711912599615,-1.3577794862745591,0.7976617647672832,8,1.0309284421379228,-1.2508501236180989,0.6776701490616351,-1.0926225562090495,-1.0025382785411676,0.3400204018361837,0.0005319007475086858,1,1,0
-0.3642906945941082,1,-0.02856862233031,0,0.08450686076870259,0,0.12318594130179486,0.3687916904362458,1.527205248451735,4,0.5224267093833534,-0.8633765399055561,-1.5766454102307494,-0.8694814566126613,0.8686898104213289,1.046062765648965,0.7515757562297303,0,1,0
-0.7844680933760134,0,1.144073666344044,1,0.08450686076870259,0,-1.0298158047464443,1.404734396462729,-1.2450599895491823,5,1.2004290197227792,0.4906041852023185,0.3285706747987457,-0.19370861433904651,-1.704248811902104,-1.0720643257893787,0.0005319007475086858,0,1,0
-1.1617241449705196,0,-1.201210911004664,1,0.30879950626758984,1,-1.4690545651457736,-0.32183678024807605,1.5563869877991132,4,-0.1555756009560723,1.698738111946483,1.5971936008782657,-1.3901440223375672,-1.0025382785411676,-0.36602196197659753,-0.5627509908641576,1,0,1
-0.9267862445763361,0,-1.201210911004664,1,-1.0369563667257338,1,-0.535672199297199,-1.3577794862745591,-1.5952408617177192,2,-1.6810807992197803,-1.000516066725164,1.4351931912530034,1.102505334129404,-1.0025382785411676,0.10467294723192329,-1.68931677408749,1,0,1
1.5445797461086332,0,-0.02856862233031,0,0.08450686076870259,1,0.8369489269507049,1.059420161120568,0.2723904565144778,4,-0.6640773337106416,-0.7871879138946628,-0.22131803956306068,-0.6091501737502083,1.5704003437822651,1.7521051294617462,0.1882928646180641,1,0,1
-1.4011800819107452,1,-1.201210911004664,1,0.5330921517664771,0,1.3859973774498664,0.0234774550940849,-0.31124433043308375,5,-0.32507617854092874,0.7735905103856364,1.5287427235718167,-0.1420051888228102,0.4008827881807048,-0.13067450737233713,-1.1260338824758238,1,0,0
0.591274034893773,1,-0.9666824532697933,0,0.08450686076870259,0,-0.0415285938479536,0.7141059257784068,-1.4201504256334507,3,-0.1555756009560723,2.7305497899225806,1.4717003258164427,-0.6653889874696233,-1.470345300781792,-1.0720643257893787,-0.750511954734713,1,1,0
-0.5088678640674519,0,-0.9666824532697933,1,-0.1397857847301847,1,-0.2611479740476182,0.0234774550940849,1.5855687271464913,8,-0.8335779112954981,-1.1942528585814354,-1.0199116081382982,1.1242751975046612,0.4008827881807048,-0.8367168711851184,-0.750511954734713,1,1,0
1.08374001841235,0,0.4404882931394315,0,-0.1397857847301847,1,-1.6337691002955221,-1.3577794862745591,0.8852069828094175,5,-0.6640773337106416,-1.2769719382504052,0.8305437750460378,-1.4046572645877389,-1.2364417896614797,-0.36602196197659753,0.3760538284886195,1,0,0
-0.484018663064221,1,-0.7321539955349224,1,-0.5883710757279592,1,-1.304340029996025,0.0234774550940849,1.2645695943253326,8,-1.0030784888803546,-0.3822997870939157,0.819135295494963,-1.1697241556630862,0.1669792770603927,-0.8367168711851184,0.5638147923591749,1,1,1
-0.9132321349382101,0,1.0268094374766086,0,1.205970088263139,0,1.2212828423001179,0.0234774550940849,-1.5952408617177192,6,0.35292613179849697,-1.0745278748500318,-0.1117966358727424,-0.8957867081910973,-0.06692423405991939,1.2814102202532254,-1.5015558102169346,1,1,0
-0.971966610036756,0,-0.8494182244023578,0,-0.8126637212268465,0,0.06828109625187871,0.3687916904362458,-1.536877383022963,6,-1.3420796440500673,1.2982036209177872,0.5704304412815319,1.4372169835239863,1.336496832661953,1.2814102202532254,-0.3749900269936021,1,0,1
0.4805821395157442,0,-1.201210911004664,1,3.000311252254237,0,-1.6886739453454382,-1.0124652509323981,-1.186696510854426,5,1.5394301748924921,0.39264738033117,-0.328557747343164,-1.3329981309775165,-0.7686347674208556,-0.36602196197659753,1.3148586478413966,1,1,1
-0.7189565634584045,1,-1.201210911004664,0,-0.8126637212268465,1,-0.09643343889786975,0.0234774550940849,-1.536877383022963,6,-1.3420796440500673,-0.5281465854576257,-0.8647562862436805,1.2349386696622198,1.5704003437822651,-0.8367168711851184,0.3760538284886195,1,1,0
0.7290741495480537,0,0.20595983540456075,1,0.5330921517664771,0,0.9467586170505372,-1.3577794862745591,-0.7489704206437549,2,0.013924976628784128,0.24244694619540905,0.6822335408820651,-0.3823807635912772,1.102593321541641,-1.3074117803936391,-0.3749900269936021,0,1,1
-1.1165437795100999,0,-0.02856862233031,0,-0.8126637212268465,0,-1.0298158047464443,-0.6671510155902372,1.089479158241064,5,0.5224267093833534,-0.7218833773138972,-1.5834904979613942,-0.1601467416355247,1.5704003437822651,1.2814102202532254,-0.3749900269936021,1,1,1
-0.470464553426095,1,0.7922809797417381,0,-1.0369563667257338,0,1.6605216026994472,1.059420161120568,-1.1283330321596698,5,-1.0030784888803546,-1.118064232570542,-1.3096869887355986,-0.2998366982934263,-1.0025382785411676,-0.13067450737233713,0.3760538284886195,0,1,1
1.4090386497273735,0,-1.201210911004664,1,-1.0369563667257338,1,0.7820440819007887,-1.3577794862745591,-1.6244226010650973,7,-1.6810807992197803,-1.3727519252355282,0.9537553541976458,0.5700507590762336,0.4008827881807048,1.7521051294617462,1.502619611711952,1,0,1
-0.21519548857472248,1,-0.7321539955349224,1,-1.0369563667257338,0,0.39771016655137564,-1.3577794862745591,-0.6322434632542426,3,-1.5115802216349237,-0.9896319772950364,-1.6724766384597778,1.2004697193180622,0.1669792770603927,-0.36602196197659753,-1.68931677408749,1,0,0
0.3111557690391695,1,0.4404882931394315,1,-0.8126637212268465,1,-0.20624312899770206,1.404734396462729,0.009754802388075117,6,0.35292613179849697,1.2067772697047152,0.1369082183406887,0.6253824951550128,0.6347862993010168,-0.8367168711851184,-0.750511954734713,1,1,1
0.15302448992769982,1,0.6750167508743026,0,0.30879950626758984,1,-1.249435184946109,-0.32183678024807605,-0.9240608567280234,8,0.8614278645530663,1.4571113265976503,1.3347985712035448,0.1419101126961716,-0.7686347674208556,-0.601369416580858,0.7515757562297303,1,1,1
-0.9109731166651891,1,-1.201210911004664,1,-0.8126637212268465,1,-1.5239594101956897,-1.3577794862745591,0.710116546725149,5,-1.3420796440500673,-1.4293491902721918,1.4967989808288074,1.708433198074068,-0.06692423405991939,-0.13067450737233713,0.5638147923591749,1,1,1
-0.7302516548235095,0,-1.201210911004664,1,-1.0369563667257338,0,1.3859973774498664,-0.6671510155902372,-0.9824243354227795,5,-1.5115802216349237,-1.0897656000522102,0.9925441846713002,1.3700932381169426,1.102593321541641,-0.601369416580858,1.6903805755825074,1,1,0
-0.32814640222577224,1,0.909545208609173,0,-0.8126637212268465,1,-1.3592448750459414,0.3687916904362458,-0.3696078091278399,8,-0.32507617854092874,1.2002468160466386,0.8716143014299071,1.6113758905260454,1.102593321541641,-0.601369416580858,0.0005319007475086858,1,0,1
0.0016702656352931106,1,1.49586635294635,0,0.30879950626758984,1,-0.0415285938479536,-0.6671510155902372,0.06811828108283127,4,1.3699295973076355,-0.3779461513218647,0.26240149340251173,-1.0164280343956487,0.8686898104213289,1.5167576748574858,0.5638147923591749,1,1,1
1.653012623213641,0,-1.201210911004664,0,-1.0369563667257338,1,0.7271392368508726,0.3687916904362458,1.7022956845360036,1,-0.49457675612578517,-0.32134888628520114,0.19623231200627775,-0.44950450899832084,0.6347862993010168,-0.8367168711851184,-0.750511954734713,1,1,0
-0.484018663064221,0,-0.26309708006518073,0,0.5330921517664771,0,-1.304340029996025,0.7141059257784068,1.498023509104357,2,0.35292613179849697,0.5123723640625737,1.1522628983863477,-0.6418049688130945,-1.470345300781792,-1.0720643257893787,0.5638147923591749,1,1,0
-0.19260530584451252,1,-1.201210911004664,1,-0.1397857847301847,1,-0.31605281909753435,1.7500486318048898,-0.19451737304357142,1,1.2004290197227792,-0.9395651659164493,1.503644068559452,-0.4105001704509847,-0.3008277451802315,-1.3074117803936391,0.9393367201002857,1,0,0
1.095035109777455,0,0.08869560653712551,0,3.000311252254237,1,-1.6886739453454382,1.059420161120568,1.3812965517148448,5,1.7089307524773485,-0.7218833773138972,-0.8944183330764751,0.4167546378087961,-0.5347312563005435,-0.13067450737233713,-1.68931677408749,1,0,1
1.122143329053707,0,-0.8494182244023578,0,-0.5883710757279592,0,1.550711912599615,-0.6671510155902372,0.9143887221567956,5,-1.172579066465211,-1.0114001561552914,-1.4420253515280665,1.7029907322302535,1.102593321541641,1.2814102202532254,1.6903805755825074,0,1,1
-1.1820553094277086,0,1.144073666344044,1,-0.8126637212268465,0,0.891853772000621,0.3687916904362458,-1.2158782502018042,6,-1.172579066465211,1.0130404778484439,1.0381781028755994,-1.5071570379795756,-1.704248811902104,-1.3074117803936391,-0.1872290631230467,1,0,1
-0.6511860152677746,0,-0.8494182244023578,1,-1.0369563667257338,1,-0.5905770443471151,-1.3577794862745591,1.6439322058412476,2,0.5224267093833534,1.1109972827195922,-0.15514885816682672,0.707019482812228,0.8686898104213289,1.5167576748574858,-1.68931677408749,1,0,0
1.643976550121557,0,-1.201210911004664,0,0.5330921517664771,1,0.2879004764515433,-0.32183678024807605,1.527205248451735,3,0.8614278645530663,0.6146828047057733,0.26924658113315664,0.5773073802013193,-1.2364417896614797,-1.3074117803936391,-0.1872290631230467,1,1,0
-1.4124751732758503,1,0.08869560653712551,1,0.9816774427642516,0,1.0565683071503695,-0.32183678024807605,-1.478513904328207,4,1.5394301748924921,0.8127732323340957,-0.03421897492543361,1.2784783964127344,-0.5347312563005435,-0.36602196197659753,0.1882928646180641,1,1,1
1.6123502942992631,1,-0.02856862233031,0,-0.8126637212268465,1,-1.4141497200958575,0.0234774550940849,1.0019339401989298,8,1.5394301748924921,-0.3061111610830225,0.29890862796595113,-0.5955440091406725,-1.704248811902104,-1.0720643257893787,-0.5627509908641576,1,1,0
-0.9313042811223781,1,-1.201210911004664,0,-1.0369563667257338,0,0.3428053215014595,-0.32183678024807605,1.3521148123674667,8,-1.0030784888803546,-0.07754528305034268,-0.9126719003581948,-1.6042143455275981,0.1669792770603927,0.8107153110447045,0.0005319007475086858,0,0,1
0.6251593089890879,1,0.20595983540456075,0,1.6545553792609133,0,-1.4690545651457736,0.7141059257784068,0.6225713286830148,7,1.2004290197227792,-1.0026928846111895,-0.9217986839990546,0.24713111900991563,0.6347862993010168,0.3400204018361837,-0.750511954734713,1,1,1
0.6319363638081509,0,0.7922809797417381,0,0.9816774427642516,0,0.17809078635171102,-1.3577794862745591,-0.6614252026016206,3,0.013924976628784128,0.28380648602989395,0.9218116114546363,1.345602141819778,-1.2364417896614797,0.10467294723192329,-0.1872290631230467,1,1,1
-1.482504739739501,1,1.144073666344044,0,-0.36407843022907194,0,-1.4141497200958575,1.7500486318048898,-1.5076956436755848,8,0.013924976628784128,0.30992830066220023,0.5225148271670176,0.7668866070941858,-0.06692423405991939,-0.36602196197659753,0.0005319007475086858,0,0,1
0.3879623903218834,1,1.0268094374766086,0,-0.8126637212268465,1,-0.5905770443471151,0.7141059257784068,-1.0699695534649138,4,-1.0030784888803546,1.10229001117549,-0.1619939458974716,0.11741901639900702,-0.7686347674208556,0.3400204018361837,0.3760538284886195,1,0,1
-0.21971352512076447,0,-0.1458328511977455,0,1.6545553792609133,1,0.6173295467510402,-1.0124652509323981,1.3521148123674667,8,1.2004290197227792,-1.2073137658975885,-0.34224792280445376,1.2811996293346417,1.5704003437822651,-0.601369416580858,-1.5015558102169346,1,0,0
1.5016583989212342,1,-1.201210911004664,1,-1.0369563667257338,1,1.2212828423001179,1.404734396462729,0.8852069828094175,1,-1.5115802216349237,0.584207354301416,-0.10723324405231247,1.6821279464956318,0.6347862993010168,-0.13067450737233713,1.3148586478413966,1,0,1
1.1966909320633998,0,-0.49762553780005153,0,-0.36407843022907194,0,-1.1945303398961928,0.7141059257784068,-1.566059122370341,2,-0.49457675612578517,0.3687023835848893,-0.2578251741265001,1.480756710274501,-1.470345300781792,-0.13067450737233713,1.3148586478413966,1,0,0
0.36311318931865244,0,1.0268094374766086,1,-1.0369563667257338,0,0.7271392368508726,-1.3577794862745591,-0.07779041565405911,7,-1.5115802216349237,1.1436495510099751,0.13462652243047374,0.29611331160424476,-1.2364417896614797,-0.601369416580858,0.7515757562297303,0,0,1
-0.2807070184923314,1,1.6131305818137855,1,0.9816774427642516,1,-0.4258625091973667,0.3687916904362458,-1.157514771507048,5,1.5394301748924921,-0.2386298066162313,-0.9400522512807744,1.2902704057409988,-0.3008277451802315,0.8107153110447045,-0.1872290631230467,1,1,0
-1.5728654706603409,1,-1.0839466821372286,1,0.9816774427642516,0,-0.6454818893970313,-1.3577794862745591,0.12648175977758744,7,0.6919272869682098,-0.2495138960463589,-1.5720820184103195,1.3918631014922,0.4008827881807048,-0.13067450737233713,-0.3749900269936021,0,0,0
1.0543727808630772,0,-0.6148897666674871,0,0.5330921517664771,0,0.17809078635171102,-1.3577794862745591,1.060297418893686,5,-0.1555756009560723,1.2503136274252256,1.4671369339960127,-0.5737741457654151,-1.0025382785411676,0.10467294723192329,-0.1872290631230467,0,0,0
0.8872054286595235,1,0.32322406427199624,1,1.4302627337620262,0,1.2761876873500342,-1.3577794862745591,-0.13615389434881528,2,0.5224267093833534,-0.36053160823366054,0.9697272255691506,1.1750715453802618,1.102593321541641,1.2814102202532254,0.1882928646180641,1,1,1
1.065667872228182,0,-0.1458328511977455,0,-1.0369563667257338,0,0.4526150116012918,1.059420161120568,-1.7703312978019876,7,-1.3420796440500673,1.4484040550535482,0.22817605474928726,-0.26173943738672584,-0.06692423405991939,-1.3074117803936391,-0.1872290631230467,0,0,0
