model type,technique,training loses,testing loses,model path,best fold,training f1,training accuracies,training precision,training true positives,training true negatives,training false positives,training false negatives,best training loses,best training accuracies,best training f1,best training precision,best training true positives,best training true negatives,best training false positives,best training false negatives,testing f1,testing accuracies,testing precision,testing true positives,testing true negatives,testing false positives,testing false negatives,best testing loses,best testing accuracies,best testing f1,best testing precision,best testing true positives,best testing true negatives,best testing false positives,best testing false negatives
Decision tree,baseline,"[0.2757731958762887, 0.28865979381443296, 0.2982005141388175, 0.3264781491002571, 0.2750642673521851, 0.2699228791773779, 0.29562982005141386, 0.2982005141388175, 0.2827763496143959, 0.27249357326478146]","[0.5694444444444444, 0.4652777777777778, 0.5208333333333334, 0.4791666666666667, 0.3888888888888889, 0.4097222222222222, 0.4652777777777778, 0.5625, 0.4305555555555556, 0.5034722222222222]",Models\DecisionTrees\20260816_16\baseline.pkl,9.0,"[0.599250936329588, 0.6, 0.6054421768707483, 0.4641350210970464, 0.6372881355932203, 0.6153846153846154, 0.5787545787545788, 0.6419753086419753, 0.6153846153846154, 0.6558441558441559]","[68.81443298969072, 71.1340206185567, 70.17994858611826, 67.3521850899743, 72.49357326478149, 73.00771208226222, 70.4370179948586, 70.17994858611826, 71.72236503856041, 68.63753213367609]","[0.7766990291262136, 0.7368421052631579, 0.717741935483871, 0.8333333333333334, 0.734375, 0.8, 0.7247706422018348, 0.6624203821656051, 0.7521367521367521, 0.7214285714285714]","[80, 84, 89, 55, 94, 84, 79, 104, 88, 101]","[201, 192, 184, 207, 188, 200, 195, 169, 191, 182]","[23, 30, 35, 11, 34, 21, 30, 53, 29, 39]","[84, 82, 81, 116, 73, 84, 85, 63, 81, 67]",0.27249357326478146,68.63753213367609,0.6558441558441559,0.7214285714285714,101.0,182.0,39.0,67.0,"[0.3880597014925373, 0.29473684210526313, 0.358974358974359, 0.34285714285714286, 0.48148148148148145, 0.42718446601941745, 0.29473684210526313, 0.509090909090909, 0.42592592592592593, 0.2127659574468085]","[40.97222222222222, 53.47222222222222, 47.91666666666667, 52.083333333333336, 61.111111111111114, 59.02777777777778, 53.47222222222222, 43.75, 56.94444444444444, 43.75]","[0.3939393939393939, 0.5185185185185185, 0.42857142857142855, 0.4864864864864865, 0.65, 0.6285714285714286, 0.5185185185185185, 0.4329896907216495, 0.575, 0.38461538461538464]","[26, 14, 21, 18, 26, 22, 14, 42, 23, 10]","[36, 63, 48, 57, 62, 63, 63, 21, 59, 60]","[40, 13, 28, 19, 14, 13, 13, 55, 17, 16]","[42, 54, 47, 50, 42, 46, 54, 26, 45, 58]",0.5034722222222222,43.75,0.2127659574468085,0.38461538461538464,10.0,60.0,16.0,58.0
Decision tree,batch normalisation,"[0.28350515463917525, 0.2963917525773196, 0.2570694087403599, 0.2776349614395887, 0.29562982005141386, 0.2853470437017995, 0.2570694087403599, 0.3341902313624679, 0.2930591259640103, 0.2596401028277635]","[0.5277777777777778, 0.5, 0.4027777777777778, 0.5347222222222222, 0.375, 0.5347222222222222, 0.3402777777777778, 0.3958333333333333, 0.5902777777777778, 0.5902777777777778]",Models\DecisionTrees\20260816_16\batch_normalisation.pkl,9.0,"[0.46601941747572817, 0.5593869731800766, 0.5098039215686274, 0.46534653465346537, 0.5692883895131086, 0.47393364928909953, 0.5192307692307693, 0.6012269938650306, 0.6095890410958904, 0.6833855799373041]","[71.64948453608247, 70.36082474226805, 74.293059125964, 72.23650385604114, 70.4370179948586, 71.46529562982005, 74.293059125964, 66.58097686375322, 70.69408740359897, 74.03598971722364]","[0.8, 0.6134453781512605, 0.8, 0.7704918032786885, 0.6031746031746031, 0.8333333333333334, 0.7605633802816901, 0.5297297297297298, 0.5973154362416108, 0.6123595505617978]","[48, 73, 52, 47, 76, 50, 54, 98, 89, 109]","[230, 200, 237, 234, 198, 228, 235, 161, 186, 179]","[12, 46, 13, 14, 50, 10, 17, 87, 60, 69]","[98, 69, 87, 94, 65, 101, 83, 43, 54, 32]",0.2596401028277635,74.03598971722364,0.6833855799373041,0.6123595505617978,109.0,179.0,69.0,32.0,"[0.3968253968253968, 0.3076923076923077, 0.46296296296296297, 0.384, 0.4807692307692308, 0.384, 0.4948453608247423, 0.632258064516129, 0.5303867403314917, 0.5303867403314917]","[47.22222222222222, 50.0, 59.72222222222222, 46.52777777777778, 62.5, 46.52777777777778, 65.97222222222221, 60.416666666666664, 40.97222222222222, 40.97222222222222]","[0.35714285714285715, 0.3333333333333333, 0.4807692307692308, 0.34782608695652173, 0.5208333333333334, 0.34782608695652173, 0.5853658536585366, 0.494949494949495, 0.384, 0.384]","[25, 16, 25, 24, 25, 24, 24, 49, 48, 48]","[43, 56, 61, 43, 65, 43, 71, 38, 11, 11]","[45, 32, 27, 45, 23, 45, 17, 50, 77, 77]","[31, 40, 31, 32, 31, 32, 32, 7, 8, 8]",0.5902777777777778,40.97222222222222,0.5303867403314917,0.384,48.0,11.0,77.0,8.0
Decision tree,dropout,"[0.26804123711340205, 0.25, 0.2570694087403599, 0.2416452442159383, 0.2596401028277635, 0.23393316195372751, 0.2493573264781491, 0.2236503856041131, 0.2519280205655527, 0.2467866323907455]","[0.4756944444444444, 0.5069444444444444, 0.6770833333333333, 0.7083333333333334, 0.3541666666666667, 0.6770833333333333, 0.6493055555555556, 0.5104166666666666, 0.6527777777777778, 0.6041666666666667]",Models\DecisionTrees\20260816_16\dropout.pkl,7.0,"[0.6090225563909775, 0.6881028938906752, 0.6296296296296297, 0.678082191780822, 0.6480836236933798, 0.689419795221843, 0.657243816254417, 0.6903914590747331, 0.6549295774647887, 0.6571428571428571]","[68.04123711340206, 72.9381443298969, 67.09511568123393, 75.83547557840618, 74.03598971722364, 73.26478149100257, 72.75064267352185, 75.06426735218508, 71.46529562982005, 71.97943444730078]","[0.6923076923076923, 0.6815286624203821, 0.7142857142857143, 0.7122302158273381, 0.7099236641221374, 0.7112676056338029, 0.7099236641221374, 0.7238805970149254, 0.7153846153846154, 0.7301587301587301]","[81, 107, 85, 99, 93, 101, 93, 97, 93, 92]","[203, 184, 204, 196, 195, 197, 199, 205, 198, 201]","[36, 50, 34, 40, 38, 41, 38, 37, 37, 34]","[68, 47, 66, 54, 63, 50, 59, 50, 61, 62]",0.2236503856041131,75.06426735218508,0.6903914590747331,0.7238805970149254,97.0,205.0,37.0,50.0,"[0.32989690721649484, 0.27722772277227725, 0.17543859649122806, 0.16393442622950818, 0.37037037037037035, 0.21311475409836064, 0.2809917355371901, 0.1797752808988764, 0.2033898305084746, 0.21359223300970873]","[49.30555555555556, 49.30555555555556, 29.166666666666668, 29.166666666666668, 64.58333333333334, 27.77777777777778, 28.47222222222222, 48.61111111111111, 34.72222222222222, 34.72222222222222]","[0.25806451612903225, 0.21212121212121213, 0.12658227848101267, 0.11494252873563218, 0.32608695652173914, 0.14942528735632185, 0.19767441860465115, 0.14814814814814814, 0.14457831325301204, 0.16176470588235295]","[16, 14, 10, 10, 15, 13, 17, 8, 12, 11]","[63, 57, 40, 32, 78, 35, 40, 63, 38, 52]","[46, 52, 69, 77, 31, 74, 69, 46, 71, 57]","[19, 21, 25, 25, 20, 22, 18, 27, 23, 24]",0.5104166666666666,48.61111111111111,0.1797752808988764,0.14814814814814814,8.0,63.0,46.0,27.0
Decision tree,layer normalisation,"[0.18298969072164947, 0.17783505154639176, 0.18508997429305912, 0.16452442159383032, 0.16452442159383032, 0.17480719794344474, 0.18508997429305912, 0.17737789203084833, 0.2133676092544987, 0.19023136246786632]","[0.7222222222222222, 0.4722222222222222, 0.39583333333333337, 0.3263888888888889, 0.3819444444444444, 0.6111111111111112, 0.3472222222222222, 0.4722222222222222, 0.3402777777777778, 0.3611111111111111]",Models\DecisionTrees\20260816_16\layer_normalisation.pkl,3.0,"[0.8086253369272237, 0.8130081300813008, 0.7966101694915254, 0.8350515463917526, 0.827027027027027, 0.807909604519774, 0.8125, 0.7915407854984894, 0.7844155844155845, 0.7873563218390804]","[78.6082474226804, 82.21649484536083, 78.1491002570694, 83.54755784061697, 83.54755784061697, 80.46272493573264, 81.49100257069408, 82.26221079691517, 78.66323907455013, 80.97686375321337]","[0.8379888268156425, 0.8426966292134831, 0.8597560975609756, 0.8393782383419689, 0.8547486033519553, 0.89937106918239, 0.8210526315789474, 0.916083916083916, 0.7864583333333334, 0.85625]","[150, 150, 141, 162, 153, 143, 156, 131, 151, 137]","[167, 169, 176, 163, 172, 178, 161, 189, 155, 178]","[29, 28, 23, 31, 26, 16, 34, 12, 41, 23]","[42, 41, 49, 33, 38, 52, 38, 57, 42, 51]",0.16452442159383032,83.54755784061697,0.8350515463917526,0.8393782383419689,162.0,163.0,31.0,33.0,"[0.3333333333333333, 0.5072463768115942, 0.5585585585585585, 0.43373493975903615, 0.40860215053763443, 0.30158730158730157, 0.5833333333333334, 0.3333333333333333, 0.6016260162601627, 0.5185185185185185]","[27.77777777777778, 52.77777777777778, 52.083333333333336, 67.36111111111111, 61.80555555555556, 38.88888888888889, 65.27777777777779, 52.77777777777778, 65.97222222222221, 63.888888888888886]","[0.26804123711340205, 0.4430379746835443, 0.5961538461538461, 0.75, 0.5588235294117647, 0.2835820895522388, 0.5737704918032787, 0.3953488372093023, 0.578125, 0.5714285714285714]","[26, 35, 31, 18, 19, 19, 35, 17, 37, 28]","[14, 41, 64, 79, 70, 37, 59, 59, 58, 64]","[71, 44, 21, 6, 15, 48, 26, 26, 27, 21]","[33, 24, 28, 41, 40, 40, 24, 42, 22, 31]",0.3263888888888889,67.36111111111111,0.43373493975903615,0.75,18.0,79.0,6.0,41.0
Decision tree,prune,"[0.32216494845360827, 0.2654639175257732, 0.2827763496143959, 0.32904884318766064, 0.3033419023136247, 0.2853470437017995, 0.2622107969151671, 0.2622107969151671, 0.2210796915167095, 0.2467866323907455]","[0.4652777777777778, 0.4236111111111111, 0.4166666666666667, 0.4166666666666667, 0.3888888888888889, 0.4166666666666667, 0.5, 0.4166666666666667, 0.4583333333333333, 0.4583333333333333]",Models\DecisionTrees\20260816_16\prune.pkl,8.0,"[0.7771836007130125, 0.8130671506352087, 0.7977941176470589, 0.7714285714285715, 0.7885304659498208, 0.7970749542961609, 0.7984189723320159, 0.8104089219330854, 0.8326848249027238, 0.8153846153846154]","[67.78350515463917, 73.4536082474227, 71.72236503856041, 67.09511568123393, 69.66580976863753, 71.46529562982005, 73.7789203084833, 73.7789203084833, 77.89203084832906, 75.32133676092545]","[0.662613981762918, 0.7111111111111111, 0.6955128205128205, 0.6486486486486487, 0.6707317073170732, 0.692063492063492, 0.7318840579710145, 0.7194719471947195, 0.7535211267605634, 0.7285223367697594]","[218, 224, 217, 216, 220, 218, 202, 218, 214, 212]","[45, 61, 62, 45, 51, 60, 85, 69, 89, 81]","[111, 91, 95, 117, 108, 97, 74, 85, 70, 79]","[14, 12, 15, 11, 10, 14, 28, 17, 16, 17]",0.2210796915167095,77.89203084832906,0.8326848249027238,0.7535211267605634,214.0,89.0,70.0,16.0,"[0.6699507389162561, 0.6473988439306358, 0.6808510638297872, 0.6808510638297872, 0.7083333333333334, 0.6808510638297872, 0.52, 0.6808510638297872, 0.6373626373626373, 0.6373626373626373]","[53.47222222222222, 57.638888888888886, 58.333333333333336, 58.333333333333336, 61.111111111111114, 58.333333333333336, 50.0, 58.333333333333336, 54.166666666666664, 54.166666666666664]","[0.6238532110091743, 0.7088607594936709, 0.6808510638297872, 0.6808510638297872, 0.6938775510204082, 0.6808510638297872, 0.6964285714285714, 0.6808510638297872, 0.6590909090909091, 0.6590909090909091]","[68, 56, 64, 64, 68, 64, 39, 64, 58, 58]","[9, 27, 20, 20, 20, 20, 33, 20, 20, 20]","[41, 23, 30, 30, 30, 30, 17, 30, 30, 30]","[26, 38, 30, 30, 26, 30, 55, 30, 36, 36]",0.4583333333333333,54.166666666666664,0.6373626373626373,0.6590909090909091,58.0,20.0,30.0,36.0
Decision tree,weight normalisation,"[0.25773195876288657, 0.2706185567010309, 0.2493573264781491, 0.2596401028277635, 0.2802056555269923, 0.2544987146529563, 0.2647814910025707, 0.2570694087403599, 0.2544987146529563, 0.27249357326478146]","[0.4583333333333333, 0.4166666666666667, 0.5069444444444444, 0.48263888888888884, 0.4930555555555556, 0.4513888888888889, 0.4791666666666667, 0.4583333333333333, 0.4583333333333333, 0.4270833333333333]",Models\DecisionTrees\20260816_16\weight_normalisation.pkl,0.0,"[0.8098859315589354, 0.7895791583166333, 0.7922912205567452, 0.7645687645687645, 0.7665952890792291, 0.7804878048780488, 0.7867494824016563, 0.806949806949807, 0.7765237020316027, 0.7601809954751131]","[74.22680412371135, 72.9381443298969, 75.06426735218508, 63.239074550128535, 71.97943444730078, 69.66580976863753, 73.52185089974293, 74.293059125964, 74.55012853470437, 65.55269922879178]","[0.7344827586206897, 0.7269372693726938, 0.7905982905982906, 0.8282828282828283, 0.7682403433476395, 0.822429906542056, 0.7569721115537849, 0.7307692307692307, 0.8113207547169812, 0.7850467289719626]","[213, 197, 185, 164, 179, 176, 190, 209, 172, 168]","[75, 86, 107, 124, 101, 114, 96, 80, 118, 115]","[77, 74, 49, 34, 54, 38, 61, 77, 40, 46]","[23, 31, 48, 67, 55, 61, 42, 23, 59, 60]",0.25773195876288657,74.22680412371135,0.8098859315589354,0.7344827586206897,213.0,75.0,77.0,23.0,"[0.6413043478260869, 0.7142857142857143, 0.5034013605442177, 0.5521472392638037, 0.5534591194968553, 0.5070422535211268, 0.6270270270270271, 0.6666666666666666, 0.6597938144329897, 0.68]","[54.166666666666664, 58.333333333333336, 49.30555555555556, 44.44444444444444, 50.69444444444444, 42.36111111111111, 52.083333333333336, 54.166666666666664, 54.166666666666664, 53.47222222222222]","[0.6704545454545454, 0.6578947368421053, 0.7254901960784313, 0.6716417910447762, 0.6984126984126984, 0.782608695652174, 0.651685393258427, 0.6470588235294118, 0.6530612244897959, 0.6538461538461539]","[59, 75, 37, 45, 44, 36, 58, 66, 64, 68]","[19, 9, 34, 26, 29, 38, 17, 12, 14, 12]","[29, 39, 14, 22, 19, 10, 31, 36, 34, 36]","[37, 21, 59, 51, 52, 60, 38, 30, 32, 28]",0.4583333333333333,54.166666666666664,0.6413043478260869,0.6704545454545454,59.0,19.0,29.0,37.0
Decision tree,weight decay,"[0.211340206185567, 0.21391752577319587, 0.2236503856041131, 0.20822622107969152, 0.21079691516709512, 0.20565552699228792, 0.2262210796915167, 0.2185089974293059, 0.20565552699228792, 0.20565552699228792]","[0.4652777777777778, 0.4791666666666667, 0.3402777777777778, 0.4722222222222222, 0.4791666666666667, 0.4722222222222222, 0.4791666666666667, 0.4791666666666667, 0.4722222222222222, 0.4166666666666667]",Models\DecisionTrees\20260816_16\weight_decay.pkl,8.0,"[0.8614864864864865, 0.8605042016806723, 0.8542713567839196, 0.8620102214650767, 0.8619528619528619, 0.863481228668942, 0.8508474576271187, 0.8551959114139693, 0.8648648648648649, 0.864406779661017]","[78.8659793814433, 78.6082474226804, 77.6349614395887, 79.17737789203085, 78.9203084832905, 79.43444730077121, 77.37789203084833, 78.1491002570694, 79.43444730077121, 79.43444730077121]","[0.7657657657657657, 0.7619047619047619, 0.7589285714285714, 0.7689969604863222, 0.764179104477612, 0.7713414634146342, 0.7492537313432835, 0.7537537537537538, 0.7734138972809668, 0.770392749244713]","[255, 256, 255, 253, 256, 253, 251, 251, 256, 255]","[51, 49, 47, 55, 51, 56, 50, 53, 53, 54]","[78, 80, 81, 76, 79, 75, 84, 82, 75, 76]","[4, 3, 6, 5, 3, 5, 4, 3, 5, 4]",0.20565552699228792,79.43444730077121,0.8648648648648649,0.7734138972809668,256.0,53.0,75.0,5.0,"[0.6528497409326425, 0.6461538461538462, 0.7841409691629956, 0.6494845360824743, 0.6461538461538462, 0.6494845360824743, 0.6461538461538462, 0.6461538461538462, 0.6494845360824743, 0.6907216494845361]","[53.47222222222222, 52.083333333333336, 65.97222222222221, 52.77777777777778, 52.083333333333336, 52.77777777777778, 52.083333333333336, 52.083333333333336, 52.77777777777778, 58.333333333333336]","[0.63, 0.6176470588235294, 0.664179104477612, 0.6237623762376238, 0.6176470588235294, 0.6237623762376238, 0.6176470588235294, 0.6176470588235294, 0.6237623762376238, 0.6633663366336634]","[63, 63, 89, 63, 63, 63, 63, 63, 63, 67]","[14, 12, 6, 13, 12, 13, 12, 12, 13, 17]","[37, 39, 45, 38, 39, 38, 39, 39, 38, 34]","[30, 30, 4, 30, 30, 30, 30, 30, 30, 26]",0.4722222222222222,52.77777777777778,0.6494845360824743,0.6237623762376238,63.0,13.0,38.0,30.0
Decision tree,weight perturbation,"[0.22938144329896906, 0.21649484536082475, 0.2390745501285347, 0.2416452442159383, 0.23393316195372751, 0.22879177377892032, 0.23393316195372751, 0.2442159383033419, 0.2185089974293059, 0.2262210796915167]","[0.4722222222222222, 0.4375, 0.4652777777777778, 0.5416666666666667, 0.5590277777777778, 0.46875, 0.53125, 0.4305555555555556, 0.375, 0.4861111111111111]",Models\DecisionTrees\20260816_16\weight_perturbation.pkl,8.0,"[0.7478753541076487, 0.732484076433121, 0.7190332326283988, 0.718562874251497, 0.736231884057971, 0.72782874617737, 0.6996699669966997, 0.7112462006079028, 0.7803617571059431, 0.751412429378531]","[77.0618556701031, 78.35051546391753, 76.09254498714652, 70.95115681233933, 74.293059125964, 71.72236503856041, 71.97943444730078, 73.00771208226222, 78.1491002570694, 77.37789203084833]","[0.717391304347826, 0.7931034482758621, 0.7677419354838709, 0.7643312101910829, 0.7383720930232558, 0.7933333333333333, 0.8091603053435115, 0.75, 0.7259615384615384, 0.7307692307692307]","[132, 115, 119, 120, 127, 119, 106, 117, 151, 133]","[167, 189, 177, 175, 171, 181, 192, 177, 153, 168]","[52, 30, 36, 37, 45, 31, 25, 39, 57, 49]","[37, 54, 57, 57, 46, 58, 66, 56, 28, 39]",0.2185089974293059,78.1491002570694,0.7803617571059431,0.7259615384615384,151.0,153.0,57.0,28.0,"[0.2765957446808511, 0.5333333333333333, 0.5179856115107914, 0.31932773109243695, 0.3333333333333333, 0.47761194029850745, 0.31932773109243695, 0.4878048780487805, 0.6086956521739131, 0.4262295081967213]","[52.77777777777778, 56.25, 53.47222222222222, 40.97222222222222, 43.75, 50.69444444444444, 38.88888888888889, 52.083333333333336, 62.5, 51.388888888888886]","[0.4642857142857143, 0.5217391304347826, 0.4931506849315068, 0.3584905660377358, 0.37037037037037035, 0.47058823529411764, 0.3584905660377358, 0.5263157894736842, 0.5833333333333334, 0.4642857142857143]","[13, 36, 36, 19, 20, 32, 19, 30, 42, 26]","[63, 45, 41, 44, 44, 42, 44, 51, 48, 48]","[15, 33, 37, 34, 34, 36, 34, 27, 30, 30]","[53, 30, 30, 47, 46, 34, 47, 36, 24, 40]",0.375,62.5,0.6086956521739131,0.5833333333333334,42.0,48.0,30.0,24.0
KNN,baseline,"[0.0, 0.0, 0.0, 0.0, 0.0, 0.0, 0.0, 0.0, 0.0, 0.0]","[0.5625, 0.5069444444444444, 0.5277777777777778, 0.5277777777777778, 0.5, 0.5069444444444444, 0.5347222222222222, 0.5, 0.4652777777777778, 0.4930555555555556]",Models\KNN\20260816_16\baseline.pkl,0.0,"[1.0, 1.0, 1.0, 1.0, 1.0, 1.0, 1.0, 1.0, 1.0, 1.0]","[100.0, 100.0, 100.0, 100.0, 100.0, 100.0, 100.0, 100.0, 100.0, 100.0]","[1.0, 1.0, 1.0, 1.0, 1.0, 1.0, 1.0, 1.0, 1.0, 1.0]","[169, 164, 171, 169, 171, 168, 165, 168, 167, 162]","[219, 224, 218, 220, 218, 221, 224, 221, 222, 227]","[0, 0, 0, 0, 0, 0, 0, 0, 0, 0]","[0, 0, 0, 0, 0, 0, 0, 0, 0, 0]",0.0,100.0,1.0,1.0,169.0,219.0,0.0,0.0,"[0.4413793103448276, 0.4748201438848921, 0.4794520547945205, 0.5128205128205128, 0.52, 0.5034013605442177, 0.48322147651006714, 0.4857142857142857, 0.5503355704697986, 0.5103448275862069]","[43.75, 49.30555555555556, 47.22222222222222, 47.22222222222222, 50.0, 49.30555555555556, 46.52777777777778, 50.0, 53.47222222222222, 50.69444444444444]","[0.4155844155844156, 0.4647887323943662, 0.44871794871794873, 0.45454545454545453, 0.47560975609756095, 0.46835443037974683, 0.4444444444444444, 0.4722222222222222, 0.5061728395061729, 0.4805194805194805]","[32, 33, 35, 40, 39, 37, 36, 34, 41, 37]","[31, 38, 33, 28, 33, 34, 31, 38, 36, 36]","[45, 38, 43, 48, 43, 42, 45, 38, 40, 40]","[36, 35, 33, 28, 29, 31, 32, 34, 27, 31]",0.5625,43.75,0.4413793103448276,0.4155844155844156,32.0,31.0,45.0,36.0
KNN,batch normalisation,"[0.0, 0.0, 0.0, 0.0, 0.0, 0.0, 0.0, 0.0, 0.0, 0.0]","[0.4305555555555556, 0.4305555555555556, 0.4375, 0.4444444444444444, 0.4930555555555556, 0.4513888888888889, 0.4652777777777778, 0.4652777777777778, 0.4444444444444444, 0.4305555555555556]",Models\KNN\20260816_16\batch_normalisation.pkl,0.0,"[1.0, 1.0, 1.0, 1.0, 1.0, 1.0, 1.0, 1.0, 1.0, 1.0]","[100.0, 100.0, 100.0, 100.0, 100.0, 100.0, 100.0, 100.0, 100.0, 100.0]","[1.0, 1.0, 1.0, 1.0, 1.0, 1.0, 1.0, 1.0, 1.0, 1.0]","[145, 145, 142, 143, 137, 144, 143, 136, 146, 141]","[243, 243, 247, 246, 252, 245, 246, 253, 243, 248]","[0, 0, 0, 0, 0, 0, 0, 0, 0, 0]","[0, 0, 0, 0, 0, 0, 0, 0, 0, 0]",0.0,100.0,1.0,1.0,145.0,243.0,0.0,0.0,"[0.5441176470588235, 0.5303030303030303, 0.5263157894736842, 0.5223880597014925, 0.49645390070921985, 0.5185185185185185, 0.49624060150375937, 0.524822695035461, 0.5428571428571428, 0.5079365079365079]","[56.94444444444444, 56.94444444444444, 56.25, 55.55555555555556, 50.69444444444444, 54.861111111111114, 53.47222222222222, 53.47222222222222, 55.55555555555556, 56.94444444444444]","[0.4625, 0.4605263157894737, 0.45454545454545453, 0.44871794871794873, 0.4117647058823529, 0.4430379746835443, 0.42857142857142855, 0.43529411764705883, 0.4523809523809524, 0.45714285714285713]","[37, 35, 35, 35, 35, 35, 33, 37, 38, 32]","[45, 47, 46, 45, 38, 44, 44, 40, 42, 50]","[43, 41, 42, 43, 50, 44, 44, 48, 46, 38]","[19, 21, 21, 21, 21, 21, 23, 19, 18, 24]",0.4305555555555556,56.94444444444444,0.5441176470588235,0.4625,37.0,45.0,43.0,19.0
KNN,dropout,"[0.0, 0.0, 0.0, 0.0, 0.0, 0.0, 0.0, 0.0, 0.0, 0.0]","[0.4027777777777778, 0.4513888888888889, 0.4583333333333333, 0.4444444444444444, 0.4513888888888889, 0.5208333333333334, 0.4513888888888889, 0.4791666666666667, 0.4166666666666667, 0.4375]",Models\KNN\20260816_16\dropout.pkl,0.0,"[1.0, 1.0, 1.0, 1.0, 1.0, 1.0, 1.0, 1.0, 1.0, 1.0]","[100.0, 100.0, 100.0, 100.0, 100.0, 100.0, 100.0, 100.0, 100.0, 100.0]","[1.0, 1.0, 1.0, 1.0, 1.0, 1.0, 1.0, 1.0, 1.0, 1.0]","[158, 153, 149, 146, 153, 156, 157, 155, 152, 142]","[230, 235, 240, 243, 236, 233, 232, 234, 237, 247]","[0, 0, 0, 0, 0, 0, 0, 0, 0, 0]","[0, 0, 0, 0, 0, 0, 0, 0, 0, 0]",0.0,100.0,1.0,1.0,158.0,230.0,0.0,0.0,"[0.2926829268292683, 0.3010752688172043, 0.3125, 0.37254901960784315, 0.2857142857142857, 0.3119266055045872, 0.3157894736842105, 0.30303030303030304, 0.3333333333333333, 0.29213483146067415]","[59.72222222222222, 54.861111111111114, 54.166666666666664, 55.55555555555556, 54.861111111111114, 47.91666666666667, 54.861111111111114, 52.083333333333336, 58.333333333333336, 56.25]","[0.2553191489361702, 0.2413793103448276, 0.2459016393442623, 0.2835820895522388, 0.23214285714285715, 0.22972972972972974, 0.25, 0.234375, 0.2727272727272727, 0.24074074074074073]","[12, 14, 15, 19, 13, 17, 15, 15, 15, 13]","[74, 65, 63, 61, 66, 52, 64, 60, 69, 68]","[35, 44, 46, 48, 43, 57, 45, 49, 40, 41]","[23, 21, 20, 16, 22, 18, 20, 20, 20, 22]",0.4027777777777778,59.72222222222222,0.2926829268292683,0.2553191489361702,12.0,74.0,35.0,23.0
KNN,layer normalisation,"[0.0, 0.0, 0.0, 0.0, 0.0, 0.0, 0.0, 0.0, 0.0, 0.0]","[0.5138888888888888, 0.5, 0.5277777777777778, 0.4930555555555556, 0.5, 0.5347222222222222, 0.5208333333333334, 0.5138888888888888, 0.5208333333333334, 0.5277777777777778]",Models\KNN\20260816_16\layer_normalisation.pkl,0.0,"[1.0, 1.0, 1.0, 1.0, 1.0, 1.0, 1.0, 1.0, 1.0, 1.0]","[100.0, 100.0, 100.0, 100.0, 100.0, 100.0, 100.0, 100.0, 100.0, 100.0]","[1.0, 1.0, 1.0, 1.0, 1.0, 1.0, 1.0, 1.0, 1.0, 1.0]","[199, 191, 190, 193, 189, 196, 191, 188, 188, 192]","[189, 197, 199, 196, 200, 193, 198, 201, 201, 197]","[0, 0, 0, 0, 0, 0, 0, 0, 0, 0]","[0, 0, 0, 0, 0, 0, 0, 0, 0, 0]",0.0,100.0,1.0,1.0,199.0,189.0,0.0,0.0,"[0.4861111111111111, 0.49295774647887325, 0.42424242424242425, 0.46616541353383456, 0.4461538461538462, 0.45390070921985815, 0.460431654676259, 0.45588235294117646, 0.43609022556390975, 0.4647887323943662]","[48.61111111111111, 50.0, 47.22222222222222, 50.69444444444444, 50.0, 46.52777777777778, 47.91666666666667, 48.61111111111111, 47.91666666666667, 47.22222222222222]","[0.4117647058823529, 0.42168674698795183, 0.3835616438356164, 0.4189189189189189, 0.4084507042253521, 0.3902439024390244, 0.4, 0.4025974025974026, 0.3918918918918919, 0.39759036144578314]","[35, 35, 28, 31, 29, 32, 32, 31, 29, 33]","[35, 37, 40, 42, 43, 35, 37, 39, 40, 35]","[50, 48, 45, 43, 42, 50, 48, 46, 45, 50]","[24, 24, 31, 28, 30, 27, 27, 28, 30, 26]",0.5138888888888888,48.61111111111111,0.4861111111111111,0.4117647058823529,35.0,35.0,50.0,24.0
KNN,prune,"[0.0, 0.0, 0.0, 0.0, 0.0, 0.0, 0.0, 0.0, 0.0, 0.0]","[0.53125, 0.5104166666666667, 0.5416666666666667, 0.4965277777777778, 0.53125, 0.53125, 0.5416666666666667, 0.5208333333333333, 0.53125, 0.53125]",Models\KNN\20260816_16\prune.pkl,0.0,"[1.0, 1.0, 1.0, 1.0, 1.0, 1.0, 1.0, 1.0, 1.0, 1.0]","[100.0, 100.0, 100.0, 100.0, 100.0, 100.0, 100.0, 100.0, 100.0, 100.0]","[1.0, 1.0, 1.0, 1.0, 1.0, 1.0, 1.0, 1.0, 1.0, 1.0]","[227, 233, 231, 229, 230, 233, 232, 234, 234, 230]","[161, 155, 158, 160, 159, 156, 157, 155, 155, 159]","[0, 0, 0, 0, 0, 0, 0, 0, 0, 0]","[0, 0, 0, 0, 0, 0, 0, 0, 0, 0]",0.0,100.0,1.0,1.0,227.0,161.0,0.0,0.0,"[0.5098039215686274, 0.5443037974683544, 0.5064935064935064, 0.5384615384615384, 0.5256410256410257, 0.5157232704402516, 0.5095541401273885, 0.535031847133758, 0.49333333333333335, 0.4900662251655629]","[43.05555555555556, 45.83333333333333, 42.36111111111111, 45.83333333333333, 43.75, 43.05555555555556, 42.36111111111111, 43.75, 43.05555555555556, 43.75]","[0.6610169491525424, 0.671875, 0.65, 0.6774193548387096, 0.6612903225806451, 0.6307692307692307, 0.6349206349206349, 0.6666666666666666, 0.6607142857142857, 0.6491228070175439]","[39, 43, 39, 42, 41, 41, 40, 42, 37, 37]","[30, 29, 29, 30, 29, 26, 27, 29, 31, 30]","[20, 21, 21, 20, 21, 24, 23, 21, 19, 20]","[55, 51, 55, 52, 53, 53, 54, 52, 57, 57]",0.53125,43.05555555555556,0.5098039215686274,0.6610169491525424,39.0,30.0,20.0,55.0
KNN,weight normalisation,"[0.0, 0.0, 0.0, 0.0, 0.0, 0.0, 0.0, 0.0, 0.0, 0.0]","[0.3194444444444444, 0.3402777777777778, 0.3611111111111111, 0.3541666666666667, 0.3541666666666667, 0.3333333333333333, 0.3402777777777778, 0.3472222222222222, 0.3472222222222222, 0.3611111111111111]",Models\KNN\20260816_16\weight_normalisation.pkl,0.0,"[1.0, 1.0, 1.0, 1.0, 1.0, 1.0, 1.0, 1.0, 1.0, 1.0]","[100.0, 100.0, 100.0, 100.0, 100.0, 100.0, 100.0, 100.0, 100.0, 100.0]","[1.0, 1.0, 1.0, 1.0, 1.0, 1.0, 1.0, 1.0, 1.0, 1.0]","[228, 225, 238, 233, 238, 235, 232, 232, 234, 227]","[160, 163, 151, 156, 151, 154, 157, 157, 155, 162]","[0, 0, 0, 0, 0, 0, 0, 0, 0, 0]","[0, 0, 0, 0, 0, 0, 0, 0, 0, 0]",0.0,100.0,1.0,1.0,228.0,160.0,0.0,0.0,"[0.77, 0.751269035532995, 0.7570093457943925, 0.7536231884057971, 0.7559808612440191, 0.7525773195876289, 0.7632850241545893, 0.7641509433962265, 0.7572815533980582, 0.7475728155339806]","[68.05555555555556, 65.97222222222221, 63.888888888888886, 64.58333333333334, 64.58333333333334, 66.66666666666666, 65.97222222222221, 65.27777777777779, 65.27777777777779, 63.888888888888886]","[0.7403846153846154, 0.7326732673267327, 0.6864406779661016, 0.7027027027027027, 0.6991150442477876, 0.7448979591836735, 0.7117117117117117, 0.6982758620689655, 0.7090909090909091, 0.7]","[77, 74, 81, 78, 79, 73, 79, 81, 78, 77]","[21, 21, 11, 15, 14, 23, 16, 13, 16, 15]","[27, 27, 37, 33, 34, 25, 32, 35, 32, 33]","[19, 22, 15, 18, 17, 23, 17, 15, 18, 19]",0.3194444444444444,68.05555555555556,0.77,0.7403846153846154,77.0,21.0,27.0,19.0
KNN,weight decay,"[0.0, 0.0, 0.0, 0.0, 0.0, 0.0, 0.0, 0.0, 0.0, 0.0]","[0.5625, 0.5833333333333334, 0.5138888888888888, 0.5486111111111112, 0.5347222222222222, 0.5763888888888888, 0.5763888888888888, 0.5347222222222222, 0.5833333333333334, 0.5763888888888888]",Models\KNN\20260816_16\weight_decay.pkl,0.0,"[1.0, 1.0, 1.0, 1.0, 1.0, 1.0, 1.0, 1.0, 1.0, 1.0]","[100.0, 100.0, 100.0, 100.0, 100.0, 100.0, 100.0, 100.0, 100.0, 100.0]","[1.0, 1.0, 1.0, 1.0, 1.0, 1.0, 1.0, 1.0, 1.0, 1.0]","[254, 258, 261, 255, 262, 258, 257, 263, 260, 255]","[134, 130, 128, 134, 127, 131, 132, 126, 129, 134]","[0, 0, 0, 0, 0, 0, 0, 0, 0, 0]","[0, 0, 0, 0, 0, 0, 0, 0, 0, 0]",0.0,100.0,1.0,1.0,254.0,134.0,0.0,0.0,"[0.5371428571428571, 0.5172413793103449, 0.6063829787234043, 0.5586592178770949, 0.574585635359116, 0.5257142857142857, 0.5257142857142857, 0.5698324022346368, 0.5172413793103449, 0.5202312138728323]","[43.75, 41.66666666666667, 48.61111111111111, 45.13888888888889, 46.52777777777778, 42.36111111111111, 42.36111111111111, 46.52777777777778, 41.66666666666667, 42.36111111111111]","[0.573170731707317, 0.5555555555555556, 0.6, 0.5813953488372093, 0.5909090909090909, 0.5609756097560976, 0.5609756097560976, 0.5930232558139535, 0.5555555555555556, 0.5625]","[47, 45, 57, 50, 52, 46, 46, 51, 45, 45]","[16, 15, 13, 15, 15, 15, 15, 16, 15, 16]","[35, 36, 38, 36, 36, 36, 36, 35, 36, 35]","[46, 48, 36, 43, 41, 47, 47, 42, 48, 48]",0.5625,43.75,0.5371428571428571,0.573170731707317,47.0,16.0,35.0,46.0
KNN,weight perturbation,"[0.0, 0.0, 0.0, 0.0, 0.0, 0.0, 0.0, 0.0, 0.0, 0.0]","[0.4305555555555556, 0.4305555555555556, 0.4027777777777778, 0.4027777777777778, 0.4236111111111111, 0.4097222222222222, 0.4305555555555556, 0.4027777777777778, 0.3958333333333333, 0.4097222222222222]",Models\KNN\20260816_16\weight_perturbation.pkl,0.0,"[1.0, 1.0, 1.0, 1.0, 1.0, 1.0, 1.0, 1.0, 1.0, 1.0]","[100.0, 100.0, 100.0, 100.0, 100.0, 100.0, 100.0, 100.0, 100.0, 100.0]","[1.0, 1.0, 1.0, 1.0, 1.0, 1.0, 1.0, 1.0, 1.0, 1.0]","[177, 167, 180, 168, 177, 174, 178, 171, 173, 172]","[211, 221, 209, 221, 212, 215, 211, 218, 216, 217]","[0, 0, 0, 0, 0, 0, 0, 0, 0, 0]","[0, 0, 0, 0, 0, 0, 0, 0, 0, 0]",0.0,100.0,1.0,1.0,177.0,211.0,0.0,0.0,"[0.5974025974025974, 0.5507246376811594, 0.6329113924050633, 0.6133333333333333, 0.6064516129032258, 0.6242038216560509, 0.6172839506172839, 0.6027397260273972, 0.6122448979591837, 0.6335403726708074]","[56.94444444444444, 56.94444444444444, 59.72222222222222, 59.72222222222222, 57.638888888888886, 59.02777777777778, 56.94444444444444, 59.72222222222222, 60.416666666666664, 59.02777777777778]","[0.5227272727272727, 0.5277777777777778, 0.5434782608695652, 0.5476190476190477, 0.5280898876404494, 0.5384615384615384, 0.5208333333333334, 0.55, 0.5555555555555556, 0.5368421052631579]","[46, 38, 50, 46, 47, 49, 50, 44, 45, 51]","[36, 44, 36, 40, 36, 36, 32, 42, 42, 34]","[42, 34, 42, 38, 42, 42, 46, 36, 36, 44]","[20, 28, 16, 20, 19, 17, 16, 22, 21, 15]",0.4305555555555556,56.94444444444444,0.5974025974025974,0.5227272727272727,46.0,36.0,42.0,20.0
Neural Network,baseline,"[0.11597938144329897, 0.12628865979381443, 0.11311053984575835, 0.12082262210796915, 0.16452442159383032, 0.08997429305912596, 0.12082262210796915, 0.13881748071979436, 0.14138817480719795, 0.11311053984575835]","[0.4513888888888889, 0.4236111111111111, 0.4444444444444444, 0.3958333333333333, 0.4236111111111111, 0.5625, 0.4375, 0.4513888888888889, 0.4861111111111111, 0.4652777777777778]",Models\NN\20260816_16\baseline.pkl,5.0,"[0.8623853211009175, 0.8571428571428571, 0.872093023255814, 0.8544891640866873, 0.8012422360248447, 0.8979591836734694, 0.8621700879765396, 0.8373493975903614, 0.8387096774193549, 0.8658536585365854]","[88.4020618556701, 87.37113402061856, 88.68894601542416, 87.91773778920309, 83.54755784061697, 91.00257069408741, 87.91773778920309, 86.11825192802056, 85.8611825192802, 88.68894601542416]","[0.8545454545454545, 0.84, 0.847457627118644, 0.8846153846153846, 0.832258064516129, 0.9058823529411765, 0.8497109826589595, 0.8373493975903614, 0.8265895953757225, 0.8875]","[141, 147, 150, 138, 129, 154, 147, 139, 143, 142]","[202, 192, 195, 204, 196, 200, 195, 196, 191, 203]","[24, 28, 27, 18, 26, 16, 26, 27, 30, 18]","[21, 21, 17, 29, 38, 19, 21, 27, 25, 26]",0.08997429305912596,91.00257069408741,0.8979591836734694,0.9058823529411765,154.0,200.0,16.0,19.0,"[0.4036697247706422, 0.47863247863247865, 0.4576271186440678, 0.5128205128205128, 0.49586776859504134, 0.352, 0.4, 0.4036697247706422, 0.38596491228070173, 0.4369747899159664]","[54.861111111111114, 57.638888888888886, 55.55555555555556, 60.416666666666664, 57.638888888888886, 43.75, 56.25, 54.861111111111114, 51.388888888888886, 53.47222222222222]","[0.5365853658536586, 0.5714285714285714, 0.54, 0.6122448979591837, 0.5660377358490566, 0.38596491228070173, 0.5675675675675675, 0.5365853658536586, 0.4782608695652174, 0.5098039215686274]","[22, 28, 27, 30, 30, 22, 21, 22, 22, 26]","[57, 55, 53, 57, 53, 41, 60, 57, 52, 51]","[19, 21, 23, 19, 23, 35, 16, 19, 24, 25]","[46, 40, 41, 38, 38, 46, 47, 46, 46, 42]",0.5625,43.75,0.352,0.38596491228070173,22.0,41.0,35.0,46.0
Neural Network,batch normalisation,"[0.06443298969072164, 0.11855670103092783, 0.09511568123393316, 0.09254498714652956, 0.07969151670951156, 0.10282776349614396, 0.10025706940874037, 0.08740359897172237, 0.07712082262210797, 0.10539845758354756]","[0.3680555555555556, 0.3888888888888889, 0.3680555555555556, 0.4375, 0.3888888888888889, 0.3888888888888889, 0.4513888888888889, 0.3888888888888889, 0.4791666666666667, 0.3611111111111111]",Models\NN\20260816_16\batch_normalisation.pkl,0.0,"[0.9049429657794676, 0.8257575757575758, 0.8673835125448028, 0.8676470588235294, 0.8904593639575972, 0.8540145985401459, 0.8753993610223643, 0.8702290076335878, 0.8943661971830986, 0.8530465949820788]","[93.55670103092784, 88.14432989690721, 90.48843187660668, 90.74550128534705, 92.03084832904884, 89.7172236503856, 89.97429305912597, 91.25964010282776, 92.2879177377892, 89.46015424164524]","[0.952, 0.8861788617886179, 0.8962962962962963, 0.9007633587786259, 0.9, 0.9, 0.8353658536585366, 0.9047619047619048, 0.900709219858156, 0.875]","[119, 109, 121, 118, 126, 117, 137, 114, 127, 119]","[244, 233, 231, 235, 232, 232, 213, 241, 232, 229]","[6, 14, 14, 13, 14, 13, 27, 12, 14, 17]","[19, 32, 23, 23, 17, 27, 12, 22, 16, 24]",0.06443298969072164,93.55670103092784,0.9049429657794676,0.952,119.0,244.0,6.0,19.0,"[0.43010752688172044, 0.2631578947368421, 0.4421052631578947, 0.18181818181818182, 0.24324324324324326, 0.17647058823529413, 0.21686746987951808, 0.2222222222222222, 0.18823529411764706, 0.4222222222222222]","[63.19444444444444, 61.111111111111114, 63.19444444444444, 56.25, 61.111111111111114, 61.111111111111114, 54.861111111111114, 61.111111111111114, 52.083333333333336, 63.888888888888886]","[0.5405405405405406, 0.5, 0.5384615384615384, 0.3333333333333333, 0.5, 0.5, 0.3333333333333333, 0.5, 0.27586206896551724, 0.5588235294117647]","[20, 10, 21, 7, 9, 6, 9, 8, 8, 19]","[71, 78, 70, 74, 79, 82, 70, 80, 67, 73]","[17, 10, 18, 14, 9, 6, 18, 8, 21, 15]","[36, 46, 35, 49, 47, 50, 47, 48, 48, 37]",0.3680555555555556,63.19444444444444,0.43010752688172044,0.5405405405405406,20.0,71.0,17.0,36.0
Neural Network,dropout,"[0.2551546391752577, 0.24484536082474226, 0.18251928020565553, 0.14138817480719795, 0.609254498714653, 0.13624678663239073, 0.14395886889460155, 0.17994858611825193, 0.12853470437017994, 0.16452442159383032]","[0.5555555555555556, 0.3472222222222222, 0.3819444444444444, 0.5138888888888888, 0.7638888888888888, 0.4305555555555556, 0.5277777777777778, 0.5833333333333334, 0.5486111111111112, 0.4930555555555556]",Models\NN\20260816_16\dropout.pkl,5.0,"[0.6754098360655738, 0.6441947565543071, 0.7687296416938111, 0.8184818481848185, 0.5619223659889094, 0.8273615635179153, 0.8238993710691824, 0.7635135135135135, 0.8201438848920863, 0.785234899328859]","[74.48453608247422, 75.51546391752578, 81.74807197943444, 85.8611825192802, 39.0745501285347, 86.37532133676092, 85.60411311053984, 82.0051413881748, 87.146529562982, 83.54755784061697]","[0.6688311688311688, 0.7678571428571429, 0.7763157894736842, 0.8157894736842105, 0.390745501285347, 0.8355263157894737, 0.7891566265060241, 0.7902097902097902, 0.890625, 0.7748344370860927]","[103, 86, 118, 124, 152, 127, 131, 113, 114, 117]","[186, 207, 200, 210, 0, 209, 202, 206, 225, 208]","[51, 26, 34, 28, 237, 25, 35, 30, 14, 34]","[48, 69, 37, 27, 0, 28, 21, 40, 36, 30]",0.13624678663239073,86.37532133676092,0.8273615635179153,0.8355263157894737,127.0,209.0,25.0,28.0,"[0.42028985507246375, 0.13793103448275862, 0.40860215053763443, 0.28846153846153844, 0.38202247191011235, 0.3673469387755102, 0.3333333333333333, 0.20754716981132076, 0.2616822429906542, 0.3106796116504854]","[44.44444444444444, 65.27777777777779, 61.80555555555556, 48.61111111111111, 23.61111111111111, 56.94444444444444, 47.22222222222222, 41.66666666666667, 45.13888888888889, 50.69444444444444]","[0.2815533980582524, 0.17391304347826086, 0.3275862068965517, 0.21739130434782608, 0.23776223776223776, 0.2857142857142857, 0.24050632911392406, 0.15492957746478872, 0.19444444444444445, 0.23529411764705882]","[29, 4, 19, 15, 34, 18, 19, 11, 14, 16]","[35, 90, 70, 55, 0, 64, 49, 49, 51, 57]","[74, 19, 39, 54, 109, 45, 60, 60, 58, 52]","[6, 31, 16, 20, 1, 17, 16, 24, 21, 19]",0.4305555555555556,56.94444444444444,0.3673469387755102,0.2857142857142857,18.0,64.0,45.0,17.0
Neural Network,layer normalisation,"[0.13144329896907217, 0.10824742268041238, 0.10025706940874037, 0.11053984575835475, 0.08226221079691516, 0.08997429305912596, 0.13367609254498714, 0.19794344473007713, 0.11568123393316196, 0.10282776349614396]","[0.4305555555555556, 0.3541666666666667, 0.3541666666666667, 0.4027777777777778, 0.3888888888888889, 0.2638888888888889, 0.4097222222222222, 0.3055555555555556, 0.4375, 0.3611111111111111]",Models\NN\20260816_16\layer_normalisation.pkl,4.0,"[0.8495575221238938, 0.8864864864864865, 0.8931506849315068, 0.873900293255132, 0.9135135135135135, 0.9086161879895561, 0.8645833333333334, 0.8213457076566125, 0.8732394366197183, 0.8941798941798942]","[86.85567010309279, 89.17525773195877, 89.97429305912597, 88.94601542416453, 91.77377892030847, 91.00257069408741, 86.63239074550128, 80.20565552699229, 88.4318766066838, 89.7172236503856]","[0.9473684210526315, 0.9265536723163842, 0.9760479041916168, 0.9867549668874173, 0.9548022598870056, 0.90625, 0.8601036269430051, 0.7375, 0.9451219512195121, 0.9086021505376344]","[144, 164, 163, 149, 169, 174, 166, 177, 155, 169]","[193, 182, 187, 197, 188, 180, 171, 135, 189, 180]","[8, 13, 4, 2, 8, 18, 27, 63, 9, 17]","[43, 29, 35, 41, 24, 17, 25, 14, 36, 23]",0.08226221079691516,91.77377892030847,0.9135135135135135,0.9548022598870056,169.0,188.0,8.0,24.0,"[0.20512820512820512, 0.5853658536585366, 0.33766233766233766, 0.21621621621621623, 0.28205128205128205, 0.5581395348837209, 0.46846846846846846, 0.7027027027027027, 0.24096385542168675, 0.5272727272727272]","[56.94444444444444, 64.58333333333334, 64.58333333333334, 59.72222222222222, 61.111111111111114, 73.61111111111111, 59.02777777777778, 69.44444444444444, 56.25, 63.888888888888886]","[0.42105263157894735, 0.5625, 0.7222222222222222, 0.5333333333333333, 0.5789473684210527, 0.8888888888888888, 0.5, 0.5842696629213483, 0.4166666666666667, 0.5686274509803921]","[8, 36, 13, 8, 11, 24, 26, 52, 10, 29]","[74, 57, 80, 78, 77, 82, 59, 48, 71, 63]","[11, 28, 5, 7, 8, 3, 26, 37, 14, 22]","[51, 23, 46, 51, 48, 35, 33, 7, 49, 30]",0.3888888888888889,61.111111111111114,0.28205128205128205,0.5789473684210527,11.0,77.0,8.0,48.0
Neural Network,prune,"[0.40463917525773196, 0.34536082474226804, 0.4138817480719794, 0.6015424164524421, 0.6041131105398457, 0.5938303341902313, 0.596401028277635, 0.40102827763496146, 0.5809768637532133, 0.4087403598971722]","[0.3472222222222222, 0.4166666666666667, 0.3472222222222222, 0.6527777777777778, 0.6527777777777778, 0.6527777777777778, 0.6527777777777778, 0.3472222222222222, 0.6527777777777778, 0.3472222222222222]",Models\NN\20260816_16\prune.pkl,7.0,"[0.7463651050080775, 0.7184873949579832, 0.7390599675850892, 0.0, 0.0, 0.0, 0.0, 0.7491961414790996, 0.0, 0.7431340872374798]","[59.5360824742268, 65.4639175257732, 58.61182519280206, 39.84575835475578, 39.588688946015424, 40.616966580976865, 40.3598971722365, 59.89717223650386, 41.90231362467866, 59.12596401028277]","[0.595360824742268, 0.7037037037037037, 0.5861182519280206, 0.0, 0.0, 0.0, 0.0, 0.5989717223650386, 0.0, 0.5912596401028277]","[231, 171, 228, 0, 0, 0, 0, 233, 0, 230]","[0, 83, 0, 155, 154, 158, 157, 0, 163, 0]","[157, 72, 161, 0, 0, 0, 0, 156, 0, 159]","[0, 62, 0, 234, 235, 231, 232, 0, 226, 0]",0.40102827763496146,59.89717223650386,0.7491961414790996,0.5989717223650386,233.0,0.0,156.0,0.0,"[0.7899159663865546, 0.6739130434782609, 0.7899159663865546, 0.0, 0.0, 0.0, 0.0, 0.7899159663865546, 0.0, 0.7899159663865546]","[65.27777777777779, 58.333333333333336, 65.27777777777779, 34.72222222222222, 34.72222222222222, 34.72222222222222, 34.72222222222222, 65.27777777777779, 34.72222222222222, 65.27777777777779]","[0.6527777777777778, 0.6888888888888889, 0.6527777777777778, 0.0, 0.0, 0.0, 0.0, 0.6527777777777778, 0.0, 0.6527777777777778]","[94, 62, 94, 0, 0, 0, 0, 94, 0, 94]","[0, 22, 0, 50, 50, 50, 50, 0, 50, 0]","[50, 28, 50, 0, 0, 0, 0, 50, 0, 50]","[0, 32, 0, 94, 94, 94, 94, 0, 94, 0]",0.3472222222222222,65.27777777777779,0.7899159663865546,0.6527777777777778,94.0,0.0,50.0,0.0
Neural Network,weight normalisation,"[0.12371134020618557, 0.15463917525773196, 0.12339331619537275, 0.13367609254498714, 0.12082262210796915, 0.11825192802056556, 0.08740359897172237, 0.14652956298200515, 0.12596401028277635, 0.16966580976863754]","[0.4791666666666667, 0.3541666666666667, 0.375, 0.3819444444444444, 0.3472222222222222, 0.4097222222222222, 0.2847222222222222, 0.3263888888888889, 0.375, 0.2847222222222222]",Models\NN\20260816_16\weight_normalisation.pkl,6.0,"[0.9024390243902439, 0.8804780876494024, 0.902834008097166, 0.8921161825726142, 0.9010526315789473, 0.9012875536480687, 0.9297520661157025, 0.8779443254817987, 0.8993839835728953, 0.8552631578947368]","[87.62886597938144, 84.5360824742268, 87.66066838046272, 86.63239074550128, 87.91773778920309, 88.17480719794345, 91.25964010282776, 85.34704370179949, 87.40359897172236, 83.03341902313625]","[0.8604651162790697, 0.8246268656716418, 0.8446969696969697, 0.86, 0.8699186991869918, 0.8974358974358975, 0.896414342629482, 0.8913043478260869, 0.8488372093023255, 0.8705357142857143]","[222, 221, 223, 215, 214, 210, 225, 205, 219, 195]","[118, 107, 118, 122, 128, 133, 130, 127, 121, 128]","[36, 47, 41, 35, 32, 24, 26, 25, 39, 29]","[12, 13, 7, 17, 15, 22, 8, 32, 10, 37]",0.08740359897172237,91.25964010282776,0.9297520661157025,0.896414342629482,225.0,130.0,26.0,8.0,"[0.6011560693641619, 0.7671232876712328, 0.7476635514018691, 0.7208121827411168, 0.7252747252747253, 0.6666666666666666, 0.7853403141361257, 0.7513227513227513, 0.7, 0.7657142857142857]","[52.083333333333336, 64.58333333333334, 62.5, 61.80555555555556, 65.27777777777779, 59.02777777777778, 71.52777777777779, 67.36111111111111, 62.5, 71.52777777777779]","[0.6753246753246753, 0.6829268292682927, 0.6779661016949152, 0.7029702970297029, 0.7674418604651163, 0.7283950617283951, 0.7894736842105263, 0.7634408602150538, 0.75, 0.8481012658227848]","[52, 84, 80, 71, 66, 59, 75, 71, 63, 67]","[23, 9, 10, 18, 28, 26, 28, 26, 27, 36]","[25, 39, 38, 30, 20, 22, 20, 22, 21, 12]","[44, 12, 16, 25, 30, 37, 21, 25, 33, 29]",0.2847222222222222,71.52777777777779,0.7853403141361257,0.7894736842105263,75.0,28.0,20.0,21.0
Neural Network,weight decay,"[0.3324742268041237, 0.33762886597938147, 0.34190231362467866, 0.34190231362467866, 0.33676092544987146, 0.33676092544987146, 0.3264781491002571, 0.32390745501285345, 0.33676092544987146, 0.2467866323907455]","[0.3541666666666667, 0.3541666666666667, 0.3541666666666667, 0.3541666666666667, 0.3541666666666667, 0.3541666666666667, 0.3541666666666667, 0.3541666666666667, 0.3541666666666667, 0.4652777777777778]",Models\NN\20260816_16\weight_decay.pkl,9.0,"[0.8006182380216383, 0.7968992248062016, 0.7937984496124031, 0.7937984496124031, 0.7975270479134466, 0.7975270479134466, 0.804915514592934, 0.8067484662576687, 0.7975270479134466, 0.84]","[66.75257731958763, 66.23711340206185, 65.80976863753213, 65.80976863753213, 66.32390745501286, 66.32390745501286, 67.3521850899743, 67.60925449871465, 66.32390745501286, 75.32133676092545]","[0.6675257731958762, 0.6623711340206185, 0.6580976863753213, 0.6580976863753213, 0.6632390745501285, 0.6632390745501285, 0.6735218508997429, 0.6760925449871465, 0.6632390745501285, 0.7325581395348837]","[259, 257, 256, 256, 258, 258, 262, 263, 258, 252]","[0, 0, 0, 0, 0, 0, 0, 0, 0, 41]","[129, 131, 133, 133, 131, 131, 127, 126, 131, 92]","[0, 0, 0, 0, 0, 0, 0, 0, 0, 4]",0.2467866323907455,75.32133676092545,0.84,0.7325581395348837,252.0,41.0,92.0,4.0,"[0.7848101265822784, 0.7848101265822784, 0.7848101265822784, 0.7848101265822784, 0.7848101265822784, 0.7848101265822784, 0.7848101265822784, 0.7848101265822784, 0.7848101265822784, 0.6378378378378379]","[64.58333333333334, 64.58333333333334, 64.58333333333334, 64.58333333333334, 64.58333333333334, 64.58333333333334, 64.58333333333334, 64.58333333333334, 64.58333333333334, 53.47222222222222]","[0.6458333333333334, 0.6458333333333334, 0.6458333333333334, 0.6458333333333334, 0.6458333333333334, 0.6458333333333334, 0.6458333333333334, 0.6458333333333334, 0.6458333333333334, 0.6413043478260869]","[93, 93, 93, 93, 93, 93, 93, 93, 93, 59]","[0, 0, 0, 0, 0, 0, 0, 0, 0, 18]","[51, 51, 51, 51, 51, 51, 51, 51, 51, 33]","[0, 0, 0, 0, 0, 0, 0, 0, 0, 34]",0.4652777777777778,53.47222222222222,0.6378378378378379,0.6413043478260869,59.0,18.0,33.0,34.0
Neural Network,weight perturbation,"[0.32989690721649484, 0.28865979381443296, 0.38046272493573263, 0.3110539845758355, 0.45758354755784064, 0.29562982005141386, 0.4138817480719794, 0.22879177377892032, 0.3059125964010283, 0.3444730077120823]","[0.4444444444444444, 0.5138888888888888, 0.4444444444444444, 0.4861111111111111, 0.4583333333333333, 0.5069444444444444, 0.5972222222222222, 0.4722222222222222, 0.4097222222222222, 0.4166666666666667]",Models\NN\20260816_16\weight_perturbation.pkl,7.0,"[0.6559139784946236, 0.6666666666666666, 0.5487804878048781, 0.6572237960339944, 0.0, 0.6349206349206349, 0.5515320334261838, 0.7492957746478873, 0.5703971119133574, 0.6277777777777778]","[67.0103092783505, 71.1340206185567, 61.95372750642674, 68.89460154241645, 54.24164524421594, 70.4370179948586, 58.61182519280206, 77.12082262210797, 69.40874035989717, 65.55269922879178]","[0.6009852216748769, 0.6956521739130435, 0.5844155844155844, 0.6444444444444445, 0.0, 0.7352941176470589, 0.5294117647058824, 0.7228260869565217, 0.7745098039215687, 0.5978835978835979]","[122, 112, 90, 116, 0, 100, 99, 133, 79, 113]","[138, 164, 151, 152, 211, 174, 129, 167, 191, 142]","[81, 49, 64, 64, 0, 36, 88, 51, 23, 76]","[47, 63, 84, 57, 178, 79, 73, 38, 96, 58]",0.22879177377892032,77.12082262210797,0.7492957746478873,0.7228260869565217,133.0,167.0,51.0,38.0,"[0.5897435897435898, 0.4714285714285714, 0.5076923076923077, 0.39655172413793105, 0.0, 0.1797752808988764, 0.4266666666666667, 0.5526315789473685, 0.528, 0.6739130434782609]","[55.55555555555556, 48.61111111111111, 55.55555555555556, 51.388888888888886, 54.166666666666664, 49.30555555555556, 40.27777777777778, 52.77777777777778, 59.02777777777778, 58.333333333333336]","[0.5111111111111111, 0.44594594594594594, 0.515625, 0.46, 0.0, 0.34782608695652173, 0.38095238095238093, 0.4883720930232558, 0.559322033898305, 0.5254237288135594]","[46, 33, 33, 23, 0, 8, 32, 42, 33, 62]","[34, 37, 47, 51, 78, 63, 26, 34, 52, 22]","[44, 41, 31, 27, 0, 15, 52, 44, 26, 56]","[20, 33, 33, 43, 66, 58, 34, 24, 33, 4]",0.4722222222222222,52.77777777777778,0.5526315789473685,0.4883720930232558,42.0,34.0,44.0,24.0
Random forest,baseline,"[0.16494845360824742, 0.16752577319587628, 0.16195372750642673, 0.17994858611825193, 0.17480719794344474, 0.15167095115681234, 0.16452442159383032, 0.16966580976863754, 0.17737789203084833, 0.16452442159383032]","[0.5347222222222222, 0.4861111111111111, 0.4652777777777778, 0.4583333333333333, 0.4722222222222222, 0.4861111111111111, 0.4861111111111111, 0.5138888888888888, 0.4861111111111111, 0.4444444444444444]",Models\RandomForest\20260816_16\baseline.pkl,5.0,"[0.7880794701986755, 0.7975077881619937, 0.7934426229508197, 0.7741935483870968, 0.7861635220125787, 0.8195718654434251, 0.8012422360248447, 0.7843137254901961, 0.7766990291262136, 0.7961783439490446]","[83.50515463917526, 83.24742268041237, 83.80462724935732, 82.0051413881748, 82.51928020565553, 84.83290488431876, 83.54755784061697, 83.03341902313625, 82.26221079691517, 83.54755784061697]","[0.8880597014925373, 0.847682119205298, 0.852112676056338, 0.8391608391608392, 0.8445945945945946, 0.8589743589743589, 0.821656050955414, 0.8571428571428571, 0.8450704225352113, 0.8503401360544217]","[119, 128, 121, 120, 125, 134, 129, 120, 120, 125]","[205, 195, 205, 199, 196, 196, 196, 203, 200, 200]","[15, 23, 21, 23, 23, 22, 28, 20, 22, 22]","[49, 42, 42, 47, 45, 37, 36, 46, 47, 42]",0.15167095115681234,84.83290488431876,0.8195718654434251,0.8589743589743589,134.0,196.0,22.0,37.0,"[0.36363636363636365, 0.36363636363636365, 0.4462809917355372, 0.35294117647058826, 0.47692307692307695, 0.4262295081967213, 0.36363636363636365, 0.3728813559322034, 0.35185185185185186, 0.4482758620689655]","[46.52777777777778, 51.388888888888886, 53.47222222222222, 54.166666666666664, 52.77777777777778, 51.388888888888886, 51.388888888888886, 48.61111111111111, 51.388888888888886, 55.55555555555556]","[0.41509433962264153, 0.47619047619047616, 0.5094339622641509, 0.5294117647058824, 0.5, 0.48148148148148145, 0.47619047619047616, 0.44, 0.475, 0.5416666666666666]","[22, 20, 27, 18, 31, 26, 20, 22, 19, 26]","[45, 54, 50, 60, 45, 48, 54, 48, 55, 54]","[31, 22, 26, 16, 31, 28, 22, 28, 21, 22]","[46, 48, 41, 50, 37, 42, 48, 46, 49, 42]",0.4861111111111111,51.388888888888886,0.4262295081967213,0.48148148148148145,26.0,48.0,28.0,42.0
Random forest,batch normalisation,"[0.19845360824742267, 0.18298969072164947, 0.20822622107969152, 0.21079691516709512, 0.19794344473007713, 0.19023136246786632, 0.20565552699228792, 0.18251928020565553, 0.20565552699228792, 0.20051413881748073]","[0.3958333333333333, 0.4027777777777778, 0.4236111111111111, 0.3958333333333333, 0.3611111111111111, 0.4375, 0.3680555555555556, 0.3958333333333333, 0.4097222222222222, 0.3680555555555556]",Models\RandomForest\20260816_16\batch_normalisation.pkl,1.0,"[0.6956521739130435, 0.7320754716981132, 0.6666666666666666, 0.6917293233082706, 0.6577777777777778, 0.6967213114754098, 0.6694214876033058, 0.6787330316742082, 0.7014925373134329, 0.7045454545454546]","[80.15463917525774, 81.70103092783505, 79.17737789203085, 78.9203084832905, 80.20565552699229, 80.97686375321337, 79.43444730077121, 81.74807197943444, 79.43444730077121, 79.94858611825192]","[0.7857142857142857, 0.8016528925619835, 0.801980198019802, 0.773109243697479, 0.8705882352941177, 0.8415841584158416, 0.7941176470588235, 0.8620689655172413, 0.7768595041322314, 0.775]","[88, 97, 81, 92, 74, 85, 81, 75, 94, 93]","[223, 220, 227, 215, 238, 230, 228, 243, 215, 218]","[24, 24, 20, 27, 11, 16, 21, 12, 27, 27]","[53, 47, 61, 55, 66, 58, 59, 59, 53, 51]",0.18298969072164947,81.70103092783505,0.7320754716981132,0.8016528925619835,97.0,220.0,24.0,47.0,"[0.4, 0.32558139534883723, 0.26506024096385544, 0.32941176470588235, 0.21212121212121213, 0.3076923076923077, 0.4175824175824176, 0.0, 0.3516483516483517, 0.3291139240506329]","[60.416666666666664, 59.72222222222222, 57.638888888888886, 60.416666666666664, 63.888888888888886, 56.25, 63.19444444444444, 60.416666666666664, 59.02777777777778, 63.19444444444444]","[0.48717948717948717, 0.4666666666666667, 0.4074074074074074, 0.4827586206896552, 0.7, 0.4, 0.5428571428571428, 0.0, 0.45714285714285713, 0.5652173913043478]","[19, 14, 11, 14, 7, 14, 19, 0, 16, 13]","[68, 72, 72, 73, 85, 67, 72, 87, 69, 78]","[20, 16, 16, 15, 3, 21, 16, 1, 19, 10]","[37, 42, 45, 42, 49, 42, 37, 56, 40, 43]",0.4027777777777778,59.72222222222222,0.32558139534883723,0.4666666666666667,14.0,72.0,16.0,42.0
Random forest,dropout,"[0.15721649484536082, 0.16237113402061856, 0.14910025706940874, 0.16195372750642673, 0.16709511568123395, 0.17480719794344474, 0.14395886889460155, 0.18766066838046272, 0.19794344473007713, 0.16709511568123395]","[0.2847222222222222, 0.2986111111111111, 0.2777777777777778, 0.3958333333333333, 0.3402777777777778, 0.3888888888888889, 0.375, 0.2916666666666667, 0.2986111111111111, 0.3194444444444444]",Models\RandomForest\20260816_16\dropout.pkl,6.0,"[0.7986798679867987, 0.7773851590106007, 0.7867647058823529, 0.7864406779661017, 0.7703180212014135, 0.7671232876712328, 0.8095238095238095, 0.7286245353159851, 0.7220216606498195, 0.7686832740213523]","[84.27835051546391, 83.76288659793815, 85.08997429305913, 83.80462724935732, 83.29048843187661, 82.51928020565553, 85.60411311053984, 81.23393316195373, 80.20565552699229, 83.29048843187661]","[0.8402777777777778, 0.8270676691729323, 0.8492063492063492, 0.8169014084507042, 0.8257575757575758, 0.8, 0.8561151079136691, 0.8166666666666667, 0.8064516129032258, 0.84375]","[121, 110, 107, 116, 109, 112, 119, 98, 100, 108]","[206, 215, 224, 210, 215, 209, 214, 218, 212, 216]","[23, 23, 19, 26, 23, 28, 20, 22, 24, 20]","[38, 40, 39, 37, 42, 40, 36, 51, 53, 45]",0.14395886889460155,85.60411311053984,0.8095238095238095,0.8561151079136691,119.0,214.0,20.0,36.0,"[0.3880597014925373, 0.21818181818181817, 0.4117647058823529, 0.3870967741935484, 0.2898550724637681, 0.17647058823529413, 0.325, 0.3, 0.37681159420289856, 0.34285714285714286]","[71.52777777777779, 70.13888888888889, 72.22222222222221, 60.416666666666664, 65.97222222222221, 61.111111111111114, 62.5, 70.83333333333334, 70.13888888888889, 68.05555555555556]","[0.40625, 0.3, 0.42424242424242425, 0.3103448275862069, 0.29411764705882354, 0.18181818181818182, 0.28888888888888886, 0.36, 0.38235294117647056, 0.34285714285714286]","[13, 6, 14, 18, 10, 6, 13, 9, 13, 12]","[90, 95, 90, 69, 85, 82, 77, 93, 88, 86]","[19, 14, 19, 40, 24, 27, 32, 16, 21, 23]","[22, 29, 21, 17, 25, 29, 22, 26, 22, 23]",0.375,62.5,0.325,0.28888888888888886,13.0,77.0,32.0,22.0
Random forest,layer normalisation,"[0.0, 0.0, 0.0, 0.0, 0.0, 0.0, 0.0, 0.0, 0.0, 0.0]","[0.4236111111111111, 0.44791666666666663, 0.46875, 0.4409722222222222, 0.42708333333333337, 0.4097222222222222, 0.4375, 0.4652777777777778, 0.4791666666666667, 0.41666666666666663]",Models\RandomForest\20260816_16\layer_normalisation.pkl,0.0,"[1.0, 1.0, 1.0, 1.0, 1.0, 1.0, 1.0, 1.0, 1.0, 1.0]","[100.0, 100.0, 100.0, 100.0, 100.0, 100.0, 100.0, 100.0, 100.0, 100.0]","[1.0, 1.0, 1.0, 1.0, 1.0, 1.0, 1.0, 1.0, 1.0, 1.0]","[195, 190, 188, 199, 193, 187, 193, 194, 188, 190]","[193, 198, 201, 190, 196, 202, 196, 195, 201, 199]","[0, 0, 0, 0, 0, 0, 0, 0, 0, 0]","[0, 0, 0, 0, 0, 0, 0, 0, 0, 0]",0.0,100.0,1.0,1.0,195.0,193.0,0.0,0.0,"[0.5196850393700787, 0.5151515151515151, 0.4426229508196721, 0.4878048780487805, 0.4918032786885246, 0.4915254237288136, 0.5116279069767442, 0.36538461538461536, 0.46511627906976744, 0.4778761061946903]","[57.638888888888886, 54.861111111111114, 51.388888888888886, 55.55555555555556, 56.94444444444444, 57.638888888888886, 56.25, 52.77777777777778, 51.388888888888886, 57.638888888888886]","[0.4852941176470588, 0.4657534246575342, 0.42857142857142855, 0.46875, 0.47619047619047616, 0.4915254237288136, 0.4714285714285714, 0.4222222222222222, 0.42857142857142855, 0.5]","[33, 34, 27, 30, 30, 29, 33, 19, 30, 27]","[50, 46, 49, 51, 52, 55, 48, 59, 45, 58]","[35, 39, 36, 34, 33, 30, 37, 26, 40, 27]","[26, 25, 32, 29, 29, 30, 26, 40, 29, 32]",0.4236111111111111,57.638888888888886,0.5196850393700787,0.4852941176470588,33.0,50.0,35.0,26.0
Random forest,prune,"[0.0, 0.0, 0.0, 0.0, 0.0, 0.0, 0.0, 0.002570694087403599, 0.0, 0.0]","[0.4444444444444444, 0.4791666666666667, 0.4305555555555556, 0.4513888888888889, 0.4930555555555556, 0.4236111111111111, 0.4166666666666667, 0.4166666666666667, 0.4583333333333333, 0.3888888888888889]",Models\RandomForest\20260816_16\prune.pkl,0.0,"[1.0, 1.0, 1.0, 1.0, 1.0, 1.0, 1.0, 0.9978586723768736, 1.0, 1.0]","[100.0, 100.0, 100.0, 100.0, 100.0, 100.0, 100.0, 99.74293059125964, 100.0, 100.0]","[1.0, 1.0, 1.0, 1.0, 1.0, 1.0, 1.0, 1.0, 1.0, 1.0]","[228, 234, 230, 229, 228, 234, 231, 233, 231, 234]","[160, 154, 159, 160, 161, 155, 158, 155, 158, 155]","[0, 0, 0, 0, 0, 0, 0, 0, 0, 0]","[0, 0, 0, 0, 0, 0, 0, 1, 0, 0]",0.0,100.0,1.0,1.0,228.0,160.0,0.0,0.0,"[0.6981132075471698, 0.6461538461538462, 0.6770833333333334, 0.6632124352331606, 0.6358974358974359, 0.6995073891625616, 0.7058823529411765, 0.6808510638297872, 0.6732673267326733, 0.7307692307692307]","[55.55555555555556, 52.083333333333336, 56.94444444444444, 54.861111111111114, 50.69444444444444, 57.638888888888886, 58.333333333333336, 58.333333333333336, 54.166666666666664, 61.111111111111114]","[0.6271186440677966, 0.6237623762376238, 0.6632653061224489, 0.6464646464646465, 0.6138613861386139, 0.6513761467889908, 0.6545454545454545, 0.6808510638297872, 0.6296296296296297, 0.6666666666666666]","[74, 63, 65, 64, 62, 71, 72, 64, 68, 76]","[6, 12, 17, 15, 11, 12, 12, 20, 10, 12]","[44, 38, 33, 35, 39, 38, 38, 30, 40, 38]","[20, 31, 29, 30, 32, 23, 22, 30, 26, 18]",0.4444444444444444,55.55555555555556,0.6981132075471698,0.6271186440677966,74.0,6.0,44.0,20.0
Random forest,weight normalisation,"[0.16494845360824742, 0.16494845360824742, 0.14910025706940874, 0.17223650385604114, 0.16709511568123395, 0.15424164524421594, 0.16452442159383032, 0.15938303341902313, 0.17223650385604114, 0.17480719794344474]","[0.3819444444444444, 0.3888888888888889, 0.3888888888888889, 0.4513888888888889, 0.3819444444444444, 0.3958333333333333, 0.3819444444444444, 0.3541666666666667, 0.4027777777777778, 0.375]",Models\RandomForest\20260816_16\weight_normalisation.pkl,2.0,"[0.8688524590163934, 0.8661087866108786, 0.8811475409836066, 0.8629856850715747, 0.8717948717948718, 0.8770491803278688, 0.8672199170124482, 0.8764940239043825, 0.8629856850715747, 0.8671875]","[83.50515463917526, 83.50515463917526, 85.08997429305913, 82.77634961439588, 83.29048843187661, 84.57583547557842, 83.54755784061697, 84.06169665809769, 82.77634961439588, 82.51928020565553]","[0.8185328185328186, 0.8313253012048193, 0.8464566929133859, 0.8084291187739464, 0.8215613382899628, 0.8326848249027238, 0.8260869565217391, 0.8270676691729323, 0.8146718146718147, 0.8102189781021898]","[212, 207, 215, 211, 221, 214, 209, 220, 211, 222]","[112, 117, 116, 111, 103, 115, 116, 107, 111, 99]","[47, 42, 39, 50, 48, 43, 44, 46, 48, 52]","[17, 22, 19, 17, 17, 17, 20, 16, 19, 16]",0.14910025706940874,85.08997429305913,0.8811475409836066,0.8464566929133859,215.0,116.0,39.0,19.0,"[0.7263681592039801, 0.72, 0.7227722772277227, 0.6486486486486487, 0.7393364928909952, 0.7106598984771574, 0.7342995169082126, 0.7582938388625592, 0.7156862745098039, 0.7476635514018691]","[61.80555555555556, 61.111111111111114, 61.111111111111114, 54.861111111111114, 61.80555555555556, 60.416666666666664, 61.80555555555556, 64.58333333333334, 59.72222222222222, 62.5]","[0.6952380952380952, 0.6923076923076923, 0.6886792452830188, 0.6741573033707865, 0.6782608695652174, 0.693069306930693, 0.6846846846846847, 0.6956521739130435, 0.6759259259259259, 0.6779661016949152]","[73, 72, 73, 60, 78, 70, 76, 80, 73, 80]","[16, 16, 15, 19, 11, 17, 13, 13, 13, 10]","[32, 32, 33, 29, 37, 31, 35, 35, 35, 38]","[23, 24, 23, 36, 18, 26, 20, 16, 23, 16]",0.3888888888888889,61.111111111111114,0.7227722772277227,0.6886792452830188,73.0,15.0,33.0,23.0
Random forest,weight decay,"[0.20618556701030927, 0.20103092783505155, 0.19794344473007713, 0.2236503856041131, 0.20822622107969152, 0.2185089974293059, 0.2159383033419023, 0.2185089974293059, 0.20308483290488433, 0.20051413881748073]","[0.3958333333333333, 0.3888888888888889, 0.3888888888888889, 0.4166666666666667, 0.4166666666666667, 0.3888888888888889, 0.3263888888888889, 0.375, 0.3541666666666667, 0.3680555555555556]",Models\RandomForest\20260816_16\weight_decay.pkl,9.0,"[0.8653198653198653, 0.8686868686868687, 0.8701517706576728, 0.8512820512820513, 0.8638655462184874, 0.8556876061120543, 0.8595317725752508, 0.8547008547008547, 0.8689883913764511, 0.8704318936877077]","[79.38144329896907, 79.89690721649485, 80.20565552699229, 77.6349614395887, 79.17737789203085, 78.1491002570694, 78.40616966580977, 78.1491002570694, 79.69151670951156, 79.94858611825192]","[0.7648809523809523, 0.7771084337349398, 0.7724550898203593, 0.7477477477477478, 0.7626112759643917, 0.7544910179640718, 0.7581120943952803, 0.7552870090634441, 0.7683284457478006, 0.7751479289940828]","[257, 258, 258, 249, 257, 252, 257, 250, 262, 262]","[51, 52, 54, 53, 51, 52, 48, 54, 48, 49]","[79, 74, 76, 84, 80, 82, 82, 81, 79, 76]","[1, 4, 1, 3, 1, 3, 2, 4, 0, 2]",0.20051413881748073,79.94858611825192,0.8704318936877077,0.7751479289940828,262.0,49.0,76.0,2.0,"[0.7420814479638009, 0.7407407407407407, 0.7477477477477478, 0.719626168224299, 0.719626168224299, 0.7431192660550459, 0.7965367965367965, 0.7476635514018691, 0.777292576419214, 0.7601809954751131]","[60.416666666666664, 61.111111111111114, 61.111111111111114, 58.333333333333336, 58.333333333333336, 61.111111111111114, 67.36111111111111, 62.5, 64.58333333333334, 63.19444444444444]","[0.640625, 0.6504065040650406, 0.6434108527131783, 0.6363636363636364, 0.6363636363636364, 0.648, 0.6666666666666666, 0.6611570247933884, 0.6544117647058824, 0.65625]","[82, 80, 83, 77, 77, 81, 92, 80, 89, 84]","[5, 8, 5, 7, 7, 7, 5, 10, 4, 7]","[46, 43, 46, 44, 44, 44, 46, 41, 47, 44]","[11, 13, 10, 16, 16, 12, 1, 13, 4, 9]",0.3680555555555556,63.19444444444444,0.7601809954751131,0.65625,84.0,7.0,44.0,9.0
Random forest,weight perturbation,"[0.21391752577319587, 0.18556701030927836, 0.21079691516709512, 0.17994858611825193, 0.1953727506426735, 0.20051413881748073, 0.1953727506426735, 0.19023136246786632, 0.20565552699228792, 0.19794344473007713]","[0.4583333333333333, 0.4861111111111111, 0.4791666666666667, 0.4236111111111111, 0.4305555555555556, 0.4583333333333333, 0.4236111111111111, 0.4166666666666667, 0.4583333333333333, 0.4305555555555556]",Models\RandomForest\20260816_16\weight_perturbation.pkl,3.0,"[0.7446153846153846, 0.7831325301204819, 0.75, 0.7976878612716763, 0.7816091954022989, 0.7531645569620253, 0.7777777777777778, 0.783625730994152, 0.7590361445783133, 0.7830985915492957]","[78.6082474226804, 81.44329896907216, 78.9203084832905, 82.0051413881748, 80.46272493573264, 79.94858611825192, 80.46272493573264, 80.97686375321337, 79.43444730077121, 80.20565552699229]","[0.7857142857142857, 0.8280254777070064, 0.7784810126582279, 0.8023255813953488, 0.7953216374269005, 0.7986577181208053, 0.8012048192771084, 0.8023952095808383, 0.7974683544303798, 0.7853107344632768]","[121, 130, 123, 138, 136, 119, 133, 134, 126, 139]","[184, 186, 184, 181, 177, 192, 180, 181, 183, 173]","[33, 27, 35, 34, 35, 30, 33, 33, 32, 38]","[50, 45, 47, 36, 41, 48, 43, 41, 48, 39]",0.17994858611825193,82.0051413881748,0.7976878612716763,0.8023255813953488,138.0,181.0,34.0,36.0,"[0.45901639344262296, 0.4696969696969697, 0.5490196078431373, 0.5413533834586466, 0.5866666666666667, 0.5, 0.5611510791366906, 0.6, 0.5147058823529411, 0.5866666666666667]","[54.166666666666664, 51.388888888888886, 52.083333333333336, 57.638888888888886, 56.94444444444444, 54.166666666666664, 57.638888888888886, 58.333333333333336, 54.166666666666664, 56.94444444444444]","[0.5, 0.4696969696969697, 0.4827586206896552, 0.5373134328358209, 0.5238095238095238, 0.5, 0.5342465753424658, 0.5357142857142857, 0.5, 0.5238095238095238]","[28, 31, 42, 36, 44, 33, 39, 45, 35, 44]","[50, 43, 33, 47, 38, 45, 44, 39, 43, 38]","[28, 35, 45, 31, 40, 33, 34, 39, 35, 40]","[38, 35, 24, 30, 22, 33, 27, 21, 31, 22]",0.4236111111111111,57.638888888888886,0.5413533834586466,0.5373134328358209,36.0,47.0,31.0,30.0
svm,baseline,"[0.23195876288659795, 0.22938144329896906, 0.2365038560411311, 0.2416452442159383, 0.2493573264781491, 0.2365038560411311, 0.2570694087403599, 0.2544987146529563, 0.2544987146529563, 0.23393316195372751]","[0.3958333333333333, 0.4027777777777778, 0.4236111111111111, 0.4097222222222222, 0.4236111111111111, 0.4027777777777778, 0.3611111111111111, 0.3958333333333333, 0.3888888888888889, 0.4097222222222222]",Models\SVM\20260816_16\baseline.pkl,1.0,"[0.7272727272727273, 0.7311178247734139, 0.7160493827160493, 0.7202380952380952, 0.7138643067846607, 0.7177914110429447, 0.7076023391812866, 0.7079646017699115, 0.7079646017699115, 0.72]","[76.80412371134021, 77.0618556701031, 76.34961439588689, 75.83547557840618, 75.06426735218508, 76.34961439588689, 74.293059125964, 74.55012853470437, 74.55012853470437, 76.60668380462725]","[0.7272727272727273, 0.7378048780487805, 0.7532467532467533, 0.7076023391812866, 0.7076023391812866, 0.7177914110429447, 0.7076023391812866, 0.718562874251497, 0.6976744186046512, 0.7358490566037735]","[120, 121, 116, 121, 121, 117, 121, 120, 120, 117]","[178, 178, 181, 174, 171, 180, 168, 170, 170, 181]","[45, 43, 38, 50, 50, 46, 50, 47, 52, 42]","[45, 46, 54, 44, 47, 46, 50, 52, 47, 49]",0.22938144329896906,77.0618556701031,0.7311178247734139,0.7378048780487805,121.0,178.0,43.0,46.0,"[0.5581395348837209, 0.5671641791044776, 0.5343511450381679, 0.5426356589147286, 0.5611510791366906, 0.5671641791044776, 0.59375, 0.583941605839416, 0.5942028985507246, 0.5354330708661418]","[60.416666666666664, 59.72222222222222, 57.638888888888886, 59.02777777777778, 57.638888888888886, 59.72222222222222, 63.888888888888886, 60.416666666666664, 61.111111111111114, 59.02777777777778]","[0.5901639344262295, 0.5757575757575758, 0.5555555555555556, 0.5737704918032787, 0.5492957746478874, 0.5757575757575758, 0.6333333333333333, 0.5797101449275363, 0.5857142857142857, 0.576271186440678]","[36, 38, 35, 35, 39, 38, 38, 40, 41, 34]","[51, 48, 48, 50, 44, 48, 54, 47, 47, 51]","[25, 28, 28, 26, 32, 28, 22, 29, 29, 25]","[32, 30, 33, 33, 29, 30, 30, 28, 27, 34]",0.4027777777777778,59.72222222222222,0.5671641791044776,0.5757575757575758,38.0,48.0,28.0,30.0
svm,batch normalisation,"[0.18556701030927836, 0.20876288659793815, 0.18251928020565553, 0.20822622107969152, 0.18766066838046272, 0.20565552699228792, 0.19794344473007713, 0.19023136246786632, 0.20308483290488433, 0.2133676092544987]","[0.5069444444444444, 0.5694444444444444, 0.5763888888888888, 0.5277777777777778, 0.5277777777777778, 0.5486111111111112, 0.5694444444444444, 0.5069444444444444, 0.5347222222222222, 0.5138888888888888]",Models\SVM\20260816_16\batch_normalisation.pkl,2.0,"[0.7410071942446043, 0.6896551724137931, 0.7436823104693141, 0.7137809187279152, 0.7286245353159851, 0.7241379310344828, 0.7259786476868327, 0.7394366197183099, 0.7106227106227107, 0.6891385767790262]","[81.44329896907216, 79.12371134020619, 81.74807197943444, 79.17737789203085, 81.23393316195373, 79.43444730077121, 80.20565552699229, 80.97686375321337, 79.69151670951156, 78.66323907455013]","[0.7518248175182481, 0.7377049180327869, 0.7686567164179104, 0.7372262773722628, 0.7538461538461538, 0.7291666666666666, 0.7338129496402878, 0.7446808510638298, 0.7404580152671756, 0.7301587301587301]","[103, 90, 103, 101, 98, 105, 102, 105, 97, 92]","[213, 217, 215, 207, 218, 204, 210, 210, 213, 214]","[34, 32, 31, 36, 32, 39, 37, 36, 34, 34]","[38, 49, 40, 45, 41, 41, 40, 38, 45, 49]",0.18251928020565553,81.74807197943444,0.7436823104693141,0.7686567164179104,103.0,215.0,31.0,40.0,"[0.1411764705882353, 0.06818181818181818, 0.10752688172043011, 0.09523809523809523, 0.11627906976744186, 0.07058823529411765, 0.06818181818181818, 0.12048192771084337, 0.15384615384615385, 0.11904761904761904]","[49.30555555555556, 43.05555555555556, 42.36111111111111, 47.22222222222222, 47.22222222222222, 45.13888888888889, 43.05555555555556, 49.30555555555556, 46.52777777777778, 48.61111111111111]","[0.20689655172413793, 0.09375, 0.13513513513513514, 0.14285714285714285, 0.16666666666666666, 0.10344827586206896, 0.09375, 0.18518518518518517, 0.2, 0.17857142857142858]","[6, 3, 5, 4, 5, 3, 3, 5, 7, 5]","[65, 59, 56, 64, 63, 62, 59, 66, 60, 65]","[23, 29, 32, 24, 25, 26, 29, 22, 28, 23]","[50, 53, 51, 52, 51, 53, 53, 51, 49, 51]",0.5763888888888888,42.36111111111111,0.10752688172043011,0.13513513513513514,5.0,56.0,32.0,51.0
svm,dropout,"[0.24742268041237114, 0.2603092783505155, 0.2442159383033419, 0.23393316195372751, 0.2596401028277635, 0.2519280205655527, 0.2442159383033419, 0.2493573264781491, 0.2544987146529563, 0.23136246786632392]","[0.5208333333333334, 0.5416666666666666, 0.5416666666666666, 0.5208333333333334, 0.5555555555555556, 0.5, 0.5347222222222222, 0.5208333333333334, 0.5486111111111112, 0.5625]",Models\SVM\20260816_16\dropout.pkl,9.0,"[0.6571428571428571, 0.6327272727272727, 0.6925566343042071, 0.6714801444043321, 0.6666666666666666, 0.6797385620915033, 0.6801346801346801, 0.6996904024767802, 0.6688963210702341, 0.7077922077922078]","[75.25773195876289, 73.96907216494846, 75.57840616966581, 76.60668380462725, 74.03598971722364, 74.80719794344472, 75.57840616966581, 75.06426735218508, 74.55012853470437, 76.86375321336762]","[0.6865671641791045, 0.696, 0.7133333333333334, 0.6992481203007519, 0.6778523489932886, 0.6797385620915033, 0.6917808219178082, 0.6807228915662651, 0.6711409395973155, 0.7218543046357616]","[92, 87, 107, 93, 101, 104, 101, 113, 100, 109]","[200, 200, 187, 205, 187, 187, 193, 179, 190, 190]","[42, 38, 43, 40, 48, 49, 45, 53, 49, 42]","[54, 63, 52, 51, 53, 49, 50, 44, 50, 48]",0.23136246786632392,76.86375321336762,0.7077922077922078,0.7218543046357616,109.0,190.0,42.0,48.0,"[0.3119266055045872, 0.2909090909090909, 0.30357142857142855, 0.3119266055045872, 0.2727272727272727, 0.29411764705882354, 0.3185840707964602, 0.29906542056074764, 0.23300970873786409, 0.24299065420560748]","[47.91666666666667, 45.83333333333333, 45.83333333333333, 47.91666666666667, 44.44444444444444, 50.0, 46.52777777777778, 47.91666666666667, 45.13888888888889, 43.75]","[0.22972972972972974, 0.21333333333333335, 0.22077922077922077, 0.22972972972972974, 0.2, 0.22388059701492538, 0.23076923076923078, 0.2222222222222222, 0.17647058823529413, 0.18055555555555555]","[17, 16, 17, 17, 15, 15, 18, 16, 12, 13]","[52, 50, 49, 52, 49, 57, 49, 53, 53, 50]","[57, 59, 60, 57, 60, 52, 60, 56, 56, 59]","[18, 19, 18, 18, 20, 20, 17, 19, 23, 22]",0.5625,43.75,0.24299065420560748,0.18055555555555555,13.0,50.0,59.0,22.0
svm,layer normalisation,"[0.13402061855670103, 0.1211340206185567, 0.12339331619537275, 0.12339331619537275, 0.13110539845758354, 0.13624678663239073, 0.11311053984575835, 0.12082262210796915, 0.13367609254498714, 0.13110539845758354]","[0.4236111111111111, 0.4097222222222222, 0.5, 0.4305555555555556, 0.4236111111111111, 0.4305555555555556, 0.4722222222222222, 0.4444444444444444, 0.4444444444444444, 0.4791666666666667]",Models\SVM\20260816_16\layer_normalisation.pkl,6.0,"[0.8579234972677595, 0.8739946380697051, 0.8723404255319149, 0.8716577540106952, 0.8661417322834646, 0.8608923884514436, 0.8804347826086957, 0.8733153638814016, 0.8602150537634409, 0.8702290076335878]","[86.5979381443299, 87.88659793814433, 87.66066838046272, 87.66066838046272, 86.88946015424165, 86.37532133676092, 88.68894601542416, 87.91773778920309, 86.63239074550128, 86.88946015424165]","[0.8971428571428571, 0.8907103825136612, 0.8961748633879781, 0.8858695652173914, 0.8918918918918919, 0.8770053475935828, 0.9, 0.8852459016393442, 0.8743169398907104, 0.8769230769230769]","[157, 163, 164, 163, 165, 164, 162, 162, 160, 171]","[179, 178, 177, 178, 173, 172, 183, 180, 177, 167]","[18, 20, 19, 21, 20, 23, 18, 21, 23, 24]","[34, 27, 29, 27, 31, 30, 26, 26, 29, 27]",0.11311053984575835,88.68894601542416,0.8804347826086957,0.9,162.0,183.0,18.0,26.0,"[0.45045045045045046, 0.49572649572649574, 0.3076923076923077, 0.42592592592592593, 0.42990654205607476, 0.43636363636363634, 0.37037037037037035, 0.38461538461538464, 0.43859649122807015, 0.35514018691588783]","[57.638888888888886, 59.02777777777778, 50.0, 56.94444444444444, 57.638888888888886, 56.94444444444444, 52.77777777777778, 55.55555555555556, 55.55555555555556, 52.083333333333336]","[0.4807692307692308, 0.5, 0.35555555555555557, 0.46938775510204084, 0.4791666666666667, 0.47058823529411764, 0.40816326530612246, 0.4444444444444444, 0.45454545454545453, 0.3958333333333333]","[25, 29, 16, 23, 23, 24, 20, 20, 25, 19]","[58, 56, 56, 59, 60, 58, 56, 60, 55, 56]","[27, 29, 29, 26, 25, 27, 29, 25, 30, 29]","[34, 30, 43, 36, 36, 35, 39, 39, 34, 40]",0.4722222222222222,52.77777777777778,0.37037037037037035,0.40816326530612246,20.0,56.0,29.0,39.0
svm,prune,"[0.28350515463917525, 0.28865979381443296, 0.30848329048843187, 0.31362467866323906, 0.29562982005141386, 0.29048843187660667, 0.2982005141388175, 0.29048843187660667, 0.29048843187660667, 0.30848329048843187]","[0.5, 0.4861111111111111, 0.4861111111111111, 0.4861111111111111, 0.4722222222222222, 0.5416666666666666, 0.5, 0.4722222222222222, 0.4791666666666667, 0.4722222222222222]",Models\SVM\20260816_16\prune.pkl,0.0,"[0.7834645669291339, 0.7902621722846442, 0.7692307692307693, 0.767175572519084, 0.7749510763209393, 0.7735470941883767, 0.7769230769230769, 0.7855787476280834, 0.7895716945996276, 0.7683397683397684]","[71.64948453608247, 71.1340206185567, 69.1516709511568, 68.63753213367609, 70.4370179948586, 70.95115681233933, 70.17994858611826, 70.95115681233933, 70.95115681233933, 69.1516709511568]","[0.7107142857142857, 0.705685618729097, 0.7017543859649122, 0.6813559322033899, 0.7021276595744681, 0.7121771217712177, 0.7013888888888888, 0.708904109589041, 0.6973684210526315, 0.6885813148788927]","[199, 211, 200, 201, 198, 193, 202, 207, 212, 199]","[79, 65, 69, 66, 76, 83, 71, 69, 64, 70]","[81, 88, 85, 94, 84, 78, 86, 85, 92, 90]","[29, 24, 35, 28, 31, 35, 30, 28, 21, 30]",0.28350515463917525,71.64948453608247,0.7834645669291339,0.7107142857142857,199.0,79.0,81.0,29.0,"[0.52, 0.5625, 0.5454545454545454, 0.5569620253164557, 0.5641025641025641, 0.4657534246575342, 0.5384615384615384, 0.575, 0.5818181818181818, 0.6046511627906976]","[50.0, 51.388888888888886, 51.388888888888886, 51.388888888888886, 52.77777777777778, 45.83333333333333, 50.0, 52.77777777777778, 52.083333333333336, 52.77777777777778]","[0.6964285714285714, 0.6818181818181818, 0.7, 0.6875, 0.7096774193548387, 0.6538461538461539, 0.6774193548387096, 0.696969696969697, 0.676056338028169, 0.6666666666666666]","[39, 45, 42, 44, 44, 34, 42, 46, 48, 52]","[33, 29, 32, 30, 32, 32, 30, 30, 27, 24]","[17, 21, 18, 20, 18, 18, 20, 20, 23, 26]","[55, 49, 52, 50, 50, 60, 52, 48, 46, 42]",0.5,50.0,0.52,0.6964285714285714,39.0,33.0,17.0,55.0
svm,weight normalisation,"[0.24484536082474226, 0.25, 0.2596401028277635, 0.2467866323907455, 0.2365038560411311, 0.2493573264781491, 0.2570694087403599, 0.2519280205655527, 0.2596401028277635, 0.2390745501285347]","[0.3333333333333333, 0.3194444444444444, 0.3333333333333333, 0.3333333333333333, 0.3125, 0.3333333333333333, 0.3333333333333333, 0.3333333333333333, 0.3333333333333333, 0.3333333333333333]",Models\SVM\20260816_16\weight_normalisation.pkl,4.0,"[0.8275862068965517, 0.8270944741532977, 0.8206039076376554, 0.8267148014440433, 0.8368794326241135, 0.8213627992633518, 0.8188405797101449, 0.8274647887323944, 0.8160291438979964, 0.8330341113105925]","[75.51546391752578, 75.0, 74.03598971722364, 75.32133676092545, 76.34961439588689, 75.06426735218508, 74.293059125964, 74.80719794344472, 74.03598971722364, 76.09254498714652]","[0.7102803738317757, 0.709480122324159, 0.7, 0.7067901234567902, 0.7217125382262997, 0.7147435897435898, 0.6975308641975309, 0.7078313253012049, 0.7, 0.718266253869969]","[228, 232, 231, 229, 236, 223, 226, 235, 224, 232]","[65, 59, 57, 64, 61, 69, 63, 56, 64, 64]","[93, 95, 99, 95, 91, 89, 98, 97, 96, 91]","[2, 2, 2, 1, 1, 8, 2, 1, 5, 2]",0.2365038560411311,76.34961439588689,0.8368794326241135,0.7217125382262997,236.0,61.0,91.0,1.0,"[0.8, 0.8067226890756303, 0.8, 0.8, 0.8085106382978723, 0.8, 0.8, 0.8, 0.8, 0.8]","[66.66666666666666, 68.05555555555556, 66.66666666666666, 66.66666666666666, 68.75, 66.66666666666666, 66.66666666666666, 66.66666666666666, 66.66666666666666, 66.66666666666666]","[0.6666666666666666, 0.676056338028169, 0.6666666666666666, 0.6666666666666666, 0.6834532374100719, 0.6666666666666666, 0.6666666666666666, 0.6666666666666666, 0.6666666666666666, 0.6666666666666666]","[96, 96, 96, 96, 95, 96, 96, 96, 96, 96]","[0, 2, 0, 0, 4, 0, 0, 0, 0, 0]","[48, 46, 48, 48, 44, 48, 48, 48, 48, 48]","[0, 0, 0, 0, 1, 0, 0, 0, 0, 0]",0.3125,68.75,0.8085106382978723,0.6834532374100719,95.0,4.0,44.0,1.0
svm,weight decay,"[0.19072164948453607, 0.1958762886597938, 0.20051413881748073, 0.21079691516709512, 0.20051413881748073, 0.20308483290488433, 0.17994858611825193, 0.18508997429305912, 0.19794344473007713, 0.20308483290488433]","[0.5625, 0.5694444444444444, 0.5416666666666666, 0.5138888888888888, 0.5555555555555556, 0.5486111111111112, 0.5694444444444444, 0.5347222222222222, 0.5555555555555556, 0.5555555555555556]",Models\SVM\20260816_16\weight_decay.pkl,6.0,"[0.864963503649635, 0.8652482269503546, 0.8607142857142858, 0.850909090909091, 0.8621908127208481, 0.8591800356506238, 0.8763250883392226, 0.872791519434629, 0.8632326820603907, 0.8596802841918295]","[80.9278350515464, 80.41237113402062, 79.94858611825192, 78.9203084832905, 79.94858611825192, 79.69151670951156, 82.0051413881748, 81.49100257069408, 80.20565552699229, 79.69151670951156]","[0.8033898305084746, 0.7947882736156352, 0.7980132450331126, 0.8013698630136986, 0.8026315789473685, 0.7927631578947368, 0.8184818481848185, 0.8125, 0.7967213114754098, 0.7857142857142857]","[237, 244, 241, 234, 244, 241, 248, 247, 243, 242]","[77, 68, 70, 73, 67, 69, 71, 70, 69, 68]","[58, 63, 61, 58, 60, 63, 55, 57, 62, 66]","[16, 13, 17, 24, 18, 16, 15, 15, 15, 13]",0.17994858611825193,82.0051413881748,0.8763250883392226,0.8184818481848185,248.0,71.0,55.0,15.0,"[0.4840764331210191, 0.49382716049382713, 0.5185185185185185, 0.5697674418604651, 0.5, 0.5093167701863354, 0.4810126582278481, 0.5217391304347826, 0.4936708860759494, 0.4936708860759494]","[43.75, 43.05555555555556, 45.83333333333333, 48.61111111111111, 44.44444444444444, 45.13888888888889, 43.05555555555556, 46.52777777777778, 44.44444444444444, 44.44444444444444]","[0.59375, 0.5797101449275363, 0.6086956521739131, 0.620253164556962, 0.5970149253731343, 0.6029411764705882, 0.5846153846153846, 0.6176470588235294, 0.6, 0.6]","[38, 40, 42, 49, 40, 41, 38, 42, 39, 39]","[25, 22, 24, 21, 24, 24, 24, 25, 25, 25]","[26, 29, 27, 30, 27, 27, 27, 26, 26, 26]","[55, 53, 51, 44, 53, 52, 55, 51, 54, 54]",0.5694444444444444,43.05555555555556,0.4810126582278481,0.5846153846153846,38.0,24.0,27.0,55.0
svm,weight perturbation,"[0.16494845360824742, 0.15463917525773196, 0.15938303341902313, 0.15424164524421594, 0.16709511568123395, 0.14395886889460155, 0.14910025706940874, 0.15424164524421594, 0.15938303341902313, 0.14652956298200515]","[0.3402777777777778, 0.4166666666666667, 0.4305555555555556, 0.3958333333333333, 0.4375, 0.4236111111111111, 0.4583333333333333, 0.4513888888888889, 0.3333333333333333, 0.3819444444444444]",Models\SVM\20260816_16\weight_perturbation.pkl,5.0,"[0.813953488372093, 0.8285714285714286, 0.8176470588235294, 0.8285714285714286, 0.8158640226628895, 0.8390804597701149, 0.8342857142857143, 0.8314606741573034, 0.8154761904761905, 0.831858407079646]","[83.50515463917526, 84.5360824742268, 84.06169665809769, 84.57583547557842, 83.29048843187661, 85.60411311053984, 85.08997429305913, 84.57583547557842, 84.06169665809769, 85.34704370179949]","[0.813953488372093, 0.8192090395480226, 0.8373493975903614, 0.8146067415730337, 0.8044692737430168, 0.8342857142857143, 0.8342857142857143, 0.8505747126436781, 0.8203592814371258, 0.8493975903614458]","[140, 145, 139, 145, 144, 146, 146, 148, 137, 141]","[184, 183, 188, 184, 180, 187, 185, 181, 190, 191]","[32, 32, 27, 33, 35, 29, 29, 26, 30, 25]","[32, 28, 35, 27, 30, 27, 29, 34, 32, 32]",0.14395886889460155,85.60411311053984,0.8390804597701149,0.8342857142857143,146.0,187.0,29.0,27.0,"[0.6993865030674846, 0.6470588235294118, 0.6172839506172839, 0.6459627329192547, 0.6440677966101694, 0.6347305389221557, 0.5975609756097561, 0.6153846153846154, 0.6619718309859155, 0.6308724832214765]","[65.97222222222221, 58.333333333333336, 56.94444444444444, 60.416666666666664, 56.25, 57.638888888888886, 54.166666666666664, 54.861111111111114, 66.66666666666666, 61.80555555555556]","[0.5876288659793815, 0.5288461538461539, 0.5208333333333334, 0.5473684210526316, 0.5135135135135135, 0.5247524752475248, 0.5, 0.5048543689320388, 0.618421052631579, 0.5662650602409639]","[57, 55, 50, 52, 57, 53, 49, 52, 47, 47]","[38, 29, 32, 35, 24, 30, 29, 27, 49, 42]","[40, 49, 46, 43, 54, 48, 49, 51, 29, 36]","[9, 11, 16, 14, 9, 13, 17, 14, 19, 19]",0.4236111111111111,57.638888888888886,0.6347305389221557,0.5247524752475248,53.0,30.0,48.0,13.0
