dataset_name,meta_learner_testing_f1_scores,baseline testing f1 scores mean,baseline testing f1 scores std,baseline testing f1 scores better,batch normalisation testing f1 scores mean,batch normalisation testing f1 scores std,batch normalisation testing f1 scores better,dropout testing f1 scores mean,dropout testing f1 scores std,dropout testing f1 scores better,layer normalisation testing f1 scores mean,layer normalisation testing f1 scores std,layer normalisation testing f1 scores better,prune testing f1 scores mean,prune testing f1 scores std,prune testing f1 scores better,weight decay testing f1 scores mean,weight decay testing f1 scores std,weight decay testing f1 scores better,weight normalisation testing f1 scores mean,weight normalisation testing f1 scores std,weight normalisation testing f1 scores better,weight perturbation testing f1 scores mean,weight perturbation testing f1 scores std,weight perturbation testing f1 scores better
Mushroom,"[0.9109677419354839, 0.9109677419354839, 0.9158045968185322, 0.9158045968185322, 0.9109677419354839, 0.9109677419354839, 0.9158045968185322, 0.9109677419354839, 0.9109677419354839, 0.9109677419354839]",0.9114514274237887,0.0014510564649144909,0,0.9873461354351942,0.025459464499903495,-1,0.9109677419354838,1.1102230246251565e-16,0,0.9274272373393109,0.03305648818220497,0,0.9138698548653128,0.002369565284671509,0,0.9124187984003983,0.0022165253627085624,0,0.9119351129120934,0.0019347419532193212,0,0.9124187984003983,0.0022165253627085624,0
Mushroom,"[0.8166780931967296, 0.817895659943771, 0.841500421729016, 0.8722768325554471, 0.8307576811905311, 0.8374426369265743, 0.8738751839800525, 0.8272985796812076, 0.8230983132439137, 0.8383305942018203]",0.8565201251253706,0.03584371641361846,0,0.8379153996649062,0.01929344823366333,0,0.8535282002254398,0.021291114925507813,0,0.8602196726397583,0.021500211407829734,0,0.8816998838513472,0.010830099387209515,-1,0.8614129046182896,0.027297900158116697,0,0.8648655056399814,0.03499754727201772,0,0.8596589339716287,0.03713946216135113,0
Mushroom,"[0.7254869283522827, 0.7555414538753956, 0.7416571344590352, 0.7280038663428638, 0.7700566421227771, 0.7254945937933939, 0.7470729019897999, 0.7581698167407707, 0.7512017738662591, 0.7297313154680386]",0.7265585387988416,0.0622790556178281,0,0.7432416427010616,0.014895097274499959,0,0.7678394249663011,0.04859139148345848,0,0.750295159381895,0.023302049744405712,0,0.8104993061762686,0.035509632389975516,-1,0.7326264192255948,0.03156259801207791,0,0.7144521548439199,0.05849448779821125,0,0.7324563016297928,0.06275663575285456,0
Mushroom,"[0.8856496903653496, 0.8925569362440386, 0.8950204982183514, 0.8891299028415968, 0.8913882684781208, 0.8859020935752322, 0.8839553655613138, 0.8904413204437426, 0.8969885727503162, 0.8899929128003865]",0.8972174123043866,0.012794781619447611,0,0.8901025561278448,0.00394478270231872,0,0.9028770616156854,0.006866371368757268,-1,0.8929970899934286,0.012376531467515727,0,0.9074105288133858,0.012719991454531716,-1,0.899540556456102,0.011751522757862901,-1,0.9064489970613243,0.01434250135362588,-1,0.8901390410926607,0.018266535010278924,0
Mushroom,"[1.0, 1.0, 1.0, 1.0, 1.0, 1.0, 1.0, 1.0, 1.0, 1.0]",1.0,0.0,0,1.0,0.0,0,0.9996581660633519,0.0010255018099444846,0,1.0,0.0,0,0.9987659672851281,0.0037020981446158727,0,1.0,0.0,0,1.0,0.0,0,1.0,0.0,0
Mushroom,"[0.8649723742548151, 0.7658545723354654, 0.7741616746513553, 0.8556236604927141, 0.850630472955477, 0.7736631965802315, 0.8605188814145242, 0.8525662466253783, 0.7605653893103588, 0.8473139769573405]",0.8131288103634301,0.03725746463385578,0,0.8205870445577659,0.04288028044179969,0,0.8461368485905348,0.030760719641505507,0,0.7901617722818137,0.037830336081078705,0,0.8066974280705368,0.021456366121771386,0,0.8108017313943037,0.03823962666374212,0,0.8116062220195485,0.03911392802983694,0,0.8264385594654927,0.03649418728680682,0
Mushroom,"[0.8483512625769265, 0.8540489557914447, 0.8497099318703247, 0.8532684048614472, 0.852395848471762, 0.853783913468381, 0.8534355508395728, 0.8508037107634242, 0.848348341571213, 0.7934183963972491]",0.8565353299172125,0.0182012922056809,0,0.8457564316611744,0.01756847505877864,0,0.8583743407346793,0.016015903235248756,0,0.8432851923325899,0.026935163260007524,0,0.8673108475521605,0.010691529393642204,-1,0.8698447864038987,0.020855795850632554,-1,0.8227631421240978,0.0755228318669773,0,0.8545435423328402,0.015510924601094999,0
Mushroom,"[0.8565575399615619, 0.8534369332171949, 0.8757957772311742, 0.855967421744719, 0.881531898935921, 0.7922556016254567, 0.8635939774432361, 0.7990354901785315, 0.8522165686986132, 0.8619413993454212]",0.7819992794319219,0.012050648828026438,1,0.849233260838183,0.02829899480447914,0,0.8426916422358749,0.029830696058459602,0,0.8276737730911512,0.032000963877184,0,0.7903988852103626,0.10851101725947183,0,0.8045859256929658,0.010354108990368035,1,0.7994440825633193,0.020203408222065823,1,0.7996464303576957,0.021727479428453624,1
Mushroom,"[0.8530190784231003, 0.8467554304245126, 0.8510297559176488, 0.7918582159562619, 0.7821898021012983, 0.849957802093269, 0.8478702594260056, 0.8506231180322551, 0.850166424333452, 0.858249997641073]",0.8202549430338465,0.03193430738902362,0,0.8381719884348877,0.025832905156611484,0,0.8380330996496583,0.026842952745210782,0,0.8146223783121282,0.03584893418956761,0,0.8411770743038971,0.02816180532969581,0,0.8449184574982793,0.027064327521898385,0,0.842931035794441,0.028386281525298006,0,0.8277251447181774,0.040822732746515066,0
Mushroom,"[0.8628382941247893, 0.7618860869879592, 0.8041630609209411, 0.7873933271364106, 0.8084785257040265, 0.7848829497834272, 0.8473795849926641, 0.7869365580186016, 0.849957802093269, 0.7762044569410869]",0.8511296872753734,0.030992566045152745,-1,0.8070120646703176,0.03296026303963349,0,0.83958589323708,0.035837918645853,0,0.8290315016429008,0.033110882967848664,0,0.8544690711107243,0.022195295773885314,-1,0.8507209039325897,0.03281975738701988,-1,0.8422834341515463,0.029610722813746444,-1,0.8354653855966172,0.04151375135229316,0
Mushroom,"[0.7447055473456607, 0.7846611437075774, 0.7777963553000399, 0.8705703817127858, 0.7833002909576182, 0.7916703926298295, 0.8290119655019341, 0.7587923393044371, 0.7445302550280339, 0.7787035739992482]",0.7905198215190612,0.028549748646491332,0,0.7825765111965123,0.024203406493079043,0,0.7714921702316997,0.02167196996409536,0,0.760950569918628,0.010695699996328793,0,0.7819223084506839,0.03855134727468524,0,0.7845215458159213,0.043986916691639205,0,0.7863742245487165,0.036507230111654354,0,0.7784271038781008,0.04063953754110312,0
Mushroom,"[0.8589262937935901, 0.7416308269859293, 0.7489636806966385, 0.8052296686099504, 0.8551804322759928, 0.8217638845438084, 0.8502363442504287, 0.8623990990862431, 0.7822873731136929, 0.8589262937935901]",0.8294348678807489,0.03134766872644264,0,0.8420477821492105,0.03344441002338589,0,0.8490277800638195,0.02084047943346377,-1,0.7941157894392943,0.0077851170521892644,0,0.8536285390300238,0.026903492833031926,-1,0.834386025863893,0.031575060617236014,0,0.8185543897149865,0.04448662707143539,0,0.8263461759533804,0.030968603055753965,0
Mushroom,"[0.751315830002559, 0.7721212302216478, 0.847204255930239, 0.8545760203071082, 0.8474650452891566, 0.7664654783561796, 0.7564746484629441, 0.7662987081734352, 0.7465895254789429, 0.7556246727606819]",0.8201101798517533,0.04925501620208289,0,0.7864135414982895,0.04211628646562115,0,0.846263326728835,0.03882282994912221,-1,0.7683833581071242,0.03154017604298517,0,0.8363880769006167,0.03133139881158087,-1,0.8160153768703553,0.0496885079669051,0,0.8424390024831485,0.049922909176963015,-1,0.8486014592111285,0.038512562236010246,-1
Mushroom,"[0.8550587134982669, 0.7574082736549576, 0.8516564057461156, 0.7784013118537065, 0.7621025032825798, 0.7735191627142369, 0.8564383302055633, 0.8542589539363707, 0.7513916585713972, 0.7646863048742749]",0.8216896151654046,0.045350464607351475,0,0.8004921618337469,0.04455848354243334,0,0.8303314472380094,0.04177088153394743,0,0.7729866002557528,0.02874410808064528,0,0.8319720078043906,0.03653420533025296,0,0.8438178757759804,0.03968436926202967,-1,0.8574335307083896,0.01995517647608694,-1,0.8216396413232447,0.04847472942013438,0
Mushroom,"[0.8455934611208173, 0.8449308787143113, 0.8468031478797552, 0.7872248606820615, 0.847463128924085, 0.8258507149655011, 0.8498123307669186, 0.8472523477841343, 0.8533832818691219, 0.7881759103625405]",0.8312978251731012,0.025464777292595067,0,0.8336490063069247,0.023986193442350156,0,0.8477862017347565,0.01909091456624204,0,0.7974896471350614,0.023371518476393835,1,0.8430097404713435,0.02872895076971288,0,0.8210218036743203,0.03335100575084241,0,0.8410531369713208,0.030998505078424117,0,0.8340703147152368,0.03981329361046644,0
Mushroom,"[0.8470430272377469, 0.8490901154320684, 0.8602070284633712, 0.857124416186928, 0.759511669000537, 0.7739485929271646, 0.7628111169073013, 0.7618344814871454, 0.881531898935921, 0.8516224362909987]",0.8598475457697523,0.030362161430490118,0,0.8204724782869182,0.04667941134287998,0,0.8556941422597217,0.02389991280353651,0,0.8181468947745971,0.03229905536468981,0,0.8244885228054389,0.0636031531608093,0,0.8510267060923553,0.03076453266425424,-1,0.8403983970661455,0.0370364690162657,0,0.8305909792022181,0.04556534996013253,0
Online shopper,"[0.0051813471502590676, 0.02512562814070352, 0.005221932114882507, 0.0, 0.010256410256410256, 0.019753086419753086, 0.0051813471502590676, 0.0, 0.005208333333333333, 0.015267175572519083]",0.011135437163186523,0.0101529917687891,0,0.10261095478916193,0.027368561713139925,-1,0.002577333283753363,0.0034539096582706067,1,0.01804968882879568,0.028612725189408408,0,0.013153150691919321,0.013003782741046263,0,0.0,0.0,1,0.009119526013811993,0.00797616884488837,0,0.006665657812440428,0.003908475659964306,0
Online shopper,"[0.6206896551724138, 0.594679186228482, 0.6512968299711815, 0.5846153846153846, 0.6394160583941606, 0.571875, 0.641399416909621, 0.6165884194053208, 0.6179104477611941, 0.6306569343065693]",0.6207632087707715,0.01938662209700549,0,0.6059453301842195,0.009670952274552287,0,0.6313697288839173,0.008169428701964094,0,0.6156881433712529,0.029514291232082164,0,0.6394212265447975,0.006912273244806965,-1,0.6364557652022377,0.007174098266693487,0,0.6169127332764327,0.024613774599623946,0,0.6143417737743705,0.015756125617089126,0
Online shopper,"[0.5660964230171073, 0.5577812018489985, 0.5252854812398042, 0.5614035087719298, 0.5760709010339734, 0.5788667687595712, 0.6, 0.559375, 0.5701078582434514, 0.5749235474006116]",0.5717805950086081,0.014997965957440797,0,0.5820545632105663,0.014019840565817268,0,0.5825849043470247,0.010550168675510375,-1,0.5785053741277768,0.007916237678925735,0,0.597471450873486,0.01182755913184301,-1,0.595347055505216,0.007231632464267934,-1,0.5669910690315447,0.01816564653455511,0,0.5662179137080753,0.009569081284065403,0
Online shopper,"[0.025510204081632654, 0.0, 0.0, 0.015424164524421594, 0.0, 0.0, 0.0, 0.005194805194805195, 0.01038961038961039, 0.0]",0.0,0.0,0,0.05074463578685624,0.048565429578765654,-1,0.0,0.0,0,0.001507537688442211,0.004522613065326633,0,0.006136011402384982,0.007393856938517062,0,0.0,0.0,0,0.005651878419046984,0.0083914722902835,0,0.0010362763851135943,0.0020725614640361807,0
Online shopper,"[0.5750394944707741, 0.5466237942122186, 0.5802469135802469, 0.5478119935170178, 0.573228346456693, 0.5445705024311183, 0.56656346749226, 0.6020864381520119, 0.5984732824427481, 0.5866261398176292]",0.5673377281313765,0.01891819111040012,0,0.5865136492118963,0.012838501179375001,-1,0.5956186759105846,0.010171736713229183,-1,0.5544648714115378,0.026217079730159812,0,0.6161095128986601,0.015003389524430408,-1,0.6212824350591077,0.023254662368883,-1,0.5721270372572718,0.019772442112533945,0,0.5701601906031338,0.023524665113394905,0
Online shopper,"[0.6128550074738416, 0.6257309941520468, 0.6160714285714286, 0.6176470588235294, 0.6125356125356125, 0.5862068965517241, 0.5790297339593115, 0.6029850746268657, 0.5864661654135338, 0.6120058565153733]",0.601122328116065,0.011683306968557534,0,0.6082562749341742,0.014793259125965486,0,0.623276593956364,0.014259281008796294,-1,0.6081745306220885,0.013562146756843868,0,0.6353320777185394,0.0060511604127410825,-1,0.6374707436653729,0.014193349108033888,-1,0.6051533828623267,0.015016093071768771,0,0.6032564215139093,0.017763888324022727,0
Online shopper,"[0.0, 0.0103359173126615, 0.005221932114882507, 0.0, 0.015544041450777202, 0.0, 0.0, 0.005208333333333333, 0.005221932114882507, 0.0]",0.003120969705842168,0.0034442822367819147,0,0.026915463349664447,0.04824604818107675,0,0.0,0.0,1,0.0020460358056265987,0.006138107416879796,0,0.006213732344123643,0.007932510235317972,0,0.0,0.0,1,0.004153215632653705,0.005075630961175743,0,0.003621629230988373,0.006137709044187514,0
Online shopper,"[0.5416666666666666, 0.625, 0.5333333333333333, 0.5490196078431373, 0.5217391304347826, 0.5454545454545454, 0.5882352941176471, 0.5106382978723404, 0.5531914893617021, 0.5416666666666666]",0.5624611954312266,0.024927015055088268,0,0.5906122290129033,0.03494128628808809,-1,0.5743371030402328,0.01975246189949801,0,0.5576651935218508,0.037092622954560936,0,0.5908484883789612,0.030613188886334068,-1,0.5578010159304596,0.03734093600434245,0,0.5509945031750823,0.03142219325635606,0,0.5798042828330494,0.027706459486902035,-1
Online shopper,"[0.6490066225165563, 0.6376811594202898, 0.5985401459854015, 0.6573426573426573, 0.5864661654135338, 0.5873015873015873, 0.5801526717557252, 0.6268656716417911, 0.6, 0.647887323943662]",0.6217528972577453,0.02901836063374067,0,0.5997487245855556,0.026946264946570143,0,0.6181189805564378,0.03345055859152314,0,0.5825529555815685,0.04391289135589404,1,0.6129327718455511,0.013536449788785833,0,0.6340678735607679,0.028998187532400372,-1,0.6171244005321205,0.028164996581062827,0,0.6113268692658498,0.021917440550630878,0
Online shopper,"[0.5483870967741935, 0.5703125, 0.5882352941176471, 0.5830258302583026, 0.536, 0.5581395348837209, 0.6036363636363636, 0.5890909090909091, 0.5609756097560976, 0.5939849624060151]",0.5769205745566722,0.017341122673258078,0,0.5634567582347187,0.020637725726955745,0,0.581846780893494,0.012302623961223103,0,0.5679723067228688,0.015634190807235174,0,0.5839601139172822,0.021449446752300753,0,0.5851632535011656,0.008859519704379069,0,0.573178810092325,0.020778887250775296,0,0.5784325436863538,0.018082210279475274,0
Online shopper,"[0.5921787709497207, 0.585635359116022, 0.5775075987841946, 0.5862068965517241, 0.5754985754985755, 0.5875370919881305, 0.5850746268656717, 0.5921450151057401, 0.5739644970414202, 0.5396825396825397]",0.5701776760628923,0.02505156248997663,0,0.5487353271968768,0.02101026998239456,1,0.5827080954423621,0.01682889454135885,0,0.5724460709173211,0.01937134294662574,0,0.5815206009947864,0.009236693554543839,0,0.597638826484108,0.02109772176204278,0,0.5731604489670585,0.016875822815072827,0,0.5795430971583739,0.014611565525660902,0
Online shopper,"[0.5810055865921788, 0.5672514619883041, 0.5862068965517241, 0.546583850931677, 0.5882352941176471, 0.5949008498583569, 0.5714285714285714, 0.5833333333333334, 0.592, 0.6091644204851752]",0.5675459675501451,0.010549351898641068,1,0.5899857746785495,0.01128811710329846,0,0.5721798034466936,0.01549569915024049,0,0.5640668739935137,0.017719777622156128,0,0.5761618183454021,0.009643059054517655,0,0.5761680305128108,0.013746019060064259,0,0.5820110265286969,0.01627039658092805,0,0.5712602019258908,0.01957544466507854,0
Online shopper,"[0.618510158013544, 0.609271523178808, 0.5811138014527845, 0.5924276169265034, 0.5887850467289719, 0.5748218527315915, 0.5829383886255924, 0.5963302752293578, 0.5816554809843401, 0.5901639344262295]",0.5858043705669795,0.013102505846094304,0,0.5884857073859786,0.007239895205478102,0,0.5892594241450433,0.016537834664158143,0,0.5906883596561974,0.024175700717879285,0,0.6017857387668052,0.011458515917779624,0,0.5914265646945387,0.022218994065498356,0,0.5846861149940076,0.016161942174901873,0,0.5916018078297723,0.01278620177632685,0
Online shopper,"[0.6181102362204725, 0.5726495726495726, 0.6297709923664122, 0.6552380952380953, 0.6452830188679245, 0.5967078189300411, 0.6313799621928167, 0.6297709923664122, 0.6221374045801527, 0.6295585412667947]",0.6304745437045918,0.02139377053509738,0,0.6336835899903911,0.024869138700612192,0,0.6403177873640736,0.010614045634207668,0,0.6283004024926451,0.032851822956186674,0,0.6359008468358482,0.010793328851740069,0,0.6485870493763833,0.019099777152029103,0,0.6449059587859376,0.006898926664450026,-1,0.6230606634678695,0.022342381250669868,0
Online shopper,"[0.5669014084507042, 0.6261398176291794, 0.6085578446909667, 0.5831960461285008, 0.5943238731218697, 0.5942492012779552, 0.589041095890411, 0.6, 0.5958904109589042, 0.5872193436960277]",0.5994622910033226,0.009459289340950455,0,0.5866773328790147,0.012061999291934206,0,0.6196694428460205,0.00991537912012698,-1,0.5829722893681939,0.01576464347180909,0,0.6092279068363478,0.00998178788378477,0,0.6212154447897544,0.007163252932185251,-1,0.5945519041844518,0.014843249303162545,0,0.5802834375275785,0.012891282567457031,0
Online shopper,"[0.6064318529862175, 0.6045112781954888, 0.6160583941605839, 0.6419400855920114, 0.6156202143950995, 0.6, 0.6397774687065368, 0.5984962406015037, 0.6162962962962963, 0.6068759342301944]",0.6171966531894715,0.02092877830426902,0,0.6105879233716015,0.021877275774139216,0,0.6217380381510476,0.01804696768333559,0,0.610327969816355,0.01344076654951925,0,0.6020150098603515,0.020220060222120084,0,0.6309655244654306,0.01634273515051063,-1,0.6146007765163931,0.014450202658614594,0,0.6058826040721822,0.01896133869651133,0
Segmentation,"[1.0, 1.0, 1.0, 1.0, 1.0, 1.0, 1.0, 1.0, 1.0, 1.0]",0.9988828394110264,0.002234321177947374,0,0.9994413407821229,0.0016759776536312998,0,1.0,0.0,0,1.0,0.0,0,1.0,0.0,0,1.0,0.0,0,1.0,0.0,0,1.0,0.0,0
Segmentation,"[0.9966440542832173, 0.9966440542832173, 0.9966440542832173, 0.9932904554024141, 0.9966440542832173, 0.9899338219934698, 0.9966440542832173, 0.9966440542832173, 0.9966440542832173, 0.9966440542832173]",0.991629861967467,0.007807915367285064,0,0.9929753463560903,0.010162711728456274,0,0.9949665535316882,0.002704860272589736,0,0.9966440542832175,1.1102230246251565e-16,0,0.9886285222080101,0.006867812407587737,1,0.99496678547562,0.0027046311456077484,0,0.9956376711661623,0.002148156722698794,0,0.995302076594484,0.0026839553818717326,0
Segmentation,"[0.9455120023022223, 0.9285412374668537, 0.9241572562200961, 0.9620858951102138, 0.9452173253689959, 0.9663303883915262, 0.9537140210046943, 0.9325918826543822, 0.9161416944183425, 0.9494534018708993]",0.9469815319870427,0.010711771437669491,0,0.942386664437725,0.00913219693477497,0,0.9433706931005252,0.008990052893964914,0,0.9396882973185468,0.013391110943596162,0,0.9457775373578048,0.009764690252159853,0,0.9410184322101968,0.01257957107516135,0,0.9423745104808227,0.015703922010023873,0,0.942709105514474,0.01173349381579777,0
Segmentation,"[0.9933172597881339, 0.996644528353246, 0.996644528353246, 0.9933172597881339, 0.9899610771376194, 0.9933172597881339, 0.9933172597881339, 0.996644528353246, 0.9933172597881339, 0.996644528353246]",0.9953193089505324,0.002671655992553813,0,0.9882745329942064,0.005465158751503541,1,0.9939782899363543,0.003264604206352438,0,0.9929816182179592,0.0010069247105241152,0,0.9949809414776928,0.001663586880956983,0,0.9936471904383606,0.0009991487678613618,0,0.9943125489491272,0.0021363712519419063,0,0.9932973062913625,0.003975308988353948,0
Segmentation,"[0.99581589958159, 0.99581589958159, 1.0, 0.99581589958159, 0.99581589958159, 0.99581589958159, 0.99581589958159, 0.99581589958159, 1.0, 1.0]",0.9966527777818136,0.0016736111128771223,0,0.9937243188112476,0.0028061259753787977,1,0.9945627665712757,0.005624020404928893,0,0.9979080089007819,0.0020919911058988583,0,0.997489539748954,0.0020497822115340186,0,0.9970711587653838,0.001917376667049718,0,0.997071129707113,0.0019173956882660216,0,0.9958160177765171,0.002646070590777661,0
Segmentation,"[0.9548492701729777, 0.9303291760111053, 0.8878999106463733, 0.957151370509994, 0.933986115590335, 0.9285271303509428, 0.949581444232319, 0.9223164507659379, 0.9330010484802358, 0.9497495110370273]",0.926314814640411,0.018034326853329643,0,0.9356095724963719,0.012150471742433005,0,0.9152552583781421,0.012736156496134042,1,0.9290255481699271,0.01124936104065003,0,0.9278786178420889,0.014211520384999659,0,0.9435655506809917,0.007894128015732067,0,0.9347391427797248,0.019396371088440133,0,0.9118744707746995,0.01846671536115378,1
Segmentation,"[0.9711805765350326, 0.9525408824412689, 0.9572602979884398, 0.9363119800660707, 0.9376652271726764, 0.949863668620169, 0.9713727794095217, 0.9517014910730994, 0.9640746041800041, 0.9638564917901276]",0.958513411875968,0.0069449761369984155,0,0.9537372881711349,0.010464124842088023,0,0.9532015087585778,0.006136809620120494,0,0.9578139291392759,0.012068148585685721,0,0.9570319406086186,0.01367154980585216,0,0.9558237626373483,0.01120363138647869,0,0.955582799927641,0.01177039930617906,0,0.953958245393619,0.017693536152916422,0
Segmentation,"[0.9345597087310054, 0.8882212300473479, 0.9449200851600873, 0.9350802744651817, 0.9253460052139336, 0.934749609593499, 0.942485705579634, 0.9426626512603267, 0.9401270399471618, 0.9374217774009291]",0.9157288195030235,0.029295628527839866,0,0.9283720378606988,0.013049424966526313,0,0.9309169947172447,0.00702837339345589,0,0.9366930088217259,0.008565126595537594,0,0.9386622430782389,0.007454892623424147,0,0.9384962681097628,0.008230052997958351,0,0.9325574087399108,0.015707848532074836,0,0.9290971202720153,0.011651414145589465,0
Segmentation,"[0.9592549394312347, 0.9396205083951257, 0.940064835794763, 0.954673145509212, 0.9475844724300917, 0.942469832942509, 0.9524479402960895, 0.9571167392966416, 0.9405887480406487, 0.9452519580356222]",0.9448178243933679,0.0064061835369030005,0,0.9518297635920463,0.009311162199322926,0,0.9437980162411559,0.009102355393118943,0,0.9456462559520873,0.009169897352509483,0,0.9489408996165126,0.009134236805985952,0,0.9514393250905362,0.006062564755363058,0,0.9479073120171936,0.007074137699077785,0,0.9432384394135974,0.008027125307716492,0
Segmentation,"[0.9613752648450732, 0.9565783071394026, 0.9568385243549556, 0.9491917050601795, 0.9614374639808596, 0.9591875707958698, 0.9249701020174416, 0.9593406073104167, 0.9587650994118091, 0.9664532143756521]",0.95260024846738,0.007855763159903374,0,0.9547848863331087,0.005984146102056677,0,0.9521779516110296,0.007290679079942856,0,0.9571890810855319,0.003955383036561518,0,0.9568274424690266,0.006553525992418013,0,0.9542334303013572,0.0041008483305476386,0,0.9554137859291659,0.01097043189071385,0,0.9497741670075486,0.020162756648778146,0
Segmentation,"[0.8799422799422798, 0.8858717040535222, 0.9068783068783068, 0.8794612794612795, 0.9393939393939394, 0.9367003367003367, 0.9132996632996632, 0.9063973063973064, 0.9393939393939394, 0.9393939393939394]",0.8858732345095982,0.03089277210516885,0,0.8832815164633345,0.03611959299728348,1,0.8657411780139054,0.03882341644898743,1,0.8705470287288468,0.02102727837853279,1,0.8981466345102709,0.02788485252245592,0,0.8744315448860902,0.024567253360374783,1,0.9126732694914514,0.02384391348117813,0,0.8805785964876873,0.04801552521895826,0
Segmentation,"[0.8700738635164864, 0.9177156177156176, 0.9510003128458971, 0.9356980223783501, 0.8608022250817765, 0.9091334894613583, 0.928176697029156, 0.918107302533532, 0.9271842911187173, 0.9261858072902077]",0.9090375139197681,0.019125097728645086,0,0.9224172944811129,0.010988826329321553,0,0.9131001851455774,0.025586028623536004,0,0.9244674261211259,0.010916039257181943,0,0.9127845808773509,0.033804613761264396,0,0.9208330908492247,0.020390261315160033,0,0.91440776289711,0.026786806802693384,0,0.9256069919524947,0.01772965900425217,0
Segmentation,"[0.940771069077367, 0.9360128620306941, 0.955536007506451, 0.9558789791274214, 0.9461189368937993, 0.9458373531445856, 0.955880336301143, 0.9361774801784822, 0.9609519436061976, 0.9421903512129907]",0.9281671313546855,0.029208833573559533,0,0.9428990197136461,0.0038903334988986005,0,0.9349209031490089,0.011988384380608815,0,0.9356524321502258,0.011299140369578554,1,0.9289295060078686,0.019163156962290744,1,0.9419380047569088,0.00662015573848297,0,0.9475355319079132,0.008510307346435217,0,0.9265906097973649,0.0144827856226773,1
Segmentation,"[0.9678575305691007, 0.9569990579972353, 0.9612779136053771, 0.9499150456211704, 0.9601795792187251, 0.9571954027412207, 0.9711839230983795, 0.9427675445960896, 0.9608880885881632, 0.9784137199347346]",0.9609830188444686,0.008169416470271298,0,0.9635307964881227,0.00383016610977357,0,0.958408631455792,0.006714667633055603,0,0.9521174973062131,0.01082049067649806,1,0.9584087278063101,0.009247305517075817,0,0.9669136705675662,0.008619594952524647,0,0.9606677805970195,0.009692347244449513,0,0.9572849739145607,0.020198527323247607,0
Segmentation,"[0.9599474079937392, 0.9574231407308422, 0.9324942718421426, 0.9548485999206724, 0.9627006866523109, 0.9600336484388797, 0.9499125644100639, 0.9447007130604911, 0.9526078146337167, 0.9707510418986687]",0.9438022449023477,0.008619207887690434,0,0.9475708110738876,0.009724282645173624,0,0.9407088196742197,0.007289333230807157,1,0.9365941974889687,0.016681536425607754,1,0.9451232524738998,0.03174750717171665,0,0.9505879993715578,0.009877781326527186,0,0.9545419889581529,0.010025940420731193,0,0.9548872873765054,0.007498986954252789,0
Segmentation,"[0.9619331082560032, 0.9595404307724343, 0.9590298788336254, 0.9569992732748919, 0.9593643422855805, 0.9548522205322161, 0.9690651873911207, 0.9568296677079443, 0.9546468039546873, 0.9475975011389306]",0.9451509928197049,0.02612431556457799,0,0.9508859456132497,0.01025164057321232,0,0.9471615508229425,0.00489878916383147,1,0.9515144181496608,0.011491645759194495,0,0.9574016643573755,0.0019156947519452785,0,0.9590043074593201,0.0056130209749376695,0,0.9579858414147436,0.005243436551064147,0,0.9508751021575739,0.006042499096247209,1
Students Performance,"[0.9454545454545454, 0.9259259259259259, 0.9192546583850931, 0.9285714285714286, 0.9333333333333333, 0.9570552147239264, 0.9047619047619048, 0.9390243902439024, 0.9146341463414634, 0.9325153374233128]",0.9483300848546989,0.017966745753105487,0,0.9300530885164836,0.014411277736579672,0,0.9201776643264337,0.012742639554050146,0,0.9091581850446249,0.027839630674245674,1,0.9462334961031521,0.01128307811170517,-1,0.951265440134749,0.009119659438329002,-1,0.9395934792665109,0.011292412734932741,0,0.9419561314483913,0.014900730356511354,0
Students Performance,"[0.8871247739602169, 0.8795906718266476, 0.8870727833070597, 0.8936928909747448, 0.8805802815948013, 0.8866421090889027, 0.8936928909747448, 0.8936928909747448, 0.8800636819366235, 0.8870727833070597]",0.8827778602786054,0.009673855204914789,0,0.8832352958944089,0.011345678136434533,0,0.8853150971397294,0.006745678776330273,0,0.8479732886253618,0.016013693728462706,1,0.888408539096177,0.004168841376404888,0,0.8869982779724893,0.007350639652480531,0,0.8869225757945545,0.005279224466219853,0,0.8833981573878678,0.008228015966783785,0
Students Performance,"[0.9776876267748479, 0.9796747967479674, 0.9795081967213115, 0.9836734693877551, 0.9775967413441955, 0.9734151329243353, 0.975609756097561, 0.9796747967479674, 0.9795918367346939, 0.9775967413441955]",0.9784624736652077,0.002542187737110919,0,0.9784029094824829,0.0026103729302642234,0,0.9800248643484706,0.001992548238648871,0,0.9764580492550566,0.004780131694377768,0,0.9800703949845477,0.0021367530580056527,0,0.9788641750705874,0.0018345815869145858,0,0.9804769497181812,0.002216768515417987,0,0.9804761402803102,0.002030361580647355,0
Students Performance,"[0.9095734280967191, 0.9043686397344034, 0.9045045167332018, 0.8839907512248306, 0.9074842529560092, 0.8975017697187508, 0.9043083358125434, 0.9176481498543743, 0.9048397464893093, 0.9071101900898584]",0.90848494131296,0.008800957478346272,0,0.8830352232931714,0.009614455691754956,1,0.8910580899725735,0.008447695036900106,1,0.8867547878188053,0.011538227026887211,1,0.9130346930342362,0.008219220769969988,0,0.9019143265053806,0.007705942386943146,0,0.9041329780709999,0.008262924878285078,0,0.9056435635769617,0.0061874617369148685,0
Students Performance,"[0.9063650688885022, 0.9020687548793633, 0.909664645811098, 0.9136095792478929, 0.9211465708120821, 0.9061712071828301, 0.914141378132905, 0.9094803383321847, 0.8915368184371806, 0.9112904864821868]",0.9053659895133149,0.005928751569998523,0,0.8878772111961659,0.010700438361814725,1,0.8789376920058372,0.006733682775969693,1,0.8728575809484264,0.011795823733524596,1,0.9052364460839855,0.006032524601776522,0,0.9061608057416857,0.005755860543025714,0,0.9085474848206225,0.007530219650456323,0,0.9064536638717356,0.009102191991522136,0
Students Performance,"[0.8984952259927298, 0.9009862024938105, 0.889500447549537, 0.8943226860862288, 0.904983371479639, 0.9049058179395205, 0.9090621644781259, 0.9009676643538223, 0.9022433837810562, 0.9084642582819907]",0.8992573579655068,0.007242129668021895,0,0.8742625595322739,0.006956769001353086,1,0.8531114170353848,0.006965366477653039,1,0.8614274120555645,0.011342033247259981,1,0.8989062623292512,0.00460312946003194,0,0.8978635072753859,0.006984449579605617,0,0.901393122243646,0.005787384716720355,0,0.9027238854343576,0.006523181131903287,0
Students Performance,"[0.9256286823727592, 0.9108324376921235, 0.9105713903048442, 0.910401209340984, 0.9167892437378973, 0.906322479564336, 0.9083327374025755, 0.91487195694733, 0.9184784500483685, 0.9229754446155692]",0.9115976082870653,0.00786792451760567,0,0.891691012356995,0.0081518323826431,1,0.8764903024104316,0.015675199337002153,1,0.8632387592319594,0.011359800177198497,1,0.9065233782960638,0.0030865689384778476,1,0.9097399708236503,0.008220358480019596,0,0.9145204032026786,0.006061977105159985,0,0.9078038075278989,0.0061831712304461625,1
Students Performance,"[0.8957337865058855, 0.8937664658780601, 0.906099649981014, 0.8977900129233833, 0.9125188192080856, 0.8917946135470262, 0.8796281217101976, 0.9046262626762046, 0.8935417701220237, 0.892700683778641]",0.8905821685353915,0.008464707349384096,1,0.8738459887639298,0.008369144673070152,1,0.8564998887193498,0.010089517636476576,1,0.8413075275893096,0.01211940142372596,1,0.8940892406947804,0.0038674373380052896,0,0.8918389568004003,0.005617649952777388,0,0.896820018633052,0.008680312011226468,0,0.8892249879698714,0.015432967956964043,0
Students Performance,"[0.8999657609551157, 0.9054923465401006, 0.9122879038776093, 0.8996898936008192, 0.9106089164137542, 0.9146121251097663, 0.9187884077519612, 0.9099156300143204, 0.9124151353439537, 0.906041182592393]",0.9059368475930546,0.004207804116264135,0,0.8812316947141376,0.006797495852715428,1,0.8568836385332596,0.010596726539125802,1,0.8767059965171354,0.010728414252040488,1,0.907204762156654,0.008005708802058586,0,0.9073788207136572,0.006948197471690309,0,0.9089817302199794,0.005852860650345934,0,0.9000674132604992,0.005147275372386892,1
Students Performance,"[0.89723158906517, 0.8994255997354919, 0.8886535219414163, 0.8956679055791075, 0.9102083948785649, 0.8954224921423084, 0.8955637618048319, 0.9083589221633724, 0.9038603675037569, 0.8915456226088166]",0.8915470632726847,0.02015553529462179,0,0.8841832492879028,0.008458860266538845,1,0.862782740950251,0.00791280762953109,1,0.8800790357948098,0.0062902643732994454,1,0.8984748344720863,0.005793342726806718,0,0.8984337314708671,0.006337548202819037,0,0.8985938177422836,0.006609279713647923,0,0.8966162197915392,0.0038630424773592993,0
Students Performance,"[0.7869620632778527, 0.8390682588825004, 0.8116622574955907, 0.7533376332989337, 0.7057194616977226, 0.7382154882154881, 0.7646259505813282, 0.7571422241450407, 0.7935675403924831, 0.8772246272246272]",0.7735362435393652,0.035184309779907656,0,0.7465558537641106,0.03622470911645949,0,0.7528434903651264,0.03121378972698314,0,0.7540664510580659,0.046824144850456495,0,0.7563158142089587,0.03568507237197932,0,0.7929521263027712,0.026859981738220108,0,0.7827525505211568,0.047785179643878864,0,0.7722164268490971,0.02847120358559393,0
Students Performance,"[0.8695156165866309, 0.8712534502876818, 0.8649136836760599, 0.8688111210313307, 0.8798270013588227, 0.8847375185393033, 0.8899550393106678, 0.8760577509129722, 0.8647134452661274, 0.8658965463335923]",0.8645476929037281,0.011964691365379605,0,0.8426717797355752,0.013033984580076778,1,0.8056523058677687,0.021314207340123157,1,0.8018693823783668,0.0252624431646437,1,0.8647089965876944,0.013476681807687897,0,0.8640923482154405,0.010827792666709125,1,0.8735681173303188,0.008338018591956063,0,0.8629536764907044,0.007818061183924823,1
Students Performance,"[0.8387762343332298, 0.8479363662731596, 0.8098156878151979, 0.8433107023297123, 0.829530319208722, 0.8183972125435539, 0.8279856778218945, 0.8580943020734777, 0.8343933349369491, 0.8101555669427811]",0.8186313587319726,0.010412867025818456,0,0.7871996018226021,0.01842879633603673,1,0.7822086580578953,0.01834160828485227,1,0.7619417255614938,0.03309861200745268,1,0.8361633228678208,0.014590313587091813,0,0.8210295055399918,0.017045573268026686,0,0.8318395404278679,0.015135300406835991,0,0.81540221308248,0.017756979151016185,0
Students Performance,"[0.8829499209758104, 0.8777557460360254, 0.8872291755820287, 0.876502121017723, 0.8179985003025498, 0.8554609335120692, 0.8638449843627, 0.8902769970001404, 0.8829434557519208, 0.8738704617309797]",0.8782330837647594,0.011210886621710518,0,0.8388810840002117,0.006981784019263387,1,0.823331002622376,0.01920571132555873,1,0.8253952705962643,0.016972562767419045,1,0.8747195855938941,0.013053392629265678,0,0.8771208596658397,0.006015362331201109,0,0.8708832296271947,0.020263928404565104,0,0.8705294822777058,0.009790495026653252,0
Students Performance,"[0.8651940323520714, 0.8693452385312881, 0.8613958845391183, 0.8662360373346019, 0.8464733424279942, 0.8489291959214051, 0.8750562656471257, 0.8689348808847134, 0.8669601420138873, 0.8646220667882347]",0.8646857491079551,0.0060355898021781755,0,0.8334909923222563,0.012254703991368862,1,0.8141094207017889,0.00958430210195436,1,0.8223594739522067,0.009322541589081235,1,0.863306564399464,0.013295540974730399,0,0.8647162757451763,0.009755052022682379,0,0.863314708644044,0.008527242546939085,0,0.863145195808443,0.007597703340267856,0
Students Performance,"[0.8663163947355917, 0.8770802066301837, 0.8617507633193822, 0.8728562814876704, 0.866497354254557, 0.8668055579688424, 0.86859356713244, 0.8647160375227169, 0.8162562446436286, 0.8620975111388169]",0.8658522715326628,0.009137726471364242,0,0.8446231554185267,0.00717131170521748,1,0.8270768080985228,0.01179635180204589,1,0.8284470910575124,0.017108429341592072,1,0.8733257138546803,0.005598192110588522,0,0.866847544305047,0.007390718633095105,0,0.8622969918833829,0.01596795244532143,0,0.8651989747819323,0.007550675694621222,0
Students Performance Burnout,"[0.5871750254513304, 0.5810646369167728, 0.5739596066856624, 0.5818715456272365, 0.5717259870097573, 0.57732812788288, 0.5625466794592026, 0.6200233986474644, 0.5999885430735239, 0.5733074234968656]",0.5797185432664907,0.012160289633994424,0,0.5344049034149995,0.026818158878333248,1,0.5575909518511228,0.013312010549551992,1,0.5505125460442957,0.016452385886504033,1,0.5769712043356975,0.015722838678298236,0,0.5905358935315681,0.014085951643977617,0,0.5828990974250695,0.01560441373726394,0,0.579096604839296,0.018926796292775997,0
Students Performance Burnout,"[0.5677043855026388, 0.5683300876065976, 0.5509153757009666, 0.5592017587084228, 0.5642230337750999, 0.557286546687279, 0.5339326169050874, 0.5552642169570094, 0.554417134087271, 0.5766886581483686]",0.5558490867353006,0.014585450317768792,0,0.5183945166366498,0.020523559358357212,1,0.5527633642116605,0.011202732864577762,0,0.5245783022982564,0.016307079403297824,1,0.5618059978238777,0.01148193018924013,0,0.5569366029200173,0.01401047819048448,0,0.5587963814078741,0.011109640742857979,0,0.5604494820908357,0.010433388994580923,0
Students Performance Burnout,"[0.6863124146752967, 0.7000897166420742, 0.6969003561657914, 0.6881056654514448, 0.6639596696605362, 0.7005655968470618, 0.695764077776795, 0.7056664234767177, 0.6623895906700398, 0.6855650884574235]",0.6956645776332095,0.012444950969705791,0,0.6582135853766864,0.02365216181503858,1,0.6759792284936605,0.01953171230847597,1,0.6592600607579178,0.015158602379453325,1,0.694133738734525,0.014640716863572762,0,0.7021491258002082,0.011118259526223888,-1,0.6885318599823181,0.014126021863129118,0,0.6978371950092808,0.010220438688606127,0
Students Performance Burnout,"[0.37349101237203336, 0.3740820946497689, 0.3539193402324182, 0.3725823464861371, 0.40315292314710105, 0.2037962037962038, 0.3676441873499449, 0.38028134479630005, 0.37478086278118106, 0.3945118529953778]",0.37405274742584654,0.024041180898899304,0,0.3313281010522525,0.0192583407799866,0,0.36978250043737076,0.016231772278173073,0,0.30925021612500403,0.010043108857039185,1,0.36654346472365146,0.014430361712762687,0,0.35982421686064664,0.053587687808924665,0,0.3706154823116131,0.01051809400530182,0,0.36827907019156536,0.012931043384971898,0
Students Performance Burnout,"[0.6625754674483952, 0.6098728616294132, 0.6443341819877259, 0.6095167477332699, 0.6391272822298757, 0.6491266257026485, 0.5886665860497908, 0.6435301646433553, 0.6483401651767725, 0.6505474300947635]",0.6267981375140506,0.0170564531758232,0,0.5962548008157793,0.015458320410980787,1,0.6278649128938911,0.01921961548069614,0,0.6064478128348434,0.012974351401501208,1,0.6236760115607247,0.013929841133180774,0,0.6393401342660957,0.01959489467321579,0,0.6345637512696011,0.02232090279666406,0,0.6388214276610433,0.01289659233071394,0
Students Performance Burnout,"[0.33402529704788353, 0.32926823314746856, 0.3285756828217577, 0.32066118519348324, 0.31890889929221106, 0.3309064620874919, 0.3335115390659611, 0.33514542523683777, 0.3207221470367163, 0.31707993399474843]",0.32896703235428276,0.012669217617964466,0,0.30537112491863744,0.008486696603170894,1,0.3259403476109323,0.013677169221142843,0,0.2988886169621267,0.014610395758269877,1,0.33674214697994465,0.01143313405445389,0,0.35808886940904144,0.00931429363443333,-1,0.32595172865777355,0.013657278278090216,0,0.326880480492456,0.006513937196348626,0
Students Performance Burnout,"[0.2947501031333918, 0.2847606755049128, 0.28476008932410474, 0.31366190278329814, 0.28511118241669064, 0.29009458923758824, 0.3053874088588122, 0.19004524886877827, 0.1851179673321234, 0.27430795707760036]",0.26809259921085127,0.010236491735535092,0,0.23992011250809778,0.012512824045870166,0,0.264042873711814,0.010216564401507214,0,0.24367811499825143,0.013674574953536947,0,0.2688922630895675,0.00870758452036376,0,0.27079971245373,0.04295225370893737,0,0.2610818739696858,0.008589181523403669,0,0.2583289192981949,0.006536279709115434,0
Students Performance Burnout,"[0.18970803154810673, 0.18548099247726843, 0.18380289425791474, 0.1859618009980104, 0.19363588179068966, 0.1952468975850033, 0.18606155191449153, 0.18660352621165593, 0.1793647743347025, 0.18159414169070703]",0.19331740634445357,0.006968608669169555,-1,0.186746049280855,0.004699993080289252,0,0.20622141910828806,0.013749712611150577,-1,0.1752742822719277,0.008152660949759702,1,0.1962271640615543,0.008709506419522492,-1,0.21996877896171735,0.0388288708624655,-1,0.1991439722161476,0.005815328777910147,-1,0.19639539468876024,0.00658491892786434,-1
Students Performance Burnout,"[0.2623179095618031, 0.2700327466281209, 0.28094188749119037, 0.19004524886877827, 0.28144032709037686, 0.2675914363641612, 0.2635385370435377, 0.28789854176899793, 0.18346957311534967, 0.18676337262012693]",0.20678980800752894,0.013513277842240648,1,0.19840295614192197,0.010288651307217433,1,0.21533572568267584,0.013315456167908375,1,0.18889241999925416,0.011602109676673005,1,0.21336850907122198,0.009343428487604387,1,0.2474039580552443,0.04047262417808958,0,0.21833087837660922,0.005545922300462919,0,0.21669845263723303,0.008569961783756823,0
Students Performance Burnout,"[0.181181052117178, 0.16849650503554614, 0.18604133758532354, 0.19857602054599918, 0.1851090305377988, 0.18830249737169852, 0.1888355481728882, 0.18467358598498854, 0.16286071946033043, 0.17526740423786952]",0.19571085674619987,0.009445967978322254,-1,0.18193437010496208,0.009944692432645591,0,0.20998359004884257,0.008407753861373869,-1,0.17882906776064345,0.011907186189193822,0,0.19940133410413574,0.006109785008472239,-1,0.22830189983359017,0.03471632484230625,-1,0.19571468516358834,0.008055121240399865,-1,0.19710288178791438,0.011604948162746773,-1
Students Performance Burnout,"[0.3304117666859776, 0.30634392691682233, 0.31086442697440114, 0.3087598713814353, 0.3109636650245787, 0.366837789537519, 0.39294226171320956, 0.32762343792904547, 0.33453848775664974, 0.3166758509714551]",0.3201707693573987,0.020266287845896236,0,0.2874134855037362,0.01760004758138559,1,0.32376431061966304,0.021709357117030748,0,0.257861064048726,0.025656878397897848,1,0.3429072599617709,0.020931756949071283,0,0.26460518469789984,0.08086792765950714,0,0.33059614848910945,0.026941511829649132,0,0.33281234527662906,0.028394325895470546,0
Students Performance Burnout,"[0.34855758479207233, 0.32210962884918437, 0.32194594765402756, 0.35495526886306855, 0.36861870338066893, 0.33629725651108794, 0.3502027027934001, 0.31567169626883723, 0.32401533080976364, 0.35196720693888883]",0.34412112992031696,0.02354561626314981,0,0.3086658092150881,0.020825896647862,1,0.3296177395384651,0.021175683638400042,0,0.296144799699744,0.016560328546247463,1,0.34161152598738204,0.016916922636480602,0,0.24778624402331104,0.07511571778877799,1,0.3394341326861,0.016932602110711913,0,0.33347684426845225,0.020938226108323653,0
Students Performance Burnout,"[0.3487136949042861, 0.375929888598056, 0.3502011603676038, 0.3531089946512795, 0.3484787395865411, 0.3842083930048832, 0.36373173810601855, 0.3707332888092477, 0.36058983657509613, 0.3467923527345025]",0.3558105243885903,0.019514403562382675,0,0.31351099213098527,0.017508910998269206,1,0.3512455098804931,0.01405406233298561,0,0.2913066382734271,0.012207640692165836,1,0.3707497165057328,0.027824804329854284,0,0.2767403946808486,0.08941222471697242,1,0.36024880873375154,0.012436764584412563,0,0.3507706156819258,0.015640905094691005,0
Students Performance Burnout,"[0.3558716659659421, 0.32842705699800073, 0.34881008515834516, 0.3437759011803497, 0.3498117220118473, 0.3541666676906214, 0.33703124077781427, 0.3401134990042314, 0.3470587245067999, 0.35949558960100925]",0.34976764213812783,0.016761231521259027,0,0.31066745765718384,0.008336299068717034,1,0.3442442858272128,0.012525332855062165,0,0.30285797045717616,0.014855975604039583,1,0.3735751012242067,0.021977500311546362,-1,0.32349548382312143,0.06818710796003695,0,0.3464562152894961,0.008925161304039333,0,0.3476848437634274,0.013324784332557132,0
Students Performance Burnout,"[0.29960880546133, 0.33577538656503286, 0.3436237815071941, 0.34654621493191257, 0.3367074732302636, 0.30965423590695534, 0.33867732086027413, 0.3144178578000639, 0.3317811177431149, 0.32495799089717886]",0.3309570644139735,0.016650881081799206,0,0.292427090248119,0.014348868293469206,1,0.32525488293800303,0.0196336112040277,0,0.28635310478597287,0.011972117557956616,1,0.3286560933128853,0.017862252726844413,0,0.2603225953476511,0.0722707788846621,1,0.328175018490332,0.014794230207107203,0,0.33360234835665725,0.012352218307776577,0
Students Performance Burnout,"[0.355004712232734, 0.31378170109084635, 0.31088147916776604, 0.32199439437869204, 0.3341702242789393, 0.32758498087825905, 0.33295548196558666, 0.3394121582504166, 0.32680999493001267, 0.3217179990885935]",0.3228495657411551,0.005421771151109536,0,0.29909003245415916,0.0160503828507598,1,0.3292785375644275,0.012593206182559592,0,0.29437493895452205,0.006649186240042762,1,0.34085807101228427,0.01809101834388267,0,0.26821441831344517,0.08015572922580842,0,0.3284313126261846,0.01221713128633396,0,0.3304082922820911,0.015312830749520242,0
Vehicle,"[0.9876543209876543, 0.9876543209876543, 0.9876543209876543, 0.9876543209876543, 0.9876543209876543, 0.9876543209876543, 0.9876543209876543, 0.9876543209876543, 0.9876543209876543, 0.9876543209876543]",0.9876543209876545,2.220446049250313e-16,0,0.9876543209876545,2.220446049250313e-16,0,0.9815108401084011,0.008261443665655023,0,0.9864498644986451,0.0036133694670279935,0,0.9863888888888889,0.0037962962962962868,0,0.9863888888888891,0.0037962962962962863,0,0.9876543209876545,2.220446049250313e-16,0,0.9876543209876545,2.220446049250313e-16,0
Vehicle,"[0.75, 0.7391304347826086, 0.7126436781609196, 0.6818181818181818, 0.7777777777777778, 0.7764705882352941, 0.7209302325581395, 0.7333333333333333, 0.7659574468085106, 0.6966292134831461]",0.7207970194758714,0.023852823418527614,0,0.6881363533411757,0.032662702112115284,1,0.7261133818978203,0.03888387480272191,0,0.6945856334228264,0.03853850919448632,1,0.7255928756680909,0.04607783096819812,0,0.7104091075415314,0.028312231308729813,0,0.7354690886957912,0.031223606174496443,0,0.7370151620022627,0.02637977199871043,0
Vehicle,"[0.9887640449438202, 1.0, 0.9885057471264368, 0.9887640449438202, 0.9887640449438202, 0.9887640449438202, 1.0, 1.0, 0.9887640449438202, 0.9887640449438202]",0.9898362744062086,0.006108303458647797,0,0.9943561926901717,0.005644280146437444,0,0.9863888791048806,0.008510860646601401,0,0.9887126789005907,0.00508269024140719,0,0.9875638406537283,0.007963916210780667,0,0.9864399516278635,0.004584248945963262,0,0.9921090016789359,0.005166424491251084,0,0.984167517875383,0.005629572953281029,1
Vehicle,"[0.8076026470779831, 0.7834400340493594, 0.7609323672080022, 0.7552594854859097, 0.7482382371335026, 0.7589773664576906, 0.7803085048359829, 0.7748779359470759, 0.8029835266460389, 0.7670240809502096]",0.7596239351813208,0.014077681964069824,0,0.7580628441688241,0.017838502221376448,1,0.7384800488429287,0.02270903419369313,1,0.7582194405708773,0.00905896049241145,1,0.7572493708919551,0.01423448941709723,0,0.7524444024370991,0.021425865387178104,1,0.7739644185791754,0.018864871048922188,0,0.7544086883951102,0.012852692750871005,1
Vehicle,"[0.7747827448430661, 0.7808913418959685, 0.7988550170541082, 0.8105244358742558, 0.8146412248169496, 0.7918493425772477, 0.7700046103095053, 0.7926249374939145, 0.768542436500914, 0.7894540687595389]",0.7970688716675483,0.02088429628137489,0,0.7772832184469936,0.018547358243893995,1,0.774477756088968,0.012415102225258623,1,0.7874556648989763,0.013485743036097592,0,0.7929057193454427,0.010757318287140131,0,0.7906874043287171,0.019983468328656624,0,0.7892170160125468,0.01511987655079256,0,0.7851047318224395,0.019139853769175433,0
Vehicle,"[0.7852559623263106, 0.8106184579469528, 0.8094338404251182, 0.8038558754944595, 0.8026542324246771, 0.7976279213126689, 0.8159169445968406, 0.7820947335885037, 0.7967711203520176, 0.8209222062808863]",0.7994180590956236,0.013057902628336265,0,0.8122652232155494,0.01113477877351768,0,0.798572287756305,0.011902294370145889,0,0.7940197176869036,0.01644969247644373,0,0.8046124033817762,0.012757546559606703,0,0.7975775011466909,0.004425733365201598,0,0.8025151294748436,0.01185549843493407,0,0.8057373482504196,0.012040078152168872,0
Vehicle,"[0.8175686274509805, 0.7885913338196636, 0.8193499994844305, 0.8082281038561371, 0.823388211167574, 0.8079586976793142, 0.7974836216577494, 0.8035417444424013, 0.83742169028263, 0.8307456165547881]",0.8061025238110504,0.012458457108659435,0,0.8194980806736668,0.018147167275916774,0,0.8139780882269061,0.01749002946896234,0,0.8100552029605058,0.016952947863969847,0,0.8157855634934847,0.02013679963643775,0,0.8119872691008716,0.015143775482055763,0,0.8134277646395669,0.014327564763259795,0,0.8176179823323325,0.018134248292506608,0
Vehicle,"[0.8182513614556605, 0.7789863850660594, 0.830188706225542, 0.8183928351168314, 0.8101230061260352, 0.8137767543822383, 0.8242182801358305, 0.8274408488234756, 0.7929654962760299, 0.8250343932829063]",0.8129572150854738,0.013216407379129136,0,0.8075362410516191,0.018911994342050736,0,0.7851434166339947,0.00892102666016858,1,0.8348426201216039,0.01503341884419371,-1,0.8161749760062579,0.015103597863248695,0,0.8136466710791386,0.01510896284016235,0,0.8139378066890609,0.015458714702976632,0,0.8153875508075827,0.008514327285840485,0
Vehicle,"[0.7839243264112958, 0.8087902354162789, 0.8010952695685016, 0.7910542607887391, 0.8243430498894637, 0.7843923369956121, 0.7893411571260458, 0.7912972533041737, 0.7785086747877445, 0.8186131037780966]",0.7931731951756102,0.01720351072491063,0,0.8062869375815092,0.016701159712692246,0,0.7839279886125127,0.020009123984445428,1,0.8167020955830591,0.014599987528134047,-1,0.7951552207201003,0.010367323070384923,0,0.7990816087837933,0.020835894657432536,0,0.7971359668065952,0.014726680446096591,0,0.7904172728534216,0.017321799521938044,0
Vehicle,"[0.7151410614802038, 0.7549560314979931, 0.7702246074339097, 0.6839323467230444, 0.7922480620155038, 0.726215644820296, 0.7720159853628004, 0.7314908437254242, 0.7038817975170484, 0.64124416197217]",0.7048814407958146,0.03750411198496002,0,0.7459870383991943,0.04146746966385955,0,0.6702340053336213,0.04744349099733732,1,0.7759492448795964,0.044145480140644414,-1,0.7348639634741383,0.03981098930431008,0,0.7221098702981263,0.035222122828728844,0,0.7291350542548394,0.04335069257474076,0,0.7164428681512136,0.036635109465305876,0
Vehicle,"[0.7569566634082763, 0.7576969696969696, 0.7258126721763086, 0.7793620414673045, 0.810298780228654, 0.7874545454545455, 0.7778236914600551, 0.7745358725595881, 0.7778236914600551, 0.7452066115702479]",0.7661984402611154,0.027267674076989663,0,0.7758908736181666,0.031646858931432494,0,0.7483806752839874,0.03660025696769124,0,0.7972098076430971,0.025590771694288163,-1,0.7756751525724941,0.03543245015470649,0,0.7714117271516657,0.026551884853470903,0,0.7692971539482005,0.022456803890497635,0,0.7793527087499961,0.036253512192863054,0
Vehicle,"[0.6915270533873801, 0.7697501487209994, 0.7227417890353487, 0.7012195121951219, 0.7720572663643649, 0.7344286034867249, 0.7603955978584177, 0.757786503766953, 0.6901515388709727, 0.6952536161043003]",0.7158188798136259,0.0325529623971296,0,0.7474879663829995,0.03584862986396065,0,0.7004479080630477,0.029105167058757108,1,0.7258232607072652,0.018462629600211986,0,0.7113933827755163,0.020221960885527145,1,0.7130296741255695,0.027937653731233327,0,0.7295311629790583,0.03196664098618652,0,0.72556742704312,0.028713048232624726,0
Vehicle,"[0.7232228178304642, 0.6952894880561163, 0.7289292598866757, 0.7279777196536353, 0.7992543358109395, 0.7829151980095377, 0.7504531955556387, 0.7592079808384697, 0.7762584539345992, 0.7371341783982709]",0.7330993089799408,0.02796817501755841,0,0.7423692111583604,0.030117322493468594,0,0.728731579931003,0.018617988013568124,0,0.7338295458773796,0.0237541829156772,0,0.7475713129592945,0.025646872889510668,0,0.7423417988764908,0.03383736280739459,0,0.7480642627974348,0.030085165214014806,0,0.7359624802905274,0.03326008535573192,0
Vehicle,"[0.7888242667117721, 0.7997887450205264, 0.7965802303924208, 0.7751470488696767, 0.7526816475486123, 0.7897629509733224, 0.7987837289844589, 0.8133737675768207, 0.7708009299024663, 0.8084872248705866]",0.7813612696986926,0.03024682704469657,0,0.8168794141596539,0.01741008690034483,-1,0.7703719677558974,0.020646310174955537,1,0.7878755924050627,0.016232171580509092,0,0.778814472303944,0.02314382974729608,0,0.7734362196460742,0.019960715371823836,1,0.7894230540850664,0.01756236631212263,0,0.7709407773232976,0.02049809702711985,0
Vehicle,"[0.804741439752211, 0.8755023801655845, 0.8305281047203098, 0.8109127586149407, 0.8374775398667366, 0.8280158157951958, 0.8200220219276481, 0.7905431835536006, 0.8372188108961708, 0.8235364595645914]",0.8225102820958906,0.013939446410246683,0,0.8212887152124969,0.013640023210807999,0,0.7919021620680778,0.02148232930787427,1,0.8390149948361808,0.017846368144813073,0,0.8189338282508561,0.02219088174629072,0,0.8206236218393853,0.016473066624725356,0,0.8258498514856989,0.021704758472587043,0,0.828842248326436,0.024170092575215754,0
Vehicle,"[0.8102915722096056, 0.8021428924807938, 0.8075400337973767, 0.8193516123869896, 0.8066074610862572, 0.8031558975734315, 0.7950443164096683, 0.7889716535701502, 0.8001026949767597, 0.7953015098901917]",0.7997910114498963,0.02123640536976575,0,0.8229172976920361,0.0107485320343934,-1,0.7646911872662112,0.01869830706553678,1,0.825199532877867,0.0199342357767396,-1,0.8062666035769513,0.014108474724864989,0,0.7880569514795022,0.017489731972920725,0,0.8028509644381223,0.008261073102158885,0,0.7974352277081223,0.022149722111149024,0
Vowel,"[1.0, 1.0, 0.9888974688974688, 1.0, 1.0, 1.0, 0.9888974688974688, 0.9777949377949379, 1.0, 1.0]",0.9922282282282282,0.007109088599946911,0,0.9933367653367652,0.00736820864424451,0,0.9867853959005023,0.016044747282978503,0,0.9900077220077218,0.0033307593307593695,0,0.9966692406692406,0.005087818918295089,0,0.9888974688974688,0.008599983612170537,0,0.9955589875589876,0.007364585978069312,0,0.9900077220077218,0.007771771771771758,0
Vowel,"[0.9888974688974688, 1.0, 1.0, 0.9888974688974688, 1.0, 0.9888974688974688, 0.9888974688974688, 1.0, 0.9778465772273822, 1.0]",0.9900598455598455,0.012467954320470407,0,0.9822730116228569,0.019269154134868183,0,0.9856111196374353,0.018504712143517798,0,0.998889746889747,0.0033307593307593695,0,0.9933436452817258,0.007353695307245957,0,0.9933436452817256,0.007353695307245957,0,0.9933436452817258,0.007353695307245957,0,0.9911274450036058,0.009665941514438059,0
Vowel,"[0.9841761265909873, 0.9841761265909873, 0.9763569763569764, 0.9683522531819746, 0.9682539682539683, 0.9841392412820985, 0.9125033242680302, 0.9522416337542388, 0.9684265969980256, 0.9841392412820984]",0.9294594738831454,0.09161906635158218,0,0.9567935228638186,0.016374573155300384,0,0.9435629656964422,0.025267723820251373,1,0.9756450222659863,0.010124608364602057,0,0.9608813194626993,0.011524101804742002,0,0.9677548799264855,0.012880332906777377,0,0.9682765488559386,0.021075901673818478,0,0.961456860169819,0.018936494465224364,0
Vowel,"[0.9630345958519334, 0.9814957814957815, 0.9629915629915629, 0.9722867051040425, 0.9814957814957815, 0.9814957814957815, 0.9719994430520744, 0.9815388143561519, 0.9814957814957815, 0.9167552167552168]",0.9380096880364768,0.050748413870510566,0,0.7457203596203799,0.0737909859732597,1,0.8372008323784934,0.08596064899359906,1,0.972517114531733,0.019135523690362193,0,0.9550917220942201,0.03047740334594284,0,0.9364776758113171,0.051160650442800534,0,0.9694589464094108,0.018975504197370572,0,0.9064347303519431,0.09056250650032435,0
Vowel,"[0.9625060125060124, 0.9537108537108536, 0.9722663840310899, 0.7056213885482179, 0.9907478907478906, 0.9722867051040425, 0.9815388143561519, 0.9722436722436721, 0.9542972871146246, 0.9907478907478906]",0.9448524282024717,0.04334319730495623,0,0.7645406887631181,0.10839258172028014,1,0.8656904428744054,0.07075579776173548,0,0.9714943021134971,0.011836942132015726,0,0.9684746046355952,0.02047529081403773,0,0.9058079860620696,0.08388446159410874,0,0.9455966899110445,0.08094343694655537,0,0.9365205800058616,0.0648866932768024,0
Vowel,"[0.9001990028305817, 0.890620730339827, 0.8735783807091106, 0.8992807262256978, 0.8739520490294485, 0.8437397370085297, 0.8993100157286714, 0.8739420569491477, 0.889243749006058, 0.8988286897377807]",0.8821476933863703,0.012591232509082928,0,0.8711623576643002,0.017122137286662675,0,0.8532246056048223,0.022362164199570097,1,0.9051706995349434,0.015535116615724176,-1,0.8885480554687181,0.010863739834675418,0,0.8600598595412705,0.03850947745995018,1,0.8842695137564853,0.017182613208620894,0,0.8661928515026759,0.03494452020522308,0
Vowel,"[0.9645255645255646, 0.9491356057919524, 0.9163343524165365, 0.9798605247521657, 0.959978586969862, 0.9698653581006522, 0.9550472642577904, 0.9452162676198702, 0.9125670850129054, 0.8603163254175461]",0.9063429513030641,0.03620314544239305,0,0.908805645173173,0.03141403801674995,1,0.912455155845987,0.023943951226405635,1,0.9484896053669136,0.027379064394075767,0,0.9491213506747442,0.009309380500249384,0,0.9300376519799253,0.02256701344781419,0,0.9412846934864847,0.03385874853708288,0,0.8728566595796318,0.10641516378379934,0
Vowel,"[0.8029870517578728, 0.7936917799976702, 0.7964974338854257, 0.8392766582324703, 0.8600578987575892, 0.8413826225547513, 0.8377048088770576, 0.7989128094042012, 0.8642840722681538, 0.8437559347846428]",0.7804187390531702,0.047133056285125464,1,0.814458629153911,0.024777816436298842,0,0.8073755163528998,0.03179745128813224,0,0.8521015727299535,0.027925503971487388,0,0.8272039750956945,0.024242933417506947,0,0.7931798670863452,0.046922056576737405,0,0.8278551070519834,0.02575636058357754,0,0.8045710320774722,0.029970961783073954,0
Vowel,"[0.8264776575009792, 0.8663029060931383, 0.8132788638309538, 0.8807063117223545, 0.8586590205785252, 0.8109652834243185, 0.8313931109399565, 0.8508561647351952, 0.8808758781381871, 0.8641825256015945]",0.8484021521101116,0.03565288043336938,0,0.8539822326264959,0.021451821566246747,0,0.8385544524010712,0.02518153710685445,0,0.8953011776603708,0.01987051592883432,-1,0.857704208848442,0.015763791039270027,0,0.8565138050215981,0.02644052045292863,0,0.8483697722565202,0.024867507509230953,0,0.8539439988355042,0.023145519179921192,0
Vowel,"[0.9392240156946039, 0.9643851643851643, 0.9594711594711595, 0.9544167544167544, 0.9343597613510364, 0.9397830627495698, 0.944248285115158, 0.9392919235024498, 0.9542671338899876, 0.9350233748488744]",0.9468944463628448,0.011861211649914138,0,0.9227140642777447,0.020303636608349454,1,0.9302407931543047,0.01989758836885738,1,0.9406106621803543,0.024502893460107502,0,0.9474339331051969,0.010311707556304346,0,0.9392258874108045,0.019631856081715266,0,0.9464470635424759,0.010223930405936957,0,0.9322034327223603,0.020557772941801614,0
Vowel,"[0.6681191493691494, 0.6718073593073592, 0.7141684704184704, 0.7411223036223036, 0.7704485329485329, 0.7352843915343915, 0.7052368927368926, 0.6507756132756133, 0.7391985329485329, 0.7343133718133719]",0.7112690203315204,0.03817632135278715,0,0.651842729030229,0.04784257955120532,1,0.6837642565767565,0.05820483199414979,0,0.7460328444703446,0.04055792438353096,-1,0.7132014513264513,0.029502185552809198,0,0.7192797480297479,0.053864725548206704,0,0.7130474617974617,0.03656914312205727,0,0.6882148291523291,0.05469197122102621,0
Vowel,"[0.8251748251748252, 0.6600491012255718, 0.8108891108891109, 0.821886446886447, 0.8084019367441827, 0.8432317682317682, 0.8038378733565898, 0.8160422910422911, 0.8406426906426906, 0.7383260530319353]",0.7744043105470068,0.035111291988153985,0,0.6758353165269855,0.049342345450392705,1,0.7396950033294397,0.035971971256269844,1,0.7764719267660445,0.03363423093814206,0,0.7963411855524154,0.04291215369057172,0,0.7301728067593962,0.08452999350815342,0,0.7968482097225411,0.053277991798371595,0,0.7430313920216819,0.060684575565946156,0
Vowel,"[0.928805203697364, 0.9214717429096068, 0.9457010512025918, 0.9457543893969776, 0.9292983337557115, 0.9453138713392053, 0.9536595425571803, 0.9369690745178593, 0.9213005686542147, 0.9131567644953472]",0.8985010049321118,0.0340880405101053,1,0.8903384235868457,0.04193797751847628,1,0.8891515216609331,0.022184844334679793,1,0.925892813811533,0.016553951560513643,0,0.9199687382874648,0.024161501109549465,0,0.9317822190489086,0.0205456540885491,0,0.9341430542526059,0.012648941254152977,0,0.9110020180085163,0.01196223839930179,1
Vowel,"[0.9399389556116967, 0.9264327498074384, 0.9133794230285939, 0.949941397093296, 0.9562885426809478, 0.9259351671535216, 0.9689695044152705, 0.9246071618907455, 0.945916231349413, 0.9373223738811909]",0.8868890809091606,0.0775015499319281,0,0.904540072545055,0.023711759281889247,1,0.8804461245979729,0.03720211804652578,1,0.9406005710511876,0.01674463610777172,0,0.9382774886938525,0.021061757804492712,0,0.8945310249646342,0.06836051730115197,0,0.9388731506912114,0.016001068329393884,0,0.8990042301083376,0.02568918923438605,1
Vowel,"[0.9587409861979646, 0.9588316731957895, 0.9644205116696288, 0.9821966050046269, 0.9705529041427473, 0.9589448365510965, 0.9706602413777053, 0.9762779458700931, 0.9358447374550993, 0.9588804974580253]",0.9364595572506553,0.03671604711234361,0,0.9561062040233985,0.017754966508949106,0,0.9344635501209961,0.0182030887613804,1,0.9786486564954966,0.009528254769433774,-1,0.9677318406274263,0.012366524758189739,0,0.9419664735007391,0.036706984240796846,0,0.9635350938922776,0.012107976009394892,0,0.9345487768530905,0.032898634645183965,0
Vowel,"[0.9602810354006525, 0.9700292307103452, 0.9799078344532889, 0.9799078344532889, 0.9700511609602519, 0.9648543282092394, 0.9748139197055605, 0.9804096054096054, 0.9750039000039, 0.9753125662216571]",0.9552676789656017,0.027276245487384127,0,0.9434417724192871,0.027463671653039454,1,0.939159110804713,0.01650933059743737,1,0.9824141404671941,0.010046241385217267,0,0.971504547485752,0.010520257289275192,0,0.9561287069316698,0.019203748731519362,1,0.9730571415527789,0.006392221743134004,0,0.9039490498398074,0.0914100773589087,0
Waveform_21,"[0.8242565290508952, 0.8404724328869361, 0.8382068830236419, 0.8384384761403266, 0.8262477824623629, 0.8332535331485588, 0.837607718096104, 0.8218774769166927, 0.8372667978577858, 0.8301742143954884]",0.8377645292557874,0.005998932025323877,0,0.8327801843978792,0.006366160042095786,0,0.8362687827695584,0.005217986157831519,0,0.8264500696841836,0.006091521980467936,1,0.8411466034731871,0.005613604397058283,-1,0.8490001364856653,0.006589523116817004,-1,0.8422824147765937,0.006634753954970642,-1,0.8397022672463678,0.007155623875126802,0
Waveform_21,"[0.8159841976579013, 0.8082234554244722, 0.8039551885773689, 0.8015533475173873, 0.8097766659692307, 0.8099851372145818, 0.8093945270582843, 0.8169955375060536, 0.8183639672609744, 0.8000301758958926]",0.8121217880017595,0.0068801004050558145,0,0.8155415992005578,0.004430555688239984,-1,0.811217361850067,0.005817389266872175,0,0.8028050985932683,0.00782004871246518,1,0.8146590597361012,0.004387949959168375,0,0.8166533670132379,0.003580469187104374,-1,0.8096059040858814,0.006844219127477536,0,0.8094262200082147,0.006018868358986347,0
Waveform_21,"[0.8327057922887646, 0.835731115436377, 0.8362491961217682, 0.8432046000766568, 0.8374566180048661, 0.8437592457952279, 0.8354183276237932, 0.8363324189826974, 0.8353559642055802, 0.8364314614595514]",0.8345832229313472,0.006766697532086791,0,0.8350653694035366,0.006075783571601644,0,0.8345938379610531,0.004719149604854714,0,0.8255349200574372,0.0062289380878496345,1,0.8336974091187243,0.005343542654384721,0,0.8408428884058697,0.0031980681702365597,-1,0.8372644739995282,0.003320857373057254,0,0.833791672700696,0.0043421428176558235,0
Waveform_21,"[0.8071125184090671, 0.8081384277509871, 0.8088586025851853, 0.8107365378998813, 0.8074169923081488, 0.808158124118735, 0.807998953476396, 0.8056817414344777, 0.8113204685265133, 0.8095581345549041]",0.8058226939987776,0.004358719072533165,0,0.8064473181617574,0.005208810599258276,0,0.8072146206921748,0.005880799903683264,0,0.7970164477550085,0.006781405448130008,1,0.8114351145288154,0.0037231221546499466,-1,0.8142097647337738,0.0034870572924640634,-1,0.8077885163314539,0.002983458616285139,0,0.8084980501064296,0.0016045125244877677,0
Waveform_21,"[0.8261406598314915, 0.8169633249350077, 0.8211014524943371, 0.8271319565046863, 0.8053718371035417, 0.819219190626927, 0.8175692830079636, 0.8121945536832652, 0.8203386464797673, 0.8249115121251219]",0.8176839723343644,0.005844150288914048,0,0.8190942416792109,0.006296562090032567,0,0.8198992633731237,0.0049029919425752945,0,0.8084725809696997,0.006656983730706948,1,0.8210813615871088,0.005186384402237384,0,0.8309173855407641,0.0026866576406884314,-1,0.8204194732509279,0.003586238935933231,0,0.8205073514868534,0.004557370985268109,0
Waveform_21,"[0.8448091315345383, 0.8464510883067873, 0.8584647840801993, 0.8464259051841827, 0.8446722730346528, 0.848143653846154, 0.8482453464999604, 0.8445065165800677, 0.8453889785766937, 0.847314496631034]",0.8452154068970484,0.005510507432767774,0,0.8435742596974254,0.0056493851149563915,0,0.8446406723306336,0.005955492001123257,0,0.8355475961939932,0.008353928046329668,1,0.844906108955999,0.004378978352689474,0,0.8477089450238788,0.0028574023710968384,0,0.8458262485620776,0.004118789150672535,0,0.847442217427427,0.0039000693273913835,0
Waveform_21,"[0.8654984320117677, 0.8662127543075698, 0.8617770278235067, 0.8577839863406036, 0.8530310925535379, 0.8578557451626748, 0.8640214430854646, 0.8571651019330829, 0.8508535406335525, 0.854050756587586]",0.8584085136406936,0.005044758598877583,0,0.8648698149025116,0.00565763194245212,-1,0.8578253498422723,0.006662843543264027,0,0.8521986787637316,0.007031859057314226,0,0.8565826100352313,0.00642463364186516,0,0.8679077381957088,0.005517555496285597,-1,0.8576989986617735,0.005974566036617342,0,0.8588249880439347,0.00509427572473122,0
Waveform_21,"[0.8273655612997597, 0.7934119144273257, 0.8490930277985465, 0.856632924624772, 0.8170520536374195, 0.8225743920582264, 0.8276760599910481, 0.8239312778575266, 0.840811133381217, 0.7862113936678736]",0.8342413968155311,0.022566493457059224,0,0.8313323468781908,0.026068628577465416,0,0.8133086069057434,0.021327051399697948,0,0.8145238348136294,0.022319815331161758,0,0.8343693308483975,0.028982780797620743,0,0.8272320946199756,0.01848090595002926,0,0.8244759738743715,0.021008754638899008,0,0.8413798266743632,0.014088750592196757,-1
Waveform_21,"[0.8857951224544048, 0.8740142931262121, 0.8901483073405089, 0.874340180409613, 0.8665511818447912, 0.8744253469706462, 0.8788934385420303, 0.9016622296822028, 0.8710452898359065, 0.8825543452805346]",0.8748435304003201,0.008874366158473297,0,0.8804026876757559,0.010565761114664712,0,0.8685714456896001,0.015493803843368872,0,0.8657934313431369,0.009516135425813942,1,0.8853375343331216,0.008812971362451356,0,0.8833719723683761,0.010084885867200822,0,0.879942973548685,0.009866797675647123,0,0.8874363702606198,0.009584214129732378,0
Waveform_21,"[0.8363794628896567, 0.8509260946277657, 0.846928792535855, 0.8582281112370718, 0.8546815732355046, 0.8403351409895583, 0.8435128897990734, 0.8475842878159926, 0.8361106858465316, 0.8474224449927293]",0.84484942108257,0.008307163602239065,0,0.843572761879134,0.009210207386199924,0,0.8396683100550664,0.016654562986727413,0,0.8407255373553687,0.012026131554076055,0,0.8432182133399216,0.009265474998159346,0,0.8418706061436072,0.008497416933180433,0,0.8462109483969739,0.0069479739563602086,0,0.8392550949536435,0.00857522723743067,0
Waveform_21,"[0.8592758314525256, 0.8617229327538861, 0.861701061455059, 0.8593122926456261, 0.8666130409127916, 0.8666336798172004, 0.8494232055977508, 0.8419753086419753, 0.8689279453944434, 0.864166492702778]",0.857056167869651,0.007307869759303704,0,0.8560337384640546,0.008483858060793322,0,0.8500982015803927,0.01380257427736383,0,0.8479444718590194,0.012308624699421985,1,0.8619218054567614,0.009576230083077151,0,0.8629666023005607,0.00705032921420688,0,0.8599751791374036,0.007927277432421956,0,0.8612518438816149,0.008539913636536344,0
Waveform_21,"[0.8461724907581782, 0.8458687195558015, 0.857411049863564, 0.8480367299834929, 0.8556987839098901, 0.8501797421126633, 0.8553626196241207, 0.8442299474028546, 0.8615705093195698, 0.852088774771781]",0.8536652888402886,0.00784428198594272,0,0.8527807655670051,0.006839963554983038,0,0.8528057629343454,0.005486511414548026,0,0.845430151902829,0.005977037872711607,0,0.8536205660681679,0.006555626025850736,0,0.8598332461095282,0.0046279071191941785,-1,0.8516619367301915,0.005437594733319062,0,0.8503316050625924,0.004473841198153969,0
Waveform_21,"[0.8462925623774697, 0.84318762200577, 0.850865134607824, 0.8636817873546686, 0.8525711621445097, 0.8509767620981882, 0.8465986080487764, 0.8602861334997445, 0.8695247960820103, 0.8477735596411665]",0.8566670889049822,0.008109568367159892,0,0.8577214569725286,0.007619879042193706,0,0.852701571100803,0.005920657799015739,0,0.8483670739588758,0.007551468530985373,1,0.857135575754401,0.003941477066325616,0,0.8578650212271299,0.0062410010905224475,0,0.8531758127860127,0.0081138716376153,0,0.8525127809320849,0.007245089686716301,0
Waveform_21,"[0.8626934881558855, 0.8577837149867189, 0.8435203608597823, 0.863121404313859, 0.8554199144972975, 0.8633942659765924, 0.8584236691166145, 0.8703071234727937, 0.8568992770707425, 0.8586172601724557]",0.8603849271524275,0.004855392244286205,0,0.8590180478622742,0.006607514350831696,0,0.8557915555224842,0.006176748194117638,0,0.8561392681412718,0.0054405112445646995,0,0.862242815740444,0.003232305264864148,0,0.8655634158751806,0.005156610846339349,-1,0.8588486717895837,0.006280791515526189,0,0.8612791895203099,0.007023840171431468,0
Waveform_21,"[0.8689983720222647, 0.8760402955682458, 0.8759629549583924, 0.8680360597795883, 0.8660000147896981, 0.8736442644625118, 0.8837882051396614, 0.8780611082051548, 0.8737532929989016, 0.8658872588671201]",0.8754012798669532,0.003894564381090327,0,0.8748838434975822,0.0048421724117789664,0,0.8660411475002597,0.0050325483544864874,1,0.8652194726632916,0.004721820682534265,1,0.8745146569798008,0.004669330242419389,0,0.8756493740101664,0.002240056436705487,0,0.8742911409818058,0.0024583459349884493,0,0.8730171826791538,0.005488596073446289,0
Waveform_21,"[0.8473012528687373, 0.8568446598611374, 0.8704105538883836, 0.8640790103933016, 0.8652912542550406, 0.8550752084470391, 0.8702163719304049, 0.867069367270556, 0.8673434951123643, 0.8624197802197803]",0.8660671946799265,0.005528690634939289,0,0.870133824336406,0.0056753938307418685,-1,0.8643347866898994,0.005469270346675084,0,0.8564377342819112,0.00784321560504744,0,0.8688436707687052,0.004370582031452918,0,0.8784355040301401,0.0036151653973065345,-1,0.8695618195593846,0.005173972988817998,0,0.8626050954246745,0.007033850266148718,0
Yeast,"[0.757169078743875, 0.7491358321560612, 0.7493450905693364, 0.715046501827885, 0.7407808404844173, 0.7143718828844687, 0.7687348806799608, 0.7804349240881748, 0.7457847531772164, 0.7626064915821703]",0.7488227906577222,0.01635489938848631,0,0.7421501721944661,0.009728433971220217,0,0.7376561224035643,0.012395630538043713,0,0.7428395164338109,0.01544277789797112,0,0.7421903412178356,0.009183425475433904,0,0.746766938145375,0.021575820009339535,0,0.7483410276193566,0.020137339568167493,0,0.7501132913227836,0.01828766412307905,0
Yeast,"[0.8323150550641754, 0.8456645224654747, 0.863045953831027, 0.8650888047518581, 0.8604061062409712, 0.8531760749697105, 0.8367964117988578, 0.8052622834518771, 0.8609506032940184, 0.8451604186085825]",0.8281445342404016,0.009797584511932439,1,0.8467866234476553,0.0175033553284768,0,0.823257621490629,0.008347850134930255,1,0.8421674724683312,0.0125966814446418,0,0.8321211301448608,0.01342120971682829,0,0.8352999662211051,0.007197492745993338,0,0.834705812842563,0.016031172234409433,0,0.833148547020655,0.013682119136647809,1
Yeast,"[0.9074074074074074, 0.9074074074074074, 0.9074074074074074, 0.9074074074074074, 0.9074074074074074, 0.9074074074074074, 0.9074074074074074, 0.9074074074074074, 0.9074074074074074, 0.9074074074074074]",0.9074074074074077,2.220446049250313e-16,0,0.9074074074074077,2.220446049250313e-16,0,0.9074074074074077,2.220446049250313e-16,0,0.8989827137062069,0.014775912181774625,0,0.9074074074074077,2.220446049250313e-16,0,0.9074074074074077,2.220446049250313e-16,0,0.9074074074074077,2.220446049250313e-16,0,0.9074074074074077,2.220446049250313e-16,0
Yeast,"[0.8774798337774583, 0.8760636131770153, 0.864096262487632, 0.8788659793814433, 0.8886103657675469, 0.8546445837978169, 0.8782196039927999, 0.8784158559605052, 0.8637080038701498, 0.8676088890185041]",0.874807735846262,0.012638894142301606,0,0.8715898378980625,0.012255266026842305,0,0.8558880687578722,0.012262334914983226,1,0.8732881391368732,0.012540085997820806,0,0.8709823733618893,0.009363298072421191,0,0.8727144847362226,0.01379603461930259,0,0.8727712991230872,0.009461520522221637,0,0.8787774097892781,0.012487134124533675,0
Yeast,"[0.6399984561278884, 0.6535452987165016, 0.617537687464841, 0.6584501085710461, 0.6480293416870578, 0.6673610222696044, 0.6750412016156205, 0.6492381013446041, 0.6749811189119074, 0.6480651468194536]",0.6600819376875833,0.017047835107736015,0,0.6532446728785067,0.015637939481287354,0,0.6472262614817238,0.014297787437678131,0,0.639733768200317,0.01941724560855985,0,0.653601695772644,0.015873350843486015,0,0.6603840883723933,0.018111477930498717,0,0.6532247483528525,0.016415075049124837,0,0.6576380295571297,0.016566822314826115,0
Yeast,"[0.5136594941992816, 0.5070246765263171, 0.4862151490894882, 0.4825626246875115, 0.5033931711017748, 0.4982164576689365, 0.4747169449490995, 0.49760480857099176, 0.4762029486391843, 0.49973111270050435]",0.4736341425575511,0.02349283138322876,1,0.48631106370773763,0.022122723987331793,0,0.4786905348490279,0.027305689306495864,0,0.47772504739744237,0.017769438315892797,0,0.47203192341366834,0.01921104841041639,1,0.4852827580687425,0.017475251769139607,0,0.486578809857032,0.021434892909410225,0,0.49393273881330896,0.012601316809477297,0
Yeast,"[0.5624508554012875, 0.5664139954705854, 0.5371190820065546, 0.5347055614693856, 0.5448825666947098, 0.5772997703121974, 0.5743240810490279, 0.5584162670212618, 0.6010593843465701, 0.5361016166519762]",0.5484228932295482,0.0152443990992106,0,0.529968317479829,0.01936088588366984,1,0.5413783612756691,0.023206635256316867,1,0.5492178577179977,0.01658801323756492,0,0.5499221797328899,0.020584389424904415,0,0.5507197559754661,0.016210384395072688,0,0.5551388928865312,0.017666062883973203,0,0.5592773180423556,0.020488485759049355,0
Yeast,"[0.5260074156705702, 0.4998958658752473, 0.5081740615245771, 0.4969598160046776, 0.5171845071525308, 0.49909789418950906, 0.5005576326922311, 0.4785505978299435, 0.4917003012922508, 0.5214347060603925]",0.5069535671108001,0.011751264598383377,0,0.4888023095471981,0.0076992216122982755,1,0.5111548402237756,0.01448073835924696,0,0.5057678716894822,0.01582062312287951,0,0.5005977205999043,0.011675051325837292,0,0.5008449578871168,0.007404471765805538,0,0.5029010787651488,0.010618190765317354,0,0.503956279829193,0.013714129664757317,0
Yeast,"[0.4299188253727054, 0.44980791858553276, 0.4568166979900608, 0.42711724917092364, 0.42236711805991795, 0.43030932482010453, 0.4282029419944417, 0.4224615179033119, 0.42809228402461436, 0.43606286646275005]",0.43143985180948097,0.014712531478437362,0,0.4331156744384363,0.010869884671520214,0,0.4395632300734567,0.012650838569930364,0,0.4420007057023187,0.008624421597629644,0,0.43640892033097306,0.017887540387165345,0,0.43477714444313104,0.007334114609340339,0,0.4283113883410289,0.009711909563965105,0,0.4303250069763481,0.008722904192849426,0
Yeast,"[0.5803033437156716, 0.5987663639492106, 0.5846246844773031, 0.5901970440940129, 0.5985688995998274, 0.5868270670006476, 0.597602385893665, 0.5867935116100254, 0.5885104659099, 0.5927176471336318]",0.5965735709878612,0.009130232954959898,0,0.5904911413383895,0.005988076704395603,0,0.5760219618969101,0.017818887609664366,0,0.602490245260149,0.02015167133688573,0,0.5879870716749054,0.011148337932644376,0,0.5921996109334604,0.010781752354043148,0,0.5902501986844609,0.011212406493379902,0,0.5949571130296095,0.0073396993376516435,0
Yeast,"[0.5485168426344896, 0.4705151625867738, 0.49852931950118645, 0.5272962331785862, 0.6557544757033248, 0.56289592760181, 0.6438655462184874, 0.6568627450980393, 0.5621116138763197, 0.6212048037605848]",0.5662057646814681,0.05035830511371496,0,0.5936965274977445,0.052194541262392494,0,0.604156620304958,0.02569976890224818,0,0.5735665252530197,0.05330206909773695,0,0.5612131954531636,0.04303832714381985,0,0.5772695202417399,0.04097695551475946,0,0.5747552670159601,0.06336719582639529,0,0.5810517164366551,0.0519148936385884,0
Yeast,"[0.5479917606924744, 0.5445347630577655, 0.616754786372997, 0.5897711182566295, 0.5683071735907868, 0.5786121746113347, 0.5768075541465207, 0.6291743461867417, 0.6325379063258779, 0.5560428828750624]",0.5893488210685944,0.02500754888345472,0,0.5855615106679971,0.017338987194283548,0,0.5527077411672019,0.022166495891369584,0,0.6147087503356807,0.021565316256869613,-1,0.5798663047814894,0.037729950711656184,0,0.5799675414092963,0.01749846685719985,0,0.584053446611619,0.030766095849367892,0,0.584811679052728,0.024010259101593434,0
Yeast,"[0.5732541630863914, 0.5545054171059585, 0.546560015947771, 0.5653276131786495, 0.5259012911576376, 0.5716377587986992, 0.5694487820314379, 0.5989921360319785, 0.5708462535562744, 0.5469321306056001]",0.5641678815550232,0.030838324421030214,0,0.5814492011810406,0.028706000528523987,0,0.5662384951196073,0.021565515305848725,0,0.5693118350004527,0.028763674136358875,0,0.5579518686864451,0.03344039622010718,0,0.5615729883332412,0.04429318281821194,0,0.5623405561500397,0.018858244452741844,0,0.5726139891934796,0.020254997434189223,0
Yeast,"[0.5724908127089414, 0.5821531089110833, 0.5593861914107161, 0.5917890144316031, 0.5578145323376036, 0.5526630646969182, 0.5898057892498599, 0.5915487038173642, 0.5697043892563142, 0.5870556330302956]",0.5697844903148281,0.011234640284238847,0,0.5675305609297158,0.018362658237297276,0,0.5498450212882625,0.017227801549804696,1,0.5814548406616,0.023354636659624523,0,0.5758736725534519,0.020374679175905512,0,0.5663986390254043,0.009288010535142869,0,0.5754411239850701,0.01428954464028161,0,0.5825518252734265,0.012751774564520951,0
Yeast,"[0.6304141580003648, 0.5885415519803805, 0.6124317362570155, 0.609388259678437, 0.5979212238524985, 0.6121532342333231, 0.6142793987621573, 0.6303815930081839, 0.620370402020904, 0.6130323552761462]",0.6115052716124674,0.009659927092716954,0,0.6112767390527336,0.01674063082156848,0,0.5975404236273025,0.010207595115057012,1,0.6091723554719441,0.014026717310541227,0,0.6126680745318933,0.017107290639282714,0,0.6192301839572132,0.018473062726624506,0,0.612891391306941,0.012251062091175963,0,0.6127324058211127,0.012652764859319593,0
Yeast,"[0.5916476774113932, 0.5658155794007032, 0.5710499365373498, 0.5828341734085475, 0.5731464891033742, 0.5928548540666037, 0.5748672928104502, 0.5827983228869276, 0.5710919727323014, 0.5913582551693001]",0.5782533214698004,0.016037866380395862,0,0.5704885812179785,0.013390064302936705,1,0.561602224949272,0.01175255452940912,1,0.5687122398212646,0.01700153590533871,0,0.5698740784339817,0.012152098613332194,0,0.5805566001285628,0.013069399324198299,0,0.579746455352695,0.009376116423557509,0,0.5750396159991111,0.014328644037943209,0
