region-centroid-col,region-centroid-row,short-line-density-5,short-line-density-2,vedge-mean,vedge-sd,hedge-mean,hedge-sd,intensity-mean,rawred-mean,rawblue-mean,rawgreen-mean,exred-mean,exblue-mean,exgreen-mean,value-mean,saturatoin-mean,hue-mean,target
0.35108174751051124,-0.6058088921503543,0,0,1.149246651001738,0.03917923253245794,-0.7194544454052354,-0.26554033956602313,-0.8743099195465659,-0.8344202054389278,-0.9163383522957205,-0.8530171382677296,1.0465452041775916,-0.9762159391713953,0.6242096683200301,-0.9508036175551452,-1.514570780937792,-0.33657152407999064,7
-0.45682719189158244,0.4089978815025234,0,1,0.5310701211264133,-0.06130652053522905,0.7879148545598369,-0.13894342670646048,0.31613503844814733,0.2912156979004099,0.4052640603121387,0.2307119243023376,-0.47908620047037276,0.8533547511138297,-0.9679040771306628,0.38920556475331913,-0.5791552418501832,-0.44219589062365483,2
1.3857721435868768,-0.02841883127888938,0,0,-0.020873494395348705,0.13264555201957942,-0.3100455517595975,0.13249651005963725,-0.8960402668037011,-0.8986548556652384,-0.8837988946927264,-0.8976763050909691,0.6553576764855786,-0.6261129001983871,0.4157185941815657,-0.917810962911523,2.3015044016176858,-0.5165793953101816,3
0.9463830712804749,1.0213812793965014,0,0,0.7739250544412329,-0.047944937737943914,0.434334528936,-0.1877232484198452,0.4474618420600788,0.4472140421383334,0.5329189619221232,0.34087117049036547,-0.3421706102268527,0.9324103481768302,-1.2332562742181228,0.5186383946968723,-0.5897034847752584,-0.3937879246979975,5
1.088121481701895,-0.6582988976841239,0,0,-0.37411745283799946,-0.13009204846145972,-0.6450165646246478,-0.2628753421584397,-0.5162316569784383,-0.5499524561376611,-0.44576779859533694,-0.5612439366376019,0.06857633653810132,0.06844630945487987,-0.18132408808228176,-0.47367913831163444,0.10372419570918899,-0.48500369259831805,7
-0.05995964271160659,-0.6932922347066368,0,0,0.4869145269712534,-0.09418175438439663,-0.4775309309031506,-0.2559084198739254,-0.7269215023466696,-0.7120684766953947,-0.7361198305290914,-0.7220169259471538,0.6944764354159837,-0.6374065351410695,0.3967648524151773,-0.7680750815858362,-0.2634150571108761,-0.49349040246866144,2
-0.6552609664815703,-0.13339884234642846,0,0,-0.19749531465694836,-0.10705035868639949,-0.32865493151257996,-0.2188134980682752,-0.47560537776686734,-0.5897167534576894,-0.33563425914270295,-0.5255165860298906,-0.733358199530903,0.5710135217969154,-0.2476620947082427,-0.3620117013133559,0.6903909551518275,-0.5718213873134228,3
0.889687707111907,1.6862546828242488,0,0,-0.2416508690721769,-0.1077657247712665,-0.4775310280447346,-0.25489062879089064,-0.7845541560305803,-0.7671267514641338,-0.8888049663061962,-0.6684259348697364,0.7629342481411832,-1.3263189781444034,1.4866046414923264,-0.818833024105829,0.28252367467147693,2.1601549515853353,4
-0.8536947410715583,1.3013279755766056,0,0,0.0012042629422999746,-0.0950169695281388,-0.27282649077975113,-0.2430430966495636,-0.5823674953475656,-0.5805403835059453,-0.7361198305290914,-0.3945163361956154,0.4597638818335534,-1.5013704722202035,2.0741704400792087,-0.5853465296277808,-0.12589035546417437,2.175948628751917,4
-1.208040767125108,-0.22088218490271103,0,0,5.741416878818326,0.4277868425672874,-0.6264068231030077,-0.26197319269774744,-0.08351440706931457,-0.07889830309032717,-0.05028831459153844,-0.1265613406152788,0.10769513947710466,0.15879554146056268,-0.37086142045435777,-0.07269156827989978,-0.6621037998705789,-0.40995661852826715,2
-1.7749944088107878,-1.2881789640893584,1,0,0.0012040642426427793,-0.10192092868405772,-0.4030927185012933,-0.23105996371597476,1.833479853942314,1.6707311919279761,1.9346185856747116,1.8503511575629252,-2.9533472957389573,2.1351834860006575,-0.7215054256384327,1.939860351276417,-0.7092343279240026,-0.643165728942593,6
-1.6899513625579359,-0.23837885341396753,1,0,-0.19749539413681125,-0.09302590541499071,0.13658247655950218,-0.1172742588190001,-0.8525795799422909,-0.8741845137706109,-0.8562655064504707,-0.8172898064168681,0.4402045419760894,-0.6995215933936527,0.7474089522731591,-0.8898941002357934,1.6217849647359852,-0.8001957752590739,3
0.5778632041847831,0.11155451681116273,0,0,-0.6832056772409318,-0.1316870965038381,-0.7008449886089276,-0.2659070648287853,-0.9234393936471671,-0.8955960629284099,-0.9363626319914056,-0.9244718046490027,0.9683076951185011,-0.8181048975096187,0.43467231888959246,-0.9711067877108226,2.477041873049135,-0.3178972223098025,7
1.4991628719240127,0.42649455001377995,0,0,-0.7052834155034133,-0.13635584606131843,-0.7752829933287777,-0.28075684547739377,-0.9536729153857051,-0.9139488221022941,-1.001441538186468,-0.9244718046490027,1.1052233381723393,-1.0778587552983523,0.7379320848016373,-1.0370920878616405,-1.9464990274381633,0.8671007423617265,7
0.46447247584764717,-0.3433588644815066,0,0,-0.08710672666836278,-0.07555443764338553,1.1042763536835132,-0.1577186158945213,-0.4812741573531981,-0.47348262395238194,-0.4758041877269902,-0.4897892354221793,0.4402045419760894,-0.34377172170288084,0.15036628621475526,-0.5041338627097111,-0.5543550579102822,-0.4788323445233941,7
-0.5843917612708603,-0.9207489253529715,0,0,-0.28580721828603367,-0.09912522486458056,-0.030903314598355398,-0.07544361214647952,1.7418344053965633,1.7472010516423926,1.7569028552934565,1.698509770104905,-1.2712409697917288,1.4801520494681868,-1.252210160980585,1.7596694646075397,-1.0075421784472605,-0.49745017094881305,6
1.1448168458704628,-0.7632789087516629,0,0,-0.4845060408265851,-0.1163291301122885,0.1551919233066806,-0.2414680349137841,-0.5492995889177688,-0.5866579634737747,-0.4783072652092567,-0.5910166841515285,0.05879665780764953,0.045858988748107274,-0.13393971234335877,-0.506671802091683,0.22095444370640804,-0.4968832527190204,7
-0.4426533508494404,0.26902453341247134,0,0,-0.5948947003470472,-0.13267089393259457,-0.496140538436399,-0.2522635816871192,-0.7977813237044058,-0.7059509022333929,-0.8387442659406177,-0.8291989161406386,1.48663120473734,-0.9084540634474709,0.08402823694289036,-0.8645151495327564,0.4096022729524958,0.25208242959389593,1
0.4219509527212212,0.9863879423739884,0,0,-0.13126247978324831,-0.08197103901083475,1.6811705762270572,2.2266510730023237,-0.15153978761481787,-0.12478023543645968,-0.15040961169704944,-0.1771750649799533,0.37174672925089,-0.11225200209226124,-0.17184722999285884,-0.17420731627348873,-0.8275520592161978,-0.419691516289093,5
-1.633255998389368,-0.02841883127888938,0,0,-0.528661495891985,-0.1225060958028493,-0.6264070006376268,-0.25873106313271993,-0.939500951114158,-0.9139488221022941,-0.9739081544496753,-0.9125626935854573,0.9585280163880495,-0.9762159391713953,0.7095014815341536,-1.0091752297541243,0.5110238916565979,-0.6893538381654516,3
-0.45682719189158244,-1.445648980690667,0,0,-0.5507390743999422,-0.1251120082211239,-0.49614052168785,-0.24873486199082495,1.9062293450240941,1.8114357789502877,1.912091271298657,1.9694421476186323,-2.3567862770610284,1.547914062409913,-0.3140001866260117,1.9170192851367933,-0.9092112877703283,-0.6638798921510229,6
0.08177876770981335,1.073871284930271,1,0,0.19990423794086234,-0.07566205549805045,0.2668490392520238,-0.21705836676500156,0.26606074224029086,0.2942744603551873,0.310148715425331,0.18307558187105405,0.06857633653810132,0.5088984787907548,-0.9205197866835481,0.2927654899540786,-0.6674570805975306,-0.3667766650426943,5
1.0597737996176109,0.5314745610813191,0,0,-0.6611279286460682,-0.13533930776664435,-0.6450164875813226,-0.2773214869658562,-0.9470593328242691,-0.9139488221022941,-0.983920293171152,-0.9244718046490027,1.0367655166454202,-0.9988032293853231,0.6715940099422298,-1.0193268136899094,0.5110238916565979,-0.46640197469852124,7
1.073947640659753,0.496481224058806,0,0,1.281713155287698,0.1259109242470717,0.024925360614159,-0.10272436168390368,-0.2762530915712978,-0.3541896769340224,-0.15291266665200157,-0.34390266542193987,-0.5377642728530828,0.6161881123890527,-0.513014462379319,-0.17674523281439458,0.1035044341972528,-0.5118217772862816,2
1.4991628719240127,-0.7457822402404064,0,0,-0.10918444426607993,-0.09709198229232605,-0.3658738585040346,-0.2403408222280095,0.022302964932729243,0.03733585394411753,0.06234825728873332,-0.040220319233891993,0.12725449693800805,0.28867249576563364,-0.6077831285653568,0.04151376241821851,-0.6159136281417806,-0.3964734642324122,2
0.08177876770981335,1.0213812793965014,1,0,-0.2637285469299626,-0.10772761320214094,0.15519182281538682,-0.16884030557640634,0.1592985991500589,0.1963931258116427,0.1900031138440893,0.08482538109759787,0.2348310509901731,0.3338470863577707,-0.7878436881398179,0.17094654667963977,-0.6775493449265835,-0.3457997354894362,5
-1.2363884492093922,-1.4281523121794104,0,0,0.3323701858677822,-0.1044850029802312,-0.32865479752418825,-0.23195545557322933,0.5485552055639801,0.4808608420779445,0.6780950004163148,0.454007745020785,-1.0658674524006535,1.310747423685136,-1.16691835288397,0.6658363891750394,-0.5180018679651694,-0.4863563630601269,2
0.4077771116790792,-0.48333221257155873,0,0,0.24405983209602222,-0.08235212382474118,-0.198388603299744,-0.2142723163180215,0.7564107121581132,0.7653285583442463,0.8057496316985268,0.6802809208771238,-0.4888657911836279,0.9324103481768302,-1.091103402876778,0.795268945025799,-0.8202870568182824,-0.4294357735489956,2
-0.3150887814701625,-0.04591549979014589,0,0,-0.5286615078139645,-0.1322896939118672,-0.5705784761620531,-0.2748965328821442,-0.7902229432697713,-0.6937157230273381,-0.8337381920744165,-0.8232443639583032,1.525749937262586,-0.9197477034722941,0.06507447811814024,-0.8543635587446513,0.3900979964140672,0.2849497941144026,1
1.3290767794183087,-0.11590217383517194,0,0,0.5973035520990846,-0.1044850029802312,-0.2914364064863006,-0.2337977031615786,0.042143693484887106,0.009806716559748014,0.11991816081560278,-0.019379315587644576,-0.3421706102268527,0.5597198360328252,-0.6077831285653568,0.09988547740199513,-0.4644983445364136,-0.4739402553290854,2
0.2518648602155173,2.1936580696506875,0,0,0.6856141840503646,-0.057207113274762196,0.7506958270770885,-0.08770965994361204,-0.49450130972130335,-0.5101881312884954,-0.6485136054525116,-0.2903116663058725,0.22505137225972147,-1.4336086117427016,2.1878928224440926,-0.4965202044512581,-0.18417479766276817,2.2773900632490074,4
0.776296978774771,-0.08090883681265891,0,0,-0.2637287853695511,-0.09196583112139538,-0.4589210252457305,-0.238624287783217,0.0629292441443005,0.08321764864456298,0.08487557166478767,0.01634792783806835,0.14681385439891131,0.1983232129385427,-0.4751069447298188,0.06435482855784216,-0.7445466586952307,-0.410120568937265,2
-0.5560440791865764,-1.3581656381343843,0,0,-0.042950973553477226,-0.08079970333536031,-0.03090354907804087,-0.20388142983401936,0.6364213146616411,0.5512129841788446,0.780719420058721,0.5403488735841703,-1.3005800940002807,1.4801520494681868,-1.2237795014205077,0.7698901222327326,-0.5012456719757598,-0.503272352405118,2
0.776296978774771,-1.3406689696231278,0,0,-0.5286611660505542,-0.12314076084765734,-0.4030935894258397,-0.25974028150101824,2.5090100590517435,2.637309900481373,2.295055615691581,2.6095568890555474,-0.6746798630966032,0.5371327186116847,-0.2476620947082427,2.3053174095103954,-1.4227565622446396,-0.5734691685114277,6
0.818818501901197,0.9513946053514754,0,0,-0.21957323095432263,-0.10026864398549595,1.9044848416148412,0.40550637431726383,-0.09485191522290878,-0.09725109805209016,-0.05779734429250856,-0.1354931916649563,0.04901697907719791,0.17573594305317802,-0.3424308461860888,-0.08030518085622045,-0.6328712721837986,-0.47236327523974264,5
-0.5985656023130024,0.2865212019237279,0,0,-0.6390501951523786,-0.13521224071567875,-0.6636260180712458,-0.27833188713787893,-0.876199515292963,-0.865008132807212,-0.8637746195025041,-0.8917217502290838,0.7727139356733546,-0.6091724477843636,0.2735655522566046,-0.8975077973240588,1.5829715782836573,-0.3972398607656573,7
1.6692489644297166,0.6189579036376016,0,0,0.7076918221682188,0.12235311255448024,4.193453088972189,8.05079572742554,-0.01926813638609734,-0.051369165705957655,0.039820942912678965,-0.05808391415124887,-0.2932721285573976,0.3846684944212492,-0.3613845623649349,0.01867269627859485,-0.6422384739238526,-0.6080530906306382,5
-0.017438119585180607,-0.3433588644815066,0,0,-0.3299617553590179,-0.13267085674254278,-0.10534123557546049,-0.24195748716507806,0.6694892721105057,0.6888586711006921,0.7231496291684235,0.5790534185567752,-0.32261107673155576,0.892882625877442,-1.1858719837710077,0.7115185214542867,-0.7644458689652549,-0.3977476931781491,2
0.4361247937633632,0.19903785936744528,0,0,-0.4624281881131011,-0.13267089599108453,-0.570578429266116,-0.27247157257841265,-0.15815341481793777,-0.2532495248774258,-0.030264010115807566,-0.2158796903390573,-0.7920361838964164,0.7404184016870067,-0.4751069447298188,-0.05238837299904978,0.013729777507088068,-0.5513417209424062,7
0.7196016146062031,0.6714479091713711,0,0,-0.1091840468667658,-0.0970920646319241,3.1327118776209932,3.708299954213266,0.14890576004651815,0.0985117362098233,0.20752436336486824,0.1265071740260962,-0.5964425212701863,0.5145453979049122,-0.28556961235774275,0.1887118254195841,-0.6186305669628599,-0.6556842818029855,5
-0.2442195762594525,-0.6757955661953804,0,0,-0.5065842670954243,-0.12606344913834489,-0.47753172813408146,-0.24761563711969783,1.623734856190872,1.5300268801970383,1.7594060904669235,1.534759658778308,-2.131853754277836,2.2029457022280163,-1.631284911016545,1.7622075638769747,-0.7279608132658987,-0.5249445590326501,6
0.6770800914797771,0.3740045444800104,0,0,-0.41827278073561885,-0.11537242632242482,-0.7008449986580572,-0.2659070670112483,-0.939500951114158,-0.9047724427906433,-0.9739081544496753,-0.921494526950105,1.0465452041775916,-0.9762159391713953,0.6242096683200301,-1.0091752297541243,0.3881476572310425,-0.355965233877855,7
-1.8175159319372138,-1.795582350915797,1,0,-0.46242794967351264,-0.12115547834661973,-0.08673138686310689,-0.2142634882551119,2.2501354851615663,2.2090787521505706,2.2074491428145433,2.3148062599396795,-2.102514366017695,1.4914458368750934,-0.46563008664039574,2.216490787400013,-1.04594563536434,-0.6371210206204836,6
-1.0663023567036882,-0.08090883681265891,0,0,-0.37411735348817093,-0.1077657124203268,-0.421702533716549,-0.22882231875695858,-0.9224945970494454,-0.9108900290901742,-0.9288535234448351,-0.9155399712843547,0.8118326858020399,-0.7729303069174814,0.5104872603676036,-0.9634930951907703,2.4068270083357004,-0.49104216125437655,3
0.974730753364759,1.4063079866441446,0,0,-0.08710692536801988,-0.10347510918234713,-0.14256009557271923,-0.18406208486404527,-0.468991776073281,-0.519364528769377,-0.6159741838932207,-0.23969794194119792,-0.12701741410532566,-1.3658467258544957,2.4153375871738603,-0.45337596587185053,-0.0030513672530003387,2.3625375649043723,4
0.6912539325219191,-0.23837885341396753,0,0,6.624526377525639,12.73250851183874,-0.3472646797336398,-0.24822194335154096,0.33881015679347065,0.35545026003348074,0.36020943156003,0.29323474767258306,-0.09767837791397077,0.41290258177795525,-0.598306270475934,0.3435234324740718,-0.8439189393709556,-0.4270045322411973,2
0.2376910191733753,1.4762946606891707,0,0,0.2661371125544938,-0.05299976566287134,-0.123950615328443,-0.11242424763932173,-0.523790029760213,-0.5560700361054904,-0.6410045081695984,-0.34687994017333257,0.08813578201620124,-1.2077356892748599,1.9414942562436703,-0.5447402304303451,-0.19075494745846985,2.448213910092605,4
1.5416843950504386,-0.8857555883304585,0,0,2.562221968153233,0.07889326403812938,2.8163502110118275,0.13832539955234743,0.23677202220138138,-0.029957663347692485,0.5779735906742318,0.08780268264449005,-2.7381943636690207,2.496580414023389,-1.5365160742468906,0.5643205269761197,0.4821682496545399,-0.5662738148334313,3
-1.1938669260829662,-1.0082322679092541,1,0,-0.24165138569128525,-0.12758817127310157,-0.16116910685762445,-0.1649647423098322,1.9600826490561025,2.02860997792478,1.89957622179704,1.9426466480605988,-0.8311549868354199,1.1413427979020854,-1.1100570337638156,1.9043299308429251,-1.1762355916328857,-0.4693276140357829,6
0.847166183985481,0.0065745057436236475,0,0,-0.6169725093466065,-0.13533930910466282,-0.49614055518494793,-0.2595384560509248,-0.7949469262583804,-0.7059509022333929,-0.8337381920744165,-0.826221638709696,1.4572921245373864,-0.8915135907048842,0.08402823694289036,-0.8543635587446513,0.45153611362684515,0.22308793665326906,1
0.20934333708909128,0.3390112074574974,0,0,-0.5507393128395306,-0.13419570307285986,-0.6077975371418994,-0.2789381281140778,-0.8091188956318343,-0.7059509022333929,-0.8562655064504707,-0.8440853059749017,1.6039874375199563,-0.9592754715109495,0.05559762002871724,-0.8645151495327564,0.7128915171192013,0.359702648829122,1
1.5275105540082967,1.5287846662229403,0,0,-0.04295125173299712,-0.09061162262944539,-0.10534096759867699,-0.1546589336904465,-0.6059874102906107,-0.6172458908420589,-0.7110894837253993,-0.4629937358641456,0.3521873717899866,-1.190795221614414,1.6571882576855563,-0.6437181532472928,-0.28852714491967063,2.421297773509551,4
-1.2363884492093922,0.26902453341247134,0,0,-0.6390501872043922,-0.1336874327418911,-0.6636259879238576,-0.2759069270523937,-0.9423353447337534,-0.9139488221022941,-0.9714051175165745,-0.9244718046490027,0.9878670701828437,-0.9423349987683627,0.6242096683200301,-1.0066373314860713,1.4940328823528672,-0.46640197469852124,3
1.3574244615025928,-1.620615665803232,0,0,-0.4845063587460364,-0.12454471926783707,-0.514750135920518,-0.2619731599608021,1.978978581010539,1.8909642910029323,1.9846792342274675,2.034942138558272,-2.3470065103133804,1.6043823387661411,-0.41824571090147256,1.990618225273212,-0.9232453251603964,-0.651351916121492,6
1.073947640659753,-1.3231723011118712,0,0,-0.4845063587460364,-0.1277152545518296,-0.5891882913773087,-0.2767152611577752,2.167938155650236,2.175432089856646,2.109830855609356,2.2046471477291494,-1.5744113625045175,1.3220409569850022,-0.6930750219537801,2.117512910265198,-1.1176935224122477,-0.5836880224115902,6
-1.5765606342207998,0.2515278649012148,1,0,-0.19749543387674268,-0.09712722707111247,-0.5333595324220495,-0.2539860180575293,-0.8214012641569846,-0.8588905473335552,-0.7911865889917511,-0.811335248875433,0.2641701751987248,-0.44541453782983786,0.49153353565957686,-0.8239087886644423,1.548147827604888,-0.66531597039372,3
-0.5560440791865764,-0.010922162767632866,0,0,-0.5507392452816473,-0.1357205082333779,-0.7194544990005921,-0.2765131680285926,-0.9243841902448888,-0.9139488221022941,-0.9238474563368281,-0.9244718046490027,0.8020529982698685,-0.7277557163253442,0.44414919403737707,-0.9584173055069841,2.477041873049135,-0.46640197469852124,3
-0.4710010329337244,1.248837970042836,1,0,0.1115929701506797,-0.08235227821148754,-0.08673152085149871,-0.07362497662552676,-0.7363694938334213,-0.7395976140797643,-0.8462533699817253,-0.5939939856984208,0.5282217385673512,-1.3263189781444034,1.7140494915139024,-0.7553856130866374,0.2727184539114562,2.259579254856228,4
-1.7324728856843619,0.19903785936744528,0,0,-0.5948947241910061,-0.13419570224946387,-0.6822355050149417,-0.2773214888209497,-0.8799787093367104,-0.8680669282969542,-0.866277651930142,-0.8976763050909691,0.7824936144038062,-0.6035256303130225,0.2546118531361203,-0.9000456910238986,1.7351041390460382,-0.3799067051761019,7
1.4424675077554447,-1.7255956768707712,0,0,-0.5507400758462139,-0.12774712272093225,-0.45892080416488407,-0.23559298851069702,2.0120465894784703,1.939905013332979,2.0122127936773118,2.0587605509334104,-2.2198709508690984,1.59308865300205,-0.5224913204687418,2.0185352615410435,-0.9513144173549395,-0.6356371261614147,6
0.20934333708909128,0.4089978815025234,0,0,-0.5286614482040674,-0.12161603562516575,-0.5333595324220495,-0.27489652633475514,-0.7996709168998494,-0.7579503815123899,-0.7936896439467033,-0.8381307484334666,1.0074264452471864,-0.5922319953703402,0.017690102379217188,-0.818833024105829,0.9387453507606062,-0.09327949534733111,1
0.32273406542622723,0.9863879423739884,1,0,-0.08710664718849999,-0.10636796892439233,0.3226775134819506,-0.09544951951142762,-0.4113591070836501,-0.4153655867288656,-0.5934468695171663,-0.1861069428251306,0.2739497659119799,-1.5578387485764311,2.3489996658397074,-0.4076938335926032,-0.35906006222385045,2.2130338292468474,4
1.3432506204604509,0.6364545721488581,0,0,0.33237030508757665,0.14636879434726194,3.6351683466729225,7.349981208263298,0.08938359989957832,0.025100611421046547,0.16497278956771147,0.0610071830864564,-0.684459717861448,0.582307309203822,-0.3140001866260117,0.14556760968124247,-0.4441847811902408,-0.6201281178409028,5
-0.11665500688017456,0.8989045998177058,0,0,0.15574844508604535,0.008119600543788344,0.1365821750856208,-0.044525547917889506,-0.34711286190996665,-0.3388956994853117,-0.5108466642412335,-0.15633416851570422,0.3424076050423383,-1.382787203679223,1.9888786319825935,-0.38231487375313983,-0.6859946807429758,2.30829684829216,4
0.4786463168897892,0.5314745610813191,0,0,-0.6611279365940546,-0.13045029192778254,-0.7566734943261266,-0.27333195515308956,-0.9517833202770465,-0.9139488221022941,-0.9964354683751833,-0.9244718046490027,1.0856639613476526,-1.0552714625433541,0.7189783498585934,-1.0320162954369265,-0.9634899482710767,-0.46640197469852124,7
0.861340025027623,1.0213812793965014,0,0,0.17782608320389962,-0.09316041057923896,0.3785057867292898,-0.12657631995925897,0.4710817825126576,0.4655668095709588,0.5554462762981774,0.37064397159529133,-0.41062827332281754,0.9437040339409205,-1.1858719837710077,0.541479460836496,-0.616590341428737,-0.4072922174543523,5
-0.8111732179451323,-1.6731056713370016,0,0,0.9947022304184042,-0.007292090720087376,-0.49614052168785,-0.2448400188459459,0.6383109078570851,0.5573305916758117,0.780719420058721,0.5403488735841703,-1.2614613790784739,1.4688584145255044,-1.242733132307546,0.7698901222327326,-0.5108132601186056,-0.49830844338115887,2
-0.3150887814701625,1.213844633020323,0,0,0.5531474810647478,-0.05177539985542942,0.7320864138270081,-0.14429236530062736,0.5211560787205141,0.4930959469553283,0.633040371664206,0.409348677340894,-0.6649001843661514,1.1695767327945668,-1.3185480823147377,0.6201542568957921,-0.5570988918600366,-0.4278235202454452,5
1.3857721435868768,-1.1482056159993062,0,0,-0.24165039219299997,-0.1230138189185726,-0.44031157849855207,-0.25165728036581786,1.4224929512903253,1.2149712090333147,1.6743028527633532,1.3084865633084677,-3.0707035285215745,2.829742644832517,-1.773437867649698,1.6759190410360278,-0.40329082651077797,-0.5631301692047489,6
-0.5843917612708603,0.12905118532241924,0,0,-0.4845060408265851,-0.13076488442852024,-0.3286549985067759,-0.24195749807739314,-0.8176220650113304,-0.7243036503956223,-0.8637746195025041,-0.8440853059749017,1.5159702409286946,-0.9592754715109495,0.14088942812533226,-0.8721288306322756,0.6758339667565038,0.3254067446012289,1
0.2943863833419433,-1.8130790194270536,0,0,-0.17541763679916272,-0.11027763281508882,0.8809622557812182,-0.03636621895792938,-0.0485569074440742,-0.03301642580246968,-0.03777303981677769,-0.07594766984160325,0.18593256932071814,0.03456545544824108,-0.23818532191062783,-0.06000198557537046,-0.7877177637594466,-0.43508127058395324,2
-1.0379546746194042,0.9688912738627319,0,0,-0.4403504864113566,-0.12873180550621688,-0.2542169770383769,-0.2500406918149549,-0.6522824945980463,-0.6447750282264284,-0.7886835565641134,-0.4897892354221793,0.5673404798943169,-1.4392554292140427,1.8656793062364783,-0.6665592193869164,-0.08966394420126973,2.16887972381655,4
-1.335605336504386,2.1061747270944053,1,0,-0.2637286661497568,-0.08589877507097886,-0.40309298647807684,-0.21206156312270277,-0.626772960950024,-0.6508926357233952,-0.7386228629567291,-0.4629937358641456,0.24461072972062486,-1.2529102697027155,1.8656793062364783,-0.6437181532472928,0.026556984468685246,2.389920403040029,4
-0.30091494042802047,0.566467898103832,0,0,-0.5507393128395306,-0.12298658269494253,-0.4217026007107449,-0.24545931455205905,-0.33483050613958315,-0.43983587907104565,-0.41573136440905484,-0.13251594370906328,-0.7529173809574132,-0.8124580647918552,2.0931241562580545,-0.3620117013133559,-0.10043340840677818,2.6775077573999404,4
0.9463830712804749,-0.06341216830140241,0,0,0.6193807530776932,-0.0021728560753937845,0.6576484928499028,0.22464506380163218,0.3066869704327948,0.3218035977395568,0.3351790847563375,0.25453017590447824,-0.08789861116632215,0.4354899024847277,-0.6456904756312405,0.31814447263460804,-0.7810437464258364,-0.4287397324339804,2
0.818818501901197,-1.1657022845105627,0,0,-0.462428943171798,-0.12199736814402966,-0.3844835397308985,-0.2595383763910246,2.5146790427143437,2.6617802754109654,2.2925526057912577,2.606579909054649,-0.49864546991407965,0.48631131054820614,-0.3329539028048577,2.302779538651622,-1.4524097686710562,-0.5432204135564276,6
1.045599958575469,-0.1683921793689415,0,0,-0.19749539413681125,-0.09150109956830936,-0.5705785867024762,-0.27732148445602367,-0.5407964195382726,-0.5988931234094333,-0.4382586787851092,-0.5999485352012062,-0.14657677156622906,0.26608517505886087,-0.3045233285365888,-0.46606543437104914,0.4696708619024823,-0.4964951836926742,7
0.790470819816913,0.3215145389462409,1,0,-0.5065837345803433,-0.13216262758137307,-0.27282649077975113,-0.25226359805559184,-0.8346284292798566,-0.7273624486382781,-0.891307998733834,-0.8619489678810075,1.6626655979198635,-1.0439778148953196,0.14088942812533226,-0.8822804191362742,0.9820487196977464,0.48198342187603566,1
-0.4426533508494404,1.213844633020323,0,0,0.5752253973621219,-0.07099331108679503,0.19241108477782082,-0.1619585359058668,0.5797334677792657,0.5481542217240674,0.6906101625545036,0.4718714203246405,-0.7431377902441582,1.209104607558179,-1.309071309517123,0.678525857674238,-0.5819898910946244,-0.43671313426652175,5
0.5211678400162152,1.0913679534415275,0,1,0.5752256358017105,-0.06378717932926081,1.0670573931949605,-0.0894020672597357,0.40966990162260597,0.41356729725699715,0.4828582007327959,0.3140756709323318,-0.27371277109649433,0.8194737446429666,-1.1100570337638156,0.4678804064947473,-0.626947487386911,-0.3988188146269144,5
-1.378126859630812,-1.8655690249608232,0,0,-0.2637287853695511,-0.09900584617065933,-0.47753045189465,-0.23670526441957343,0.862228084160157,0.8295631755355917,0.9659439773951171,0.7606674195512247,-0.96807057707894,1.384156050812571,-1.384886344816123,0.9576944159083353,-0.6863476793068345,-0.454155675022158,2
0.747949296690487,1.0563746164190144,0,1,-0.04295149017258566,-0.10742466386365061,0.15519182281538682,-0.17123027717864198,0.33692056359802697,0.3493327351239263,0.4027610278845006,0.24262110369440712,-0.13679709283577726,0.7121840602232605,-1.0626726580248926,0.38666767105347905,-0.615255405255788,-0.3836846956299669,5
0.6629062504376351,1.0213812793965014,0,0,0.42068109599858217,-0.06448136732642504,0.4157248477091361,-0.14097941917557744,0.55044477324989,0.5420366968145129,0.6505615761303561,0.4331668753520354,-0.49864546991407965,1.113108558081155,-1.384886344816123,0.637919489953604,-0.5803973721350402,-0.4012399960649565,5
0.39360327063693723,1.3713146496216317,1,0,-0.10918448400601137,-0.07382247566043397,-0.23560749679410065,-0.2355930348880362,-0.5681955208722049,-0.58359917348986,-0.6685378874009283,-0.42726643884743354,0.2837295326596282,-1.1286801633618306,1.619280740036056,-0.6132634288492161,-0.38047654702274175,2.4733360790158834,4
0.3652555885526532,-1.0082322679092541,0,0,0.11159312911040545,-0.10367457342783185,2.313893406988919,0.10516612585701629,0.1328442944138484,0.21474581065685594,0.07486353206349407,0.12055267811430996,0.6846967390820926,-0.28730354698946947,-0.18132408808228176,0.054203345122747826,-1.1281485170951404,-0.3032056102419949,2
-0.8820424231558422,-1.0432256049317672,0,0,0.023281742100428493,-0.09496425846211382,-0.1053410345928729,-0.21989086002501407,0.48997776548616073,0.453331704693575,0.597997782513391,0.39148492165053955,-0.7235785208004513,1.1187553247310884,-1.176395210973393,0.5846236080516392,-0.5619161279006673,-0.4490660812963107,2
0.30856022438408526,1.6687580143129923,1,0,0.19990399950127388,-0.015260676863211057,-0.06812200711012437,-0.0584688949309005,-0.5738643004585358,-0.5988931234094333,-0.6960712891595726,-0.39749361094700797,0.19571233606836644,-1.2811443875522661,1.9604479724225161,-0.5878844233276204,-0.062016813573224215,2.368883623628729,4
1.5416843950504386,2.1936580696506875,0,0,0.0895152128130312,-0.09213641132204381,-0.27282655777394704,-0.24741364143748892,-0.5776434868494229,-0.6172458908420589,-0.6560227252627395,-0.43917556464850377,0.05879665780764953,-0.9875095842783593,1.6003270238572103,-0.6234150264896411,-0.14960296763828165,2.613924095927015,4
0.46447247584764717,1.1613546274865534,0,0,0.5310701211264133,-0.07427723726052153,0.19241108477782082,-0.1665002850965053,0.3869948342963497,0.37686187250829584,0.46283389625706484,0.30216667910875933,-0.391069003879111,0.8194737446429666,-0.9963347366907399,0.44757721121389715,-0.632448160496667,-0.4284765203987196,5
-0.08830732479589058,1.143857958975297,1,0,0.2882145917126223,-0.10262431126967203,-0.0681219401159286,-0.12743687058358827,0.541941603870394,0.511448796975366,0.6505615761303561,0.4361441768989276,-0.7040189873051547,1.1639299661446336,-1.2711637918676226,0.637919489953604,-0.5841142081412656,-0.436898796166575,5
-0.5843917612708603,-1.1657022845105627,0,0,0.023281742100428493,-0.019326897834842982,-0.06812217459561422,-0.18699182322000202,-0.28286664224581676,-0.23489678497393773,-0.2255006521081259,-0.3945163361956154,0.6749170339464821,0.1644423589319039,-0.9299965594811626,-0.25034419579187894,-0.06343769914586957,-0.24013271000440156,1
0.20934333708909128,-0.1683921793689415,0,0,-0.4624282834889365,-0.1296212810727542,-0.4403119804637273,-0.25165735347832896,-0.7949469262583804,-0.7059509022333929,-0.8337381920744165,-0.826221638709696,1.4572921245373864,-0.8915135907048842,0.08402823694289036,-0.856901452444491,0.43300709515074715,0.22352350354567818,1
-0.38595798668087244,0.041567842766136676,0,0,-0.37411737335813666,-0.12911301245719375,-0.5519690394640041,-0.2613571788703983,-0.7675478070677744,-0.672304165610798,-0.8162169583227576,-0.7934715816102271,1.4964109010712305,-0.9366881812970215,0.12193568635894396,-0.8340603863048673,0.04545970368005645,0.28536326112837956,1
-1.9025589781900658,-1.3931589751568974,0,0,0.15574864378570247,-0.054397494063212835,0.024925695585138415,-0.19729790464726502,-0.47560537776686734,-0.436777089087131,-0.433252636457148,-0.5582666350907094,0.7335951679412299,-0.08966468138548847,-0.5603987528264338,-0.4609896698124358,0.07807345332494232,-0.24949736635617037,1
-1.6616036804736518,0.4089978815025234,0,0,-0.6169724457627163,-0.13381449955269956,-0.6077975371418994,-0.2765131680285926,-0.8478555944027286,-0.8068910680545582,-0.8512594461006581,-0.873858085643428,1.0367655166454202,-0.6938747962508748,0.15984316989172054,-0.877204624884275,1.2084919901641415,-0.07244193955923639,1
-1.7324728856843619,-1.113212278976793,0,0,-0.48450621965627644,-0.10941760806428774,-0.4217026007107449,-0.27732148609287094,-0.4604885811842512,-0.39395397425405065,-0.4432647211130704,-0.5404029865823535,0.9878670701828437,-0.2477757230472651,-0.5414450366475878,-0.47114119892966244,-0.09193804234280135,-0.16651375541932953,1
-1.29308381337796,1.1263612904640405,0,0,0.26613723177428805,-0.04232604925813693,0.2668491062462197,0.13067791818794494,-0.10335516113100603,-0.09725109805209016,-0.07031248390338307,-0.14740231746602664,0.13703417566845968,0.14185503822513112,-0.37086142045435777,-0.09299462651435295,-0.6200328294283142,-0.432227260066157,5
-0.10248116583803257,1.0563746164190144,1,0,0.17782608320389962,-0.1051065664226612,0.434334528936,-0.1815296857252261,0.1999248273425628,0.23615742313167087,0.22504554530370385,0.1324617503243811,0.19571233606836644,0.32820016724361345,-0.7404593124008949,0.20647703563632985,-0.7264054962852873,-0.3618561790008463,5
0.46447247584764717,0.2165345278787018,0,0,-0.5948947003470472,-0.13419570135745157,-0.49614052168785,-0.2692382896272304,-0.9007642548942169,-0.8955960629284099,-0.891307998733834,-0.906608137383797,0.7335951679412299,-0.6487001700837518,0.3778111106487889,-0.925424650863362,1.935216636185555,-0.46640197469852124,7
-0.2300457352173105,-0.6058088921503543,1,0,0.8843138411294756,0.191477685440501,1.1787144421461078,0.3661006404799041,-0.6862951976255649,-0.7548915860226476,-0.6159741838932207,-0.6952214344277701,-0.13679709283577726,-0.06707736067871586,0.24513497798833553,-0.6462560926292648,1.0910814828752278,-0.6334708159805446,3
1.3007290973340249,-1.8130790194270536,0,0,-0.28580670166692534,-0.11952236676654797,-0.49614052168785,-0.23968434826437715,2.235018790617085,2.2243728397158304,2.1648977492359025,2.302897134138609,-1.7993441493392994,1.2938070220925206,-0.427722654282704,2.1733467543902014,-1.1109290436672228,-0.6278761276548607,6
-0.8820424231558422,1.5987713402679664,0,0,-0.5286614482040674,-0.13381450041040371,-0.6077974835465427,-0.27408821132592504,-0.7769957806978526,-0.7732443451965318,-0.9013201352025795,-0.623766760007847,0.626018578682186,-1.4561959172030519,1.8372487319682094,-0.7807645729261008,0.7240089812873506,2.1348718247459617,4
-1.548212952136516,-0.3083655274589936,0,0,-0.4624282834889365,-0.12199724463463257,-0.3472645122481501,-0.24822197990779654,-0.8979298599991448,-0.9047724427906433,-0.891307998733834,-0.8887444701185911,0.6162389351586129,-0.6656406733191833,0.5199641269862074,-0.925424650863362,2.2634715489572486,-0.5808013491521177,3
1.2298598921233148,-1.0782189419542803,0,0,-0.5728169509573849,-0.12612712612342325,-0.6264070106867561,-0.2533752028570901,-0.7892781364682361,-0.8007734825809014,-0.7436289278120046,-0.8232443639583032,0.4891029620335068,-0.31553763434617516,0.05559762002871724,-0.7756887626853552,1.0189118554378676,-0.43731882756391804,7
0.932209230238333,1.0213812793965014,0,0,0.3102922298304766,-0.07261413176644797,0.22962994477507948,-0.16864345832445796,0.45124102845096614,0.45027291470966024,0.5329189619221232,0.34980310192654174,-0.3519502009401075,0.9098229258272411,-1.1858719837710077,0.5186383946968723,-0.6123555530184736,-0.3994376876270923,5
-1.094650038787972,-0.48333221257155873,0,0,-0.46242844244866216,-0.12199715131642144,-0.5705782282835283,-0.267621644332329,1.8930020140892538,1.9337873783068753,1.8845577118488124,1.8414191457402502,-1.046308182956947,1.440624428811615,-1.403839890411353,1.8891022488689613,-1.071816581614613,-0.4610277121266043,6
1.5983797592190068,0.8639112627951928,1,0,-0.042951728612174125,-0.07986595170845595,0.43433429445631433,-0.16549160525095677,0.45407539273459785,0.4227437773252907,0.565458428536043,0.34682574678865036,-0.6453410029396413,1.113108558081155,-1.242733132307546,0.5516310584769211,-0.5261675475258332,-0.4328637696734389,5
-1.0379546746194042,-1.9355556990058493,0,0,-0.24165090881210824,-0.1016663106311389,-0.458921226228318,-0.24337197745797023,2.6639570071925234,2.8606017620111066,2.352625293945307,2.8120116257412477,-0.13679709283577726,0.0006843981559700091,0.13141257003590923,2.363688896083511,-1.59347498398369,-0.5825180850269942,6
-0.37178414563873047,1.143857958975297,0,0,-0.3078839423854654,-0.1134837326299736,-0.3658739924924263,-0.21602814600946105,-0.6239385711568586,-0.6141871008581442,-0.7936896439467033,-0.42428911050504164,0.5673404798943169,-1.6425410614679565,2.20684645333113,-0.610725489467244,0.30127391442800805,2.0837491583976098,4
1.4566413487975867,-0.010922162767632866,0,0,-0.5065837584243021,-0.13368743459453206,-0.6077975036448015,-0.2716632493853462,-0.9149362140638574,-0.9139488221022941,-0.9063262090687808,-0.9155399712843547,0.7042561317498748,-0.6656406733191833,0.43467231888959246,-0.9406520290511466,2.477041873049135,-0.5107794983754881,3
0.15264797292052332,-0.5533188866165848,0,0,-0.2637286661497568,-0.12161600577706146,-0.3100454847654016,-0.15849843175564088,-0.35561605679899644,-0.2868962147004873,-0.32562210690483745,-0.4540619384054672,0.9291889449898157,-0.07837109726421435,-0.7688898013773556,-0.35186010367293086,-0.113577429367668,-0.18595489941319485,1
-0.9103901052401262,1.9487047104930966,1,0,0.42068109599858217,-0.07638466781062846,0.9926194722178552,-0.10959743969547225,-0.5691403174699268,-0.58359917348986,-0.6635318225456527,-0.43619828989711107,0.29350921139007985,-1.0891524014217444,1.5434658753206725,-0.6208771327898014,-0.4094033637978892,2.513619872402783,4
1.215686051081173,-1.4981389862244365,1,0,-0.484505842126928,-0.12250607315945983,-0.06812217459561422,-0.2431895748375094,1.9411867171016668,1.8511999661537668,1.9596486846779453,1.9843286553530937,-2.3372269196001247,1.6608505134795526,-0.5224913204687418,1.9652390598641527,-0.9036039630894616,-0.6418809944366681,6
-1.1088238798301142,0.0765611797886497,1,0,0.4648368888533992,-0.07609458197584512,0.04353494134972911,-0.18897608585942433,-0.5332379957374309,-0.6355986582746843,-0.41823437430937827,-0.5642211845934948,-0.5768829877748897,0.35643425460031936,-0.03917104615732069,-0.445762239090199,0.7668332807449684,-0.6076890252175705,3
-0.6836086485658543,-0.6058088921503543,0,0,-0.39619521017564796,-0.12314086617372652,0.45294394218608036,-0.060085734465010525,-0.3839599802401842,-0.3174841971270463,-0.36066458341908064,-0.47192556011832365,0.9291889449898157,-0.14613290692030814,-0.65516750430428,-0.3873906383117531,-0.16077506253655244,-0.16791144061479332,1
1.2723814152497408,-0.7107889032178933,0,0,-0.35203941732083105,-0.11856642393180303,-0.42170367261787883,-0.25307195562245083,1.358246680607108,1.1385014319063103,1.6317511212749962,1.2310771518172625,-3.1391612796347363,2.9257389484165817,-1.8682064485439276,1.6327746654102235,-0.344903979340338,-0.558505557939838,6
-0.4001318277230144,-1.1307089474880496,0,0,-0.5065832616751595,-0.13063780080671053,-0.4217023997281572,-0.26519667529874535,2.264307561675062,2.29472520204983,2.1623945140624343,2.3296926336966424,-1.4277160935305455,1.1018150247812892,-0.46563008664039574,2.1708086551207657,-1.1940945321333782,-0.6028098610457961,6
-1.264736131293676,-0.08090883681265891,1,0,0.19990388028147965,-0.05831646095616351,-0.3286549985067759,-0.20532930853739917,-0.8421868046125844,-0.855831751843813,-0.8487564091675573,-0.811335248875433,0.508662345899569,-0.7108152486648983,0.7000246140626316,-0.8822804191362742,1.295630437654661,-0.7801889227665886,3
-0.17335037104874254,-0.39584887001527613,0,1,0.6414585898952047,0.8233831872358721,1.3834189593128323,2.9654541436409017,-0.6938535959168729,-0.7548915860226476,-0.6510166604074639,-0.6773577591239144,-0.05855957497496728,-0.25906945963276357,0.49153353565957686,-0.6817866272680871,1.1503660876714215,-0.6915677098824466,3
-0.5702179202287183,0.30401787043498435,0,0,-0.08710672666836278,-0.11094239126757964,-0.6264070006376268,-0.2742902904873444,-0.8270700437433153,-0.8283026144594434,-0.8037017736572545,-0.8440853059749017,0.6162389351586129,-0.4962359458933164,0.23565809431137025,-0.8365982800047072,0.9962159941397372,-0.4540979899462154,7
-1.378126859630812,2.1411680641169184,1,0,0.19990399950127388,-0.024409559974731425,-0.1611695088227997,-0.1479903142706031,-0.5615819446881523,-0.5683052235702867,-0.7060834188701236,-0.37665268768725924,0.3619669625032417,-1.4223149615535968,2.0362629224297084,-0.5701191674287424,-0.20433742979341624,2.2490868107007396,4
0.010909562499103381,1.1613546274865534,0,0,0.11159312911040545,-0.11086941779879861,-0.012293465886001793,-0.20409684439009712,0.5882366371587623,0.5573305916758117,0.7006223147923691,0.477825969827426,-0.7431377902441582,1.2260450091507944,-1.3375019690771999,0.6886774553146631,-0.5805142863210399,-0.43407133606452697,5
1.4566413487975867,-0.23837885341396753,0,0,-0.5948946288151706,-0.13419569964204325,-0.7008449618112493,-0.2791402048202263,-0.712749527871309,-0.7457152078121624,-0.6435075405972361,-0.7547669696488729,0.22505137225972147,-0.09531149885682967,-0.0581247623361667,-0.6741729233275018,0.798939340600705,-0.48287361068258167,7
-1.9025589781900658,-0.1683921793689415,0,0,-0.3741173336182052,-0.13216262415055646,-0.682235484916683,-0.27732148718410243,-0.9092674293756199,-0.8925372701915815,-0.9138353176153512,-0.9095854148147396,0.8509514447324449,-0.7503430014571312,0.43467231888959246,-0.9482657215711989,1.9527703081285044,-0.42351038292259935,3
-1.3639530185886701,-0.6757955661953804,1,0,-0.2637286661497568,-0.11856641707016984,0.06214468957078891,-0.24498872096370744,-0.41513834449360465,-0.34195448946922635,-0.3907010401326771,-0.5106301854774276,1.0172061415810776,-0.16307341015573973,-0.7120286528408178,-0.4178454312330282,-0.04997080393465322,-0.15413998827934927,1
-0.3150887814701625,1.0038846108852448,0,0,-0.2637287853695511,-0.12314083358096896,-0.4775310883395108,-0.22094119217726957,-0.4453718356207023,-0.4765414139362966,-0.5784286073693965,-0.25160706774226815,0.03923730034674629,-1.2529102697027155,2.064693496697977,-0.46352756351227553,-0.324915103896261,2.4084402412404193,4
0.889687707111907,-1.0082322679092541,0,0,-0.1974950762173599,-0.08235238456680169,-0.2914366074688882,-0.12394287823884348,2.1726622661865136,2.1417854275627217,2.147376679933638,2.207624261707545,-1.9460395943476647,1.547914062409913,-0.7120286528408178,2.1555816583787855,-1.0361218799679468,-0.6018273683229824,6
-1.604908316305084,-0.6582988976841239,0,0,-0.35203948487871445,-0.11399197208359309,-0.19838853630554817,-0.20942256703390535,-0.47938456415775454,-0.4031303992640695,-0.4707981453990291,-0.5582666350907094,1.095443649759996,-0.32118445181751626,-0.5224913204687418,-0.49905809815109786,-0.09783210094483762,-0.11437421451482069,1
-1.7041252036000778,-0.11590217383517194,0,0,-0.5948947241910061,-0.1311460876055989,-0.6077974835465427,-0.26923829126407767,-0.8034501032907366,-0.7243036503956223,-0.8337381920744165,-0.8351534736820738,1.3692749279461247,-0.8406921928056873,0.08402823694289036,-0.8670530340961697,0.5022467018018516,0.11599030855084759,1
-1.0804761977458301,0.14654785383367575,0,0,-0.6611279286460682,-0.13533930756079537,-0.7008449986580572,-0.2791402058023346,-0.9442249402250549,-0.9139488221022941,-0.9764111868773129,-0.9244718046490027,1.0074264452471864,-0.9649222889822906,0.6431634015572377,-1.0117131234539638,1.9855373777010015,-0.46640197469852124,3
0.16682181396266532,0.7939245887501667,1,0,-0.28580646322733677,-0.10979880746746812,-0.1611696428111914,-0.13829058654375387,-0.4538750305097322,-0.4979529713528367,-0.5809316397970342,-0.25458431569816126,-0.07811902045306737,-1.219029329299683,2.1215546452345153,-0.46606543437104914,-0.19424025533396383,2.4383199645175355,4
0.2943863833419433,-0.6757955661953804,0,0,-0.2195731117345283,-0.09377029655125568,-0.7008449618112493,-0.27136501745072333,-0.47088136926872465,-0.5132469488015476,-0.39570705993332383,-0.5136074870243199,-0.048779896244515494,0.13620827157519802,-0.18132408808228176,-0.4229211729505753,0.08401444569593286,-0.508753580680769,7
-0.9245639462822682,0.02407117425488016,0,0,-0.440350526151288,-0.12018282057346852,-0.5333594821764025,-0.25398601369260326,-0.5351275889328745,-0.5713639860250638,-0.46829511297139126,-0.5731530356431724,0.05879665780764953,0.02891863797689987,-0.10550913807508984,-0.4584517304304638,0.5352850671377749,-0.27475986409553815,3
-0.20169805313302652,0.09405784829990621,0,0,0.19990423794086234,-0.10674917381687925,5.868308320782931,0.37095383805558946,0.3473133006634332,0.37686187250829584,0.3652155639972487,0.29323474767258306,0.01967794288584288,0.3959620785425235,-0.6835979932807407,0.3485992883969497,-0.8490544491793764,-0.40454415391930226,2
0.747949296690487,-1.0782189419542803,0,0,-0.5507392214376884,-0.12774710042062445,-0.6264070106867561,-0.26197319924513646,-0.759044622382558,-0.7763031351804466,-0.7060834188701236,-0.7964488644002696,0.4108654441726967,-0.2421289055759239,0.008213329581602289,-0.7376203343466933,0.8665991680900184,-0.4489296363539874,7
1.3574244615025928,0.041567842766136676,0,1,0.24405935521684533,0.2714031207939277,-0.3658739924924263,0.06277901658868346,-0.9149362140638574,-0.9017136497785236,-0.9213444194037275,-0.9095854148147396,0.8216123645324915,-0.7672834894461402,0.49153353565957686,-0.9558794072389313,2.3258097240370486,-0.47462063360891077,3
-0.6552609664815703,-0.02841883127888938,1,0,-0.042951132513202976,-0.08837889522680664,-0.38448343923960465,-0.24304307373370196,-0.5407964195382726,-0.6325398682907696,-0.4307495589748815,-0.5761303103945652,-0.4693066097571177,0.3169065831223393,-0.07707847851501272,-0.4584517304304638,0.6401399728763815,-0.5637352258015281,3
-0.9387377873244102,-1.113212278976793,0,0,-0.3299617553590179,-0.08845146042841395,-0.04951276134553368,-0.20618930808981628,-0.34711286190996665,-0.29607261218136866,-0.30309479252878313,-0.44513006056029,0.7531545518072922,0.023271718862742607,-0.7688898013773556,-0.3290190375333072,-0.08497127507239675,-0.22365247856200526,1
-0.5702179202287183,1.966201379004353,0,0,-0.020873494395348705,-0.004587066813790807,-0.19838850280845013,-0.21912246935779606,-0.5974842409111144,-0.6172458908420589,-0.7211016134359503,-0.42428911050504164,0.2641701751987248,-1.3093784901553942,1.9414942562436703,-0.610725489467244,-0.06987753422420799,2.3446471689344093,4
1.215686051081173,-1.2181922900443323,0,0,-0.24164884233567466,-0.13063782276393668,-0.4403120139608253,-0.23468269737171443,2.4731076863001813,2.5975457132778947,2.2775343211161743,2.55596588993948,-0.684459717861448,0.6331287172673006,-0.39929199472262655,2.2875520850883193,-1.396597643481745,-0.5537317040501929,6
0.30856022438408526,-0.8332655827966889,0,0,-0.37411745283799946,-0.11377143747804637,0.3226775134819506,-0.11350712031518219,-0.0646184240958111,-0.036075188257246885,-0.055294334392185236,-0.10274316939963692,0.3228482475814349,0.011978134741468482,-0.3329539028048577,-0.07776730999744695,-0.7507721289815317,-0.3945209581188873,2
0.847166183985481,0.18154119085618878,0,0,-0.48450600108665365,-0.12771527067666757,-0.5147500354292243,-0.2645904525461127,-0.7987261126492675,-0.7090096812056527,-0.8412473051264497,-0.826221638709696,1.4670718032678383,-0.9197477034722941,0.12193568635894396,-0.8594393529966505,0.3978997955002568,0.2518457743413895,1
-0.9954331514929782,-0.39584887001527613,1,0,-0.4182726495938452,-0.12504686833585335,-0.030903013124474014,-0.24519075156532466,-0.4680469794755592,-0.3725424168375105,-0.4707981453990291,-0.5523120855879242,1.2714780350209718,-0.3889463631164264,-0.579352554297088,-0.49905809815109786,-0.13166816341134588,-0.06094866570315167,1
0.832992342943339,-0.4308422070377892,0,0,0.5089921650891077,0.01676026307118046,0.1551919233066806,-0.02694452610731451,-0.7817197560336016,-0.8191262390018719,-0.7411259179116813,-0.7845397493173992,0.2348310509901731,-0.34377172170288084,0.34938053638051986,-0.7731508918265817,1.202610229005809,-0.6093347689735994,3
-1.6899513625579359,-0.44833887554904567,1,0,-0.4182728284235365,-0.11191727049447017,-0.5519689959177768,-0.24091070533453784,-0.9149362140638574,-0.9047724427906433,-0.9363626319914056,-0.8887444701185911,0.7922733019359776,-0.8689263055730971,0.6905477431794375,-0.9711067877108226,2.108413612126557,-0.6761342142551662,3
-1.2789099723358182,1.9487047104930966,0,0,0.06743749521531404,-0.07320340196160036,-0.19838850280845013,-0.08574979178457835,-0.6759024350506251,-0.7059509022333929,-0.7911865889917511,-0.5016983612232496,0.22505137225972147,-1.3150253177910172,1.9888786319825935,-0.6767108170273415,0.355509003050887,2.3418537723153956,4
0.3794294295947952,-1.4106556436681539,0,0,-0.3741168169990968,-0.12148899145774676,-0.4961400862255768,-0.24741365562349854,2.2728106545259568,2.316136704408096,2.1648977492359025,2.332670149607531,-1.3103597727307323,1.0679339166676098,-0.5224913204687418,2.1733467543902014,-1.2157650166507754,-0.5847082714810199,6
0.9889045944069009,-1.7080990083595147,0,0,-0.21957446289219643,-0.08502091487707458,-0.14256116747985326,-0.20396621852228583,2.5420778124243393,2.7046032250692207,2.305067430019731,2.636352388613581,-0.3715097344354044,0.4072556626637978,-0.3234771300072428,2.3154686645348286,-1.4814630721747126,-0.5225412688819587,6
0.9463830712804749,0.16404452234493228,0,0,-0.6832056756513346,-0.1316870958176748,-0.7566734943261266,-0.27333195515308956,-0.9461145349510706,-0.9139488221022941,-0.9814172584907829,-0.9244718046490027,1.026985829113249,-0.9875095842783593,0.662117143323626,-1.0167889177059632,1.9855373777010015,-0.46640197469852124,7
1.3007290973340249,-0.010922162767632866,0,0,-0.6390501951523786,-0.1336874335652871,-0.6264070173861757,-0.269440370425497,-0.9357217621723174,-0.9139488221022941,-0.9563869094343593,-0.921494526950105,0.9194092486559247,-0.8802199506800611,0.5863022018456149,-0.9914099555823932,2.477041873049135,-0.48477639047788246,3
-0.7969993769029903,1.0563746164190144,0,0,0.6635362677529905,0.27025952670136644,0.6204295323613505,0.038731204082053196,-0.5039492756985214,-0.5407760861859171,-0.6159741838932207,-0.3290162916649764,0.0294576216162945,-1.1569142812113815,1.9130636819754012,-0.5295128682313067,-0.1843683275771643,2.474306920117397,4
1.2440337331654567,1.1613546274865534,0,0,0.4427589328160936,-0.06306981959687576,0.22963017925476512,-0.17982204481723377,0.25755749633219366,0.2545100804477468,0.32016093524514,0.18307558187105405,-0.22481428942703904,0.6274818997959594,-0.835227978586933,0.30291715611770237,-0.6388056734788474,-0.4228177799909185,5
1.116469163786179,0.5139778925700625,0,1,7.110236164675414,0.13963502770971725,-0.40309295298097897,-0.06816878088631856,-0.7410934768220303,-0.7671267514641338,-0.6985742990598959,-0.7577442497593656,0.3130685688509833,-0.2985971819321518,0.1977506193077742,-0.7300066304061079,1.4577549810738806,-0.49791515340974923,7
-1.1088238798301142,-0.25587552192522406,0,0,-0.24165090881210824,-0.1149609376119346,-0.4217026007107449,-0.2539860180575293,0.11300354035215697,0.08015888618978557,0.20752436336486824,0.031234381981530543,-0.4008485945923661,0.7291247159229163,-0.835227978586933,0.1887118254195841,-0.464782247391407,-0.4500061697580009,2
0.46447247584764717,0.2340311963899583,0,0,-0.10918424556642291,-0.11996418115100382,2.053361018540031,2.4513638490854577,-0.30743137929611725,-0.40007155422188,-0.17794301345569372,-0.3677208366375817,-0.6551205936528963,0.6331287172673006,-0.427722654282704,-0.20212419265385798,0.2766334645500235,-0.5419384168631575,7
0.025083403541245376,-1.795582350915797,0,0,-0.4403510427703964,-0.11027761394559758,-0.4403120139608253,-0.25258147706792244,2.2935962051853704,2.285548639394124,2.2224674274896277,2.359465649165565,-1.8189033307658096,1.3333346427490926,-0.4751069447298188,2.2317182409633163,-1.1155242179546487,-0.62238216536686,6
-0.20169805313302652,-0.010922162767632866,0,0,-0.4624282834889365,-0.12352205322596721,-0.6077975136939309,-0.2692382945377722,-0.9234393936471671,-0.9139488221022941,-0.9263504910171974,-0.9185172492512075,0.7922733019359776,-0.7503430014571312,0.49153353565957686,-0.9609552014909306,2.477041873049135,-0.4971411164690945,3
0.1951694960469493,0.496481224058806,0,0,-0.661127948516034,-0.13533930821265053,-0.08673152085149871,-0.08574969902990008,-0.9187154055566513,-0.8864196847179246,-0.9488778008877887,-0.9036308599528543,1.0074264452471864,-0.9310413587435395,0.5863022018456149,-0.9837962630623409,0.4291061071368341,-0.4109811334918336,7
-1.6190821573472258,-0.6408022291728673,0,0,0.045360135276979664,-0.09316041401005552,-0.3844835397308985,-0.24673166157417584,0.6798821112140462,0.6215653465128442,0.8082527767627367,0.5760761706008821,-1.0756473071654984,1.40674347316216,-1.3185480823147377,0.7978069529309697,-0.5765294279716541,-0.47320053655171196,2
-0.7969993769029903,-0.13339884234642846,0,0,-0.10918444426607993,-0.08031919345679596,-0.2542169770383769,-0.2330659887853855,-0.40002157342052214,-0.32971938459184236,-0.3806888878948117,-0.4868119606707866,0.9780873914523921,-0.1856607308625125,-0.6362136175418177,-0.4076938335926032,-0.1445067388730572,-0.17214912891446965,1
1.3149029383761668,-1.7430923453820277,0,0,0.0012043424221627643,-0.09831194636208831,-0.36587365752144696,-0.22362856801502828,0.3010181908464639,0.25145140058038173,0.3777306585534941,0.25453017590447824,-0.7040189873051547,0.7573587016368057,-0.5888293270947026,0.36128868837294953,-0.5813062770838632,-0.5252343214836597,2
-1.519865270052232,-0.22088218490271103,0,0,-0.5507392572036266,-0.1280964772845628,-0.570578509659151,-0.2724715676678709,-0.8157324769177936,-0.7243036503956223,-0.8587685433835713,-0.8440853059749017,1.4964109010712305,-0.9366881812970215,0.12193568635894396,-0.8797425185841147,0.5490567443170348,0.2954335282054439,1
0.20934333708909128,0.6889445776826276,0,0,0.1115929701506797,-0.05795529546335453,5.310022908541704,2.010225545492819,0.06670843053518767,0.03733585394411753,0.07986955186414087,0.07887075120831379,-0.3323909314964009,0.14185503822513112,0.08402823694289036,0.0618169576990685,-0.7793632432377413,-0.735786758775726,5
-1.137171561914398,-0.29086885894773706,0,0,-0.2637287853695511,-0.12924008784504368,0.8065246697750927,0.8211850464451141,0.3170798095363355,0.3585090224882581,0.31265177038028313,0.27834842750661887,0.1565935331293631,0.2209105336453153,-0.5224913204687418,0.2953034064949844,-0.927073590161905,-0.4008533277799687,2
1.4708151898397288,-1.7080990083595147,0,0,-0.21957247589562573,-0.10179378605220271,-0.47753128932209843,-0.26944019200914526,2.5382988301097207,2.6923681752501123,2.3000616354922285,2.6423068845253668,-0.44974707626182103,0.3959620785425235,-0.2287083785293967,2.310393151227943,-1.477154304466429,-0.5532031151975715,6
