COMPACTNESS,CIRCULARITY,DISTANCE CIRCULARITY,RADIUS RATIO,PR AXIS ASPECT RATIO,MAX LENGTH ASPECT RATIO,SCATTER RATIO,ELONGATEDNESS,PR AXISRECTANGULAR,LENGTHRECTANGULAR,MAJORVARIANCE,MINORVARIANCE,GYRATIONRADIUS,MAJORSKEWNESS,MINORSKEWNESS,MINORKURTOSIS,MAJORKURTOSIS,HOLLOWS RATIO,target
1.555593672540337,-0.05185594927392124,0.5982413894873067,0.7668894830242765,0.022945673502913825,0.1702898666570236,0.4955861956944608,-0.676859602774522,0.4771580558765075,-0.09668380252723298,0.3531470265966491,0.40876992126836414,-0.541715224070621,-1.3065206098384006,1.2581505526667973,0.7581397264039601,1.1330429956036623,1.089765536629001,1
-1.0110198557982204,-1.1989095472130593,0.39910766854841395,0.13705302147116988,-0.35209740375160853,0.0042046880656055425,-0.09176072869352632,-0.14413822176144858,-0.31643113179178844,-1.2178611088980884,-0.04707219780696483,-0.1545939826852943,-0.8918457779697433,-0.8629025804233563,0.18824857569503217,2.1485138317912225,0.7823656335950857,0.9515769693839111,1
-0.6443607803212837,-1.3627743469186506,-1.9241190757386673,-1.572503088458691,-1.1021835582606532,-0.6601360263000666,-1.1737155894082394,1.320845576024503,-1.1100203194600844,-1.5682290171389808,-1.34778467711871,-1.0858690075882806,-0.9555058786786746,0.9115695372368208,2.1140721342442097,0.11642860084060819,-0.7956824954435084,-1.3976286737826167,2
-0.3999213966699925,-0.871179947801877,0.996508831365092,0.6169284207497273,0.2729743916725954,0.0042046880656055425,0.15554323946983667,-0.2773185670147169,0.08036346204235952,-1.007640363953553,0.08633421032757314,0.058104634113535926,-0.3507349219438271,-1.0107752568950377,0.6162093664837383,2.36241754031234,1.1330429956036623,1.3661426711191809,2
-0.3999213966699925,-1.0350447475074682,0.0008402266706285974,0.13705302147116988,-0.35209740375160853,-0.3279656691172305,-0.09176072869352632,-0.14413822176144858,-0.31643113179178844,-1.2178611088980884,-0.04707219780696483,-0.1660912052149608,-1.0828260800965372,-0.8629025804233563,-1.3096141920654392,1.1859471434461946,0.6070269525907975,0.5370112676486415,2
-0.6443607803212837,0.7674680492540346,0.0008402266706285974,0.7069050581144568,0.39798875075743617,-0.4940508477086486,0.18645623549025706,-0.41049891226798524,0.08036346204235952,0.46390485065819476,0.5199050367648216,0.15008241435086792,1.0816173440071275,-0.27141187453663057,-1.095633796671086,-0.7391862332438609,0.08101090957793279,-0.15393156857680784,1
1.8000330561916282,0.6036032495484435,1.7266658081410318,0.6469206332046371,-0.35209740375160853,0.1702898666570236,1.082933120082448,-1.076400638534327,1.2707472435448035,0.46390485065819476,1.1202338733702424,1.0353685491351883,1.1771074950705245,-0.419284551008312,1.4721309480611504,1.9346101232701054,0.43168827158650924,0.9515769693839111,2
0.33339675428388105,-0.2157207489795124,0.7973751104261994,0.9168505452988257,0.5230031098422769,0.0042046880656055425,0.4955861956944608,-0.676859602774522,0.4771580558765075,-0.3769781291199468,0.820069455067532,0.40876992126836414,-0.03243441839917051,-0.12353919806494917,1.9000917388498566,-0.20442696194106774,0.256349590582221,0.2606341331584618,2
-0.5221410884956381,-0.3795855486851036,-0.7293167501053113,0.017084171651530533,-0.35209740375160853,-0.1618804905258125,-0.5554556689998319,0.2554028139983564,-0.7132257256259364,-0.3769781291199468,-0.5806978303451167,-0.5454995486939552,-0.5735452744250867,-1.7501386392534448,1.9000917388498566,-0.41833067046218503,2.535752443637968,1.9188969400995404,2
-0.2777017048443469,-0.871179947801877,-0.0655376803090023,-0.252845740442658,0.14796003258775461,0.0042046880656055425,-0.8027596371631949,0.6549438497581614,-0.7132257256259364,-0.6572724557126607,-0.8808622486478271,-0.7811926105521185,-1.2419763318688655,-1.3065206098384006,0.6162093664837383,-1.3808973588072129,1.8343977196208152,1.5043312383642706,4
-0.3999213966699925,-1.1989095472130593,-0.862072564064573,-0.34282237780738756,0.5230031098422769,2.6615675455282943,-0.9882376132857171,0.9213045402646981,-1.1100203194600844,-0.7273460373608391,-0.9809170547487307,-0.9134106696432832,-1.4647866843501252,-0.8629025804233563,-0.45369261048802695,-0.20442696194106774,0.6070269525907975,0.9515769693839111,4
-0.5221410884956381,0.27587365013726106,-0.6629388431256803,-1.0626354767252237,-0.4771117628364493,0.33637504524844164,-0.33906469685688934,0.2554028139983564,-0.31643113179178844,0.25368410571365935,-0.6474010344123857,-0.4535217684566233,0.28586608514548606,0.615824184293458,1.0441701572724444,-0.5252825247227436,-0.9710211764477966,-0.5684972703120774,4
1.1889345970634002,1.5867920477819903,1.4611541802225083,1.3367415196675634,0.7730318280119586,0.33637504524844164,1.021107128041607,-1.076400638534327,0.8739526497106554,1.3748614120845148,0.9868274652357045,0.9663852139571893,1.2725976461339215,-0.27141187453663057,0.6162093664837383,0.5442360178828428,0.08101090957793279,0.12244556591337191,1
1.3111542888890457,1.5867920477819903,0.8637530174058302,0.2870140837457191,-0.7271404810061309,0.0042046880656055425,1.4538890723274924,-1.3427613290408635,1.6675418373789515,1.7953029019735856,1.3203434855720495,1.4837602277921818,1.2725976461339215,0.17220615487841368,-0.45369261048802695,-0.8461380875044195,-0.2696664524306437,-0.15393156857680784,1
-0.3999213966699925,-0.871179947801877,0.0008402266706285974,-0.1628691030779285,-0.22708304466676774,-0.1618804905258125,-0.3699776928773097,0.12222246874508809,-0.31643113179178844,-1.14778752724991,-0.08042379984059932,-0.41328148960279054,-0.6690354254884837,-0.12353919806494917,-0.23971221509367394,-0.6322343789833023,-0.4450051334349319,-0.5684972703120774,2
-0.8888001639725749,-1.0350447475074682,-0.5965609361460494,-0.5827600774466662,-0.4771117628364493,-0.4940508477086486,-0.648194657061093,0.5217635045048931,-0.7132257256259364,-0.9375667823053746,-0.5806978303451167,-0.67771760778512,-1.1464861808054685,-0.419284551008312,-1.095633796671086,2.1485138317912225,-0.2696664524306437,0.12244556591337191,2
-1.2554592394495117,-0.05185594927392124,-0.9948283780238348,-0.7027289272663056,0.2729743916725954,-0.4940508477086486,-0.8027596371631949,0.7881241950114297,-0.7132257256259364,-0.5171252924163038,-0.7808074425469237,-0.792689833081785,0.12671583337315778,0.32007883135009507,-0.23971221509367394,-1.2739455045466541,-0.9710211764477966,-1.121251539292437,3
0.4556164461095266,1.0951976486652168,0.19997394760952128,1.066811607573375,0.8980461870967993,-0.6601360263000666,0.6192381797761423,-0.9432202932810586,0.4771580558765075,0.8142727588990871,0.6866630469329941,0.6617088169210271,1.43174789790625,0.32007883135009507,-0.45369261048802695,-0.7391862332438609,0.957704314599374,-0.015743001331717955,3
0.7000558297608178,0.11200885043166993,1.3947762732428775,0.3769907211104486,-0.22708304466676774,0.0042046880656055425,0.7738031598782441,-0.8100399480277902,0.8739526497106554,-0.16675738417541144,1.020179067269339,0.7076977070396931,0.6996567397535397,0.024333478406732254,1.4721309480611504,0.009476746580049551,0.08101090957793279,0.2606341331584618,2
0.08895737063258986,-1.5266391466242417,-0.6629388431256803,0.5869362082948175,1.3981036234361626,-0.4940508477086486,-0.4936296769589912,0.12222246874508809,-0.7132257256259364,-1.6383025987871591,-0.2471818100087718,-0.4650189909862898,-1.6557669864769191,-0.27141187453663057,-0.8816534012767331,0.6511878721434015,1.8343977196208152,1.2279541038740909,3
1.1889345970634002,1.0951976486652168,0.8637530174058302,0.49695957093008797,-0.35209740375160853,0.0042046880656055425,0.4955861956944608,-0.676859602774522,0.4771580558765075,0.8142727588990871,0.48655343473118706,0.43176436632769716,0.9224670922347993,-0.8629025804233563,1.0441701572724444,-0.5252825247227436,0.7823656335950857,0.6751998348937314,1
1.555593672540337,1.0951976486652168,1.3283983662632466,0.43697514602026827,-0.6021261219212901,0.33637504524844164,1.2993240922253906,-1.2095809837875953,1.2707472435448035,0.8843463405472656,0.8534210571011666,1.2710616109933517,0.4131862865633487,-1.0107752568950377,-0.025731819699320882,-0.8461380875044195,0.08101090957793279,0.39882270040355167,1
-0.5221410884956381,-1.0350447475074682,-1.7249853547997747,-1.72246415073324,-1.7272553536848572,-0.3279656691172305,-1.142802593387819,1.4540259212777715,-1.1100203194600844,-0.7273460373608391,-1.2143782689841722,-1.114612063912447,-0.7963556269063463,1.7988055960669094,1.2581505526667973,-0.5252825247227436,-0.9710211764477966,-1.8121943755178864,4
-1.0110198557982204,-0.05185594927392124,-1.1275841919830967,-1.3625576012743221,-0.6021261219212901,-0.1618804905258125,-0.7409336451223542,0.7881241950114297,-0.7132257256259364,-0.3069045474717684,-0.7141042384796548,-0.769695388022452,0.31769613549995174,1.9466782725385907,-1.3096141920654392,-0.6322343789833023,-1.6723759004649497,-1.8121943755178864,3
-1.499898623100803,-0.2157207489795124,-0.7293167501053113,-1.6024953009136007,-1.227197917345494,-0.3279656691172305,-0.6172816610406727,0.5217635045048931,-0.7132257256259364,-0.16675738417541144,-0.5806978303451167,-0.6604717739906203,0.03122568230976081,1.3551875666518651,-0.8816534012767331,-1.1669936502860956,-1.4970372194606614,-1.3976286737826167,3
0.33339675428388105,-0.05185594927392124,0.3327297615687831,0.04707638410644037,0.6480174689271178,0.1702898666570236,-0.4627166809385708,0.38858315925162473,-0.31643113179178844,0.5339784323063732,-0.6140494323787512,-0.516756492369789,-0.6053753247795524,-0.8629025804233563,0.4022289710893852,-0.0974751076805091,0.6070269525907975,0.6751998348937314,4
0.4556164461095266,0.11200885043166993,0.3327297615687831,0.5869362082948175,0.14796003258775461,-0.4940508477086486,0.6192381797761423,-0.8100399480277902,0.4771580558765075,-0.16675738417541144,0.7867178530338975,0.6214685380671944,-0.06426446875363617,0.024333478406732254,-0.8816534012767331,1.3998508519673118,0.957704314599374,0.2606341331584618,3
1.4333739807146915,0.6036032495484435,1.59390999418177,0.676912845659547,-0.6021261219212901,0.33637504524844164,1.2993240922253906,-1.2095809837875953,1.2707472435448035,0.8142727588990871,1.086882271336608,1.236569943404352,-0.12792456946256747,-0.8629025804233563,-1.3096141920654392,2.7902249573545745,0.6070269525907975,1.5043312383642706,1
-1.2554592394495117,-1.1989095472130593,0.0008402266706285974,-0.9126744144506744,-0.9771691991758125,-0.3279656691172305,-0.7100206491019337,0.6549438497581614,-0.7132257256259364,-1.2178611088980884,-0.48064302424421324,-0.7352037204334525,-0.8600157276152777,0.17220615487841368,-0.025731819699320882,1.7207064147489881,-0.6203438144392202,-0.5684972703120774,2
-1.744338006752094,-1.3627743469186506,-1.7249853547997747,-1.6624797258234205,-0.8521548400909716,-0.4940508477086486,-1.4519325535920227,1.8535669570375763,-1.1100203194600844,-1.7083761804353377,-1.6479490954214207,-1.298567624387111,-1.401126583641194,1.2073148901801836,0.4022289710893852,-0.8461380875044195,-1.8477145814692377,-1.5358172410277067,1
1.6778133643659825,0.9313328489596258,1.1292646453243538,1.036819395118465,0.14796003258775461,0.1702898666570236,0.7428901638578238,-0.8100399480277902,0.8739526497106554,0.6741255956027301,0.753366251000263,0.6962004845100266,0.7951468908169367,-1.1586479333667192,0.18824857569503217,0.3303323093617255,0.957704314599374,1.3661426711191809,2
-1.2554592394495117,-1.1989095472130593,-0.5965609361460494,-1.002651051815404,-0.6021261219212901,-0.1618804905258125,-1.0191506093061375,1.1876652307712348,-1.1100203194600844,-1.5682290171389808,-1.0476202588159997,-0.9938912273509487,-1.5602768354135221,-0.12353919806494917,0.6162093664837383,0.7581397264039601,-0.9710211764477966,-0.5684972703120774,1
0.08895737063258986,0.11200885043166993,0.5982413894873067,-0.37281459026229735,0.14796003258775461,0.33637504524844164,-0.3699776928773097,0.2554028139983564,-0.31643113179178844,0.5339784323063732,-0.5139946262778478,-0.4765162135159563,-0.15975461981703315,-0.419284551008312,0.18824857569503217,0.8650915806645187,0.08101090957793279,0.6751998348937314,4
1.4333739807146915,0.43973844984285226,1.59390999418177,0.9168505452988257,-0.10206868558192696,0.1702898666570236,1.082933120082448,-1.076400638534327,1.2707472435448035,0.25368410571365935,1.1869370774375114,1.0353685491351883,0.763316840462471,-0.419284551008312,-0.23971221509367394,1.6137545604884291,0.256349590582221,1.089765536629001,2
1.1889345970634002,1.5867920477819903,1.1292646453243538,0.8868583328439159,0.5230031098422769,0.1702898666570236,1.2993240922253906,-1.2095809837875953,1.2707472435448035,1.6551557386772286,1.086882271336608,1.2940560560526846,1.43174789790625,0.17220615487841368,-1.095633796671086,-1.2739455045466541,-0.6203438144392202,-0.15393156857680784,2
-1.1332395476238661,-0.5434503483906947,-1.592229540840513,-1.1826043265448631,-0.4771117628364493,-0.3279656691172305,-0.7100206491019337,0.7881241950114297,-0.7132257256259364,-0.3769781291199468,-0.8475106466141927,-0.7754439992872852,-0.12792456946256747,1.5030602431235465,0.4022289710893852,-0.9530899417649782,-1.6723759004649497,-1.8121943755178864,3
0.21117706245823545,1.0951976486652168,1.3947762732428775,1.5166947943970226,0.6480174689271178,0.0042046880656055425,0.8047161558986645,-0.9432202932810586,0.8739526497106554,0.954419922195444,0.8534210571011666,0.7709324309528589,1.5908981496785781,-0.8629025804233563,1.2581505526667973,0.7581397264039601,0.6070269525907975,0.8133884021388212,1
-1.3776789312751572,-0.871179947801877,-1.9904969827182983,-1.72246415073324,-1.1021835582606532,-0.4940508477086486,-1.2355415814490802,1.720386611784308,-1.1100203194600844,-0.6572724557126607,-1.6479490954214207,-1.1950926216201125,-0.6053753247795524,1.9466782725385907,0.4022289710893852,-0.6322343789833023,-2.198391943477814,-1.6740058082727964,4
1.4333739807146915,1.5867920477819903,0.996508831365092,1.5766792193068422,0.7730318280119586,0.33637504524844164,1.3302370882458108,-1.2095809837875953,1.2707472435448035,1.4449349937326932,1.020179067269339,1.2883074447878513,1.2089375454249902,-0.7150299039516749,-0.8816534012767331,1.7207064147489881,0.08101090957793279,0.8133884021388212,1
-1.0110198557982204,-0.05185594927392124,-0.6629388431256803,-0.5827600774466662,0.14796003258775461,-0.4940508477086486,-0.7100206491019337,0.5217635045048931,-0.7132257256259364,-0.3069045474717684,-0.7141042384796548,-0.6892148303147865,-0.0006043680447048495,-0.27141187453663057,-0.025731819699320882,-1.2739455045466541,0.08101090957793279,0.12244556591337191,3
-0.5221410884956381,0.43973844984285226,-0.3310493082275259,-0.8526899895408548,-0.22708304466676774,0.33637504524844164,-0.33906469685688934,0.38858315925162473,-0.31643113179178844,0.6741255956027301,-0.6474010344123857,-0.4650189909862898,0.31769613549995174,0.32007883135009507,-0.8816534012767331,-1.1669936502860956,-0.7956824954435084,-0.2921201358218977,4
0.9444952134121091,0.9313328489596258,1.3947762732428775,1.3667337321224733,0.6480174689271178,0.1702898666570236,0.9901941320211868,-1.076400638534327,0.8739526497106554,0.8843463405472656,0.95347586320207,0.9548879914275229,0.6041665886901427,-0.7150299039516749,-0.66767300588238,0.6511878721434015,-0.09432777142635546,0.2606341331584618,2
-1.1332395476238661,-0.3795855486851036,-1.1275841919830967,-1.5425108760037811,-0.9771691991758125,-0.6601360263000666,-0.7409336451223542,0.7881241950114297,-0.7132257256259364,-0.3069045474717684,-0.7808074425469237,-0.7754439992872852,-0.06426446875363617,2.094550949010272,0.4022289710893852,-1.1669936502860956,-1.6723759004649497,-1.9503829427629762,3
0.4556164461095266,-0.5434503483906947,0.46548557552804487,0.6169284207497273,-0.10206868558192696,0.0042046880656055425,0.18645623549025706,-0.41049891226798524,0.08036346204235952,-0.3769781291199468,-0.08042379984059932,0.14433380308603466,-1.2101462815144,-1.7501386392534448,-0.66767300588238,-0.5252825247227436,1.8343977196208152,1.7807083728544504,2
-0.3999213966699925,-0.5434503483906947,-1.1275841919830967,-0.07289246571319899,0.5230031098422769,-0.3279656691172305,-0.8336726331836153,0.5217635045048931,-0.7132257256259364,-0.6572724557126607,-0.7474558405132892,-0.746700942963119,-0.541715224070621,-0.8629025804233563,-0.45369261048802695,-1.3808973588072129,2.1850750816293916,1.6425198056093606,3
0.8222755215864634,0.43973844984285226,0.1335960406298904,0.5869362082948175,-0.22708304466676774,0.33637504524844164,0.09371724742899593,-0.2773185670147169,0.08036346204235952,0.25368410571365935,0.01963100626030416,0.01786435525970318,0.3495261858544174,-1.6022659627817635,-0.23971221509367394,0.9720434349250774,1.4837203576122386,2.05708550734463,2
-0.7665804721469293,-0.871179947801877,-0.26467140124789496,0.3469985086555388,0.022945673502913825,-0.3279656691172305,0.1246302434494163,-0.2773185670147169,0.08036346204235952,-0.7974196190090176,0.2864438225293801,0.04085880031903618,-0.8281856772608119,-1.0107752568950377,-1.3096141920654392,1.7207064147489881,0.08101090957793279,0.5370112676486415,1
0.7000558297608178,0.7674680492540346,0.996508831365092,0.9768349702086454,0.14796003258775461,-0.4940508477086486,1.422976076307072,-1.3427613290408635,1.2707472435448035,0.46390485065819476,1.353695087605684,1.5182518953811812,1.1771074950705245,0.615824184293458,0.4022289710893852,-0.6322343789833023,0.08101090957793279,-0.8448744048022572,3
-0.6443607803212837,0.27587365013726106,-0.1319155872886332,-0.7327211397212154,0.2729743916725954,0.33637504524844164,-0.4936296769589912,0.5217635045048931,-0.31643113179178844,0.954419922195444,-0.7141042384796548,-0.5914884388126213,0.38135623620888304,0.4679515078217765,-0.025731819699320882,0.009476746580049551,-0.7956824954435084,-0.2921201358218977,4
0.08895737063258986,0.27587365013726106,-0.6629388431256803,0.7069050581144568,1.0230605461816402,-0.3279656691172305,-0.15358672073436708,-0.2773185670147169,-0.31643113179178844,0.1836105240654809,-0.2471818100087718,-0.1430967601556278,0.28586608514548606,-0.5671572274799934,0.6162093664837383,0.6511878721434015,2.0097364006251035,1.5043312383642706,3
1.555593672540337,1.4229272480763993,0.8637530174058302,0.8868583328439159,0.022945673502913825,0.5024602238398597,1.422976076307072,-1.2095809837875953,1.2707472435448035,1.4449349937326932,0.9868274652357045,1.37453661376035,1.3044276964883872,-0.27141187453663057,-0.8816534012767331,0.8650915806645187,-0.2696664524306437,0.39882270040355167,2
-1.499898623100803,-0.3795855486851036,-0.862072564064573,2.356476743134498,5.3985631141510675,7.644122903270835,-1.0191506093061375,1.0544848855179665,-1.1100203194600844,-0.3069045474717684,1.3203434855720495,-0.953650948497116,-0.12792456946256747,3.869023066670449,-0.45369261048802695,-0.41833067046218503,0.256349590582221,0.5370112676486415,4
-0.6443607803212837,-0.871179947801877,0.39910766854841395,0.0770685965613502,-0.4771117628364493,-0.1618804905258125,0.15554323946983667,-0.41049891226798524,0.08036346204235952,-1.14778752724991,0.3531470265966491,0.09259630170253542,-0.6690354254884837,-0.419284551008312,0.18824857569503217,0.5442360178828428,0.08101090957793279,0.12244556591337191,2
1.0667149052377547,1.5867920477819903,1.1292646453243538,0.676912845659547,0.022945673502913825,0.33637504524844164,1.2374981001845498,-1.2095809837875953,1.2707472435448035,1.7953029019735856,0.8534210571011666,1.213575498345019,1.3680877971973184,0.024333478406732254,0.8301897618780913,0.11642860084060819,-0.2696664524306437,-0.15393156857680784,1
1.4333739807146915,1.4229272480763993,1.1292646453243538,1.6666558566715717,0.6480174689271178,-0.8262212048914847,2.412191948960524,-1.7423023648006686,2.4611310250472473,0.8843463405472656,2.9545719852201398,2.690968593407164,2.736779962439342,2.2424236254819534,-0.23971221509367394,-0.20442696194106774,-1.1463598574520848,-1.8121943755178864,3
1.3111542888890457,0.9313328489596258,-0.1982934942682641,1.066811607573375,1.148074905266481,-0.4940508477086486,0.7119771678374034,-0.9432202932810586,0.4771580558765075,0.6741255956027301,0.753366251000263,0.7134463183045264,0.38135623620888304,0.32007883135009507,-0.025731819699320882,0.7581397264039601,0.957704314599374,-0.15393156857680784,3
0.4556164461095266,-1.1989095472130593,-0.862072564064573,-1.3925498137292318,-1.227197917345494,-0.1618804905258125,-1.2973675734899208,1.720386611784308,-1.1100203194600844,-0.7273460373608391,-1.1476750649169032,-1.2180870666794454,-1.401126583641194,0.17220615487841368,-1.3096141920654392,0.009476746580049551,-0.4450051334349319,-1.3976286737826167,4
0.7000558297608178,0.11200885043166993,0.46548557552804487,0.017084171651530533,0.6480174689271178,0.0042046880656055425,-0.4627166809385708,0.38858315925162473,-0.31643113179178844,0.04346336076912396,-0.7141042384796548,-0.5282537148994555,0.25403603479102044,-0.8629025804233563,2.328052529638563,-0.6322343789833023,0.6070269525907975,0.6751998348937314,4
-1.0110198557982204,-0.2157207489795124,-1.1939620989627275,-1.2725809639095926,-0.7271404810061309,-0.4940508477086486,-0.6172816610406727,0.6549438497581614,-0.7132257256259364,0.04346336076912396,-0.7808074425469237,-0.7122092753741195,0.03122568230976081,1.5030602431235465,-0.45369261048802695,0.009476746580049551,-1.8477145814692377,-1.6740058082727964,3
-1.0110198557982204,-1.3627743469186506,-0.928450471044204,-0.642744502356486,0.14796003258775461,-0.1618804905258125,-1.050063605326558,1.0544848855179665,-1.1100203194600844,-1.0777139456017315,-0.9475654527150962,-0.9823940048212823,-1.6557669864769191,-0.27141187453663057,-1.095633796671086,-0.7391862332438609,0.08101090957793279,-0.015743001331717955,4
-1.744338006752094,-0.2157207489795124,-0.9948283780238348,-1.0926276891801334,-0.35209740375160853,-0.1618804905258125,-0.6791076530815134,0.6549438497581614,-0.7132257256259364,-0.3069045474717684,-0.7141042384796548,-0.723706497903786,-0.09609451910810182,1.0594422137085022,0.18824857569503217,-0.0974751076805091,-1.4970372194606614,-1.3976286737826167,3
0.4556164461095266,-1.0350447475074682,-0.9948283780238348,-1.0626354767252237,-0.7271404810061309,-0.1618804905258125,-1.2664545774695006,1.5872062665310398,-1.1100203194600844,-0.3769781291199468,-1.0809718608496341,-1.1720981765607794,-1.3374664829322624,-0.12353919806494917,-0.45369261048802695,-0.3113788162016264,-0.4450051334349319,-1.121251539292437,4
0.5778361379351722,1.9145216471931727,1.1292646453243538,0.16704523392607973,-0.9771691991758125,0.6685454024312777,1.6084540524295943,-1.3427613290408635,1.6675418373789515,2.7062594633999058,1.0535306693029736,1.558492174235014,1.1771074950705245,-0.12353919806494917,-0.45369261048802695,-0.6322343789833023,-0.6203438144392202,0.39882270040355167,1
-1.0110198557982204,-0.5434503483906947,-1.1939620989627275,-1.3925498137292318,-0.9771691991758125,-0.3279656691172305,-0.6791076530815134,0.6549438497581614,-0.7132257256259364,-0.6572724557126607,-0.6807526364460202,-0.7352037204334525,-0.12792456946256747,1.7988055960669094,-0.8816534012767331,-0.5252825247227436,-1.4970372194606614,-1.8121943755178864,3
-0.8888001639725749,-0.5434503483906947,-0.46380512218678766,-0.37281459026229735,0.39798875075743617,-0.6601360263000666,-0.5245426729794116,0.2554028139983564,-0.7132257256259364,-0.7974196190090176,-0.2471818100087718,-0.5340023261642888,-0.6053753247795524,0.4679515078217765,-0.025731819699320882,-0.0974751076805091,0.08101090957793279,-0.2921201358218977,3
-1.3776789312751572,-0.5434503483906947,-1.1275841919830967,-0.4627912276270269,0.6480174689271178,-0.3279656691172305,-0.6791076530815134,0.6549438497581614,-0.7132257256259364,-0.3769781291199468,-0.5806978303451167,-0.700712052844453,-0.541715224070621,0.7636968607651393,-0.45369261048802695,-1.1669936502860956,-1.1463598574520848,-0.983062972047347,3
1.4333739807146915,1.4229272480763993,1.1956425523039846,1.5166947943970226,0.6480174689271178,0.5024602238398597,1.5466280603887534,-1.3427613290408635,1.6675418373789515,1.6551557386772286,1.220288679471146,1.5297491179108478,0.763316840462471,-0.419284551008312,-0.66767300588238,-0.9530899417649782,-0.2696664524306437,0.8133884021388212,2
1.8000330561916282,1.5867920477819903,0.8637530174058302,0.5869362082948175,-0.6021261219212901,-0.4940508477086486,2.1339749847767404,-1.6091220195474003,2.0643364312130994,1.4449349937326932,2.5210011587828913,2.3115602499281698,2.1001789553500285,1.7988055960669094,0.4022289710893852,-0.41833067046218503,-0.7956824954435084,-1.5358172410277067,3
-1.1332395476238661,-1.8543687460354241,-1.9904969827182983,-1.3325653888194122,-0.4771117628364493,-0.4940508477086486,-1.7301495177758062,2.3862883380506497,-1.5068149132942323,-1.9886705070280515,-1.814707105589593,-1.482523184861775,-1.5602768354135221,-0.419284551008312,-0.66767300588238,0.7581397264039601,-0.6203438144392202,-0.8448744048022572,2
-0.5221410884956381,-0.871179947801877,0.0008402266706285974,0.19703744638098958,-0.10206868558192696,-0.1618804905258125,0.18645623549025706,-0.41049891226798524,0.08036346204235952,-1.2178611088980884,0.25309222049574565,0.09834491296736868,-0.6053753247795524,-0.27141187453663057,-1.095633796671086,0.11642860084060819,-0.2696664524306437,-0.2921201358218977,1
-0.15548201301870132,0.27587365013726106,0.3327297615687831,0.856866120389006,0.5230031098422769,-0.3279656691172305,0.031891255388155175,-0.2773185670147169,0.08036346204235952,0.11353694241730242,0.18638901642847663,-0.016627312329296314,0.9224670922347993,-1.0107752568950377,-1.3096141920654392,-1.0600417960255368,1.1330429956036623,0.9515769693839111,2
-1.2554592394495117,-1.1989095472130593,-1.1275841919830967,-1.002651051815404,0.022945673502913825,-0.4940508477086486,-1.4210195575716025,1.8535669570375763,-1.1100203194600844,-1.2178611088980884,-1.5812458913541516,-1.2813217905926113,-1.1783162311599342,-0.419284551008312,-0.45369261048802695,-0.6322343789833023,-0.6203438144392202,-0.7066858375571673,1
0.08895737063258986,0.11200885043166993,-0.46380512218678766,-0.28283795289756786,0.5230031098422769,0.33637504524844164,-0.3081517008364689,0.2554028139983564,-0.31643113179178844,0.3938312690100163,-0.5473462283114823,-0.42477871213245705,-0.12792456946256747,0.17220615487841368,0.4022289710893852,-0.9530899417649782,-0.7956824954435084,-0.2921201358218977,4
1.4333739807146915,1.2590624483708082,0.996508831365092,0.13705302147116988,-0.9771691991758125,0.1702898666570236,1.3611500842662312,-1.2095809837875953,1.2707472435448035,1.5150085753808717,1.4537498937065874,1.3572907799658502,1.336257746842853,0.17220615487841368,-1.095633796671086,-0.41833067046218503,-0.2696664524306437,0.2606341331584618,2
0.21117706245823545,-0.871179947801877,-0.3310493082275259,-0.042900253258289146,-0.4771117628364493,-0.3279656691172305,0.06280425140857555,-0.2773185670147169,0.08036346204235952,-0.7273460373608391,0.18638901642847663,0.0006185214652034327,-0.5098851737161554,-0.7150299039516749,-0.66767300588238,1.7207064147489881,0.43168827158650924,0.6751998348937314,2
-0.15548201301870132,-1.0350447475074682,0.19997394760952128,0.2570218712908092,-0.35209740375160853,0.0042046880656055425,-0.15358672073436708,-0.14413822176144858,-0.31643113179178844,-1.0777139456017315,-0.1804786059415028,-0.2120800953336268,-1.496616734704591,-1.454393286310082,-0.025731819699320882,0.4372841636222841,1.4837203576122386,1.2279541038740909,2
-1.499898623100803,-0.05185594927392124,-0.9948283780238348,-0.9726588393604941,0.2729743916725954,-0.4940508477086486,-0.7718466411427746,0.7881241950114297,-0.7132257256259364,-0.4470517107681253,-0.7474558405132892,-0.7754439992872852,0.25403603479102044,1.0594422137085022,-1.3096141920654392,-1.2739455045466541,-1.321698538456373,-1.5358172410277067,3
0.21117706245823545,-1.0350447475074682,-1.2603400059423584,-1.8124407880979696,-1.7272553536848572,-0.1618804905258125,-1.1737155894082394,1.5872062665310398,-1.1100203194600844,-0.5871988740644822,-1.0476202588159997,-1.1318578977069467,-1.1783162311599342,1.0594422137085022,0.18824857569503217,0.7581397264039601,-0.9710211764477966,-1.5358172410277067,4
1.9222527480172737,0.9313328489596258,1.3947762732428775,0.5869362082948175,-0.6021261219212901,0.5024602238398597,1.2684110962049702,-1.2095809837875953,1.2707472435448035,0.8843463405472656,1.153585475403877,1.2595643884636851,0.4450163369178144,-0.7150299039516749,2.542032925032916,-1.1669936502860956,0.43168827158650924,0.5370112676486415,2
1.8000330561916282,0.6036032495484435,1.3283983662632466,0.43697514602026827,-0.6021261219212901,0.33637504524844164,1.0520201240620275,-1.076400638534327,0.8739526497106554,0.46390485065819476,0.6866630469329941,1.006625492811022,0.31769613549995174,-1.1586479333667192,1.2581505526667973,0.8650915806645187,0.6070269525907975,0.8133884021388212,1
0.7000558297608178,2.078386446898764,1.7266658081410318,1.7566324940363012,1.0230605461816402,0.33637504524844164,1.6702800444704349,-1.3427613290408635,1.6675418373789515,2.285817973510835,1.420398291672953,1.7079560671206786,0.9861271929437306,-0.12353919806494917,-1.3096141920654392,0.009476746580049551,-0.2696664524306437,0.39882270040355167,1
-1.1332395476238661,-0.2157207489795124,-1.1275841919830967,-1.3925498137292318,-0.4771117628364493,-0.4940508477086486,-0.7409336451223542,0.6549438497581614,-0.7132257256259364,-0.3069045474717684,-0.7141042384796548,-0.7581981654927855,0.28586608514548606,1.6509329195952278,0.4022289710893852,-1.2739455045466541,-1.4970372194606614,-1.6740058082727964,3
-1.2554592394495117,-0.2157207489795124,-1.1939620989627275,-1.3025731763645023,-0.8521548400909716,-0.1618804905258125,-0.6791076530815134,0.7881241950114297,-0.7132257256259364,-0.09668380252723298,-0.7474558405132892,-0.746700942963119,-0.0006043680447048495,1.3551875666518651,-1.095633796671086,-0.20442696194106774,-1.6723759004649497,-1.6740058082727964,3
2.4111315153198563,1.9145216471931727,1.2620204592836155,0.2870140837457191,-1.227197917345494,-0.4940508477086486,2.6285829211034666,-1.8754827100539369,2.8579256188813953,1.3748614120845148,3.1880331994555813,2.9496561003246606,2.704949912084876,1.7988055960669094,-0.8816534012767331,0.8650915806645187,-1.1463598574520848,-1.5358172410277067,3
0.21117706245823545,0.27587365013726106,-0.3974272152071568,0.9768349702086454,1.2730892643513216,-0.4940508477086486,-0.15358672073436708,-0.2773185670147169,-0.31643113179178844,0.04346336076912396,-0.11377540187423382,-0.14884537142046106,0.1903759340820891,-0.5671572274799934,-0.025731819699320882,0.3303323093617255,1.8343977196208152,1.089765536629001,3
-1.3776789312751572,-0.05185594927392124,-0.6629388431256803,-0.3128301653524777,0.7730318280119586,-0.1618804905258125,-0.9264116212448764,0.7881241950114297,-1.1100203194600844,-0.3769781291199468,-0.7474558405132892,-0.861673168259784,0.09488578301869213,-0.27141187453663057,0.8301897618780913,-1.0600417960255368,0.43168827158650924,0.5370112676486415,4
1.1889345970634002,1.4229272480763993,1.1292646453243538,0.43697514602026827,-0.10206868558192696,0.1702898666570236,1.3611500842662312,-1.2095809837875953,1.2707472435448035,1.6551557386772286,1.1202338733702424,1.328547723641684,1.3999178475517842,0.17220615487841368,-0.23971221509367394,-0.20442696194106774,-0.6203438144392202,-0.015743001331717955,2
1.3111542888890457,0.9313328489596258,1.4611541802225083,0.7668894830242765,-0.22708304466676774,0.33637504524844164,0.5883251837557218,-0.676859602774522,0.4771580558765075,0.8843463405472656,0.5199050367648216,0.5179935353001959,0.572336538335677,-1.3065206098384006,2.542032925032916,-0.9530899417649782,1.3083816766079504,1.3661426711191809,2
-1.499898623100803,-1.3627743469186506,-1.592229540840513,-1.1226199016350433,0.14796003258775461,-0.3279656691172305,-1.142802593387819,1.4540259212777715,-1.1100203194600844,-1.4981554354908022,-1.34778467711871,-1.0973662301179472,-1.0509960297420715,1.3551875666518651,1.0441701572724444,1.1859471434461946,-1.6723759004649497,-1.3976286737826167,2
-0.2777017048443469,0.11200885043166993,-0.26467140124789496,0.13705302147116988,0.2729743916725954,-0.1618804905258125,-0.3081517008364689,0.12222246874508809,-0.31643113179178844,-0.02661022087905451,-0.2805334120424063,-0.3385495431599583,0.06305573266422647,-0.8629025804233563,-0.8816534012767331,-0.3113788162016264,0.43168827158650924,0.39882270040355167,1
0.8222755215864634,0.43973844984285226,1.59390999418177,1.5166947943970226,0.7730318280119586,0.1702898666570236,1.1138461161028683,-1.076400638534327,1.2707472435448035,0.3237576873618378,1.353695087605684,1.0698602167241877,0.8906370418803337,-0.419284551008312,-0.23971221509367394,2.683273103094016,0.256349590582221,0.9515769693839111,1
-0.033262321193055736,0.6036032495484435,-0.26467140124789496,0.9468427577537355,1.148074905266481,-0.6601360263000666,0.06280425140857555,-0.41049891226798524,0.08036346204235952,0.3237576873618378,0.15303741439484214,0.058104634113535926,0.9542971425892649,-0.27141187453663057,-0.025731819699320882,-1.1669936502860956,1.4837203576122386,0.5370112676486415,3
0.4556164461095266,1.4229272480763993,1.3947762732428775,0.43697514602026827,-0.35209740375160853,0.1702898666570236,1.2684110962049702,-1.076400638534327,1.2707472435448035,1.5850821570290503,1.0535306693029736,1.2078268870801858,1.3044276964883872,0.024333478406732254,-1.095633796671086,1.3998508519673118,-0.4450051334349319,-0.015743001331717955,1
-1.1332395476238661,-0.05185594927392124,-0.6629388431256803,-0.13287689062301866,0.8980461870967993,-0.1618804905258125,-0.895498625224456,0.7881241950114297,-1.1100203194600844,-0.09668380252723298,-0.6140494323787512,-0.8501759457301175,-0.0006043680447048495,-0.27141187453663057,-0.8816534012767331,-1.3808973588072129,0.256349590582221,0.5370112676486415,4
-0.6443607803212837,-0.05185594927392124,-0.1319155872886332,2.2365078933148586,5.023520036896545,5.651100760173819,-0.5245426729794116,0.5217635045048931,-0.31643113179178844,0.7441991772509086,0.2864438225293801,-0.6202314951367875,0.03122568230976081,2.5381689784253165,0.6162093664837383,0.4372841636222841,-0.9710211764477966,-0.4303087030669876,4
0.33339675428388105,-1.3627743469186506,-0.46380512218678766,-0.07289246571319899,-0.22708304466676774,-0.1618804905258125,-0.33906469685688934,0.12222246874508809,-0.31643113179178844,-1.287934690546267,-0.08042379984059932,-0.3672925994841245,-1.2738063822233312,-0.12353919806494917,-1.3096141920654392,-1.3808973588072129,-0.09432777142635546,-0.4303087030669876,1
1.0667149052377547,1.7506568474875817,1.4611541802225083,0.3469985086555388,-0.35209740375160853,0.1702898666570236,1.175672108143709,-1.076400638534327,1.2707472435448035,1.6551557386772286,0.8534210571011666,1.1101004955780205,1.336257746842853,-0.12353919806494917,1.4721309480611504,0.9720434349250774,-0.09432777142635546,0.12244556591337191,1
1.8000330561916282,1.4229272480763993,1.7266658081410318,1.606671431761752,0.7730318280119586,0.33637504524844164,1.2993240922253906,-1.2095809837875953,1.2707472435448035,1.3748614120845148,1.153585475403877,1.2653129997285184,1.145277444716059,-0.7150299039516749,1.0441701572724444,2.041561977530664,0.08101090957793279,0.9515769693839111,2
0.4556164461095266,-0.871179947801877,-0.3974272152071568,-0.012908040803379307,-0.10206868558192696,-0.4940508477086486,0.0009782593677347996,-0.41049891226798524,0.08036346204235952,-0.7273460373608391,0.18638901642847663,0.012115743994869931,-1.114656130451003,-0.12353919806494917,-0.45369261048802695,0.4372841636222841,1.8343977196208152,0.8133884021388212,3
-0.2777017048443469,0.11200885043166993,0.0008402266706285974,-0.5227756525368465,-0.7271404810061309,-0.4940508477086486,-0.3699776928773097,0.12222246874508809,-0.31643113179178844,-0.09668380252723298,-0.2138302079751373,-0.41903010086762377,0.25403603479102044,-0.27141187453663057,0.8301897618780913,-0.8461380875044195,-0.4450051334349319,-0.5684972703120774,2
-0.033262321193055736,0.11200885043166993,-0.3974272152071568,-0.07289246571319899,-0.22708304466676774,-0.1618804905258125,-0.4318036849181504,0.2554028139983564,-0.31643113179178844,-0.09668380252723298,-0.34723661610967527,-0.470767602251123,0.15854588372762346,-0.8629025804233563,1.2581505526667973,-1.1669936502860956,0.7823656335950857,0.5370112676486415,2
1.0667149052377547,1.4229272480763993,1.59390999418177,1.3967259445773832,0.2729743916725954,0.5024602238398597,1.5466280603887534,-1.3427613290408635,1.6675418373789515,1.7252293203254072,0.9868274652357045,1.5699893967646805,0.7314867901080053,-0.8629025804233563,-1.3096141920654392,0.5442360178828428,0.08101090957793279,0.6751998348937314,1
0.08895737063258986,1.9145216471931727,1.3947762732428775,1.6966480691264816,1.5231179825210033,0.1702898666570236,1.2374981001845498,-1.2095809837875953,1.2707472435448035,1.7953029019735856,1.086882271336608,1.236569943404352,1.4954079986151811,0.17220615487841368,-1.3096141920654392,-0.9530899417649782,-0.4450051334349319,-0.2921201358218977,1
-1.1332395476238661,-1.5266391466242417,-1.1275841919830967,-1.4525342386390516,-0.8521548400909716,-0.6601360263000666,-1.6064975336941247,2.119927647544113,-1.5068149132942323,-1.4981554354908022,-1.7146522994886895,-1.3962940158892763,-1.4329566339956594,0.024333478406732254,-1.095633796671086,0.5442360178828428,-0.4450051334349319,-0.7066858375571673,4
-0.6443607803212837,-1.5266391466242417,-0.9948283780238348,-0.6727367148113957,-0.22708304466676774,-0.1618804905258125,-1.2046285854286598,1.320845576024503,-1.1100203194600844,-1.0777139456017315,-1.281081473051441,-1.091617618853114,-1.8149172382492473,-1.6022659627817635,-0.025731819699320882,0.5442360178828428,2.1850750816293916,1.9188969400995404,4
1.3111542888890457,0.11200885043166993,1.1292646453243538,0.7069050581144568,-0.10206868558192696,0.0042046880656055425,0.6501511757965627,-0.8100399480277902,0.4771580558765075,0.04346336076912396,0.5199050367648216,0.5869768704781949,-0.47805512336168976,-1.1586479333667192,-0.23971221509367394,-0.41833067046218503,0.957704314599374,0.9515769693839111,1
-1.2554592394495117,-0.871179947801877,-0.7956946570849421,-1.2125965389997728,-0.8521548400909716,-0.3279656691172305,-0.6791076530815134,0.6549438497581614,-0.7132257256259364,-1.0777139456017315,-0.8141590445805582,-0.7179578866389528,-0.3507349219438271,1.0594422137085022,1.2581505526667973,-1.2739455045466541,-1.4970372194606614,-1.259440106537527,1
1.3111542888890457,1.7506568474875817,0.996508831365092,1.1267960324831945,0.2729743916725954,0.33637504524844164,1.3920630802866516,-1.2095809837875953,1.2707472435448035,1.6551557386772286,1.1202338733702424,1.3860338362900166,1.2725976461339215,-0.12353919806494917,-0.8816534012767331,0.6511878721434015,-0.09432777142635546,0.5370112676486415,1
1.4333739807146915,1.2590624483708082,0.996508831365092,-0.5227756525368465,-1.8522697127696979,-0.8262212048914847,2.010323000695059,-1.6091220195474003,2.0643364312130994,1.0244935038436225,2.3875947506483532,2.202336635896338,1.4635779482607154,1.3551875666518651,-0.45369261048802695,0.4372841636222841,-0.6203438144392202,-1.5358172410277067,3
0.7000558297608178,0.27587365013726106,0.3327297615687831,0.5569439958399076,-0.22708304466676774,0.1702898666570236,-0.029934736652685576,-0.2773185670147169,0.08036346204235952,0.3938312690100163,-0.1804786059415028,-0.08561064750729531,-0.22341472052596445,-2.0458839921968077,1.9000917388498566,0.5442360178828428,2.1850750816293916,2.05708550734463,2
1.3111542888890457,1.2590624483708082,1.660287901161401,1.036819395118465,0.14796003258775461,0.5024602238398597,1.5466280603887534,-1.2095809837875953,1.6675418373789515,1.3047878304363363,1.153585475403877,1.4780116165273485,0.7951468908169367,-0.27141187453663057,1.9000917388498566,2.36241754031234,0.08101090957793279,1.089765536629001,2
-1.0110198557982204,-0.871179947801877,-1.1275841919830967,-1.002651051815404,-0.35209740375160853,-0.8262212048914847,-1.0809766013469784,1.1876652307712348,-1.1100203194600844,-1.14778752724991,-0.9809170547487307,-1.0111370611454484,-0.7963556269063463,0.17220615487841368,-0.025731819699320882,0.11642860084060819,-0.4450051334349319,-0.7066858375571673,2
1.0667149052377547,0.43973844984285226,0.8637530174058302,1.816616918946121,1.148074905266481,0.1702898666570236,1.021107128041607,-1.076400638534327,0.8739526497106554,0.25368410571365935,1.153585475403877,1.023871326605522,0.667826689399074,-0.27141187453663057,-0.8816534012767331,0.22338045510116683,-0.09432777142635546,0.12244556591337191,1
0.5778361379351722,0.9313328489596258,0.5982413894873067,0.9468427577537355,0.39798875075743617,-0.6601360263000666,1.1447591121232887,-1.2095809837875953,1.2707472435448035,0.6741255956027301,1.353695087605684,1.2423185546691853,1.2089375454249902,0.7636968607651393,-0.23971221509367394,-0.20442696194106774,0.43168827158650924,-0.8448744048022572,3
0.08895737063258986,0.27587365013726106,-0.1319155872886332,0.13705302147116988,-0.35209740375160853,-0.3279656691172305,-0.12267372471394669,-0.14413822176144858,-0.31643113179178844,0.1836105240654809,0.15303741439484214,-0.17183981647979404,0.28586608514548606,-0.8629025804233563,-0.45369261048802695,-0.9530899417649782,0.43168827158650924,0.39882270040355167,2
0.7000558297608178,0.11200885043166993,0.1335960406298904,-0.22285352798774818,0.2729743916725954,0.33637504524844164,-0.27723870481604856,0.2554028139983564,-0.31643113179178844,0.954419922195444,-0.5139946262778478,-0.39028704454345753,-0.1915846701714988,-0.27141187453663057,2.542032925032916,-1.3808973588072129,0.08101090957793279,0.12244556591337191,4
-0.033262321193055736,0.11200885043166993,0.5318634825076758,0.10706080901626006,1.0230605461816402,0.5024602238398597,-0.4627166809385708,0.38858315925162473,-0.31643113179178844,0.3938312690100163,-0.6474010344123857,-0.5569967712236218,0.5086764376267457,-0.5671572274799934,1.9000917388498566,0.8650915806645187,0.256349590582221,0.6751998348937314,4
1.9222527480172737,2.078386446898764,1.5275320872021392,0.2570218712908092,-1.3522122764303348,-0.4940508477086486,2.7522349051851482,-1.8754827100539369,2.8579256188813953,1.5150085753808717,2.8878687811528705,3.122114438269658,2.5776297106670136,1.5030602431235465,0.6162093664837383,0.009476746580049551,-1.321698538456373,-1.8121943755178864,3
0.21117706245823545,0.11200885043166993,0.3327297615687831,-0.34282237780738756,0.2729743916725954,0.0042046880656055425,-0.648194657061093,0.5217635045048931,-0.7132257256259364,-0.09668380252723298,-0.6140494323787512,-0.6662203852554535,0.1903759340820891,-0.419284551008312,1.9000917388498566,-0.20442696194106774,0.6070269525907975,0.5370112676486415,4
-0.7665804721469293,-1.1989095472130593,-0.3974272152071568,-0.4627912276270269,-0.7271404810061309,-0.3279656691172305,-0.27723870481604856,0.12222246874508809,-0.31643113179178844,-1.4280818538426239,-0.2471818100087718,-0.34429815442479156,-1.1464861808054685,-0.8629025804233563,-1.095633796671086,-0.41833067046218503,0.6070269525907975,0.39882270040355167,1
0.7000558297608178,0.43973844984285226,0.7973751104261994,1.1267960324831945,0.7730318280119586,-0.3279656691172305,0.8356291519190849,-1.076400638534327,0.8739526497106554,0.04346336076912396,0.820069455067532,0.8629102111901908,0.763316840462471,0.024333478406732254,0.18824857569503217,-0.20442696194106774,0.6070269525907975,-0.15393156857680784,3
-1.1332395476238661,-1.0350447475074682,-0.9948283780238348,-1.572503088458691,-1.227197917345494,-0.6601360263000666,-1.3591935655307616,1.720386611784308,-1.1100203194600844,-1.007640363953553,-1.4478394832196135,-1.229584289209112,-1.0828260800965372,0.32007883135009507,0.4022289710893852,-0.5252825247227436,-1.1463598574520848,-1.121251539292437,4
-0.6443607803212837,0.27587365013726106,0.1335960406298904,-0.7327211397212154,-0.4771117628364493,0.1702898666570236,-0.5863686650202523,0.5217635045048931,-0.7132257256259364,0.11353694241730242,-0.5473462283114823,-0.608734272607121,0.31769613549995174,0.17220615487841368,1.4721309480611504,-0.6322343789833023,-0.4450051334349319,0.2606341331584618,4
-0.5221410884956381,-0.7073151480962859,-0.3310493082275259,-0.7927055646310351,-0.8521548400909716,-0.3279656691172305,-1.050063605326558,1.0544848855179665,-1.1100203194600844,-0.7974196190090176,-1.014268656782365,-0.9823940048212823,-0.5735452744250867,-0.8629025804233563,-1.3096141920654392,-1.2739455045466541,0.6070269525907975,0.2606341331584618,1
-0.8888001639725749,-0.05185594927392124,-0.3974272152071568,-0.5527678649917565,-0.35209740375160853,-0.3279656691172305,-0.5554556689998319,0.5217635045048931,-0.7132257256259364,-0.3069045474717684,-0.34723661610967527,-0.6029856613422878,-0.12792456946256747,0.32007883135009507,1.9000917388498566,0.11642860084060819,-0.7956824954435084,-0.8448744048022572,1
-1.1332395476238661,-0.05185594927392124,-0.0655376803090023,-1.1526121140899532,-0.7271404810061309,0.33637504524844164,-0.40089068889773005,0.38858315925162473,-0.31643113179178844,0.46390485065819476,-0.7141042384796548,-0.5340023261642888,-0.09609451910810182,0.4679515078217765,0.8301897618780913,0.8650915806645187,-0.9710211764477966,-0.2921201358218977,4
-0.8888001639725749,-1.0350447475074682,-0.5965609361460494,-0.19286131553283833,0.5230031098422769,-0.4940508477086486,-0.8336726331836153,0.6549438497581614,-0.7132257256259364,-1.0777139456017315,-0.6140494323787512,-0.7869412218169517,-1.1783162311599342,-0.419284551008312,-0.66767300588238,0.8650915806645187,1.1330429956036623,0.6751998348937314,3
-0.6443607803212837,-1.5266391466242417,-0.928450471044204,-0.28283795289756786,0.14796003258775461,-0.4940508477086486,-0.9882376132857171,1.0544848855179665,-1.1100203194600844,-1.287934690546267,-0.9142138506814617,-0.9421537259674495,-1.5921068857679879,-1.0107752568950377,-1.095633796671086,2.683273103094016,0.7823656335950857,1.2279541038740909,2
-0.2777017048443469,-1.3627743469186506,-0.5301830291664186,0.5869362082948175,1.148074905266481,-0.4940508477086486,-0.33906469685688934,-0.010957876508180246,-0.31643113179178844,-1.4981554354908022,-0.3805882181433098,-0.35579537695445806,-1.305636432577797,-0.5671572274799934,-1.095633796671086,0.11642860084060819,1.1330429956036623,0.9515769693839111,3
-1.1332395476238661,-1.6905039463298328,-2.3887644245960837,-1.8424330005528795,-0.8521548400909716,-0.9923063834829027,-1.6992365217553858,2.2531079927973816,-1.5068149132942323,-1.9185969253798731,-1.8480587076232275,-1.4480315172727753,-1.1783162311599342,2.390296301953635,-0.23971221509367394,-0.41833067046218503,-1.4970372194606614,-1.5358172410277067,4
-1.744338006752094,-0.2157207489795124,-0.9948283780238348,-1.5425108760037811,-1.1021835582606532,-0.1618804905258125,-0.648194657061093,0.6549438497581614,-0.7132257256259364,-0.2368309658235899,-0.7141042384796548,-0.700712052844453,0.4450163369178144,1.0594422137085022,-0.45369261048802695,0.3303323093617255,-1.4970372194606614,-1.3976286737826167,3
-0.6443607803212837,-0.7073151480962859,-0.5301830291664186,-0.28283795289756786,0.5230031098422769,-0.6601360263000666,-0.5863686650202523,0.38858315925162473,-0.7132257256259364,-0.9375667823053746,-0.5473462283114823,-0.5914884388126213,-0.7008654758429493,-0.12353919806494917,-0.8816534012767331,-1.3808973588072129,-0.09432777142635546,-0.015743001331717955,3
0.4556164461095266,0.43973844984285226,1.1956425523039846,0.9468427577537355,0.39798875075743617,0.0042046880656055425,0.7738031598782441,-0.9432202932810586,0.8739526497106554,0.1836105240654809,0.820069455067532,0.7421893746286926,-0.06426446875363617,-0.7150299039516749,-0.8816534012767331,-0.8461380875044195,0.08101090957793279,0.2606341331584618,2
-0.15548201301870132,-0.3795855486851036,-0.46380512218678766,-0.6727367148113957,-0.6021261219212901,-0.3279656691172305,-0.7100206491019337,0.5217635045048931,-0.7132257256259364,-0.4470517107681253,-0.6474010344123857,-0.6892148303147865,-0.0006043680447048495,-0.5671572274799934,1.6861113434555035,-1.3808973588072129,0.08101090957793279,-0.15393156857680784,2
1.4333739807146915,0.6036032495484435,0.8637530174058302,0.8868583328439159,-0.10206868558192696,0.1702898666570236,0.27919522355151816,-0.5436792575212536,0.08036346204235952,0.6040520139545517,0.18638901642847663,0.22481436079370015,0.12671583337315778,-1.6022659627817635,2.7560133204272685,0.22338045510116683,2.36041376263368,1.9188969400995404,1
0.9444952134121091,1.4229272480763993,0.996508831365092,0.16704523392607973,-0.7271404810061309,0.1702898666570236,1.4538890723274924,-1.2095809837875953,1.6675418373789515,1.5150085753808717,0.9201242611684355,1.443519948938349,1.4954079986151811,-0.12353919806494917,-0.23971221509367394,0.4372841636222841,-0.4450051334349319,0.12244556591337191,1
0.21117706245823545,-1.3627743469186506,-0.5965609361460494,0.4669673584751781,0.7730318280119586,-0.1618804905258125,-0.40089068889773005,0.2554028139983564,-0.31643113179178844,-1.0777139456017315,-0.2805334120424063,-0.4420245459269568,-1.3374664829322624,-0.5671572274799934,-0.66767300588238,0.3303323093617255,0.256349590582221,0.2606341331584618,2
0.4556164461095266,-1.0350447475074682,-0.9948283780238348,-1.5125186635488712,-1.6022409946000165,-0.3279656691172305,-1.1737155894082394,1.4540259212777715,-1.1100203194600844,-0.5171252924163038,-0.9142138506814617,-1.114612063912447,-1.3374664829322624,0.32007883135009507,-0.45369261048802695,-1.2739455045466541,-0.4450051334349319,-1.259440106537527,4
-1.3776789312751572,-0.2157207489795124,-0.862072564064573,-0.1628691030779285,0.8980461870967993,-0.6601360263000666,-0.895498625224456,0.7881241950114297,-1.1100203194600844,-0.4470517107681253,-0.8475106466141927,-0.8559245569949507,-0.1915846701714988,-0.5671572274799934,0.18824857569503217,-0.7391862332438609,-0.09432777142635546,-0.2921201358218977,3
-0.7665804721469293,-1.8543687460354241,-1.6586074478201438,-0.9426666269055843,-0.35209740375160853,-0.4940508477086486,-1.390106561551182,1.5872062665310398,-1.1100203194600844,-1.3580082721944453,-1.4478394832196135,-1.2180870666794454,-2.0058975403760413,-1.454393286310082,-0.45369261048802695,-0.3113788162016264,1.8343977196208152,1.5043312383642706,4
-0.3999213966699925,-1.5266391466242417,-1.525851633860882,-1.3625576012743221,-0.7271404810061309,-0.4940508477086486,-1.637410529714545,2.119927647544113,-1.5068149132942323,-1.3580082721944453,-1.748003901522324,-1.4020426271541095,-1.846747288603713,-0.8629025804233563,-0.025731819699320882,0.11642860084060819,0.6070269525907975,0.39882270040355167,4
-1.499898623100803,-0.2157207489795124,-1.3267179129219893,-1.4525342386390516,-0.9771691991758125,-0.3279656691172305,-0.648194657061093,0.6549438497581614,-0.7132257256259364,-0.16675738417541144,-0.8475106466141927,-0.723706497903786,0.28586608514548606,1.2073148901801836,-0.66767300588238,-0.9530899417649782,-1.6723759004649497,-1.8121943755178864,3
-0.5221410884956381,-0.3795855486851036,-0.1319155872886332,1.786624706491211,4.398448241472341,6.149356295948072,-0.6791076530815134,0.6549438497581614,-0.7132257256259364,-0.02661022087905451,0.2864438225293801,-0.7064606641092862,-0.3825649722982928,2.686041654896998,-0.23971221509367394,-0.41833067046218503,-0.4450051334349319,0.12244556591337191,4
-1.2554592394495117,-1.1989095472130593,-1.525851633860882,-1.3025731763645023,-0.7271404810061309,-0.6601360263000666,-1.2355415814490802,1.320845576024503,-1.1100203194600844,-1.3580082721944453,-1.4478394832196135,-1.114612063912447,-1.114656130451003,0.32007883135009507,0.4022289710893852,-0.9530899417649782,-0.6203438144392202,-0.983062972047347,1
0.5778361379351722,1.5867920477819903,1.1956425523039846,1.4267181570322929,0.7730318280119586,0.1702898666570236,1.6084540524295943,-1.3427613290408635,1.6675418373789515,2.005523646918121,1.220288679471146,1.6217268981481798,1.1771074950705245,0.17220615487841368,1.0441701572724444,0.7581397264039601,-0.2696664524306437,0.12244556591337191,1
-0.033262321193055736,-0.3795855486851036,-0.0655376803090023,-1.0626354767252237,-0.9771691991758125,0.1702898666570236,-0.5245426729794116,0.38858315925162473,-0.7132257256259364,-0.02661022087905451,-0.5139946262778478,-0.5512481599587885,-0.47805512336168976,0.17220615487841368,-1.095633796671086,-0.7391862332438609,-0.4450051334349319,0.2606341331584618,4
-0.6443607803212837,-1.5266391466242417,-0.9948283780238348,-0.9126744144506744,-0.35209740375160853,-0.1618804905258125,-1.0191506093061375,0.9213045402646981,-1.1100203194600844,-1.3580082721944453,-0.8475106466141927,-0.9421537259674495,-1.5602768354135221,0.024333478406732254,0.18824857569503217,-1.2739455045466541,0.08101090957793279,0.12244556591337191,4
0.4556164461095266,0.9313328489596258,0.0672181336502595,1.066811607573375,1.2730892643513216,-0.3279656691172305,0.3719342116127793,-0.676859602774522,0.08036346204235952,0.8142727588990871,0.25309222049574565,0.3742782536793646,0.6996567397535397,-0.12353919806494917,0.6162093664837383,-0.20442696194106774,1.3083816766079504,0.5370112676486415,3
0.33339675428388105,1.5867920477819903,0.8637530174058302,-0.042900253258289146,-0.9771691991758125,0.1702898666570236,1.3611500842662312,-1.2095809837875953,1.2707472435448035,1.6551557386772286,0.9201242611684355,1.3227991123768508,1.336257746842853,0.32007883135009507,-1.3096141920654392,-0.9530899417649782,-0.7956824954435084,-0.2921201358218977,1
0.4556164461095266,0.6036032495484435,0.0672181336502595,1.4267181570322929,1.5231179825210033,-0.3279656691172305,0.5574121877353015,-0.8100399480277902,0.4771580558765075,0.3237576873618378,0.5532566387984561,0.5927254817430281,1.049787293652662,0.17220615487841368,-0.45369261048802695,-0.6322343789833023,1.1330429956036623,-0.015743001331717955,3
-0.15548201301870132,-0.7073151480962859,-0.5301830291664186,-1.4225420261841417,-1.3522122764303348,-0.3279656691172305,-0.9882376132857171,1.1876652307712348,-1.1100203194600844,-0.5871988740644822,-0.9142138506814617,-0.9823940048212823,-0.8600157276152777,0.615824184293458,-0.23971221509367394,0.22338045510116683,-0.7956824954435084,-1.3976286737826167,4
0.7000558297608178,0.7674680492540346,-0.1319155872886332,0.7668894830242765,0.6480174689271178,-0.4940508477086486,0.43376020365362006,-0.8100399480277902,0.4771580558765075,0.6040520139545517,0.48655343473118706,0.4375129775925304,0.6996567397535397,0.17220615487841368,-0.025731819699320882,-1.2739455045466541,1.4837203576122386,0.39882270040355167,3
0.7000558297608178,0.9313328489596258,1.7266658081410318,1.786624706491211,1.0230605461816402,0.33637504524844164,1.4848020683479128,-1.3427613290408635,1.6675418373789515,0.954419922195444,1.5538046998074908,1.535497729175681,0.9542971425892649,0.024333478406732254,1.0441701572724444,0.6511878721434015,0.08101090957793279,0.39882270040355167,1
-1.0110198557982204,-1.1989095472130593,0.19997394760952128,0.10706080901626006,-0.22708304466676774,0.0042046880656055425,-0.06084773267310595,-0.14413822176144858,0.08036346204235952,-1.0777139456017315,-0.013720595773330334,-0.12585092636112805,-1.2101462815144,-0.7150299039516749,-1.095633796671086,1.6137545604884291,0.43168827158650924,0.5370112676486415,2
-0.6443607803212837,0.11200885043166993,0.0672181336502595,-0.252845740442658,0.5230031098422769,0.33637504524844164,-0.40089068889773005,0.38858315925162473,-0.31643113179178844,0.6741255956027301,-0.6140494323787512,-0.49951065857528926,-0.0006043680447048495,-0.12353919806494917,-1.095633796671086,0.7581397264039601,-0.4450051334349319,0.2606341331584618,4
-1.1332395476238661,-0.5434503483906947,-1.1275841919830967,-1.4825264510939615,-0.9771691991758125,-0.4940508477086486,-0.7409336451223542,0.7881241950114297,-0.7132257256259364,-0.5871988740644822,-0.6474010344123857,-0.792689833081785,-0.06426446875363617,2.2424236254819534,-0.025731819699320882,0.11642860084060819,-1.4970372194606614,-1.8121943755178864,3
-0.6443607803212837,-0.7073151480962859,0.0672181336502595,-0.9126744144506744,-0.4771117628364493,0.0042046880656055425,-0.7100206491019337,0.6549438497581614,-0.7132257256259364,-0.3069045474717684,-0.6474010344123857,-0.7179578866389528,-0.4462250730072241,-0.12353919806494917,-0.45369261048802695,0.5442360178828428,-0.09432777142635546,0.6751998348937314,4
0.08895737063258986,-0.5434503483906947,0.8637530174058302,0.7668894830242765,0.39798875075743617,0.0042046880656055425,0.18645623549025706,-0.41049891226798524,0.08036346204235952,-0.5871988740644822,0.25309222049574565,0.10984213549703517,-0.8600157276152777,-0.8629025804233563,-1.095633796671086,1.7207064147489881,0.7823656335950857,0.6751998348937314,1
