COMPACTNESS,CIRCULARITY,DISTANCE CIRCULARITY,RADIUS RATIO,PR AXIS ASPECT RATIO,MAX LENGTH ASPECT RATIO,SCATTER RATIO,ELONGATEDNESS,PR AXISRECTANGULAR,LENGTHRECTANGULAR,MAJORVARIANCE,MINORVARIANCE,GYRATIONRADIUS,MAJORSKEWNESS,MINORSKEWNESS,MINORKURTOSIS,MAJORKURTOSIS,HOLLOWS RATIO,target
-1.1476371560174634,-1.482914080862906,-1.0639682802952377,-1.350141635287529,-0.7144355708064765,-0.8673095401232237,-1.451711817983334,1.912264905059608,-1.3598374116712695,-1.4215830156807048,-1.5279740275506912,-1.276569148097422,-1.3785605646835515,0.066043389597525,-1.1257653903991616,0.5659584216866451,-0.4738890404972749,-0.7586840627957157,4
0.08551763081068849,-0.37300665532561433,-0.7543855365304025,-0.2953540070209935,0.3183085250854696,-0.6212575945013091,-0.7408893947249479,0.5472443823280975,-0.6384602481627302,-0.5571688271135665,-0.6504237267288397,-0.6923982138798381,-0.18981254326649732,-0.7295254420157408,0.2202904788804643,-0.9773341699872362,0.9736601872375737,0.56054671928078,3
-0.2844288052377571,-1.3243558772147215,0.1743626947641029,-0.060956756295096705,-0.14068885086650643,-0.3752056488793945,-0.3712617346305871,0.1749660579467764,-0.2777716664084605,-1.2221028183190574,-0.2872994643197978,-0.4215553261971402,-0.9922174577230088,-0.5969306367468632,0.41258417449183943,0.896663977045334,0.1694661718293245,0.032854406450181735,2
1.5653033750044707,1.5296917884525998,0.9173612797997073,0.8766322466084905,-0.2554381948545004,-0.3752056488793945,1.9602358136569196,-1.686425563959829,1.8863598241171575,1.2381529491412588,2.0427478861382213,2.1965925880689396,2.0093712963550527,0.9942070264796684,-0.7411779991764114,-1.308039725345925,-0.4738890404972749,-1.5502225320416132,3
-1.0243216773346482,-1.0072394699183524,-1.559300670318974,-1.291542322606055,-0.7144355708064765,-0.8673095401232237,-1.5370105087743404,2.036357679853382,-1.3598374116712695,-1.0226226209574103,-1.5279740275506912,-1.3190543069496097,-0.8733426555813034,-0.4643358314779855,0.027996783269089165,-0.7568637997481102,0.1694661718293245,-0.2309917499651174,4
-0.40774428392057227,0.10266795561893921,-0.5067193415185344,0.4664370578381711,1.5805513089534038,-0.3752056488793945,-0.4849933223519289,0.1749660579467764,-0.6384602481627302,-0.15820843239027205,-0.3780805299220583,-0.4799724196188986,0.4342801679774561,-0.06655141567135264,0.2202904788804643,-0.5363934295089844,0.4911437779926242,0.42862364107313045,3
0.08551763081068849,0.5783425665634927,0.545861987281905,0.7008343085640679,0.08880983710948158,0.3629501879863492,0.19739620397612184,-0.445497816022092,0.08291691534580918,0.30724536145357156,0.2876472844945186,0.1360623837378261,-0.18981254326649732,-1.1273098578223737,-0.9334716947877866,-1.418274910465488,1.4561765964825233,1.3520851885266774,1
-1.0243216773346482,-1.482914080862906,-0.8163020852833696,-0.7641485084727871,-0.025939506878512427,0.11689824236443462,-1.0820841578889733,1.1677082562969658,-0.9991488299169998,-1.2885962174396066,-1.1345894099408957,-0.9897943258451535,-1.497435366825257,-0.8621202472846184,-0.9334716947877866,-0.3159230592698585,0.8128213841559239,0.8243928756960791,4
1.4419878963216555,1.3711335848044153,1.2269440235645424,-0.23675469433951932,-1.6324303227104286,-1.1133614857451382,2.1592660921692675,-1.686425563959829,2.247048405871427,1.1051661509001607,2.2848307277442492,2.3346693543385504,1.9202151947487738,1.6571810528240565,-0.5488843035650363,-0.20568787415029555,-1.278083055905524,-1.6821456102492627,3
-1.3942681133830939,0.10266795561893921,-0.7543855365304025,-0.3832529760432048,1.0068045890134336,-0.6212575945013091,-0.5702920131429352,0.42315160753432374,-0.6384602481627302,-0.15820843239027205,-0.49912195072507226,-0.6074278961754623,0.6125923711900142,0.9942070264796684,-0.7411779991764114,-0.20568787415029555,-1.278083055905524,-1.286376375626314,3
1.07204146027321,1.0540171775080462,1.2269440235645424,0.026942212727114594,-1.0586836027704585,-0.3752056488793945,1.8465042259355777,-1.5623327891660552,1.8863598241171575,0.7062057561768661,1.9217064653352074,1.9310603452427653,2.1579647990321846,1.2593966370174237,-0.7411779991764114,1.11713434728446,-0.9564054497422244,-1.5502225320416132,3
0.33214858817631887,-0.6901230626219833,-1.3116344753071059,-1.057145071880158,-0.5996862268184825,-0.3752056488793945,-1.1673828486799795,1.4158938058845132,-0.9991488299169998,-0.4241820288724684,-0.9832876339371283,-1.0906965781190998,-0.6058743507624663,0.7290174159419132,-0.3565906079536611,-0.6466286146285474,-0.7955666466605746,-1.286376375626314,4
-0.1611133265549419,-0.37300665532561433,-0.3209696952596333,-0.2074550379987822,0.3183085250854696,-0.12915370325747996,-0.9683525701676314,0.9195227067094185,-0.9991488299169998,-0.2911952306313702,-1.0438083443386352,-0.9101346529973011,-0.5464369496916136,-1.2599046630912514,1.9509337393828405,-0.09545268903073259,2.2603706118907727,1.8797775013572757,4
-1.5175835920659089,-0.21444845167742982,-0.6924689877774355,-0.5590509140876274,0.3183085250854696,-0.3752056488793945,-0.4849933223519289,0.42315160753432374,-0.6384602481627302,-0.3576886297519193,-0.2872994643197978,-0.5437001578971804,-0.011500340053939203,0.9942070264796684,-1.3180590860105368,0.3454880514475192,-0.9564054497422244,-1.1544532974186643,3
-0.40774428392057227,-0.5315648589737988,-0.19713659775369927,-0.2074550379987822,0.5478072130614576,-0.12915370325747996,-0.6555907039339416,0.42315160753432374,-0.6384602481627302,-0.2911952306313702,-0.5899030163273328,-0.6446024101711267,-0.9030613561167298,-0.3317410262091079,-0.7411779991764114,-0.8670989848676732,0.008627368747674634,0.42862364107313045,4
-0.03779784787212671,0.10266795561893921,-0.25905314650666633,0.3492384324752227,0.08880983710948158,-0.12915370325747996,-0.11536566225756806,-0.07321949164077096,-0.2777716664084605,-0.09171503326972295,-0.014956267513016343,-0.18257630765358324,0.46399886851288247,-0.7295254420157408,0.9894652613259649,0.23525286632795625,0.3303049749109743,0.29670056286548085,1
1.1953569389560252,1.8468081957489688,1.2269440235645424,1.3747264044010212,0.8920552450254396,0.6090021336082638,1.3631449781198752,-1.3141472395785079,1.525671242362888,1.7701001421056515,1.1349372301156164,1.3575107007382285,1.2366850824339677,0.066043389597525,-0.5488843035650363,-1.087569355106799,-0.4738890404972749,0.032854406450181735,1
-1.0243216773346482,-0.8486812662701678,-1.0639682802952377,-0.9106467901764727,-0.2554381948545004,-1.1133614857451382,-0.9683525701676314,1.0436154815031922,-0.9991488299169998,-1.0891160200779593,-0.8622462131341142,-0.9207559427103481,-0.7841865539750245,0.19863819486640263,-0.16429691234228597,0.1250176812083933,-0.4738890404972749,-0.7586840627957157,2
-1.5175835920659089,-0.37300665532561433,-0.6305524390244684,-0.441852288724679,0.4330578690734636,-0.3752056488793945,-0.5702920131429352,0.42315160753432374,-0.6384602481627302,-0.4241820288724684,-0.3780805299220583,-0.5914959616058919,-0.5167182491561872,0.4638278054041579,-0.3565906079536611,-0.20568787415029555,-0.6347278435789248,-0.8906071410033652,3
0.08551763081068849,-0.21444845167742982,0.050529597258168836,-0.3246536633617306,0.08880983710948158,0.3629501879863492,-0.7408893947249479,0.6713371571218711,-0.6384602481627302,-0.09171503326972295,-0.8319858579333608,-0.7455046624450731,-0.3384060459436291,-1.1273098578223737,0.6048778701032146,-0.7568637997481102,1.6170153995641732,1.3520851885266774,4
0.7020950242247644,0.10266795561893921,-0.13522004900073226,0.5250363705196452,-0.025939506878512427,0.11689824236443462,-0.14379855918790352,-0.07321949164077096,-0.2777716664084605,0.30724536145357156,-0.04521662271376984,-0.1985082422231537,-0.07093774112479191,-1.2599046630912514,1.18175895693734,-0.42615824438942146,1.4561765964825233,1.484008266734327,2
-0.6543752412862026,0.2612261592671237,-0.01138695149479819,4.480489976519154,8.236013260257055,9.712924121619103,-0.3712617346305871,0.29905883274055006,-0.2777716664084605,0.9056859535385134,1.16519758531637,-0.4693511299058516,-0.041219040589365555,3.248318716050588,-1.3180590860105368,0.1250176812083933,-0.7955666466605746,-0.2309917499651174,4
-0.5310597626033875,-0.5315648589737988,-1.2497179265541387,-1.262242666265318,-0.7144355708064765,-0.3752056488793945,-0.5418591162125997,0.5472443823280975,-0.6384602481627302,-0.4906754279930175,-0.5293823059258258,-0.6180491858885093,-0.1303751421956446,1.126801831748546,-1.3180590860105368,0.23525286632795625,-1.438921858987174,-1.5502225320416132,3
0.8254105029075797,1.6882499921007843,1.0411943773056413,-0.031657099954359606,-0.7144355708064765,0.6090021336082638,1.2209804934681978,-1.1900544647847342,1.1649826606086182,1.7036067429851025,0.8625940333088351,1.2141232896120941,1.3852785851110994,0.19863819486640263,-0.9334716947877866,-1.087569355106799,-0.6347278435789248,-0.4948379063804166,1
-0.1611133265549419,-0.21444845167742982,0.42202888977597103,-0.09025641263583381,0.4330578690734636,0.3629501879863492,-0.5134262192822643,0.42315160753432374,-0.6384602481627302,0.4402321596946698,-0.6201633715280863,-0.5543214476102274,-1.0219361582584352,-0.8621202472846184,0.41258417449183943,0.45572323656708214,0.8128213841559239,0.9563159539037287,4
0.08551763081068849,0.8954589738598617,0.7935281822937732,0.7887332775862792,0.2035591810974756,0.11689824236443462,0.5385909671401472,-0.6936833656096394,0.44360549710007885,0.7726991552974152,0.5297301261005466,0.4812542994118528,1.7121842910007894,-0.5969306367468632,1.18175895693734,-1.418274910465488,0.3303049749109743,0.29670056286548085,1
-0.6543752412862026,0.10266795561893921,-0.38288624401260035,-1.291542322606055,-1.0586836027704585,0.3629501879863492,-0.42812752849125796,0.42315160753432374,-0.2777716664084605,0.7062057561768661,-0.5899030163273328,-0.538389513040657,-0.011500340053939203,0.7290174159419132,0.027996783269089165,0.45572323656708214,-0.9564054497422244,-0.6267609845880662,4
-0.2844288052377571,-1.0072394699183524,0.48394543852893807,0.6422349958825937,0.08880983710948158,-0.12915370325747996,0.14053041011545095,-0.445497816022092,0.08291691534580918,-0.823142423595763,0.16660586369150462,0.07233464545954421,-0.7841865539750245,-0.7295254420157408,-0.7411779991764114,1.11713434728446,0.4911437779926242,0.56054671928078,1
-1.0243216773346482,-1.165797673566537,0.360112341023004,0.2027401507715372,-0.2554381948545004,0.11689824236443462,-0.05849986839689717,-0.19731226643454464,-0.2777716664084605,-1.1556094191985085,-0.014956267513016343,-0.12946985908834835,-0.8733426555813034,-0.7295254420157408,0.027996783269089165,2.219486198480089,0.651982581074274,0.8243928756960791,1
-0.6543752412862026,-0.8486812662701678,-0.25905314650666633,-0.441852288724679,0.3183085250854696,0.11689824236443462,-0.7693222916552833,0.6713371571218711,-0.6384602481627302,-0.6901556253546648,-0.6806840819295933,-0.7508153073015965,-0.8436239550458771,-0.19914622094023027,0.2202904788804643,-0.6466286146285474,-0.15221143433397522,0.1647774846578313,4
1.5653033750044707,1.2125753811562308,1.5365267673293777,1.2868274353788098,0.3183085250854696,0.8550540792301784,0.9935173180255144,-1.0659616899909605,0.8042940788543486,0.9056859535385134,0.7718129677065746,0.9273484673598259,0.7314671733317196,-0.994715052553496,2.720108521828341,1.0068991621648968,0.8128213841559239,1.2201621103190279,2
-1.0243216773346482,-0.21444845167742982,-0.38288624401260035,-0.4125526323839419,-0.14068885086650643,-0.3752056488793945,-0.5418591162125997,0.42315160753432374,-0.6384602481627302,-0.5571688271135665,-0.49912195072507226,-0.5702533821797979,-0.4869995486207609,-0.06655141567135264,0.41258417449183943,-1.418274910465488,-0.31305023741562504,-0.4948379063804166,1
-1.0243216773346482,-1.0072394699183524,-1.3116344753071059,-1.1743436972431065,-0.2554381948545004,-0.6212575945013091,-1.5654434057046758,2.036357679853382,-1.3598374116712695,-0.9561292218368611,-1.6187550931529517,-1.3243649518061333,-0.9624987571875825,-1.1273098578223737,0.027996783269089165,-0.42615824438942146,1.6170153995641732,1.0882390321113784,4
1.07204146027321,0.8954589738598617,1.3507771210704764,0.144140838090063,-0.5996862268184825,0.6090021336082638,1.1072489057468562,-1.0659616899909605,1.1649826606086182,0.9056859535385134,0.9533750989110955,1.0494932990598662,1.3258411840402466,0.066043389597525,0.2202904788804643,-0.42615824438942146,-0.31305023741562504,0.032854406450181735,2
0.33214858817631887,-1.3243558772147215,-0.8163020852833696,0.1148411817493259,0.5478072130614576,-0.3752056488793945,-0.5702920131429352,0.29905883274055006,-0.6384602481627302,-1.3550896165601556,-0.7109444371303467,-0.5649427373232744,-1.7351849711086678,-0.994715052553496,-1.3180590860105368,0.3454880514475192,1.9386930057274727,1.6159313449419765,3
0.45546406685913404,-1.165797673566537,-0.8163020852833696,-1.291542322606055,-1.0586836027704585,-0.12915370325747996,-1.1673828486799795,1.5399865806782869,-0.9991488299169998,-0.6901556253546648,-1.0135479891378818,-1.1119391575451938,-1.3488418641481252,0.19863819486640263,-1.3180590860105368,0.014782496088830355,-0.4738890404972749,-1.4182994538339635,4
0.9487259815903948,1.3711335848044153,0.9173612797997073,0.2320398071122743,-0.5996862268184825,0.3629501879863492,1.3631449781198752,-1.1900544647847342,1.525671242362888,1.4376331465029062,0.8625940333088351,1.3468894110251814,1.3555598845756731,-0.06655141567135264,-0.3565906079536611,0.45572323656708214,-0.4738890404972749,0.032854406450181735,1
1.688618853687286,1.3711335848044153,1.5984433160823446,0.5836356832011195,-0.48493688283048847,0.6090021336082638,1.3915778750502106,-1.1900544647847342,1.525671242362888,1.6371133438645533,1.16519758531637,1.362821345594752,1.0880915797568358,-0.3317410262091079,0.9894652613259649,1.11713434728446,0.008627368747674634,0.6924697974884296,2
-0.03779784787212671,-0.055890248029245304,0.11244614601113587,-0.2660543506802564,0.2035591810974756,0.3629501879863492,-0.3712617346305871,0.29905883274055006,-0.2777716664084605,0.5067255588152189,-0.49912195072507226,-0.45341919533628117,-0.45728084808533453,-0.5969306367468632,-1.1257653903991616,-0.7568637997481102,0.008627368747674634,0.42862364107313045,4
0.33214858817631887,0.2612261592671237,-0.13522004900073226,0.4078377451566969,0.3183085250854696,-0.12915370325747996,-0.08693276532723261,-0.19731226643454464,-0.2777716664084605,0.04127176497137523,0.07582479808924415,-0.14009114880139534,0.13709316262319257,-0.3317410262091079,0.7971715657145897,-1.197804540226362,0.4911437779926242,0.29670056286548085,1
1.07204146027321,1.3711335848044153,1.4746102185764105,0.5836356832011195,-0.5996862268184825,0.6090021336082638,1.4768765658412168,-1.3141472395785079,1.525671242362888,1.6371133438645533,1.0441561645133561,1.4690342427252217,0.6720297722608669,-0.3317410262091079,-1.3180590860105368,1.7785454580018374,-0.31305023741562504,0.6924697974884296,1
0.7020950242247644,0.8954589738598617,1.2888605723175095,-0.17815538165804512,-1.0586836027704585,0.3629501879863492,0.9935173180255144,-1.0659616899909605,0.8042940788543486,0.9721793526590625,0.802073322907328,0.9485910467859199,0.46399886851288247,-0.4643358314779855,-0.3565906079536611,0.896663977045334,-0.15221143433397522,0.032854406450181735,1
-2.01084550679717,-1.482914080862906,-1.9927165115897432,-1.555239229672689,-0.5996862268184825,-1.1133614857451382,-1.451711817983334,2.036357679853382,-1.3598374116712695,-1.687556612162901,-1.6792758035544586,-1.2925010826669923,-1.259685762541846,1.524586247555179,-1.1257653903991616,-0.09545268903073259,-1.9214382682321236,-1.5502225320416132,1
0.08551763081068849,-0.5315648589737988,0.11244614601113587,0.144140838090063,0.5478072130614576,0.11689824236443462,-0.5134262192822643,0.42315160753432374,-0.6384602481627302,-0.3576886297519193,-0.6806840819295933,-0.5596320924667509,-0.8139052545104508,-0.994715052553496,0.7971715657145897,-0.8670989848676732,1.1344989903192235,1.0882390321113784,4
-0.6543752412862026,-0.8486812662701678,-0.8782186340363366,-0.6469498831098387,-0.37018753884249445,-0.6212575945013091,-1.1105170548193086,1.1677082562969658,-0.9991488299169998,-0.823142423595763,-1.0740686995393887,-1.0216581949842944,-0.7841865539750245,-1.5250942736290065,1.7586400437714653,-0.7568637997481102,2.2603706118907727,1.7478544231496262,1
-1.5175835920659089,-1.3243558772147215,-1.0639682802952377,-1.262242666265318,-0.8291849147944705,-0.3752056488793945,-1.1105170548193086,1.4158938058845132,-0.9991488299169998,-1.4880764148012537,-1.2858911859446631,-1.0641433538364824,-1.0516548587938617,-0.06655141567135264,1.9509337393828405,-0.6466286146285474,-0.9564054497422244,-1.1544532974186643,2
-0.7776907199690178,-1.165797673566537,-1.559300670318974,-0.9399464465172097,-0.14068885086650643,-0.8673095401232237,-0.6555907039339416,0.6713371571218711,-0.6384602481627302,-1.2221028183190574,-0.8319858579333608,-0.7083301484494086,-0.6058743507624663,1.7897758580929342,0.9894652613259649,-1.418274910465488,-1.438921858987174,-1.6821456102492627,2
0.5787795455419492,1.5296917884525998,1.1031109260586083,1.4626253734232324,0.7773059010374457,0.3629501879863492,1.5053094627715524,-1.3141472395785079,1.525671242362888,1.9030869403467496,1.1349372301156164,1.5115194015774096,1.0583728792214095,0.19863819486640263,0.7971715657145897,0.786428791925771,-0.31305023741562504,0.032854406450181735,1
-1.1476371560174634,-1.0072394699183524,-0.38288624401260035,-0.5297512577468904,-0.2554381948545004,-0.12915370325747996,-0.5987249100732707,0.5472443823280975,-0.6384602481627302,-1.0226226209574103,-0.4386012403235653,-0.6446024101711267,-1.3191231636126988,0.066043389597525,-1.3180590860105368,0.3454880514475192,-0.7955666466605746,-0.362914828172767,1
0.45546406685913404,1.5296917884525998,1.2888605723175095,1.2868274353788098,0.6625565570494516,0.11689824236443462,0.9935173180255144,-1.0659616899909605,0.8042940788543486,1.1716595500207097,0.983635454111849,0.9379697570728729,1.266403782969394,-0.06655141567135264,-0.3565906079536611,0.676193606806208,-0.31305023741562504,0.032854406450181735,2
-0.7776907199690178,-1.0072394699183524,-0.4448027927655674,-0.4125526323839419,0.08880983710948158,-0.12915370325747996,-0.9683525701676314,0.9195227067094185,-0.9991488299169998,-0.823142423595763,-1.0438083443386352,-0.9101346529973011,-1.5865914684315359,-1.2599046630912514,-0.7411779991764114,-0.7568637997481102,1.9386930057274727,1.7478544231496262,4
1.4419878963216555,1.8468081957489688,1.4746102185764105,1.9314198748750262,0.6625565570494516,-0.6212575945013091,2.5857595461242995,-1.8105183387536026,2.607736987625697,1.4376331465029062,2.8597774765585657,2.839180615708282,2.455151804386448,1.7897758580929342,0.41258417449183943,1.9990158282409631,-1.438921858987174,-1.5502225320416132,3
-0.9010061986518331,-0.5315648589737988,-1.43546757281304,-1.555239229672689,-1.1734329467584526,-0.6212575945013091,-0.5987249100732707,0.6713371571218711,-0.6384602481627302,-0.5571688271135665,-0.6504237267288397,-0.6817769241667911,-0.18981254326649732,1.6571810528240565,-0.9334716947877866,0.1250176812083933,-1.7605994651504737,-1.8140686884569124,3
0.45546406685913404,0.10266795561893921,0.29819579227003695,0.6422349958825937,0.2035591810974756,-0.6212575945013091,0.5954567610008181,-0.8177761404034131,0.44360549710007885,-0.15820843239027205,0.741552612505821,0.5874671965423226,-0.10065644166021827,0.066043389597525,-0.9334716947877866,1.4478399026431488,0.8128213841559239,0.1647774846578313,3
-1.640899070748724,-0.21444845167742982,-0.6924689877774355,-0.8813471338357355,-0.14068885086650643,-0.6212575945013091,-0.5134262192822643,0.42315160753432374,-0.6384602481627302,-0.22470183151082113,-0.3175598195205513,-0.5596320924667509,0.01821836048148715,1.126801831748546,-1.1257653903991616,0.23525286632795625,-1.1172442528238744,-1.286376375626314,3
-0.1611133265549419,0.8954589738598617,0.42202888977597103,1.1696288100158616,0.8920552450254396,-0.12915370325747996,0.3395606886277991,-0.5695905908158657,0.44360549710007885,0.4402321596946698,0.6205111917028071,0.28476043972048376,1.5635907883236575,-0.3317410262091079,-0.16429691234228597,-1.308039725345925,0.008627368747674634,0.032854406450181735,2
-0.03779784787212671,-0.37300665532561433,-0.9401351827893036,0.026942212727114594,0.6625565570494516,-0.6212575945013091,-0.8261880855159542,0.6713371571218711,-0.9991488299169998,-0.4906754279930175,-0.8017255027326072,-0.75612595215812,-0.011500340053939203,-0.994715052553496,0.6048778701032146,-0.5363934295089844,1.4561765964825233,0.9563159539037287,3
2.0585652897357316,2.005366399397153,1.3507771210704764,0.4078377451566969,-1.1734329467584526,-0.6212575945013091,2.6710582369153055,-1.8105183387536026,2.9684255693799666,1.6371133438645533,2.8597774765585657,3.00381060626051,2.3065583017093165,1.6571810528240565,-0.5488843035650363,-0.5363934295089844,-1.278083055905524,-1.6821456102492627,3
-1.1476371560174634,-1.482914080862906,-0.3209696952596333,-0.5883505704283645,-0.7144355708064765,-0.3752056488793945,-0.6840236008642769,0.5472443823280975,-0.6384602481627302,-1.4215830156807048,-0.6806840819295933,-0.6977088587363616,-1.2894044630772725,-1.1273098578223737,0.6048778701032146,1.2273695324040228,1.2953377934008734,0.9563159539037287,1
0.8254105029075797,0.10266795561893921,1.3507771210704764,0.7594336212455421,-0.025939506878512427,0.3629501879863492,0.7660541425828308,-0.8177761404034131,0.8042940788543486,0.04127176497137523,0.6810319021043141,0.667126869390175,0.5234362695837351,-0.8621202472846184,0.027996783269089165,2.7706621240779037,0.4911437779926242,1.2201621103190279,2
0.45546406685913404,0.5783425665634927,0.050529597258168836,1.4626253734232324,1.4658019649654097,-0.3752056488793945,0.5385909671401472,-0.8177761404034131,0.44360549710007885,0.30724536145357156,0.5297301261005466,0.5609139722597052,0.9394980770797041,0.19863819486640263,-0.5488843035650363,-0.6466286146285474,0.9736601872375737,-0.09906867175746784,3
-0.5310597626033875,-0.37300665532561433,-0.6924689877774355,-0.3539533197024677,0.3183085250854696,-0.12915370325747996,-0.9967854670979669,1.0436154815031922,-0.9991488299169998,-0.2911952306313702,-0.9832876339371283,-0.9207559427103481,-0.30868734540820275,-1.1273098578223737,-0.5488843035650363,-0.7568637997481102,1.9386930057274727,1.7478544231496262,4
0.8254105029075797,0.8954589738598617,1.3507771210704764,1.2575277790380728,0.7773059010374457,0.3629501879863492,1.0788160088165206,-1.0659616899909605,1.1649826606086182,0.8391925544179643,0.9533750989110955,1.0654252336294365,1.3852785851110994,0.066043389597525,-0.3565906079536611,1.11713434728446,-0.4738890404972749,-0.09906867175746784,1
0.45546406685913404,1.3711335848044153,1.2888605723175095,0.4957367141789082,-0.2554381948545004,0.3629501879863492,1.1925475965378625,-1.0659616899909605,1.1649826606086182,1.5041265456234552,0.983635454111849,1.1291529719077185,1.177247681363115,0.066043389597525,-1.1257653903991616,1.4478399026431488,-0.4738890404972749,-0.09906867175746784,1
1.9352498110529164,2.005366399397153,1.4126936698234436,0.31993877613448557,-1.1734329467584526,-0.6212575945013091,2.5573266491939637,-1.8105183387536026,2.607736987625697,1.4376331465029062,2.6479549901532913,2.8975977091300402,2.365995702780169,1.3919914422863013,0.41258417449183943,0.014782496088830355,-1.278083055905524,-1.8140686884569124,3
1.1953569389560252,1.0540171775080462,0.7935281822937732,0.5543360268603824,-0.2554381948545004,0.11689824236443462,0.4817251732794763,-0.6936833656096394,0.44360549710007885,0.7726991552974152,0.4692094156990396,0.41221591627704746,0.8206232749379987,-0.7295254420157408,0.7971715657145897,-0.5363934295089844,0.651982581074274,0.56054671928078,1
0.7020950242247644,0.8954589738598617,1.5984433160823446,1.609123655126918,0.6625565570494516,0.11689824236443462,1.3062791842592043,-1.3141472395785079,1.1649826606086182,0.8391925544179643,1.4375407821231514,1.3362681213121346,0.850341975473425,-0.06655141567135264,-0.16429691234228597,0.5659584216866451,0.008627368747674634,0.42862364107313045,1
1.1953569389560252,2.005366399397153,1.2269440235645424,1.7849215931713407,0.8920552450254396,0.6090021336082638,1.3631449781198752,-1.3141472395785079,1.525671242362888,1.7701001421056515,1.225718295717877,1.3999958595904163,2.039089996890479,-0.19914622094023027,0.027996783269089165,-0.9773341699872362,-0.31305023741562504,0.032854406450181735,1
-0.6543752412862026,-1.482914080862906,-0.8782186340363366,-0.2074550379987822,0.2035591810974756,-0.6212575945013091,-0.8830538793766252,0.9195227067094185,-0.9991488299169998,-1.2221028183190574,-0.8017255027326072,-0.8570282044320663,-1.5271540673606832,-0.8621202472846184,-1.1257653903991616,2.7706621240779037,0.651982581074274,1.0882390321113784,2
0.20883310949350367,-0.8486812662701678,-0.8163020852833696,-1.4380406043097405,-1.2881822907464466,-0.12915370325747996,-0.9683525701676314,1.1677082562969658,-0.9991488299169998,-0.5571688271135665,-0.8622462131341142,-0.973862391275583,-1.1408109604001406,0.9942070264796684,0.6048778701032146,0.014782496088830355,-0.9564054497422244,-1.6821456102492627,4
-0.40774428392057227,-1.482914080862906,-1.43546757281304,-1.262242666265318,-0.5996862268184825,-0.6212575945013091,-1.4801447149136695,1.912264905059608,-1.3598374116712695,-1.2885962174396066,-1.5582343827514447,-1.2818797929539454,-1.764903671644094,-0.7295254420157408,-0.16429691234228597,0.1250176812083933,0.4911437779926242,0.29670056286548085,4
-1.1476371560174634,-0.5315648589737988,-1.4973841215660069,-1.0864447282208953,-0.37018753884249445,-0.3752056488793945,-0.6271578070036061,0.6713371571218711,-0.6384602481627302,-0.3576886297519193,-0.7412047923311003,-0.7030195035928851,-0.16009384273107097,1.3919914422863013,0.2202904788804643,-0.9773341699872362,-1.5997606620688238,-1.8140686884569124,3
-0.03779784787212671,-1.0072394699183524,0.360112341023004,0.730133964904805,0.08880983710948158,0.11689824236443462,0.02679882239410917,-0.3214050412283183,0.08291691534580918,-0.9561292218368611,0.015304087687737153,-0.04449954138397253,-1.675747570037815,-1.2599046630912514,-0.5488843035650363,1.11713434728446,1.9386930057274727,1.7478544231496262,1
-0.6543752412862026,-1.482914080862906,-0.9401351827893036,-0.8227478211542613,-0.2554381948545004,-0.12915370325747996,-0.9114867763069605,0.7954299319156448,-0.9991488299169998,-1.2885962174396066,-0.7412047923311003,-0.8570282044320663,-1.497435366825257,0.066043389597525,0.027996783269089165,-1.308039725345925,0.008627368747674634,0.032854406450181735,4
-0.6543752412862026,-0.8486812662701678,-0.6924689877774355,-0.4125526323839419,0.2035591810974756,-0.3752056488793945,-0.7124564977946124,0.5472443823280975,-0.6384602481627302,-0.9561292218368611,-0.4688615955243188,-0.6977088587363616,-0.9624987571875825,-0.06655141567135264,-0.5488843035650363,-0.3159230592698585,0.4911437779926242,0.032854406450181735,3
-0.1611133265549419,0.2612261592671237,0.11244614601113587,-0.23675469433951932,0.4330578690734636,0.8550540792301784,-0.4565604254215934,0.29905883274055006,-0.6384602481627302,0.5067255588152189,-0.34782017472130483,-0.5224575784710865,0.01821836048148715,0.4638278054041579,-0.9334716947877866,-0.42615824438942146,-0.7955666466605746,0.032854406450181735,4
0.9487259815903948,1.0540171775080462,1.1031109260586083,1.2868274353788098,0.3183085250854696,0.3629501879863492,0.908218627234508,-0.9418689151971867,0.8042940788543486,0.5067255588152189,0.7112922573050676,0.8689313739380675,0.25596796476489797,-0.994715052553496,-1.3180590860105368,0.676193606806208,0.651982581074274,0.9563159539037287,1
-0.5310597626033875,0.5783425665634927,0.11244614601113587,-0.8227478211542613,-0.48493688283048847,0.6090021336082638,-0.34282883770025163,0.29905883274055006,-0.2777716664084605,1.1716595500207097,-0.5293823059258258,-0.46404048504932816,0.25596796476489797,0.33123300013528023,-1.1257653903991616,-0.20568787415029555,-1.1172442528238744,-0.4948379063804166,4
0.45546406685913404,0.7369007702116772,0.42202888977597103,0.6715346522233308,0.2035591810974756,0.11689824236443462,0.1689633070457864,-0.445497816022092,0.08291691534580918,0.3737387605741207,0.13634550849075114,0.10419851459868515,0.5828736706545878,-0.994715052553496,0.6048778701032146,-1.308039725345925,0.651982581074274,0.6924697974884296,2
-1.2709526347002786,-0.8486812662701678,-0.7543855365304025,-1.1157443845616324,-0.7144355708064765,-0.3752056488793945,-0.5987249100732707,0.5472443823280975,-0.6384602481627302,-1.0226226209574103,-0.7109444371303467,-0.6499130550276502,-0.36812474647905546,0.9942070264796684,0.9894652613259649,-1.308039725345925,-1.438921858987174,-1.286376375626314,1
-0.9010061986518331,-0.37300665532561433,-0.8163020852833696,-0.002357443613622506,1.2363032769894218,-0.3752056488793945,-0.5418591162125997,0.42315160753432374,-0.6384602481627302,-0.2911952306313702,-0.4083408851228118,-0.5914959616058919,-0.18981254326649732,0.4638278054041579,-0.16429691234228597,-0.09545268903073259,-0.7955666466605746,-1.1544532974186643,3
1.8119343323701012,1.2125753811562308,1.2269440235645424,1.1989284663565987,0.2035591810974756,0.6090021336082638,1.3631449781198752,-1.3141472395785079,1.525671242362888,1.5041265456234552,1.16519758531637,1.3522000558817049,1.0286541786859833,-0.19914622094023027,-0.16429691234228597,-1.087569355106799,-0.15221143433397522,0.42862364107313045,2
-0.5310597626033875,-1.482914080862906,-1.621217219071941,-1.1450440409023694,-0.48493688283048847,-0.6212575945013091,-1.4232789210529986,1.912264905059608,-1.3598374116712695,-1.4880764148012537,-1.6187550931529517,-1.255326568671328,-1.3488418641481252,-0.5969306367468632,2.912402217439716,1.11713434728446,0.1694661718293245,-0.09906867175746784,2
-0.7776907199690178,-0.5315648589737988,-1.1878013778011718,-0.5297512577468904,0.08880983710948158,-0.12915370325747996,-1.1673828486799795,1.2918010310907395,-0.9991488299169998,-0.4906754279930175,-1.2253704755431563,-1.0588327089799587,-0.4869995486207609,-1.2599046630912514,-0.7411779991764114,-1.197804540226362,2.2603706118907727,1.8797775013572757,4
0.33214858817631887,-0.37300665532561433,-0.6305524390244684,0.1148411817493259,0.4330578690734636,-0.6212575945013091,-0.5134262192822643,0.1749660579467764,-0.6384602481627302,-0.4241820288724684,-0.4386012403235653,-0.4852830644754221,-0.16009384273107097,-0.8621202472846184,1.18175895693734,-1.308039725345925,1.777854202645823,1.0882390321113784,3
-0.7776907199690178,-0.8486812662701678,-0.6305524390244684,0.1148411817493259,0.7773059010374457,-0.3752056488793945,-0.5987249100732707,0.42315160753432374,-0.6384602481627302,-0.823142423595763,-0.49912195072507226,-0.5914959616058919,-0.7841865539750245,-0.4643358314779855,-0.9334716947877866,0.786428791925771,1.1344989903192235,0.56054671928078,3
-1.5175835920659089,-0.37300665532561433,-0.6305524390244684,-0.3246536633617306,0.7773059010374457,-0.3752056488793945,-0.5702920131429352,0.42315160753432374,-0.6384602481627302,-0.2911952306313702,-0.2872994643197978,-0.6127385410319858,-0.1303751421956446,0.9942070264796684,-0.9334716947877866,0.45572323656708214,-0.9564054497422244,-1.0225302192110148,3
-0.2844288052377571,-0.5315648589737988,-0.5067193415185344,0.0855415254085888,-0.14068885086650643,-0.12915370325747996,-0.6840236008642769,0.5472443823280975,-0.6384602481627302,-0.4906754279930175,-0.49912195072507226,-0.6923982138798381,-0.5167182491561872,-1.392499468360129,2.912402217439716,-0.3159230592698585,2.742887021135722,2.011700579564925,1
1.5653033750044707,1.8468081957489688,1.4126936698234436,0.0855415254085888,-1.2881822907464466,-0.6212575945013091,2.386729267611951,-1.8105183387536026,2.607736987625697,1.304646348261808,2.708475700554798,2.679861270012577,2.5740266065281534,1.6571810528240565,-0.3565906079536611,-0.42615824438942146,-1.278083055905524,-1.6821456102492627,3
0.45546406685913404,-1.0072394699183524,-0.9401351827893036,-1.4087409479690034,-1.4029316347344405,-0.3752056488793945,-1.0536512609586377,1.2918010310907395,-0.9991488299169998,-0.4906754279930175,-0.8017255027326072,-1.016347550127771,-1.2894044630772725,0.33123300013528023,-0.5488843035650363,-1.308039725345925,-0.4738890404972749,-1.286376375626314,4
-1.1476371560174634,-0.8486812662701678,-0.6924689877774355,-0.8813471338357355,-0.2554381948545004,-0.8673095401232237,-1.1105170548193086,1.1677082562969658,-0.9991488299169998,-0.9561292218368611,-0.9530272787363747,-1.0216581949842944,-0.8139052545104508,-0.5969306367468632,-0.7411779991764114,-0.42615824438942146,0.3303049749109743,-0.09906867175746784,2
-0.03779784787212671,0.41978436291530824,0.23627924351706991,-0.2074550379987822,0.3183085250854696,0.3629501879863492,-0.3996946315609225,0.29905883274055006,-0.2777716664084605,0.7726991552974152,-0.34782017472130483,-0.4746617747623751,0.25596796476489797,0.33123300013528023,-0.5488843035650363,0.23525286632795625,-0.7955666466605746,-0.09906867175746784,4
-0.2844288052377571,-0.5315648589737988,-0.8782186340363366,-0.47115194506541613,-0.37018753884249445,-0.12915370325747996,-0.8830538793766252,0.9195227067094185,-0.9991488299169998,-0.7566490244752139,-0.7714651475318538,-0.8623388492885897,-0.7841865539750245,-1.1273098578223737,0.6048778701032146,0.896663977045334,1.6170153995641732,1.3520851885266774,1
1.1953569389560252,1.0540171775080462,1.1031109260586083,1.0817298409936502,0.08880983710948158,0.3629501879863492,0.7660541425828308,-0.9418689151971867,0.8042940788543486,0.7726991552974152,0.4994697708997931,0.7149226730988864,0.7909045744025723,-1.1273098578223737,-0.9334716947877866,-0.8670989848676732,0.9736601872375737,1.0882390321113784,1
0.20883310949350367,0.41978436291530824,-0.01138695149479819,0.2320398071122743,-0.2554381948545004,-0.12915370325747996,-0.0016340745362262773,-0.19731226643454464,0.08291691534580918,0.1742585632124734,0.13634550849075114,-0.07636341052311346,0.5531549701191615,-0.7295254420157408,1.5663463481600903,-1.418274910465488,0.9736601872375737,0.6924697974884296,1
0.45546406685913404,0.10266795561893921,-0.38288624401260035,0.8766322466084905,1.1215539330014277,-0.3752056488793945,-0.14379855918790352,-0.19731226643454464,-0.2777716664084605,0.04127176497137523,-0.19651839871753732,-0.1613337282274893,0.07765576155233986,-0.4643358314779855,1.18175895693734,-0.42615824438942146,1.777854202645823,0.9563159539037287,3
0.8254105029075797,1.2125753811562308,0.48394543852893807,0.730133964904805,0.4330578690734636,-0.6212575945013091,0.9366515241648434,-1.0659616899909605,0.8042940788543486,0.7726991552974152,1.225718295717877,0.9751442710685373,1.0880915797568358,0.7290174159419132,-0.3565906079536611,0.1250176812083933,0.4911437779926242,-0.4948379063804166,3
-0.03779784787212671,-1.3243558772147215,-0.6924689877774355,0.7008343085640679,1.2363032769894218,-0.6212575945013091,-0.3712617346305871,0.05087328315300272,-0.6384602481627302,-1.0891160200779593,-0.19651839871753732,-0.3578275879188584,-1.497435366825257,-0.3317410262091079,-1.3180590860105368,0.1250176812083933,1.777854202645823,1.0882390321113784,3
-0.6543752412862026,-0.5315648589737988,-0.5067193415185344,-0.8520474774949984,-0.7144355708064765,-0.6212575945013091,-0.7408893947249479,0.6713371571218711,-0.6384602481627302,-0.6901556253546648,-0.6201633715280863,-0.7455046624450731,-0.3384060459436291,-0.19914622094023027,1.5663463481600903,1.4478399026431488,0.3303049749109743,0.29670056286548085,1
0.7020950242247644,0.8954589738598617,1.5984433160823446,1.8142212495120777,1.0068045890134336,0.6090021336082638,1.3915778750502106,-1.3141472395785079,1.525671242362888,0.9056859535385134,1.4375407821231514,1.4318597287295574,0.850341975473425,0.066043389597525,0.7971715657145897,0.676193606806208,0.008627368747674634,0.29670056286548085,1
1.8119343323701012,1.5296917884525998,1.1650274748115754,-0.002357443613622506,-1.1734329467584526,-0.6212575945013091,1.988668710587255,-1.686425563959829,1.8863598241171575,1.0386727517796115,2.254570372543496,2.2178351674950334,2.0688086974259057,1.524586247555179,0.6048778701032146,-0.20568787415029555,-0.7955666466605746,-1.6821456102492627,3
1.3186724176388405,1.3711335848044153,1.5365267673293777,1.902120218534289,1.0068045890134336,0.8550540792301784,1.2494133903985334,-1.1900544647847342,1.1649826606086182,1.2381529491412588,1.0744165197141096,1.2459871587512352,1.5041533872528048,-0.5969306367468632,-0.5488843035650363,1.0068991621648968,0.008627368747674634,0.6924697974884296,2
-0.03779784787212671,0.2612261592671237,0.11244614601113587,4.802786196267262,8.809759980197025,9.958976067241018,-0.4565604254215934,0.29905883274055006,-0.6384602481627302,0.3737387605741207,3.918889908584938,-0.5224575784710865,0.2856866653003243,8.286921316267938,0.9894652613259649,-0.42615824438942146,-0.15221143433397522,0.032854406450181735,4
-1.1476371560174634,-0.055890248029245304,-0.6305524390244684,-0.060956756295096705,0.8920552450254396,-0.12915370325747996,-0.7977551885856188,0.6713371571218711,-0.9991488299169998,-0.09171503326972295,-0.5293823059258258,-0.7720578867276905,-0.041219040589365555,-0.19914622094023027,-0.9334716947877866,-1.418274910465488,0.1694661718293245,0.42862364107313045,4
-0.9010061986518331,-0.21444845167742982,-1.1258848290482046,-1.320841978946792,-0.5996862268184825,-0.6212575945013091,-0.6271578070036061,0.6713371571218711,-0.6384602481627302,-0.3576886297519193,-0.6201633715280863,-0.6977088587363616,-0.18981254326649732,1.9223706633618118,-0.5488843035650363,-0.09545268903073259,-1.5997606620688238,-1.8140686884569124,3
0.7020950242247644,0.8954589738598617,0.360112341023004,0.8766322466084905,0.4330578690734636,-0.6212575945013091,0.8513528333738372,-1.0659616899909605,0.8042940788543486,0.639712357056317,0.8625940333088351,0.9007952430772084,0.8206232749379987,0.19863819486640263,-0.16429691234228597,-0.6466286146285474,0.651982581074274,-0.362914828172767,3
1.4419878963216555,1.3711335848044153,1.3507771210704764,-0.148855725317308,-1.5176809787224346,-0.8673095401232237,2.1592660921692675,-1.686425563959829,2.247048405871427,1.0386727517796115,2.37561179334651,2.329358709482027,1.9499338952842002,1.524586247555179,0.9894652613259649,-1.308039725345925,-1.278083055905524,-1.8140686884569124,3
1.1953569389560252,1.5296917884525998,1.3507771210704764,1.3747264044010212,0.7773059010374457,0.6090021336082638,0.9650844210951789,-1.0659616899909605,0.8042940788543486,1.304646348261808,0.9231147437103421,0.9061058879337319,1.1475289808276885,-0.19914622094023027,0.41258417449183943,0.5659584216866451,0.008627368747674634,0.032854406450181735,1
1.8119343323701012,0.8954589738598617,1.0411943773056413,0.8180329339270163,-0.2554381948545004,0.3629501879863492,0.5954567610008181,-0.8177761404034131,0.44360549710007885,0.7726991552974152,0.5902508365020536,0.5343607479770878,0.5234362695837351,-1.1273098578223737,1.3740526525487151,-1.087569355106799,1.1344989903192235,0.8243928756960791,1
-0.1611133265549419,-1.800030488159275,-1.0639682802952377,-0.8520474774949984,-0.5996862268184825,-0.3752056488793945,-1.1673828486799795,1.2918010310907395,-0.9991488299169998,-1.9535302086450974,-1.1951101203424026,-1.0694539986930058,-1.8837784737857994,-1.392499468360129,-0.3565906079536611,1.7785454580018374,1.9386930057274727,1.484008266734327,1
-0.1611133265549419,-0.055890248029245304,0.1743626947641029,0.9352315592899647,0.8920552450254396,-0.3752056488793945,0.3679935855581345,-0.6936833656096394,0.44360549710007885,-0.2911952306313702,0.3784283500967791,0.37504140228138305,0.16681186315861893,-0.06655141567135264,-1.3180590860105368,-0.9773341699872362,0.8128213841559239,0.1647774846578313,3
1.688618853687286,1.2125753811562308,1.2269440235645424,0.9645312156307018,0.3183085250854696,0.3629501879863492,1.3915778750502106,-1.3141472395785079,1.525671242362888,1.2381529491412588,1.0138958093126025,1.3734426353077989,1.0880915797568358,0.066043389597525,0.7971715657145897,-0.3159230592698585,-0.15221143433397522,0.42862364107313045,2
-1.3942681133830939,-0.6901230626219833,-0.8163020852833696,-0.4125526323839419,0.4330578690734636,-0.3752056488793945,-0.7693222916552833,0.6713371571218711,-0.6384602481627302,-0.5571688271135665,-0.6806840819295933,-0.7614365970146435,-0.9030613561167298,-0.19914622094023027,-0.5488843035650363,-0.09545268903073259,-0.15221143433397522,-0.09906867175746784,3
0.7020950242247644,0.7369007702116772,0.9173612797997073,1.023130528312176,0.2035591810974756,-0.6212575945013091,1.3347120811895397,-1.3141472395785079,1.1649826606086182,0.4402321596946698,1.2559786509186306,1.4159277941599868,1.0583728792214095,0.5964226106730355,0.2202904788804643,-0.6466286146285474,0.008627368747674634,-0.8906071410033652,3
0.8254105029075797,1.5296917884525998,1.3507771210704764,0.3785380888159598,-0.2554381948545004,0.3629501879863492,1.2494133903985334,-1.1900544647847342,1.1649826606086182,1.8365935412262007,0.9231147437103421,1.1981913550425238,1.3555598845756731,0.19863819486640263,0.9894652613259649,1.4478399026431488,-0.4738890404972749,-0.09906867175746784,1
-1.3942681133830939,0.10266795561893921,-0.6305524390244684,-0.9399464465172097,-0.2554381948545004,-0.6212575945013091,-0.6555907039339416,0.5472443823280975,-0.6384602481627302,-0.22470183151082113,-0.7109444371303467,-0.6658449895972207,0.16681186315861893,0.33123300013528023,0.2202904788804643,-1.418274910465488,-0.6347278435789248,-0.6267609845880662,3
0.5787795455419492,1.0540171775080462,1.2888605723175095,0.2320398071122743,-0.7144355708064765,0.3629501879863492,1.1072489057468562,-1.0659616899909605,1.1649826606086182,1.1051661509001607,0.8625940333088351,1.0866678130555305,1.1178102802922623,0.066043389597525,-0.7411779991764114,-1.197804540226362,-0.31305023741562504,-0.2309917499651174,1
0.9487259815903948,0.8954589738598617,1.2888605723175095,1.4040260607417583,0.6625565570494516,0.3629501879863492,0.9366515241648434,-1.0659616899909605,0.8042940788543486,0.8391925544179643,0.8928543885095885,0.8954845982206849,0.5234362695837351,-0.5969306367468632,-0.7411779991764114,0.676193606806208,-0.15221143433397522,0.1647774846578313,2
1.1953569389560252,0.5783425665634927,1.3507771210704764,1.1696288100158616,-0.025939506878512427,0.6090021336082638,1.0219502149558497,-1.0659616899909605,1.1649826606086182,0.5067255588152189,0.802073322907328,0.9804549159250607,-0.2789686448727764,-1.1273098578223737,-1.3180590860105368,0.676193606806208,0.651982581074274,1.484008266734327,2
2.1818807684185466,0.7369007702116772,1.2888605723175095,0.8180329339270163,-0.37018753884249445,0.6090021336082638,1.0503831118861853,-1.0659616899909605,1.1649826606086182,0.639712357056317,0.983635454111849,0.9910762056381077,0.25596796476489797,-0.7295254420157408,1.5663463481600903,1.0068991621648968,0.3303049749109743,0.8243928756960791,2
-0.40774428392057227,-0.21444845167742982,-1.0639682802952377,-0.5297512577468904,0.2035591810974756,-0.3752056488793945,-0.9683525701676314,0.9195227067094185,-0.9991488299169998,-0.22470183151082113,-0.7412047923311003,-0.9154452978538247,-0.30868734540820275,-0.06655141567135264,-1.1257653903991616,-0.42615824438942146,-0.15221143433397522,-0.2309917499651174,4
1.07204146027321,1.3711335848044153,0.48394543852893807,0.2906391197937485,-0.48493688283048847,0.6090021336082638,1.3915778750502106,-1.1900544647847342,1.525671242362888,1.371139747382357,0.8928543885095885,1.3522000558817049,0.6125923711900142,-0.06655141567135264,-1.1257653903991616,2.109251013360526,-0.4738890404972749,0.29670056286548085,1
-0.6543752412862026,-0.21444845167742982,-0.8163020852833696,-0.3246536633617306,0.3183085250854696,-0.6212575945013091,-0.8546209824462897,0.7954299319156448,-0.9991488299169998,-0.4241820288724684,-0.8017255027326072,-0.8145430455798783,-0.1303751421956446,-0.8621202472846184,0.41258417449183943,-0.20568787415029555,0.651982581074274,0.42862364107313045,3
0.20883310949350367,0.10266795561893921,-0.8163020852833696,0.730133964904805,1.0068045890134336,-0.6212575945013091,-0.11536566225756806,-0.19731226643454464,-0.2777716664084605,-0.09171503326972295,-0.22677875391829083,-0.13478050394487184,-0.18981254326649732,-0.4643358314779855,1.9509337393828405,-0.3159230592698585,1.777854202645823,0.9563159539037287,3
2.551827204466992,1.2125753811562308,1.0411943773056413,1.0524301846529132,0.3183085250854696,0.6090021336082638,1.3915778750502106,-1.3141472395785079,1.525671242362888,1.1051661509001607,1.16519758531637,1.3681319904512754,1.0880915797568358,-0.19914622094023027,2.720108521828341,-0.20568787415029555,0.008627368747674634,0.42862364107313045,2
-0.1611133265549419,-0.5315648589737988,-1.1878013778011718,-0.3246536633617306,0.7773059010374457,0.11689824236443462,-1.0536512609586377,1.0436154815031922,-0.9991488299169998,-0.4906754279930175,-0.8319858579333608,-0.9791730361321065,-0.21953124380192368,-0.19914622094023027,0.027996783269089165,0.014782496088830355,0.4911437779926242,0.6924697974884296,4
0.45546406685913404,0.2612261592671237,1.5984433160823446,0.9645312156307018,-0.2554381948545004,0.6090021336082638,0.7944870395131662,-0.8177761404034131,0.8042940788543486,0.30724536145357156,0.4994697708997931,0.7096120282423628,-0.36812474647905546,-1.5250942736290065,-1.1257653903991616,2.219486198480089,0.8128213841559239,1.6159313449419765,2
-0.1611133265549419,-0.37300665532561433,0.11244614601113587,-1.057145071880158,-0.8291849147944705,0.3629501879863492,-0.4565604254215934,0.42315160753432374,-0.6384602481627302,0.2407519623330225,-0.49912195072507226,-0.538389513040657,-0.36812474647905546,0.33123300013528023,0.9894652613259649,0.014782496088830355,-0.7955666466605746,0.032854406450181735,4
0.33214858817631887,0.10266795561893921,1.1031109260586083,1.1989284663565987,0.5478072130614576,-0.12915370325747996,0.5954567610008181,-0.6936833656096394,0.44360549710007885,0.10776516409192433,0.5297301261005466,0.4971862339814233,-0.24924994433735004,-0.8621202472846184,-1.1257653903991616,2.109251013360526,0.3303049749109743,0.56054671928078,1
0.20883310949350367,0.10266795561893921,-0.5686358902715014,0.9645312156307018,1.4658019649654097,-0.8673095401232237,-0.22909724997890984,-0.19731226643454464,-0.2777716664084605,-0.025221634149173857,-0.16625804351678383,-0.23568275621881812,0.40456146744202975,-0.3317410262091079,0.027996783269089165,-0.5363934295089844,1.1344989903192235,0.56054671928078,3
1.3186724176388405,1.5296917884525998,0.7935281822937732,0.3492384324752227,-0.5996862268184825,0.11689824236443462,1.3631449781198752,-1.3141472395785079,1.525671242362888,1.7036067429851025,1.225718295717877,1.384063925020846,1.1475289808276885,0.19863819486640263,-0.5488843035650363,-0.8670989848676732,-0.31305023741562504,-0.2309917499651174,1
1.4419878963216555,1.0540171775080462,1.5365267673293777,1.1110294973343873,0.3183085250854696,0.8550540792301784,1.420010771980546,-1.1900544647847342,1.525671242362888,1.2381529491412588,1.16519758531637,1.362821345594752,0.6720297722608669,0.066043389597525,2.912402217439716,2.7706621240779037,0.1694661718293245,1.2201621103190279,2
-1.1476371560174634,-0.5315648589737988,-0.8163020852833696,-1.1450440409023694,-0.5996862268184825,-0.3752056488793945,-0.5987249100732707,0.5472443823280975,-0.6384602481627302,-0.2911952306313702,-0.4083408851228118,-0.6605343447406972,-0.16009384273107097,1.2593966370174237,0.6048778701032146,0.1250176812083933,-1.278083055905524,-1.4182994538339635,3
-0.40774428392057227,-1.0072394699183524,-0.6924689877774355,-1.057145071880158,-0.7144355708064765,-0.3752056488793945,-0.7124564977946124,0.6713371571218711,-0.6384602481627302,-1.1556094191985085,-0.6201633715280863,-0.7348833727320261,-0.8436239550458771,0.5964226106730355,0.41258417449183943,0.5659584216866451,-0.7955666466605746,-0.8906071410033652,2
-0.5310597626033875,-1.800030488159275,-1.0639682802952377,-0.3246536633617306,-0.2554381948545004,-0.3752056488793945,-0.8830538793766252,0.7954299319156448,-0.9991488299169998,-1.687556612162901,-0.7714651475318538,-0.8198536904364019,-1.7946223721795205,-1.5250942736290065,-1.1257653903991616,-1.087569355106799,1.9386930057274727,1.484008266734327,2
-0.6543752412862026,-1.3243558772147215,-1.806966865330842,-1.4673402606504775,-0.9439342587824645,-0.8673095401232237,-1.0536512609586377,1.1677082562969658,-0.9991488299169998,-1.4880764148012537,-1.1951101203424026,-0.9897943258451535,-0.9327800566521561,0.8616122212107907,1.7586400437714653,0.1250176812083933,-0.7955666466605746,-1.4182994538339635,2
-0.6543752412862026,0.2612261592671237,-0.13522004900073226,-0.6469498831098387,0.3183085250854696,0.6090021336082638,-0.42812752849125796,0.42315160753432374,-0.2777716664084605,0.9056859535385134,-0.6201633715280863,-0.5330788681841335,0.3154053658357507,0.4638278054041579,-0.16429691234228597,0.014782496088830355,-0.7955666466605746,-0.362914828172767,4
0.20883310949350367,0.10266795561893921,0.29819579227003695,0.144140838090063,0.7773059010374457,0.3629501879863492,-0.4565604254215934,0.29905883274055006,-0.6384602481627302,-0.09171503326972295,-0.5293823059258258,-0.5224575784710865,0.13709316262319257,-0.4643358314779855,1.3740526525487151,0.23525286632795625,0.8128213841559239,0.8243928756960791,4
0.8254105029075797,1.5296917884525998,1.4746102185764105,0.9059319029492277,-0.025939506878512427,0.6090021336082638,1.5337423597018878,-1.3141472395785079,1.525671242362888,1.9030869403467496,1.1349372301156164,1.474344887581745,0.7909045744025723,0.19863819486640263,0.2202904788804643,2.439956568719215,-0.31305023741562504,0.6924697974884296,1
-0.6543752412862026,-0.6901230626219833,-0.4448027927655674,0.4078377451566969,1.3510526209774156,-0.3752056488793945,-0.3996946315609225,0.1749660579467764,-0.6384602481627302,-0.889635822716312,-0.2872994643197978,-0.4215553261971402,-0.7247491529041717,0.19863819486640263,0.2202904788804643,-0.09545268903073259,0.3303049749109743,-0.09906867175746784,3
-0.6543752412862026,0.10266795561893921,-0.5686358902715014,-0.9985457591986839,-0.2554381948545004,0.11689824236443462,-0.3996946315609225,0.42315160753432374,-0.2777716664084605,0.5732189579357679,-0.6201633715280863,-0.5118362887580395,-0.011500340053939203,0.8616122212107907,0.9894652613259649,-1.087569355106799,-0.7955666466605746,-0.6267609845880662,4
1.5653033750044707,1.2125753811562308,1.5365267673293777,1.2282281226973357,0.2035591810974756,0.6090021336082638,1.3631449781198752,-1.1900544647847342,1.525671242362888,1.2381529491412588,1.1349372301156164,1.3362681213121346,0.6125923711900142,-0.4643358314779855,0.6048778701032146,0.896663977045334,0.1694661718293245,0.9563159539037287,2
-0.40774428392057227,-0.37300665532561433,0.29819579227003695,-0.3539533197024677,-0.025939506878512427,0.11689824236443462,-0.6271578070036061,0.5472443823280975,-0.6384602481627302,0.5067255588152189,-0.7714651475318538,-0.6711556344537442,-1.1110922598647144,-1.1273098578223737,-1.1257653903991616,1.4478399026431488,1.2953377934008734,1.484008266734327,4
0.5787795455419492,1.8468081957489688,1.0411943773056413,0.2320398071122743,-0.8291849147944705,1.101106024852093,1.5053094627715524,-1.3141472395785079,1.525671242362888,2.5680209315522404,0.983635454111849,1.4531023081556513,1.0583728792214095,-0.06655141567135264,-0.5488843035650363,-0.6466286146285474,-0.6347278435789248,0.29670056286548085,1
-0.1611133265549419,-0.37300665532561433,0.29819579227003695,0.026942212727114594,0.5478072130614576,0.11689824236443462,-0.5987249100732707,0.5472443823280975,-0.6384602481627302,-0.15820843239027205,-0.8017255027326072,-0.6286704756015563,-1.0219361582584352,-0.994715052553496,-0.9334716947877866,0.45572323656708214,1.1344989903192235,1.3520851885266774,4
-0.6543752412862026,-1.482914080862906,-0.6924689877774355,-0.8227478211542613,-0.5996862268184825,-0.3752056488793945,-0.939919673237296,0.9195227067094185,-0.9991488299169998,-1.554569813921803,-0.8319858579333608,-0.8835814287146837,-1.408279265218978,-0.06655141567135264,-1.1257653903991616,-1.308039725345925,-0.31305023741562504,-0.4948379063804166,1
0.08551763081068849,0.5783425665634927,-0.07330350024776522,-0.8813471338357355,-0.5996862268184825,0.6090021336082638,-0.34282883770025163,0.29905883274055006,-0.2777716664084605,0.8391925544179643,-0.5293823059258258,-0.46404048504932816,0.22624926422947164,0.33123300013528023,0.027996783269089165,-0.3159230592698585,-1.1172442528238744,-0.6267609845880662,4
-0.1611133265549419,-1.0072394699183524,0.1743626947641029,0.31993877613448557,-0.2554381948545004,0.11689824236443462,-0.11536566225756806,-0.19731226643454464,-0.2777716664084605,-1.0226226209574103,-0.13599768831603032,-0.18257630765358324,-1.4379979657544042,-1.2599046630912514,-0.16429691234228597,0.45572323656708214,1.2953377934008734,1.0882390321113784,2
-0.9010061986518331,0.5783425665634927,0.1743626947641029,0.6129353395418566,0.3183085250854696,0.11689824236443462,0.1689633070457864,-0.445497816022092,0.08291691534580918,0.2407519623330225,0.19686621889225814,0.09888786974216165,0.9394980770797041,-0.7295254420157408,0.7971715657145897,-0.6466286146285474,0.4911437779926242,0.42862364107313045,1
-0.5310597626033875,-0.6901230626219833,-1.3116344753071059,-0.6469498831098387,-0.14068885086650643,-0.6212575945013091,-1.2242486425406505,1.4158938058845132,-0.9991488299169998,-0.5571688271135665,-1.2556308307439097,-1.0960072229756233,-0.6058743507624663,-1.5250942736290065,1.18175895693734,-0.9773341699872362,1.9386930057274727,1.6159313449419765,4
-2.01084550679717,-1.482914080862906,-1.43546757281304,-1.555239229672689,-0.5996862268184825,-0.6212575945013091,-1.3664131271923277,1.7881721302658342,-1.3598374116712695,-1.687556612162901,-1.4977136723499376,-1.2287733443887106,-1.675747570037815,0.7290174159419132,-0.7411779991764114,0.3454880514475192,-1.7605994651504737,-1.4182994538339635,1
-0.1611133265549419,-1.482914080862906,-1.1878013778011718,-0.11955606897657091,0.8920552450254396,-0.12915370325747996,-0.9967854670979669,1.0436154815031922,-0.9991488299169998,-0.889635822716312,-0.8925065683348677,-0.9207559427103481,-1.497435366825257,-0.7295254420157408,-0.9334716947877866,1.7785454580018374,0.651982581074274,1.0882390321113784,4
1.5653033750044707,1.3711335848044153,1.5365267673293777,1.7263222804898664,0.7773059010374457,0.8550540792301784,1.3347120811895397,-1.1900544647847342,1.525671242362888,1.371139747382357,0.983635454111849,1.3150255418860406,1.3852785851110994,-0.7295254420157408,1.18175895693734,1.3376047175235857,0.1694661718293245,1.0882390321113784,2
0.7020950242247644,1.5296917884525998,1.1031109260586083,0.5836356832011195,-0.48493688283048847,0.3629501879863492,1.4484436689108815,-1.3141472395785079,1.525671242362888,1.8365935412262007,1.0441561645133561,1.4796555324382688,0.9989354781505568,-0.19914622094023027,0.027996783269089165,0.45572323656708214,-0.15221143433397522,0.1647774846578313,1
0.33214858817631887,-0.21444845167742982,0.7316116335408062,0.9645312156307018,0.5478072130614576,0.11689824236443462,0.4817251732794763,-0.6936833656096394,0.44360549710007885,-0.3576886297519193,0.7718129677065746,0.39097333685095353,-0.07093774112479191,-0.06655141567135264,1.5663463481600903,-0.20568787415029555,0.1694661718293245,0.1647774846578313,2
-0.40774428392057227,-0.055890248029245304,-0.4448027927655674,0.056241869067851696,0.8920552450254396,-0.3752056488793945,-0.5987249100732707,0.42315160753432374,-0.6384602481627302,-0.3576886297519193,-0.6201633715280863,-0.5968066064624153,0.04793706101691351,-0.4643358314779855,0.9894652613259649,-1.308039725345925,0.9736601872375737,0.6924697974884296,3
1.8119343323701012,1.5296917884525998,0.7935281822937732,0.6422349958825937,-0.48493688283048847,-0.6212575945013091,1.988668710587255,-1.5623327891660552,1.8863598241171575,1.371139747382357,2.315091082945003,2.1487967843602283,1.9202151947487738,1.6571810528240565,0.2202904788804643,-0.42615824438942146,-0.7955666466605746,-1.5502225320416132,3
0.33214858817631887,-0.6901230626219833,0.545861987281905,0.8180329339270163,0.2035591810974756,0.3629501879863492,0.2258291009064573,-0.445497816022092,0.08291691534580918,-0.6236622262341157,0.19686621889225814,0.15199431830739654,-1.2299670620064198,-1.2599046630912514,-0.5488843035650363,-1.087569355106799,1.2953377934008734,1.0882390321113784,1
0.9487259815903948,1.3711335848044153,1.1031109260586083,0.6129353395418566,-0.37018753884249445,0.3629501879863492,1.4484436689108815,-1.3141472395785079,1.525671242362888,1.4376331465029062,1.0138958093126025,1.4637235978686982,0.761185873867146,-0.19914622094023027,1.18175895693734,-0.7568637997481102,0.008627368747674634,0.29670056286548085,1
0.20883310949350367,-0.6901230626219833,-0.8782186340363366,-0.47115194506541613,-0.5996862268184825,-0.3752056488793945,-0.8546209824462897,0.7954299319156448,-0.9991488299169998,-0.5571688271135665,-0.8622462131341142,-0.8251643352929253,-0.24924994433735004,-1.5250942736290065,0.7971715657145897,-0.5363934295089844,2.0995318088091226,1.7478544231496262,2
1.5653033750044707,1.6882499921007843,1.2888605723175095,1.8142212495120777,1.1215539330014277,0.6090021336082638,1.3631449781198752,-1.1900544647847342,1.525671242362888,1.5041265456234552,1.0744165197141096,1.341578766168658,1.177247681363115,-0.19914622094023027,2.3355211306055907,-0.20568787415029555,0.008627368747674634,0.032854406450181735,2
-1.0243216773346482,-0.5315648589737988,-1.1878013778011718,-1.3794412916282661,-0.8291849147944705,-0.6212575945013091,-0.6555907039339416,0.6713371571218711,-0.6384602481627302,-0.4241820288724684,-0.6201633715280863,-0.7083301484494086,-0.18981254326649732,1.9223706633618118,-1.1257653903991616,-1.087569355106799,-1.5997606620688238,-1.8140686884569124,3
2.0585652897357316,1.2125753811562308,1.5365267673293777,1.2282281226973357,-0.025939506878512427,0.6090021336082638,1.0219502149558497,-1.0659616899909605,0.8042940788543486,1.1716595500207097,0.802073322907328,0.9751442710685373,1.1475289808276885,-1.1273098578223737,2.720108521828341,-1.197804540226362,1.1344989903192235,1.2201621103190279,2
-1.5175835920659089,-0.8486812662701678,-0.6305524390244684,-0.8227478211542613,-0.48493688283048847,-0.12915370325747996,-0.5134262192822643,0.42315160753432374,-0.6384602481627302,-1.0891160200779593,-0.5293823059258258,-0.5861853167493684,-0.7247491529041717,0.33123300013528023,0.7971715657145897,-0.42615824438942146,-1.278083055905524,-1.1544532974186643,1
0.20883310949350367,-0.6901230626219833,-0.38288624401260035,0.2320398071122743,0.3183085250854696,-0.8673095401232237,0.1689633070457864,-0.5695905908158657,0.08291691534580918,-1.0226226209574103,0.4389490604982861,0.1732368977334905,-0.8733426555813034,0.19863819486640263,-1.3180590860105368,-0.9773341699872362,1.1344989903192235,0.29670056286548085,3
-1.0243216773346482,-1.165797673566537,-0.4448027927655674,-0.7641485084727871,-0.2554381948545004,-0.12915370325747996,-0.8261880855159542,0.7954299319156448,-0.9991488299169998,-1.2221028183190574,-0.7109444371303467,-0.8039217558668313,-1.170529660935567,-0.19914622094023027,-0.3565906079536611,-0.3159230592698585,0.008627368747674634,0.032854406450181735,4
-0.03779784787212671,0.41978436291530824,-0.01138695149479819,-0.2074550379987822,0.3183085250854696,0.3629501879863492,-0.42812752849125796,0.29905883274055006,-0.6384602481627302,0.2407519623330225,-0.4083408851228118,-0.506525643901516,0.2856866653003243,0.19863819486640263,-0.5488843035650363,0.1250176812083933,-0.6347278435789248,0.032854406450181735,4
-0.03779784787212671,-0.055890248029245304,0.360112341023004,1.2868274353788098,1.1215539330014277,-0.8673095401232237,0.4248593794188054,-0.6936833656096394,0.44360549710007885,-0.2911952306313702,0.4086887052975326,0.42814785084661794,0.13709316262319257,-0.19914622094023027,-0.5488843035650363,0.014782496088830355,0.9736601872375737,0.29670056286548085,3
0.33214858817631887,0.41978436291530824,0.6696950847878391,0.8473325902677534,0.2035591810974756,0.11689824236443462,0.28269489476712817,-0.5695905908158657,0.08291691534580918,0.3737387605741207,0.2876472844945186,0.22103270144220188,0.34512406637117704,-1.1273098578223737,2.527814826216966,-0.20568787415029555,1.6170153995641732,0.9563159539037287,1
1.688618853687286,0.5783425665634927,1.5984433160823446,1.023130528312176,-0.025939506878512427,0.6090021336082638,1.1641146996075271,-1.1900544647847342,1.1649826606086182,0.639712357056317,1.16519758531637,1.1291529719077185,1.1178102802922623,-0.19914622094023027,1.7586400437714653,-0.20568787415029555,0.1694661718293245,0.42862364107313045,2
1.07204146027321,1.2125753811562308,1.4126936698234436,0.0855415254085888,-0.7144355708064765,0.3629501879863492,1.1641146996075271,-1.0659616899909605,1.1649826606086182,1.2381529491412588,0.8928543885095885,1.102599747625101,1.3555598845756731,0.066043389597525,1.7586400437714653,1.2273695324040228,-0.31305023741562504,0.1647774846578313,2
0.45546406685913404,-1.165797673566537,-0.8163020852833696,0.4957367141789082,0.7773059010374457,-0.6212575945013091,-0.2006643530485744,-0.19731226643454464,-0.2777716664084605,-0.889635822716312,-0.04521662271376984,-0.20912953193620068,-1.4379979657544042,-0.19914622094023027,-0.7411779991764114,0.45572323656708214,1.777854202645823,0.9563159539037287,3
0.08551763081068849,-1.165797673566537,-1.0639682802952377,-1.262242666265318,-1.0586836027704585,-0.12915370325747996,-1.0820841578889733,1.4158938058845132,-0.9991488299169998,-0.6236622262341157,-0.9832876339371283,-1.0588327089799587,-1.1110922598647144,0.7290174159419132,0.7971715657145897,-0.5363934295089844,-0.7955666466605746,-1.6821456102492627,4
-0.6543752412862026,-0.055890248029245304,-0.38288624401260035,0.5543360268603824,0.3183085250854696,0.11689824236443462,-0.28596304383958077,0.05087328315300272,-0.2777716664084605,0.10776516409192433,-0.014956267513016343,-0.3312743636362409,-0.10065644166021827,-0.8621202472846184,-0.5488843035650363,-1.197804540226362,0.8128213841559239,0.6924697974884296,2
0.20883310949350367,-1.0072394699183524,-1.1878013778011718,-1.7017375113763744,-1.5176809787224346,-0.12915370325747996,-1.0536512609586377,1.4158938058845132,-0.9991488299169998,-0.5571688271135665,-0.9227669235356213,-1.0322794846973413,-1.1408109604001406,0.9942070264796684,0.027996783269089165,0.786428791925771,-0.9564054497422244,-1.5502225320416132,4
-1.7642145494315393,-0.21444845167742982,-0.9401351827893036,-1.4380406043097405,-0.9439342587824645,-0.12915370325747996,-0.5702920131429352,0.5472443823280975,-0.6384602481627302,-0.22470183151082113,-0.6201633715280863,-0.6339811204580797,0.3748427669066034,0.9942070264796684,-0.5488843035650363,0.3454880514475192,-1.438921858987174,-1.4182994538339635,3
-0.2844288052377571,-1.482914080862906,-0.3209696952596333,-0.11955606897657091,-0.48493688283048847,-0.12915370325747996,-0.5134262192822643,0.29905883274055006,-0.6384602481627302,-1.4215830156807048,-0.6504237267288397,-0.549010802753704,-1.5865914684315359,-1.6576890788978842,-0.5488843035650363,0.676193606806208,2.2603706118907727,2.011700579564925,2
-2.01084550679717,-1.165797673566537,-1.2497179265541387,-1.584538886013426,-1.1734329467584526,-0.6212575945013091,-0.8261880855159542,0.7954299319156448,-0.6384602481627302,-1.2885962174396066,-0.8622462131341142,-0.8145430455798783,-0.9327800566521561,0.5964226106730355,-0.9334716947877866,-0.9773341699872362,-1.278083055905524,-1.4182994538339635,2
-0.40774428392057227,-1.0072394699183524,-0.07330350024776522,-0.148855725317308,0.7773059010374457,0.3629501879863492,-0.7977551885856188,0.6713371571218711,-0.6384602481627302,-0.823142423595763,-0.8017255027326072,-0.7667472418711669,-0.57615565022704,-0.5969306367468632,1.18175895693734,-0.42615824438942146,0.3303049749109743,0.6924697974884296,4
0.8254105029075797,0.41978436291530824,1.4746102185764105,1.5505243424454438,0.7773059010374457,0.3629501879863492,1.0503831118861853,-1.0659616899909605,1.1649826606086182,0.30724536145357156,1.2559786509186306,1.0016974953511546,0.7909045744025723,-0.3317410262091079,-0.3565906079536611,2.7706621240779037,0.1694661718293245,0.8243928756960791,1
0.20883310949350367,-0.055890248029245304,1.1031109260586083,0.9352315592899647,0.5478072130614576,0.11689824236443462,0.5954567610008181,-0.8177761404034131,0.44360549710007885,-0.4241820288724684,0.8323336781080816,0.5290501031205642,0.5234362695837351,0.066043389597525,-0.7411779991764114,0.676193606806208,0.008627368747674634,0.1647774846578313,2
-1.2709526347002786,-0.37300665532561433,-0.8163020852833696,-1.350141635287529,-0.8291849147944705,-0.12915370325747996,-0.5702920131429352,0.5472443823280975,-0.6384602481627302,-0.22470183151082113,-0.5293823059258258,-0.6392917653146033,-0.041219040589365555,1.126801831748546,-1.1257653903991616,-0.09545268903073259,-1.278083055905524,-1.5502225320416132,3
0.08551763081068849,0.2612261592671237,-0.13522004900073226,0.2027401507715372,-0.2554381948545004,-0.3752056488793945,-0.08693276532723261,-0.19731226643454464,-0.2777716664084605,0.1742585632124734,0.16660586369150462,-0.1454017936579188,0.22624926422947164,-0.7295254420157408,-0.5488843035650363,-0.9773341699872362,0.3303049749109743,0.29670056286548085,2
-1.0243216773346482,-0.055890248029245304,-0.7543855365304025,-0.4125526323839419,0.5478072130614576,-0.3752056488793945,-0.7124564977946124,0.5472443823280975,-0.6384602481627302,-0.3576886297519193,-0.7109444371303467,-0.6923982138798381,-0.041219040589365555,-0.06655141567135264,-0.3565906079536611,-0.7568637997481102,0.008627368747674634,0.032854406450181735,3
-0.7776907199690178,-0.21444845167742982,0.11244614601113587,-0.8813471338357355,-0.5996862268184825,0.6090021336082638,-0.3996946315609225,0.29905883274055006,-0.2777716664084605,0.3737387605741207,-0.4386012403235653,-0.4746617747623751,-0.07093774112479191,0.4638278054041579,-0.3565906079536611,0.3454880514475192,-0.7955666466605746,-0.09906867175746784,4
-0.1611133265549419,-0.5315648589737988,-1.1878013778011718,-1.350141635287529,-1.1734329467584526,-0.3752056488793945,-1.0252183640283024,1.2918010310907395,-0.9991488299169998,-0.3576886297519193,-0.8017255027326072,-1.0110369052712473,-0.665311751833319,0.7290174159419132,1.7586400437714653,-0.09545268903073259,-0.6347278435789248,-1.4182994538339635,4
-1.1476371560174634,-0.37300665532561433,-1.1878013778011718,-1.2036433535838436,-0.5996862268184825,-0.12915370325747996,-0.5987249100732707,0.6713371571218711,-0.6384602481627302,-0.3576886297519193,-0.6806840819295933,-0.6817769241667911,-0.1303751421956446,1.2593966370174237,0.41258417449183943,0.1250176812083933,-1.438921858987174,-1.5502225320416132,3
2.1818807684185466,0.7369007702116772,1.6603598648353115,0.4957367141789082,-0.5996862268184825,0.6090021336082638,1.2209804934681978,-1.1900544647847342,1.1649826606086182,0.639712357056317,1.2559786509186306,1.1875700653294767,0.761185873867146,-0.19914622094023027,2.1432274349942158,1.5580750877627116,0.3303049749109743,0.8243928756960791,2
-1.0243216773346482,-0.37300665532561433,-0.8163020852833696,-1.262242666265318,-0.5996862268184825,-0.6212575945013091,-0.6555907039339416,0.6713371571218711,-0.6384602481627302,-0.2911952306313702,-0.7412047923311003,-0.7189514381624555,-0.18981254326649732,1.7897758580929342,-0.16429691234228597,-0.42615824438942146,-1.5997606620688238,-1.8140686884569124,3
1.07204146027321,1.8468081957489688,1.3507771210704764,1.5212246861047067,0.8920552450254396,0.6090021336082638,1.3347120811895397,-1.3141472395785079,1.1649826606086182,1.5706199447440043,1.0744165197141096,1.3468894110251814,2.1579647990321846,0.066043389597525,0.6048778701032146,-1.197804540226362,-0.31305023741562504,-0.09906867175746784,1
1.8119343323701012,1.3711335848044153,1.2269440235645424,1.4919250297639697,0.5478072130614576,0.6090021336082638,1.2209804934681978,-1.1900544647847342,1.1649826606086182,1.1716595500207097,1.16519758531637,1.1928807101860004,1.0286541786859833,-0.3317410262091079,-1.1257653903991616,1.11713434728446,-0.15221143433397522,0.6924697974884296,2
-1.0243216773346482,-0.37300665532561433,-0.8782186340363366,-1.350141635287529,-0.8291849147944705,-0.6212575945013091,-0.5987249100732707,0.6713371571218711,-0.6384602481627302,-0.3576886297519193,-0.49912195072507226,-0.6764662793102677,-0.011500340053939203,1.9223706633618118,-0.7411779991764114,-0.6466286146285474,-1.438921858987174,-1.8140686884569124,3
0.5787795455419492,-1.165797673566537,-0.5686358902715014,0.437137401497434,0.5478072130614576,-0.6212575945013091,-0.2006643530485744,-0.19731226643454464,-0.2777716664084605,-1.2221028183190574,0.07582479808924415,-0.20381888707967719,-1.2002483614709933,-0.19914622094023027,-0.9334716947877866,1.0068991621648968,1.777854202645823,0.8243928756960791,3
-0.6543752412862026,-1.165797673566537,-0.07330350024776522,-0.3832529760432048,-0.2554381948545004,-0.12915370325747996,-0.5134262192822643,0.29905883274055006,-0.6384602481627302,-1.3550896165601556,-0.34782017472130483,-0.538389513040657,-1.2002483614709933,-0.3317410262091079,-1.1257653903991616,-1.308039725345925,-0.31305023741562504,-0.4948379063804166,2
-0.6543752412862026,0.10266795561893921,-0.3209696952596333,-0.5590509140876274,0.2035591810974756,0.6090021336082638,-0.31439594076991617,0.29905883274055006,-0.2777716664084605,0.7062057561768661,-0.6201633715280863,-0.45341919533628117,-0.041219040589365555,0.066043389597525,-0.3565906079536611,-0.42615824438942146,-0.6347278435789248,-0.2309917499651174,4
-1.0243216773346482,0.10266795561893921,-0.8163020852833696,-0.5883505704283645,0.4330578690734636,-0.12915370325747996,-0.6271578070036061,0.5472443823280975,-0.6384602481627302,-0.22470183151082113,-0.6201633715280863,-0.6446024101711267,0.22624926422947164,0.5964226106730355,-0.16429691234228597,-0.7568637997481102,-0.9564054497422244,-1.0225302192110148,3
0.45546406685913404,-1.0072394699183524,-0.13522004900073226,0.6422349958825937,0.3183085250854696,0.11689824236443462,-0.14379855918790352,-0.07321949164077096,-0.2777716664084605,-0.7566490244752139,-0.19651839871753732,-0.1985082422231537,-1.3785605646835515,-1.392499468360129,0.2202904788804643,0.676193606806208,1.2953377934008734,1.2201621103190279,2
-0.6543752412862026,0.41978436291530824,0.11244614601113587,0.5836356832011195,0.3183085250854696,-0.12915370325747996,-0.05849986839689717,-0.19731226643454464,-0.2777716664084605,0.2407519623330225,-0.07547697791452333,-0.13478050394487184,0.3748427669066034,-1.1273098578223737,1.7586400437714653,-0.8670989848676732,0.9736601872375737,0.6924697974884296,2
0.33214858817631887,-1.3243558772147215,-0.4448027927655674,-0.002357443613622506,-0.14068885086650643,-0.12915370325747996,-0.28596304383958077,0.05087328315300272,-0.2777716664084605,-1.2221028183190574,-0.04521662271376984,-0.3259637187797174,-1.2299670620064198,-0.06655141567135264,-1.3180590860105368,-1.418274910465488,-0.15221143433397522,-0.4948379063804166,1
-1.5175835920659089,-1.3243558772147215,-1.4973841215660069,-1.027845415539421,0.2035591810974756,-0.3752056488793945,-1.0252183640283024,1.2918010310907395,-0.9991488299169998,-1.4215830156807048,-1.1951101203424026,-1.0004156155582005,-1.0219361582584352,1.2593966370174237,0.7971715657145897,1.2273695324040228,-1.5997606620688238,-1.4182994538339635,2
1.07204146027321,0.5783425665634927,1.4746102185764105,0.2906391197937485,-0.8291849147944705,0.8550540792301784,1.0503831118861853,-1.0659616899909605,1.1649826606086182,0.639712357056317,0.7112922573050676,1.0176294299207251,0.16681186315861893,-0.8621202472846184,-1.1257653903991616,-0.09545268903073259,0.3303049749109743,0.56054671928078,1
0.08551763081068849,-0.37300665532561433,-0.01138695149479819,0.8473325902677534,0.8920552450254396,-0.6212575945013091,0.1689633070457864,-0.5695905908158657,0.08291691534580918,-0.6901556253546648,-0.04521662271376984,0.167926252876967,-0.4275621475499082,-0.5969306367468632,-0.16429691234228597,-0.9773341699872362,1.1344989903192235,0.29670056286548085,3
-0.1611133265549419,-0.055890248029245304,-0.01138695149479819,-0.7934481648135242,-0.5996862268184825,0.3629501879863492,-0.3996946315609225,0.29905883274055006,-0.2777716664084605,0.3737387605741207,-0.3175598195205513,-0.4693511299058516,0.3154053658357507,0.33123300013528023,-1.1257653903991616,0.896663977045334,-0.7955666466605746,0.1647774846578313,4
-1.1476371560174634,-1.9585886918074593,-2.0546330603427103,-1.906835105761534,-0.9439342587824645,-1.1133614857451382,-1.5938763026350113,2.284543229440929,-1.3598374116712695,-2.086517006886196,-1.6490154483537052,-1.3774714003713682,-1.497435366825257,1.3919914422863013,-1.1257653903991616,1.8887806431214003,-1.5997606620688238,-1.4182994538339635,2
0.20883310949350367,0.7369007702116772,0.6696950847878391,1.3454267480602842,0.6625565570494516,0.11689824236443462,0.4532922763491409,-0.6936833656096394,0.44360549710007885,0.5732189579357679,0.7112922573050676,0.38566269199443004,1.0880915797568358,-0.7295254420157408,0.2202904788804643,-0.7568637997481102,0.651982581074274,0.6924697974884296,2
-0.1611133265549419,-0.5315648589737988,-0.8163020852833696,-1.1157443845616324,-0.5996862268184825,-0.3752056488793945,-1.2526815394709858,1.5399865806782869,-0.9991488299169998,-0.2911952306313702,-1.0438083443386352,-1.127871092114764,-0.7544678534395981,0.19863819486640263,-0.3565906079536611,-0.9773341699872362,0.008627368747674634,-0.7586840627957157,4
-0.6543752412862026,-1.482914080862906,-1.9927165115897432,-1.7603368240578485,-1.0586836027704585,-0.6212575945013091,-1.5085776118440049,2.036357679853382,-1.3598374116712695,-1.3550896165601556,-1.6187550931529517,-1.3084330172365628,-1.5568727678961096,0.9942070264796684,-0.9334716947877866,0.1250176812083933,-1.278083055905524,-1.4182994538339635,4
1.1953569389560252,1.2125753811562308,1.1031109260586083,0.8766322466084905,0.4330578690734636,0.6090021336082638,1.1925475965378625,-1.1900544647847342,1.1649826606086182,1.2381529491412588,0.7718129677065746,1.1397742616207653,1.2961224835048204,-0.06655141567135264,0.9894652613259649,-0.09545268903073259,-0.31305023741562504,0.29670056286548085,2
0.20883310949350367,-1.0072394699183524,-1.559300670318974,-1.5259395733319516,-1.1734329467584526,-0.6212575945013091,-1.0820841578889733,1.4158938058845132,-0.9991488299169998,-0.6901556253546648,-1.1043290547401423,-1.0482114192669119,-0.8139052545104508,1.7897758580929342,-0.16429691234228597,-1.418274910465488,-1.278083055905524,-1.8140686884569124,4
-0.1611133265549419,-0.055890248029245304,-0.13522004900073226,0.2320398071122743,0.3183085250854696,-0.3752056488793945,-0.31439594076991617,0.05087328315300272,-0.2777716664084605,-0.15820843239027205,-0.3175598195205513,-0.3684488776319053,0.3154053658357507,-0.3317410262091079,0.7971715657145897,-0.20568787415029555,0.4911437779926242,0.42862364107313045,2
0.8254105029075797,1.5296917884525998,1.1031109260586083,0.4078377451566969,-0.48493688283048847,1.101106024852093,1.5337423597018878,-1.3141472395785079,1.525671242362888,1.8365935412262007,1.0441561645133561,1.5327619810035036,0.7909045744025723,-0.19914622094023027,-0.3565906079536611,-0.3159230592698585,-0.4738890404972749,0.29670056286548085,1
-1.1476371560174634,-0.37300665532561433,-1.0639682802952377,-1.4380406043097405,-0.8291849147944705,-0.8673095401232237,-0.6555907039339416,0.6713371571218711,-0.6384602481627302,-0.2911952306313702,-0.6806840819295933,-0.7030195035928851,-0.10065644166021827,1.9223706633618118,0.2202904788804643,-1.197804540226362,-1.5997606620688238,-1.9459917666645619,3
-0.7776907199690178,-0.8486812662701678,-1.745050316577875,-1.613838542354163,-0.9439342587824645,-0.3752056488793945,-1.1105170548193086,1.5399865806782869,-0.9991488299169998,-0.6901556253546648,-1.4674533171491841,-1.0800752884060527,-0.57615565022704,1.9223706633618118,-1.3180590860105368,-0.6466286146285474,-2.0822770713137735,-1.6821456102492627,4
-0.9010061986518331,-0.055890248029245304,-1.0639682802952377,-0.8813471338357355,-0.37018753884249445,-0.12915370325747996,-0.8830538793766252,0.7954299319156448,-0.9991488299169998,-0.09171503326972295,-0.6806840819295933,-0.8410962698624959,-0.07093774112479191,0.066043389597525,-0.7411779991764114,-0.09545268903073259,-0.15221143433397522,0.032854406450181735,4
1.9352498110529164,1.3711335848044153,1.1650274748115754,0.9352315592899647,0.3183085250854696,0.6090021336082638,1.1925475965378625,-1.1900544647847342,1.1649826606086182,1.4376331465029062,0.9533750989110955,1.1503955513338124,1.2961224835048204,0.066043389597525,1.9509337393828405,0.3454880514475192,-0.15221143433397522,0.29670056286548085,2
-0.9010061986518331,-0.21444845167742982,-0.8163020852833696,0.2906391197937485,1.5805513089534038,-0.6212575945013091,-0.7124564977946124,0.5472443823280975,-0.6384602481627302,-0.5571688271135665,-0.7109444371303467,-0.6711556344537442,0.01821836048148715,-0.4643358314779855,-0.16429691234228597,-1.308039725345925,0.8128213841559239,0.6924697974884296,3
-1.8875300281143546,0.2612261592671237,-0.5686358902715014,-0.8227478211542613,-0.025939506878512427,-0.3752056488793945,-0.5134262192822643,0.29905883274055006,-0.6384602481627302,-0.025221634149173857,-0.4688615955243188,-0.549010802753704,0.6423110717254406,0.5964226106730355,-0.16429691234228597,-0.3159230592698585,-0.9564054497422244,-0.8906071410033652,3
-0.1611133265549419,-0.5315648589737988,0.29819579227003695,0.5543360268603824,0.08880983710948158,0.3629501879863492,0.3395606886277991,-0.5695905908158657,0.08291691534580918,-0.5571688271135665,0.5297301261005466,0.27413915000743677,-0.2789686448727764,-0.3317410262091079,-0.7411779991764114,-0.09545268903073259,0.008627368747674634,0.1647774846578313,1
0.45546406685913404,2.005366399397153,1.1031109260586083,1.1403291536751243,0.4330578690734636,0.8550540792301784,1.5621752566322233,-1.3141472395785079,1.525671242362888,2.169060536828946,1.0441561645133561,1.5699364949991679,1.1475289808276885,-0.19914622094023027,-0.16429691234228597,-1.308039725345925,-0.6347278435789248,0.032854406450181735,1
-1.5175835920659089,-0.055890248029245304,-0.9401351827893036,-0.8813471338357355,0.3183085250854696,-0.6212575945013091,-0.6840236008642769,0.6713371571218711,-0.6384602481627302,-0.4241820288724684,-0.6504237267288397,-0.7030195035928851,0.19653056369404528,0.9942070264796684,-1.3180590860105368,-1.308039725345925,-1.278083055905524,-1.5502225320416132,3
-0.1611133265549419,-0.5315648589737988,0.9173612797997073,0.6715346522233308,0.2035591810974756,0.11689824236443462,0.39642648248846996,-0.5695905908158657,0.44360549710007885,-0.7566490244752139,0.4692094156990396,0.29538172943353075,-0.1303751421956446,-0.3317410262091079,0.6048778701032146,0.896663977045334,0.008627368747674634,0.1647774846578313,2
-0.1611133265549419,-1.0072394699183524,0.23627924351706991,0.4078377451566969,0.3183085250854696,-0.12915370325747996,-0.05849986839689717,-0.07321949164077096,-0.2777716664084605,-1.0226226209574103,0.2876472844945186,-0.1613337282274893,-0.8436239550458771,-0.06655141567135264,0.027996783269089165,1.3376047175235857,-0.15221143433397522,-0.09906867175746784,2
-0.03779784787212671,0.7369007702116772,0.050529597258168836,-0.9106467901764727,-0.48493688283048847,0.3629501879863492,-0.42812752849125796,0.42315160753432374,-0.2777716664084605,1.371139747382357,-0.5899030163273328,-0.538389513040657,0.2856866653003243,0.5964226106730355,-0.3565906079536611,-0.7568637997481102,-1.1172442528238744,-0.6267609845880662,4
-1.2709526347002786,-1.3243558772147215,-1.868883414083809,-1.4087409479690034,-0.2554381948545004,-0.8673095401232237,-1.3664131271923277,1.7881721302658342,-1.3598374116712695,-1.621063213042352,-1.4977136723499376,-1.2287733443887106,-1.3191231636126988,1.2593966370174237,0.027996783269089165,-1.308039725345925,-1.5997606620688238,-1.6821456102492627,4
0.8254105029075797,1.0540171775080462,1.1031109260586083,0.8180329339270163,0.08880983710948158,0.11689824236443462,0.4817251732794763,-0.6936833656096394,0.44360549710007885,0.8391925544179643,0.5297301261005466,0.39628398170747703,0.761185873867146,-0.7295254420157408,1.3740526525487151,0.23525286632795625,0.651982581074274,0.8243928756960791,2
-0.6543752412862026,-0.21444845167742982,-0.4448027927655674,-1.291542322606055,-0.8291849147944705,0.3629501879863492,-0.42812752849125796,0.42315160753432374,-0.2777716664084605,0.10776516409192433,-0.8319858579333608,-0.5330788681841335,-0.041219040589365555,0.4638278054041579,0.9894652613259649,-0.09545268903073259,-0.7955666466605746,-0.362914828172767,4
1.07204146027321,0.10266795561893921,1.4126936698234436,1.1696288100158616,0.5478072130614576,0.3629501879863492,0.908218627234508,-0.9418689151971867,0.8042940788543486,-0.025221634149173857,0.802073322907328,0.8476887945119735,0.9692167776151305,-0.3317410262091079,0.41258417449183943,-0.3159230592698585,0.3303049749109743,0.42862364107313045,2
1.8119343323701012,1.3711335848044153,1.5984433160823446,1.6384233114676552,0.7773059010374457,0.6090021336082638,1.2209804934681978,-1.1900544647847342,1.1649826606086182,1.304646348261808,1.0744165197141096,1.1822594204729533,1.0286541786859833,-0.5969306367468632,0.7971715657145897,2.109251013360526,0.008627368747674634,0.8243928756960791,2
-1.1476371560174634,-1.3243558772147215,-0.9401351827893036,-0.7055491957913129,-0.14068885086650643,-0.6212575945013091,-1.1673828486799795,1.2918010310907395,-0.9991488299169998,-1.2885962174396066,-1.2253704755431563,-1.0588327089799587,-1.675747570037815,-0.994715052553496,-0.7411779991764114,0.1250176812083933,0.9736601872375737,0.9563159539037287,4
-0.6543752412862026,-1.165797673566537,-0.38288624401260035,-0.23675469433951932,0.08880983710948158,-0.3752056488793945,-0.6271578070036061,0.5472443823280975,-0.6384602481627302,-1.3550896165601556,-0.49912195072507226,-0.6658449895972207,-0.7247491529041717,-0.19914622094023027,-0.16429691234228597,0.896663977045334,-0.15221143433397522,-0.362914828172767,2
-0.9010061986518331,-1.3243558772147215,-1.930799962836776,-1.555239229672689,-0.8291849147944705,-0.6212575945013091,-1.5938763026350113,2.1604504546471555,-1.3598374116712695,-1.554569813921803,-1.6792758035544586,-1.3615394658017976,-0.9922174577230088,0.19863819486640263,0.7971715657145897,1.0068991621648968,-0.4738890404972749,-0.7586840627957157,4
-0.6543752412862026,0.7369007702116772,-0.01138695149479819,0.7594336212455421,0.4330578690734636,-0.6212575945013091,0.19739620397612184,-0.445497816022092,0.08291691534580918,0.4402321596946698,0.4994697708997931,0.15199431830739654,0.9692167776151305,-0.19914622094023027,-1.1257653903991616,-0.7568637997481102,0.008627368747674634,-0.2309917499651174,1
-1.0243216773346482,-1.0072394699183524,0.050529597258168836,-0.5883505704283645,-0.48493688283048847,-0.12915370325747996,-0.42812752849125796,0.29905883274055006,-0.2777716664084605,-1.0891160200779593,-0.16625804351678383,-0.5012149990449926,-0.6058743507624663,0.19863819486640263,-1.3180590860105368,1.11713434728446,-0.9564054497422244,-0.7586840627957157,1
-1.7642145494315393,-1.3243558772147215,-1.621217219071941,-1.555239229672689,-0.7144355708064765,-0.6212575945013091,-1.3095473333316567,1.6640793554720605,-0.9991488299169998,-1.621063213042352,-1.4674533171491841,-1.1862881855365226,-1.3488418641481252,1.126801831748546,0.2202904788804643,-0.8670989848676732,-1.7605994651504737,-1.5502225320416132,1
-1.5175835920659089,-0.21444845167742982,-0.6924689877774355,-0.9692461028579468,-0.025939506878512427,-0.3752056488793945,-0.6840236008642769,0.6713371571218711,-0.6384602481627302,-0.4241820288724684,-0.5293823059258258,-0.7189514381624555,0.16681186315861893,1.126801831748546,-0.16429691234228597,0.45572323656708214,-1.278083055905524,-1.4182994538339635,3
-1.3942681133830939,-0.21444845167742982,-0.9401351827893036,-0.73484885213205,-0.025939506878512427,-0.12915370325747996,-0.6840236008642769,0.5472443823280975,-0.6384602481627302,-0.4241820288724684,-0.6201633715280863,-0.6764662793102677,0.07765576155233986,0.19863819486640263,-1.1257653903991616,-1.308039725345925,-0.6347278435789248,-0.6267609845880662,3
-0.6543752412862026,-0.6901230626219833,0.050529597258168836,-0.8227478211542613,-0.37018753884249445,0.11689824236443462,-0.6271578070036061,0.5472443823280975,-0.6384602481627302,-0.2911952306313702,-0.5596426611265792,-0.6499130550276502,-0.45728084808533453,-0.06655141567135264,-0.5488843035650363,0.5659584216866451,-0.15221143433397522,0.56054671928078,4
-1.1476371560174634,-0.055890248029245304,-0.19713659775369927,-0.441852288724679,0.3183085250854696,0.11689824236443462,-0.6840236008642769,0.5472443823280975,-0.6384602481627302,-0.09171503326972295,-0.6504237267288397,-0.6817769241667911,-0.10065644166021827,-0.19914622094023027,-1.1257653903991616,-0.9773341699872362,-0.15221143433397522,0.42862364107313045,4
-1.7642145494315393,-1.482914080862906,-0.8782186340363366,-1.2329430099245806,-0.5996862268184825,-0.3752056488793945,-1.2242486425406505,1.5399865806782869,-0.9991488299169998,-1.687556612162901,-1.3161515411454168,-1.127871092114764,-1.3191231636126988,-0.3317410262091079,-0.9334716947877866,0.896663977045334,-0.9564054497422244,-0.6267609845880662,1
0.20883310949350367,-0.8486812662701678,-0.3209696952596333,0.026942212727114594,-0.37018753884249445,-0.3752056488793945,0.08366461625478006,-0.3214050412283183,0.08291691534580918,-0.6901556253546648,0.19686621889225814,0.01391755203778584,-0.5167182491561872,-0.5969306367468632,-0.7411779991764114,1.7785454580018374,0.3303049749109743,0.56054671928078,2
-0.9010061986518331,-0.5315648589737988,-1.1878013778011718,-0.5590509140876274,0.3183085250854696,0.3629501879863492,-1.0820841578889733,1.1677082562969658,-0.9991488299169998,-0.5571688271135665,-1.0135479891378818,-0.995104970701677,-0.5464369496916136,-0.7295254420157408,0.027996783269089165,-1.418274910465488,0.651982581074274,0.6924697974884296,4
2.0585652897357316,1.3711335848044153,1.2269440235645424,0.056241869067851696,-1.2881822907464466,0.6090021336082638,1.420010771980546,-1.3141472395785079,1.525671242362888,1.5041265456234552,1.104676874914863,1.4584129530121748,0.7017484727962933,-0.4643358314779855,1.5663463481600903,-0.7568637997481102,0.1694661718293245,0.29670056286548085,1
-1.5175835920659089,-1.482914080862906,-1.806966865330842,-1.5259395733319516,-0.9439342587824645,-0.3752056488793945,-1.3095473333316567,1.6640793554720605,-0.9991488299169998,-1.554569813921803,-1.3464118963461702,-1.1862881855365226,-1.4677166662898307,0.7290174159419132,-1.1257653903991616,-0.8670989848676732,-1.438921858987174,-1.5502225320416132,2
1.688618853687286,1.0540171775080462,1.5984433160823446,0.3785380888159598,-0.7144355708064765,0.8550540792301784,1.2778462873288687,-1.1900544647847342,1.1649826606086182,1.4376331465029062,1.16519758531637,1.2459871587512352,1.0880915797568358,-0.06655141567135264,0.6048778701032146,1.6683102728822745,0.008627368747674634,0.6924697974884296,2
0.8254105029075797,0.8954589738598617,1.7841929623412456,0.9352315592899647,-0.2554381948545004,0.6090021336082638,1.2209804934681978,-1.0659616899909605,1.1649826606086182,0.8391925544179643,0.983635454111849,1.1397742616207653,0.4937175690483088,-0.994715052553496,-1.3180590860105368,2.550191753838778,0.1694661718293245,1.3520851885266774,2
-0.6543752412862026,-0.37300665532561433,-0.38288624401260035,-0.6469498831098387,-0.8291849147944705,-0.12915370325747996,-0.7693222916552833,0.6713371571218711,-0.6384602481627302,-0.22470183151082113,-0.8319858579333608,-0.7667472418711669,-0.10065644166021827,-1.1273098578223737,1.18175895693734,-0.8670989848676732,0.8128213841559239,0.6924697974884296,2
-1.0243216773346482,-0.6901230626219833,-1.0639682802952377,-1.1743436972431065,-0.7144355708064765,-0.3752056488793945,-1.0252183640283024,1.1677082562969658,-0.9991488299169998,-0.889635822716312,-1.1043290547401423,-0.9897943258451535,-0.36812474647905546,0.19863819486640263,-0.7411779991764114,-0.9773341699872362,-1.438921858987174,-1.1544532974186643,1
-1.640899070748724,0.10266795561893921,-0.7543855365304025,-1.1450440409023694,-0.5996862268184825,-0.3752056488793945,-0.5134262192822643,0.42315160753432374,-0.6384602481627302,-0.025221634149173857,-0.5596426611265792,-0.5861853167493684,0.40456146744202975,1.126801831748546,-0.7411779991764114,0.1250176812083933,-1.438921858987174,-1.286376375626314,3
0.8254105029075797,1.3711335848044153,1.4126936698234436,0.5543360268603824,-0.48493688283048847,-0.3752056488793945,1.8465042259355777,-1.5623327891660552,1.8863598241171575,0.9721793526590625,1.9822271757367145,2.0213413078036644,2.2471209006384636,1.126801831748546,-0.16429691234228597,0.1250176812083933,-0.6347278435789248,-1.4182994538339635,3
-0.5310597626033875,-1.800030488159275,-1.0639682802952377,-0.9692461028579468,-0.7144355708064765,-0.6212575945013091,-1.3664131271923277,1.6640793554720605,-1.3598374116712695,-2.086517006886196,-1.2858911859446631,-1.21284140981914,-1.764903671644094,-0.994715052553496,-0.3565906079536611,1.4478399026431488,1.1344989903192235,0.8243928756960791,2
1.3186724176388405,0.7369007702116772,0.6077785360348721,0.1148411817493259,-0.8291849147944705,-1.1133614857451382,1.4484436689108815,-1.3141472395785079,1.525671242362888,0.639712357056317,1.9217064653352074,1.5008981118643627,0.850341975473425,1.3919914422863013,-0.5488843035650363,-0.09545268903073259,-0.4738890404972749,-1.5502225320416132,3
1.4419878963216555,1.2125753811562308,0.9173612797997073,0.2027401507715372,-0.8291849147944705,0.3629501879863492,1.2778462873288687,-1.1900544647847342,1.1649826606086182,1.4376331465029062,1.346759716520891,1.2672297381773292,1.2069663818985412,0.19863819486640263,-1.1257653903991616,-0.42615824438942146,-0.31305023741562504,0.1647774846578313,2
-0.40774428392057227,-0.8486812662701678,-0.4448027927655674,0.056241869067851696,0.6625565570494516,-0.3752056488793945,-0.6271578070036061,0.42315160753432374,-0.6384602481627302,-0.9561292218368611,-0.6504237267288397,-0.6392917653146033,-0.9922174577230088,-0.5969306367468632,-0.5488843035650363,0.45572323656708214,0.4911437779926242,0.56054671928078,3
1.07204146027321,1.5296917884525998,1.0411943773056413,0.730133964904805,0.08880983710948158,0.6090021336082638,1.1641146996075271,-1.1900544647847342,1.1649826606086182,1.7036067429851025,0.802073322907328,1.134463616764242,1.2366850824339677,0.066043389597525,0.6048778701032146,0.1250176812083933,-0.31305023741562504,-0.2309917499651174,1
-0.2844288052377571,-1.3243558772147215,-0.5067193415185344,0.6422349958825937,1.1215539330014277,-0.6212575945013091,-0.28596304383958077,-0.07321949164077096,-0.2777716664084605,-1.4215830156807048,-0.3175598195205513,-0.3153424290666704,-1.259685762541846,-0.4643358314779855,-1.1257653903991616,0.1250176812083933,0.9736601872375737,0.8243928756960791,3
1.3186724176388405,1.2125753811562308,1.5365267673293777,1.0817298409936502,0.2035591810974756,0.8550540792301784,1.4484436689108815,-1.1900544647847342,1.525671242362888,1.2381529491412588,1.0744165197141096,1.3787532801643223,0.7017484727962933,-0.19914622094023027,1.5663463481600903,2.439956568719215,0.008627368747674634,0.9563159539037287,2
-0.40774428392057227,-0.6901230626219833,0.050529597258168836,-0.8227478211542613,-0.48493688283048847,0.11689824236443462,-0.6271578070036061,0.5472443823280975,-0.6384602481627302,-0.4241820288724684,-0.6201633715280863,-0.6499130550276502,-0.57615565022704,-0.06655141567135264,0.41258417449183943,0.1250176812083933,0.008627368747674634,0.42862364107313045,4
-0.40774428392057227,-0.37300665532561433,-0.6924689877774355,-0.7934481648135242,-0.5996862268184825,-0.3752056488793945,-0.6271578070036061,0.5472443823280975,-0.6384602481627302,-0.6236622262341157,-0.6806840819295933,-0.6658449895972207,-0.36812474647905546,-0.06655141567135264,1.18175895693734,1.11713434728446,-0.4738890404972749,-0.6267609845880662,2
1.1953569389560252,1.0540171775080462,1.6603598648353115,0.0855415254085888,-0.9439342587824645,0.3629501879863492,1.3631449781198752,-1.3141472395785079,1.525671242362888,1.1051661509001607,1.346759716520891,1.3734426353077989,1.2069663818985412,0.19863819486640263,0.6048778701032146,1.6683102728822745,-0.15221143433397522,0.29670056286548085,1
0.5787795455419492,1.5296917884525998,1.1031109260586083,1.0817298409936502,0.08880983710948158,1.101106024852093,1.4484436689108815,-1.3141472395785079,1.525671242362888,2.036073738587848,1.0441561645133561,1.4318597287295574,1.0583728792214095,-0.19914622094023027,-0.9334716947877866,-1.087569355106799,-0.4738890404972749,0.032854406450181735,1
0.33214858817631887,-1.3243558772147215,-0.3209696952596333,0.3492384324752227,0.08880983710948158,-0.12915370325747996,-0.28596304383958077,0.05087328315300272,-0.2777716664084605,-1.2221028183190574,-0.2570391091190443,-0.3365850084927644,-1.7946223721795205,-1.392499468360129,-0.9334716947877866,1.6683102728822745,2.2603706118907727,2.011700579564925,1
