work_year,target,employment_type,job_title,salary,salary_currency,salary_in_usd,employee_residence,remote_ratio,company_location,company_size
-0.4023677983155109,4,2,19,-0.20783928421811407,10,76,30,-1.157516881155786,27,0
0.9340681032326422,4,2,13,-0.0937235794219209,10,187,30,0.937842144586075,27,0
0.9340681032326422,4,2,16,-0.1507814318200175,10,134,30,0.937842144586075,27,1
0.9340681032326422,4,2,41,0.02229405378754213,10,251,30,-1.157516881155786,27,0
-0.4023677983155109,4,2,16,-0.1266903385852656,10,155,30,0.937842144586075,27,1
-0.4023677983155109,4,2,16,-0.1831776124593812,10,99,30,0.937842144586075,27,1
0.9340681032326422,4,2,16,-0.11274286355461977,10,173,30,0.937842144586075,27,1
0.9340681032326422,3,2,41,0.04663873747739667,10,254,30,0.937842144586075,27,1
-0.4023677983155109,4,2,17,-0.17071364159108587,10,113,30,0.937842144586075,27,1
0.9340681032326422,4,2,30,-0.08991972259538114,10,190,30,0.937842144586075,27,1
-0.4023677983155109,4,2,30,-0.11451799674033833,10,170,30,0.937842144586075,27,1
0.9340681032326422,4,2,46,-0.08738381804435462,10,192,30,-1.157516881155786,27,1
-1.738803699863664,3,2,19,-0.17233662050374285,9,4,29,-1.157516881155786,26,1
-0.4023677983155109,3,2,30,-0.10640310217705348,10,178,30,0.937842144586075,27,1
-0.4023677983155109,1,2,41,-0.2940600389530155,10,3,0,0.937842144586075,0,0
-0.4023677983155109,1,2,30,1.9730386296646885,6,12,13,-0.10983736828485563,13,1
-0.4023677983155109,1,2,15,-0.11908262493218605,10,163,1,0.937842144586075,2,2
-0.4023677983155109,3,2,43,-0.11527876810564627,10,169,30,-0.10983736828485563,27,1
-1.738803699863664,4,2,43,-0.15712119319758378,10,128,30,-0.10983736828485563,27,2
0.9340681032326422,4,2,16,-0.24841375703453827,3,33,7,-1.157516881155786,7,1
-1.738803699863664,3,2,18,-0.0937235794219209,10,187,30,0.937842144586075,27,0
0.9340681032326422,4,2,2,-0.1277047004056762,10,154,30,-1.157516881155786,27,1
-0.4023677983155109,3,2,39,-0.15204938409553073,10,133,30,0.937842144586075,27,1
-0.4023677983155109,4,2,19,-0.0764794284749406,10,198,30,0.937842144586075,27,0
-0.4023677983155109,4,2,41,-0.11908262493218605,10,163,30,0.937842144586075,27,0
0.9340681032326422,4,2,16,-0.1888200000854152,10,93,30,0.937842144586075,27,1
-0.4023677983155109,4,2,2,-0.20276747511606102,4,105,9,-1.157516881155786,9,1
-1.738803699863664,1,2,30,-0.2357342342794057,10,41,30,-0.10983736828485563,27,0
-1.738803699863664,3,2,19,-0.26058609887946554,3,28,22,0.937842144586075,22,0
0.9340681032326422,4,2,41,-0.11908262493218605,10,163,25,0.937842144586075,27,1
-0.4023677983155109,2,2,19,0.06794033570601939,10,258,30,0.937842144586075,27,1
-0.4023677983155109,4,2,30,-0.16980071595271634,10,115,30,0.937842144586075,27,1
-3.075239601411817,4,1,14,-0.2331983297283792,10,44,27,0.937842144586075,27,2
0.9340681032326422,3,2,16,-0.11908262493218605,10,163,30,0.937842144586075,27,1
0.9340681032326422,4,2,19,-0.16980071595271634,10,115,30,-1.157516881155786,27,1
0.9340681032326422,4,2,19,-0.07850815211576181,10,195,30,0.937842144586075,27,1
-0.4023677983155109,2,2,21,-0.10133129307500045,1,135,3,-0.10983736828485563,3,0
0.9340681032326422,2,2,33,0.1385652774521078,10,259,30,-1.157516881155786,27,1
-3.075239601411817,4,2,19,-0.2560214706876178,3,31,10,-0.10983736828485563,10,0
-0.4023677983155109,4,2,30,-0.08104405666678834,10,194,30,0.937842144586075,27,1
0.9340681032326422,2,2,19,-0.006234872411506158,10,242,30,0.937842144586075,27,1
-0.4023677983155109,1,1,41,-0.1824802387078489,10,101,14,0.937842144586075,14,1
-0.4023677983155109,3,2,19,-0.20783928421811407,3,81,10,0.937842144586075,10,1
0.9340681032326422,4,2,30,-0.21798290242222013,3,71,18,-1.157516881155786,19,1
-0.4023677983155109,3,2,30,-0.21798290242222013,3,70,5,0.937842144586075,5,2
-0.4023677983155109,3,2,41,-0.11908262493218605,10,163,30,-1.157516881155786,27,1
0.9340681032326422,4,2,30,-0.10808060303755752,10,176,30,0.937842144586075,27,1
0.9340681032326422,4,2,2,0.05817710318456731,10,257,30,-1.157516881155786,27,1
-1.738803699863664,4,2,41,-0.07470429528922205,10,201,30,-0.10983736828485563,27,0
0.9340681032326422,4,2,49,-0.1116651041204335,10,174,30,-1.157516881155786,27,1
0.9340681032326422,3,2,16,-0.1824802387078489,10,101,30,-1.157516881155786,27,1
0.9340681032326422,4,2,19,-0.17297059664149947,10,112,30,0.937842144586075,27,1
0.9340681032326422,4,2,20,-0.0759722475647353,10,199,30,0.937842144586075,27,1
-1.738803699863664,1,2,30,2.4802195398699913,6,15,13,-0.10983736828485563,13,0
0.9340681032326422,4,2,19,-0.09679202392866298,10,185,30,-1.157516881155786,27,1
-0.4023677983155109,4,2,16,-0.1381019090648849,10,144,30,0.937842144586075,27,1
-1.738803699863664,4,2,28,-0.08865177031986787,10,191,30,0.937842144586075,27,0
-0.4023677983155109,4,2,16,-0.20783928421811407,10,76,30,0.937842144586075,27,1
0.9340681032326422,4,2,28,-0.15712119319758378,10,128,30,-1.157516881155786,27,1
-0.4023677983155109,3,2,16,-0.1381019090648849,10,144,30,0.937842144586075,27,1
0.9340681032326422,3,2,30,-0.2331983297283792,4,66,9,-1.157516881155786,9,1
0.9340681032326422,4,2,19,-0.056952963432036444,10,215,30,-1.157516881155786,27,1
-0.4023677983155109,4,2,16,-0.22685856835081292,10,52,30,0.937842144586075,27,1
-0.4023677983155109,2,2,43,-0.08104405666678834,10,194,30,0.937842144586075,27,2
0.9340681032326422,3,2,39,-0.15204938409553073,10,133,30,0.937842144586075,27,1
0.9340681032326422,4,2,30,-0.2636291843406974,3,23,18,-1.157516881155786,19,1
0.9340681032326422,4,2,30,-0.1066161181593397,10,177,30,-1.157516881155786,27,1
-0.4023677983155109,4,2,23,-0.22559061607529965,10,53,30,0.937842144586075,27,1
-1.738803699863664,4,2,17,-0.15712119319758378,10,128,30,-1.157516881155786,27,0
-0.4023677983155109,4,2,19,-0.24587785248351177,10,32,30,0.937842144586075,27,1
-0.4023677983155109,2,2,43,-0.05568501115652319,10,216,30,0.937842144586075,27,2
0.9340681032326422,4,2,30,-0.030325965646258047,10,233,30,-1.157516881155786,27,1
-0.4023677983155109,4,2,19,-0.16980071595271634,10,115,30,0.937842144586075,27,1
-0.4023677983155109,3,2,4,-0.21417904559568035,10,69,2,0.937842144586075,27,1
0.9340681032326422,3,2,2,-0.07381672869636277,10,203,30,-1.157516881155786,27,1
0.9340681032326422,3,2,50,-0.10488155944643757,4,212,9,-1.157516881155786,9,1
-0.4023677983155109,3,2,30,-0.20149952284054776,10,82,30,0.937842144586075,27,1
-1.738803699863664,3,2,8,13.638199564386655,5,20,12,-0.10983736828485563,27,0
0.9340681032326422,3,2,30,-0.10006334079948719,10,183,30,-1.157516881155786,27,1
0.9340681032326422,4,2,21,-0.17588688687517998,10,107,30,-1.157516881155786,27,1
-0.4023677983155109,1,2,44,-0.29659594350404206,10,2,19,-0.10983736828485563,20,2
0.9340681032326422,4,2,19,-0.19008795236092846,10,92,3,0.937842144586075,3,1
-0.4023677983155109,3,2,30,-0.21417904559568035,4,90,9,-1.157516881155786,9,1
-3.075239601411817,3,2,30,-0.23953809110594548,3,48,8,-0.10983736828485563,18,2
-1.738803699863664,3,2,19,-0.2331983297283792,4,79,9,0.937842144586075,9,0
-0.4023677983155109,4,2,16,-0.1888200000854152,10,93,30,-1.157516881155786,27,1
-0.4023677983155109,3,2,16,-0.18565011939663206,10,97,30,0.937842144586075,27,0
-0.4023677983155109,4,2,28,-0.13538722324301103,10,148,30,0.937842144586075,27,1
0.9340681032326422,1,2,19,-0.1917362903190957,10,91,30,0.937842144586075,27,1
-1.738803699863664,3,2,19,-0.13176214768731861,10,150,30,0.937842144586075,27,0
0.9340681032326422,4,2,19,-0.17588688687517998,10,107,30,-1.157516881155786,27,1
-0.4023677983155109,4,2,2,-0.06836453391165576,10,207,30,0.937842144586075,27,1
0.9340681032326422,3,2,19,-0.1507814318200175,10,134,30,-1.157516881155786,27,1
0.9340681032326422,4,2,16,1.3390624919080598,6,5,13,0.937842144586075,13,2
0.9340681032326422,3,2,19,-0.20783928421811407,10,76,7,0.937842144586075,7,1
-0.4023677983155109,4,2,16,-0.22254753061406785,10,56,30,0.937842144586075,27,1
0.9340681032326422,4,2,16,-0.06519465322287261,10,208,30,0.937842144586075,27,1
0.9340681032326422,4,2,19,-0.030325965646258047,10,233,30,-1.157516881155786,27,1
0.9340681032326422,4,2,19,-0.11274286355461977,10,173,30,-1.157516881155786,27,1
0.9340681032326422,4,2,30,-0.15369772205369797,10,132,30,-1.157516881155786,27,1
0.9340681032326422,4,2,19,-0.04300548840139062,10,224,30,0.937842144586075,27,1
-3.075239601411817,1,2,16,0.26130305772179113,6,0,13,-1.157516881155786,13,2
-0.4023677983155109,2,2,28,-0.17487252505476936,10,109,31,-1.157516881155786,24,0
-0.4023677983155109,4,2,50,-0.1266903385852656,10,155,30,-0.10983736828485563,27,0
-0.4023677983155109,4,2,41,-0.10006841260858924,10,182,30,-1.157516881155786,27,1
-0.4023677983155109,4,2,30,0.007078626481383042,10,247,30,-1.157516881155786,27,1
-0.4023677983155109,4,2,16,-0.18279722677672722,10,100,30,0.937842144586075,27,1
0.9340681032326422,1,2,0,-0.05568501115652319,3,227,5,0.937842144586075,5,0
0.9340681032326422,4,2,19,-0.18742525258235063,10,95,30,0.937842144586075,27,1
0.9340681032326422,4,2,30,-0.13074778586690802,10,151,30,-1.157516881155786,27,1
-0.4023677983155109,3,2,16,-0.2091072364936273,10,75,30,-1.157516881155786,27,1
-0.4023677983155109,4,2,19,-0.10006334079948719,10,183,30,0.937842144586075,27,1
0.9340681032326422,4,2,41,0.04980861816617981,10,255,30,0.937842144586075,27,1
0.9340681032326422,3,2,16,-0.2331983297283792,10,44,30,-1.157516881155786,27,1
0.9340681032326422,4,2,41,-0.07343634301370879,10,204,30,0.937842144586075,27,1
0.9340681032326422,4,2,6,-0.1824802387078489,10,101,22,-0.10983736828485563,22,0
0.9340681032326422,4,2,49,-0.05188115432998342,10,218,30,-1.157516881155786,27,1
0.9340681032326422,3,2,42,-0.09169485578109969,10,188,30,-1.157516881155786,27,1
-1.738803699863664,4,2,41,-0.05568501115652319,10,216,30,0.937842144586075,27,0
-0.4023677983155109,3,2,30,-0.2040354273915743,4,103,9,0.937842144586075,9,1
0.9340681032326422,4,2,19,-0.17360457277925612,10,111,30,0.937842144586075,27,1
0.9340681032326422,3,2,19,-0.16334430296580282,10,121,30,-1.157516881155786,27,1
0.9340681032326422,4,2,30,-0.13683395678937166,10,145,30,-1.157516881155786,27,1
-0.4023677983155109,4,2,19,-0.24080604338145875,10,37,30,-1.157516881155786,27,1
0.9340681032326422,3,2,19,0.020392125374272242,10,250,30,-1.157516881155786,27,1
0.9340681032326422,4,2,30,-0.13176214768731861,10,150,30,0.937842144586075,27,1
0.9340681032326422,4,2,2,-0.16599685912617657,10,118,30,0.937842144586075,27,1
-0.4023677983155109,4,2,2,-0.06360971287848105,10,209,30,0.937842144586075,27,1
0.9340681032326422,4,2,16,-0.16227668714982066,10,122,30,0.937842144586075,27,1
0.9340681032326422,4,2,41,-0.08104405666678834,10,194,30,0.937842144586075,27,1
-1.738803699863664,4,2,19,-0.11908262493218605,10,163,30,0.937842144586075,27,0
0.9340681032326422,4,2,30,-0.031593917921771304,10,232,3,-1.157516881155786,3,1
-0.4023677983155109,4,2,19,-0.14444167044245118,10,139,30,0.937842144586075,27,1
-1.738803699863664,4,2,45,-0.21417904559568035,3,85,10,0.937842144586075,6,0
-0.4023677983155109,3,2,19,-0.20783928421811407,4,98,9,-1.157516881155786,9,1
-0.4023677983155109,3,2,24,-0.2331983297283792,10,44,30,0.937842144586075,27,1
-1.738803699863664,4,2,35,-0.25221761386107805,4,47,9,-0.10983736828485563,9,0
0.9340681032326422,3,2,41,-0.11851204640820509,10,164,30,0.937842144586075,27,1
-0.4023677983155109,4,2,30,-0.07457750006167073,10,202,30,0.937842144586075,27,1
-0.4023677983155109,4,2,19,-0.016061502546733903,10,238,30,0.937842144586075,27,1
0.9340681032326422,4,2,2,-0.11908262493218605,10,163,30,0.937842144586075,27,1
0.9340681032326422,3,2,16,-0.16726481140168983,10,117,30,-1.157516881155786,27,1
0.9340681032326422,3,2,16,-0.26109327978967084,4,29,9,-1.157516881155786,9,1
-0.4023677983155109,4,2,24,-0.17614047733028262,10,106,30,-1.157516881155786,27,1
-0.4023677983155109,4,2,16,-0.15838914547309701,10,127,30,0.937842144586075,27,1
0.9340681032326422,2,2,36,-0.06101041071367887,10,211,30,-1.157516881155786,27,1
-0.4023677983155109,3,2,19,-0.22051880697324663,4,84,9,0.937842144586075,9,1
-0.4023677983155109,3,3,19,-0.24587785248351177,3,35,5,-0.10983736828485563,5,0
-0.4023677983155109,4,2,19,-0.004966920135992901,10,243,30,-1.157516881155786,27,1
0.9340681032326422,4,2,25,-0.21772931196711745,10,64,30,-1.157516881155786,27,1
-0.4023677983155109,3,2,19,-0.2154469978711936,4,89,9,-1.157516881155786,9,1
0.9340681032326422,4,2,16,-0.07216839073819553,10,205,30,-1.157516881155786,27,1
-0.4023677983155109,4,2,19,-0.0937235794219209,10,187,30,-1.157516881155786,27,1
-0.4023677983155109,4,2,30,-0.0818048280320963,10,193,30,0.937842144586075,27,1
0.9340681032326422,3,2,19,-0.23953809110594548,3,42,7,0.937842144586075,7,1
0.9340681032326422,4,2,19,-0.05568501115652319,10,216,30,-1.157516881155786,27,1
0.9340681032326422,4,2,50,-0.11908262493218605,10,163,30,-1.157516881155786,27,1
-0.4023677983155109,4,2,16,-0.20572687572710896,10,78,30,-1.157516881155786,27,1
0.9340681032326422,4,2,16,-0.15458528864655724,10,130,30,-1.157516881155786,27,1
0.9340681032326422,4,2,30,-0.22051880697324663,10,61,30,-1.157516881155786,27,1
-0.4023677983155109,3,2,11,1.5165758104799159,6,9,13,-0.10983736828485563,13,0
-0.4023677983155109,1,2,19,-0.24232758611207464,3,38,23,0.937842144586075,5,1
0.9340681032326422,4,2,16,-0.08738381804435462,10,192,30,0.937842144586075,27,1
0.9340681032326422,4,2,30,-0.03527097952075975,10,230,30,-1.157516881155786,27,1
0.9340681032326422,1,2,5,-0.049827071643651945,10,221,30,-1.157516881155786,27,0
-0.4023677983155109,3,2,41,1.7828457883376998,6,10,13,-0.10983736828485563,13,0
0.9340681032326422,4,2,5,-0.04934524977895691,10,222,30,0.937842144586075,27,1
-0.4023677983155109,4,2,19,-0.21988483083548999,10,62,30,-1.157516881155786,27,1
0.9340681032326422,4,2,19,-0.004332943998236273,10,244,30,-1.157516881155786,27,0
-3.075239601411817,1,2,16,-0.21798290242222013,10,63,30,0.937842144586075,27,0
-0.4023677983155109,1,2,41,-0.06868152198053408,10,206,30,-1.157516881155786,27,1
-0.4023677983155109,4,2,17,-0.14063781361591143,10,140,22,-1.157516881155786,22,0
-0.4023677983155109,1,2,38,-0.2839164207489095,3,11,25,0.937842144586075,23,0
-0.4023677983155109,3,2,19,-0.07216839073819553,10,205,30,0.937842144586075,27,1
0.9340681032326422,4,2,19,0.019124173098758985,10,249,30,0.937842144586075,27,1
0.9340681032326422,4,2,16,-0.17588688687517998,10,107,30,-1.157516881155786,27,1
-1.738803699863664,1,2,30,-0.20783928421811407,10,76,30,0.937842144586075,27,1
0.9340681032326422,4,2,9,-0.150782699772293,4,166,9,0.937842144586075,9,0
0.9340681032326422,4,2,30,-0.1266903385852656,10,155,30,0.937842144586075,27,1
-0.4023677983155109,3,2,30,-0.14444167044245118,10,139,30,0.937842144586075,27,1
-3.075239601411817,1,2,41,0.007712602619139671,10,248,30,-0.10983736828485563,27,0
0.9340681032326422,4,2,21,-0.09575230306274211,10,186,30,-1.157516881155786,27,1
-3.075239601411817,4,2,10,-0.1824802387078489,3,119,24,0.937842144586075,9,2
0.9340681032326422,4,2,27,-0.022845047220729827,10,236,30,-1.157516881155786,27,1
0.9340681032326422,4,2,2,-0.07660622370249194,10,197,30,0.937842144586075,27,1
-1.738803699863664,3,2,19,-0.24270797179472864,4,65,9,-0.10983736828485563,9,0
-0.4023677983155109,4,2,41,0.006064264660972437,10,246,30,-1.157516881155786,27,1
0.9340681032326422,4,2,16,-0.049979225916713534,10,220,30,-1.157516881155786,27,1
-0.4023677983155109,4,2,16,-0.23154999177021196,10,46,3,0.937842144586075,3,1
-0.4023677983155109,3,2,30,-0.197695666014008,1,55,3,0.937842144586075,3,1
0.9340681032326422,3,2,41,-0.19515976146298147,3,96,22,0.937842144586075,22,0
-0.4023677983155109,4,2,19,-0.16187601423075848,10,124,30,0.937842144586075,27,1
-1.738803699863664,1,2,16,-0.20783928421811407,10,76,30,0.937842144586075,27,1
-0.4023677983155109,2,2,19,-0.03539777474831107,10,229,30,0.937842144586075,27,1
-1.738803699863664,1,2,43,-0.02398620426869176,10,235,30,0.937842144586075,27,0
0.9340681032326422,4,2,19,-0.22685856835081292,10,52,30,0.937842144586075,27,1
0.9340681032326422,3,2,50,-0.11680031083626219,10,165,30,0.937842144586075,27,1
-0.4023677983155109,4,2,16,-0.17981753892927108,10,102,30,0.937842144586075,27,1
0.9340681032326422,1,2,30,0.7050863541514312,6,1,13,-1.157516881155786,13,0
-0.4023677983155109,4,2,30,-0.16980071595271634,10,115,30,-1.157516881155786,27,1
-0.4023677983155109,3,2,30,-0.21037518876914058,10,73,30,0.937842144586075,27,1
-0.4023677983155109,4,2,19,-0.08104405666678834,10,194,30,0.937842144586075,27,1
-0.4023677983155109,4,2,19,-0.12542238630975233,10,156,30,0.937842144586075,27,1
0.9340681032326422,4,2,30,-0.07724019984024856,10,196,30,-1.157516881155786,27,1
0.9340681032326422,4,2,2,-0.16162242377565583,10,125,30,-1.157516881155786,27,1
-0.4023677983155109,4,2,42,-0.07343634301370879,10,204,30,0.937842144586075,27,1
-1.738803699863664,3,2,16,-0.21417904559568035,10,69,30,-1.157516881155786,27,0
-0.4023677983155109,3,2,16,-0.13683395678937166,10,145,30,0.937842144586075,27,1
0.9340681032326422,3,2,16,-0.24587785248351177,4,45,9,-1.157516881155786,9,1
-0.4023677983155109,4,2,19,-0.1538245172812493,10,131,30,-1.157516881155786,27,1
0.9340681032326422,4,2,19,-0.22559061607529965,10,53,30,0.937842144586075,27,1
-0.4023677983155109,4,2,31,-0.12073096289035329,10,160,30,0.937842144586075,27,0
-0.4023677983155109,4,2,16,-0.09790782193111465,10,184,30,-1.157516881155786,27,1
-0.4023677983155109,4,2,30,-0.030325965646258047,10,233,30,-1.157516881155786,27,1
-0.4023677983155109,4,2,19,-0.20149952284054776,10,82,30,0.937842144586075,27,1
-0.4023677983155109,4,2,28,-0.064560677085116,0,141,1,0.937842144586075,2,0
-0.4023677983155109,4,2,41,-0.054417058881009936,10,217,30,0.937842144586075,27,1
-0.4023677983155109,3,2,38,-0.12098455334545594,10,159,30,0.937842144586075,27,0
-1.738803699863664,1,2,1,1.3834408215510239,6,8,13,0.937842144586075,1,2
0.9340681032326422,4,2,30,-0.13907062460337705,10,143,30,-1.157516881155786,27,1
0.9340681032326422,4,2,41,-0.1015848835301031,10,181,30,-1.157516881155786,27,1
-1.738803699863664,1,2,10,1.212267264356734,6,6,13,0.937842144586075,13,0
-0.4023677983155109,4,2,18,-0.03904947730178925,10,226,30,0.937842144586075,27,1
0.9340681032326422,3,2,0,-0.05568501115652319,10,216,30,0.937842144586075,27,1
0.9340681032326422,4,2,19,-0.002594581428507597,10,245,30,-1.157516881155786,27,1
-1.738803699863664,3,2,19,-0.28138051619788296,3,13,26,-1.157516881155786,27,0
0.9340681032326422,4,2,14,0.04575117088453739,10,253,30,-1.157516881155786,27,1
0.9340681032326422,4,2,19,-0.02398620426869176,10,235,30,-1.157516881155786,27,1
0.9340681032326422,3,2,19,-0.12415443403423908,10,157,30,-1.157516881155786,27,1
0.9340681032326422,4,2,19,-0.03412982247279782,10,231,30,0.937842144586075,27,1
-3.075239601411817,1,2,30,-0.23953809110594548,3,48,5,-0.10983736828485563,5,2
0.9340681032326422,4,2,19,-0.22685856835081292,3,59,25,-1.157516881155786,23,1
-0.4023677983155109,4,2,16,-0.24270797179472864,10,34,30,-1.157516881155786,27,1
-0.4023677983155109,3,2,30,-0.10640310217705348,10,178,30,-1.157516881155786,27,1
-0.4023677983155109,4,2,38,-0.10640310217705348,10,178,30,-1.157516881155786,27,1
-0.4023677983155109,4,2,29,0.16620663705829683,10,260,30,-0.10983736828485563,27,0
0.9340681032326422,3,2,41,-0.14444167044245118,10,139,30,-1.157516881155786,27,1
-0.4023677983155109,4,2,30,-0.036285341341170355,10,228,30,0.937842144586075,27,0
-0.4023677983155109,4,2,17,-0.17563329642007733,10,108,30,0.937842144586075,27,1
0.9340681032326422,1,2,41,-0.1023507267045131,10,179,30,-1.157516881155786,27,1
0.9340681032326422,4,2,41,0.05589478908864345,10,256,30,0.937842144586075,27,1
-1.738803699863664,3,2,41,-0.25855737523864436,3,30,7,0.937842144586075,7,2
-1.738803699863664,1,2,19,2.543617153645654,6,17,13,0.937842144586075,13,0
0.9340681032326422,1,2,19,-0.2940600389530155,10,3,32,-1.157516881155786,28,0
-0.4023677983155109,4,2,30,-0.26109327978967084,10,21,30,0.937842144586075,27,1
-1.738803699863664,3,2,16,-0.19515976146298147,10,87,30,0.937842144586075,27,1
0.9340681032326422,3,2,16,-0.22749254448856954,10,51,30,-1.157516881155786,27,1
-1.738803699863664,3,2,15,-0.2065713319426008,3,94,5,0.937842144586075,27,2
-1.738803699863664,3,2,26,-0.2661650888917239,3,25,10,0.937842144586075,10,1
0.9340681032326422,3,2,30,-0.2331983297283792,3,50,8,-0.10983736828485563,8,1
-0.4023677983155109,4,2,41,-0.23700218655491898,3,43,22,0.937842144586075,22,0
-0.4023677983155109,1,3,7,-0.2940600389530155,10,3,20,0.937842144586075,27,0
0.9340681032326422,3,2,38,-0.10640310217705348,10,178,30,-1.157516881155786,27,1
-0.4023677983155109,4,2,30,-0.08104405666678834,10,194,30,-1.157516881155786,27,0
-0.4023677983155109,1,2,30,-0.2750407548203167,4,19,9,-0.10983736828485563,9,0
-0.4023677983155109,4,2,2,-0.05124717819222679,10,219,30,-1.157516881155786,27,1
-0.4023677983155109,4,2,30,-0.15691832083350166,10,129,30,0.937842144586075,27,1
0.9340681032326422,3,2,41,-0.08104405666678834,10,194,30,0.937842144586075,27,1
-1.738803699863664,3,2,30,-0.24587785248351177,10,32,21,0.937842144586075,21,0
-0.4023677983155109,3,2,16,-0.20149952284054776,10,82,30,-1.157516881155786,27,1
0.9340681032326422,4,2,30,-0.08104405666678834,10,194,30,-1.157516881155786,27,1
-0.4023677983155109,4,2,4,-0.11908262493218605,10,163,30,0.937842144586075,27,1
0.9340681032326422,4,2,22,-0.1227596865311745,10,158,30,-1.157516881155786,27,1
0.9340681032326422,4,2,5,-0.0759722475647353,10,199,30,0.937842144586075,27,1
-0.4023677983155109,4,2,16,-0.14824552726899096,10,137,30,0.937842144586075,27,1
-0.4023677983155109,4,2,47,3.494581360280597,6,22,13,0.937842144586075,13,0
-0.4023677983155109,1,2,50,-0.15712119319758378,10,128,30,0.937842144586075,27,0
-0.4023677983155109,4,2,19,-0.11274286355461977,10,173,30,0.937842144586075,27,1
-0.4023677983155109,4,2,16,-0.11330076255584559,10,172,30,-1.157516881155786,27,1
0.9340681032326422,4,2,13,-0.13176214768731861,10,150,30,0.937842144586075,27,1
-0.4023677983155109,3,2,30,-0.24587785248351177,3,35,8,0.937842144586075,8,1
0.9340681032326422,4,2,17,-0.1331568951903832,10,149,30,-1.157516881155786,27,1
0.9340681032326422,4,2,30,-0.1942721948701222,10,88,30,-1.157516881155786,27,1
-0.4023677983155109,1,2,16,-0.22812652062632618,10,49,30,0.937842144586075,27,0
-0.4023677983155109,3,2,19,-0.22051880697324663,3,67,10,0.937842144586075,10,1
-0.4023677983155109,3,2,16,-0.24587785248351177,10,32,30,0.937842144586075,27,1
0.9340681032326422,3,2,16,-0.1621930022996368,10,123,30,-1.157516881155786,27,1
-0.4023677983155109,4,2,19,-0.1507814318200175,10,134,30,0.937842144586075,27,1
0.9340681032326422,4,2,16,-0.19515976146298147,10,87,30,0.937842144586075,27,1
0.9340681032326422,4,2,46,-0.011306681513559187,10,239,30,-1.157516881155786,27,1
-0.4023677983155109,4,2,19,-0.16980071595271634,10,115,30,-1.157516881155786,27,1
-0.4023677983155109,4,2,19,-0.07584545233718398,10,200,30,-1.157516881155786,27,1
-0.4023677983155109,4,2,16,-0.1203505772076993,10,161,30,0.937842144586075,27,1
0.9340681032326422,4,2,19,-0.20593735580484418,10,77,30,-1.157516881155786,27,1
0.9340681032326422,3,2,16,-0.2331983297283792,4,66,11,-1.157516881155786,11,1
0.9340681032326422,3,2,32,-0.1824802387078489,10,101,30,0.937842144586075,27,1
-0.4023677983155109,4,2,19,-0.22051880697324663,10,61,30,-1.157516881155786,27,1
-0.4023677983155109,4,2,19,-0.1458681167524036,10,138,30,0.937842144586075,27,1
0.9340681032326422,4,2,30,0.03630492643196362,10,252,30,-1.157516881155786,27,1
-0.4023677983155109,4,2,19,-0.10640310217705348,10,178,30,-1.157516881155786,27,1
-1.738803699863664,1,3,14,-0.08104405666678834,2,14,6,-0.10983736828485563,6,2
0.9340681032326422,4,2,16,-0.12098455334545594,10,159,30,-1.157516881155786,27,1
0.9340681032326422,4,2,41,-0.09093408441579175,10,189,30,-1.157516881155786,27,1
-0.4023677983155109,4,2,50,-0.11927281777351303,10,162,30,-1.157516881155786,27,1
-0.4023677983155109,4,2,19,-0.17614047733028262,10,106,30,0.937842144586075,27,1
0.9340681032326422,4,2,5,-0.1493866843169529,10,136,30,-1.157516881155786,27,0
0.9340681032326422,3,2,16,-0.1824802387078489,10,101,30,0.937842144586075,27,1
0.9340681032326422,4,2,30,-0.13049419541180537,10,152,3,-1.157516881155786,3,1
0.9340681032326422,2,2,19,-0.011306681513559187,10,239,30,-1.157516881155786,27,1
-0.4023677983155109,4,2,30,-0.13557361222751146,10,147,30,0.937842144586075,27,1
0.9340681032326422,4,2,2,-0.0937235794219209,10,187,30,0.937842144586075,27,1
0.9340681032326422,4,2,5,-0.04934524977895691,10,222,30,-1.157516881155786,27,1
0.9340681032326422,2,2,19,-0.0418465800215715,10,225,30,0.937842144586075,27,1
-0.4023677983155109,4,2,28,-0.11591274424340291,10,168,30,0.937842144586075,27,1
-0.4023677983155109,3,2,4,-0.21417904559568035,10,69,2,0.937842144586075,27,0
0.9340681032326422,4,2,30,-0.05796732525244705,10,213,30,0.937842144586075,27,1
0.9340681032326422,2,2,19,-0.05568501115652319,10,216,30,-1.157516881155786,27,1
0.9340681032326422,4,2,30,-0.10640310217705348,10,178,30,0.937842144586075,27,1
-0.4023677983155109,4,2,19,-0.06329272480960273,10,210,30,0.937842144586075,27,1
-0.4023677983155109,3,2,19,-0.17598832305722104,3,116,17,-1.157516881155786,17,1
-0.4023677983155109,1,2,1,-0.2712368979937769,3,18,25,0.937842144586075,7,1
0.9340681032326422,4,2,30,-0.10640310217705348,10,178,30,-1.157516881155786,27,1
-0.4023677983155109,4,2,30,-0.11401081583013302,10,171,30,-1.157516881155786,27,1
0.9340681032326422,4,2,19,-0.026205120750839958,10,234,30,-1.157516881155786,27,1
-0.4023677983155109,3,2,16,-0.22546382084774833,10,54,30,0.937842144586075,27,1
0.9340681032326422,2,2,19,-0.01003872923804593,10,240,30,0.937842144586075,27,1
0.9340681032326422,4,2,16,-0.017646442891125474,10,237,30,-1.157516881155786,27,1
-0.4023677983155109,3,2,16,-0.11908262493218605,10,163,30,0.937842144586075,27,1
-1.738803699863664,3,2,38,10.468318875603511,7,72,15,-0.10983736828485563,15,2
-0.4023677983155109,4,2,19,-0.13936986134039817,10,142,30,-1.157516881155786,27,1
0.9340681032326422,3,2,16,-0.22685856835081292,4,74,9,-1.157516881155786,9,1
0.9340681032326422,4,2,30,-0.07470429528922205,10,201,30,0.937842144586075,27,1
0.9340681032326422,4,2,30,0.020392125374272242,10,250,30,-1.157516881155786,27,1
0.9340681032326422,2,2,19,-0.16346095457515006,10,120,30,-1.157516881155786,27,1
0.9340681032326422,4,2,41,-0.1942721948701222,10,88,30,-1.157516881155786,27,1
0.9340681032326422,3,2,30,1.4658577194593856,6,7,13,0.937842144586075,13,0
-0.4023677983155109,4,2,38,-0.004966920135992901,10,243,30,-1.157516881155786,27,1
0.9340681032326422,4,2,30,-0.05124717819222679,10,219,30,-1.157516881155786,27,1
-0.4023677983155109,4,2,19,-0.09575230306274211,10,186,30,-1.157516881155786,27,1
0.9340681032326422,3,2,1,-0.2636291843406974,3,23,7,-0.10983736828485563,7,0
0.9340681032326422,4,2,30,-0.12783149563322752,10,153,3,-1.157516881155786,3,1
0.9340681032326422,4,2,19,-0.10180677517831792,10,180,30,0.937842144586075,27,1
-0.4023677983155109,4,2,37,-0.22559061607529965,3,58,25,0.937842144586075,23,0
-0.4023677983155109,1,2,40,-0.25855737523864436,10,24,23,0.937842144586075,2,1
-0.4023677983155109,4,2,30,-0.02398620426869176,10,235,30,-1.157516881155786,27,1
0.9340681032326422,1,2,16,-0.22051880697324663,10,61,30,0.937842144586075,27,1
-3.075239601411817,4,2,30,-0.2331983297283792,3,57,10,0.937842144586075,27,0
-0.4023677983155109,1,2,48,-0.1824802387078489,10,101,30,0.937842144586075,27,1
-0.4023677983155109,1,2,30,-0.18755204780990195,1,68,3,0.937842144586075,3,0
-0.4023677983155109,1,2,19,-0.20023157056503452,10,83,30,0.937842144586075,27,0
-0.4023677983155109,4,2,19,-0.04858447841364895,10,223,30,-1.157516881155786,27,0
0.9340681032326422,4,2,19,-0.1942721948701222,10,88,30,-1.157516881155786,27,1
0.9340681032326422,3,0,38,-0.2712368979937769,10,16,30,0.937842144586075,27,2
-0.4023677983155109,4,2,19,0.020392125374272242,10,250,30,-1.157516881155786,27,1
-0.4023677983155109,4,2,30,-0.05766301670632387,10,214,30,-1.157516881155786,27,1
-0.4023677983155109,3,2,30,-0.18755204780990195,4,126,9,-1.157516881155786,9,1
0.9340681032326422,4,2,18,-0.16599685912617657,10,118,30,-1.157516881155786,27,1
-0.4023677983155109,4,2,30,-0.008897572190083998,10,241,30,0.937842144586075,27,0
0.9340681032326422,4,2,16,-0.14444167044245118,10,139,30,0.937842144586075,27,1
-0.4023677983155109,4,2,19,-0.17588688687517998,10,107,30,-1.157516881155786,27,1
-3.075239601411817,1,2,50,-0.2560214706876178,10,26,22,-0.10983736828485563,22,0
0.9340681032326422,4,2,2,-0.05568501115652319,10,216,30,0.937842144586075,27,1
-0.4023677983155109,4,2,19,-0.25855737523864436,3,27,25,-1.157516881155786,23,1
-0.4023677983155109,3,2,30,5.016124090896506,6,36,13,0.937842144586075,12,0
0.9340681032326422,4,2,27,-0.1109677303689012,10,175,30,-1.157516881155786,27,1
0.9340681032326422,4,2,19,-0.16637724480883054,4,146,9,-1.157516881155786,9,1
-0.4023677983155109,4,2,30,-0.17385816323435876,10,110,30,0.937842144586075,27,1
0.9340681032326422,4,2,41,-0.17056148731802429,10,114,30,-1.157516881155786,27,1
0.9340681032326422,3,2,34,-0.24904773317229492,4,40,9,0.937842144586075,9,1
0.9340681032326422,4,2,49,-0.14063781361591143,10,140,30,-1.157516881155786,27,1
-0.4023677983155109,4,2,19,-0.11654672038115954,10,167,30,-1.157516881155786,27,1
0.9340681032326422,4,2,30,-0.17931035801906578,10,104,30,0.937842144586075,27,1
-1.738803699863664,4,2,30,-0.10006334079948719,10,183,30,0.937842144586075,27,0
0.9340681032326422,3,2,3,-0.20783928421811407,10,76,16,0.937842144586075,16,2
-0.4023677983155109,4,2,31,-0.1888200000854152,10,93,30,0.937842144586075,27,1
0.9340681032326422,1,2,16,-0.2381433436028809,10,39,30,0.937842144586075,27,1
-0.4023677983155109,3,2,41,-0.1558532409220705,0,80,1,0.937842144586075,2,0
-0.4023677983155109,3,2,2,-0.24080604338145875,10,37,30,-1.157516881155786,27,1
-0.4023677983155109,4,2,30,-0.14444167044245118,10,139,30,0.937842144586075,27,1
-1.738803699863664,3,2,50,-0.22052007492552214,10,60,4,-0.10983736828485563,4,0
-0.4023677983155109,4,2,30,-0.05796732525244705,10,213,30,0.937842144586075,27,1
-1.738803699863664,3,2,12,-0.15712119319758378,8,86,28,-0.10983736828485563,25,0
