dataset_name,seed,subset_type,file_name,number_of_features,proportion_of_numeric_features,number_of_instances,number_of_classes,ratio_of_instances_to_features,ratio_of_classes_to_features,ratio_of_instances_to_classes,ratio_of_min_to_max_instances_per_class,proportion_of_features_with_outliers,average_mutual_information,minimum_mutual_information,maximum_mutual_information,equivalent_number_of_features,noise_to_signal_ratio_of_features
Agaricus Lepiota,14425,features,Data/Datasets/Input/Subsets/Agaricus Lepiota/14425_20251117_083608.csv,13,0.46153846153846156,8124,2,624.9230769230769,0.15384615384615385,4062.0,0.9306083650190115,0.23076923076923078,0.11479319049757275,0.009818448701319753,0.29396114142295127,1.1216414474742329,-0.5359540505954538
Agaricus Lepiota,34501,features,Data/Datasets/Input/Subsets/Agaricus Lepiota/34501_20251117_083608.csv,19,0.5263157894736842,8124,2,427.57894736842104,0.10526315789473684,4062.0,0.9306083650190115,0.2631578947368421,0.1494952917784627,0.005210229713572712,0.6314991666255025,1.1612480033862669,-0.7561968295678508
Agaricus Lepiota,14856,features,Data/Datasets/Input/Subsets/Agaricus Lepiota/14856_20251117_083608.csv,20,0.55,8124,2,406.2,0.1,4062.0,0.9306083650190115,0.25,0.14178585133341493,0.005210229713572712,0.6276405543939957,1.152329852211079,-0.75579330046245
Agaricus Lepiota,48336,features,Data/Datasets/Input/Subsets/Agaricus Lepiota/48336_20251117_083608.csv,16,0.5625,8124,2,507.75,0.125,4062.0,0.9306083650190115,0.25,0.1598730430362042,0.009818448701319753,0.6307353998096041,1.1733618950716131,-0.7292769458058826
Agaricus Lepiota,54843,features,Data/Datasets/Input/Subsets/Agaricus Lepiota/54843_20251117_083608.csv,19,0.5789473684210527,8124,2,427.57894736842104,0.10526315789473684,4062.0,0.9306083650190115,0.3157894736842105,0.1307853362726444,0.005210229713572712,0.6276405543939957,1.139723097842261,-0.7213187109578743
Agaricus Lepiota,84511,features,Data/Datasets/Input/Subsets/Agaricus Lepiota/84511_20251117_083608.csv,16,0.4375,8124,2,507.75,0.125,4062.0,0.9306083650190115,0.125,0.15653549761670332,0.005210229713572712,0.6288599774832568,1.1694522743508373,-0.7235047695057101
Agaricus Lepiota,5166,features,Data/Datasets/Input/Subsets/Agaricus Lepiota/5166_20251117_083608.csv,13,0.5384615384615384,8124,2,624.9230769230769,0.15384615384615385,4062.0,0.9306083650190115,0.23076923076923078,0.18897881097153496,0.005210229713572712,0.6284296992166347,1.2080153555399609,-0.7181201702150258
Agaricus Lepiota,68309,instances,Data/Datasets/Input/Subsets/Agaricus Lepiota/68309_20251117_083608.csv,21,0.5714285714285714,634,2,30.19047619047619,0.09523809523809523,317.0,0.9329268292682927,0.23809523809523808,0.1326139077523219,0.0013372384195631248,0.603542679992084,1.1418090695866907,-0.7513207018028877
Agaricus Lepiota,52551,instances,Data/Datasets/Input/Subsets/Agaricus Lepiota/52551_20251117_083608.csv,21,0.5714285714285714,1997,2,95.0952380952381,0.09523809523809523,998.5,0.9313346228239845,0.23809523809523808,0.147180574177329,0.006190820346706576,0.6216763397279902,1.1585631507301652,-0.7759425368084845
Agaricus Lepiota,98569,instances,Data/Datasets/Input/Subsets/Agaricus Lepiota/98569_20251117_083608.csv,21,0.5714285714285714,2190,2,104.28571428571429,0.09523809523809523,1095.0,0.9312169312169312,0.2857142857142857,0.13951334782191366,0.004183312349972046,0.6235982126461392,1.1497141517953937,-0.7636297916103886
Agaricus Lepiota,44817,instances,Data/Datasets/Input/Subsets/Agaricus Lepiota/44817_20251117_083608.csv,21,0.5714285714285714,3454,2,164.47619047619048,0.09523809523809523,1727.0,0.9306875349357183,0.2857142857142857,0.14485944496681796,0.005401699468905896,0.6278205601683935,1.1558770945065233,-0.7723564703340329
Agaricus Lepiota,28174,instances,Data/Datasets/Input/Subsets/Agaricus Lepiota/28174_20251117_083608.csv,21,0.5714285714285714,4289,2,204.23809523809524,0.09523809523809523,2144.5,0.9302430243024302,0.2857142857142857,0.1451372785848192,0.00532118754830907,0.6295716904021073,1.1561982806377413,-0.7727950645936296
Agaricus Lepiota,43262,instances,Data/Datasets/Input/Subsets/Agaricus Lepiota/43262_20251117_083608.csv,21,0.5714285714285714,6099,2,290.42857142857144,0.09523809523809523,3049.5,0.9306742640075973,0.2857142857142857,0.14441646895610438,0.005476830470059202,0.6257294445153223,1.1553651820731583,-0.7716582920436588
Agaricus Lepiota,91434,instances,Data/Datasets/Input/Subsets/Agaricus Lepiota/91434_20251117_083609.csv,21,0.5714285714285714,6445,2,306.9047619047619,0.09523809523809523,3222.5,0.9307968843618933,0.2857142857142857,0.14288296982878657,0.005973338568940445,0.6304106637573362,1.153594788370256,-0.7692068155289655
Agaricus Lepiota,69819,instances,Data/Datasets/Input/Subsets/Agaricus Lepiota/69819_20251117_083609.csv,21,0.5714285714285714,7240,2,344.76190476190476,0.09523809523809523,3620.0,0.9306666666666666,0.2857142857142857,0.14547973284912713,0.0054986896063910495,0.6307764501614945,1.156594293473603,-0.7733272150071542
Churn,24450,features,Data/Datasets/Input/Subsets/Churn/24450_20251117_083613.csv,11,0.7272727272727273,5000,2,454.54545454545456,0.18181818181818182,2500.0,0.16468669927789426,0.7272727272727273,0.012741718296720293,0.0,0.05805660246316835,1.0128232398629526,1.9073913280293644
Churn,85737,features,Data/Datasets/Input/Subsets/Churn/85737_20251117_083613.csv,19,0.8421052631578947,5000,2,263.1578947368421,0.10526315789473684,2500.0,0.16468669927789426,0.7894736842105263,0.0108766273298767,0.0,0.058387852643115634,1.0109359928780028,0.9718611280283302
Churn,34724,features,Data/Datasets/Input/Subsets/Churn/34724_20251117_083613.csv,11,0.7272727272727273,5000,2,454.54545454545456,0.18181818181818182,2500.0,0.16468669927789426,0.7272727272727273,0.005169741637766528,0.0,0.02521285678734375,1.0051831278098096,6.165766468763456
Churn,99455,features,Data/Datasets/Input/Subsets/Churn/99455_20251117_083613.csv,18,0.8333333333333334,5000,2,277.77777777777777,0.1111111111111111,2500.0,0.16468669927789426,0.7777777777777778,0.01209680358327874,0.0,0.05853053652817142,1.0121702658323612,0.8714621193363656
Churn,26588,features,Data/Datasets/Input/Subsets/Churn/26588_20251117_083613.csv,10,1.0,5000,2,500.0,0.2,2500.0,0.16468669927789426,1.0,0.01396388673721396,0.0,0.05868160343101447,1.0140618371956232,1.9182188437182714
Churn,96565,features,Data/Datasets/Input/Subsets/Churn/96565_20251117_083613.csv,14,0.9285714285714286,5000,2,357.14285714285717,0.14285714285714285,2500.0,0.16468669927789426,0.8571428571428571,0.0057907070763241275,0.0,0.04276929437446242,1.0058075056300608,4.02648675726548
Churn,29931,features,Data/Datasets/Input/Subsets/Churn/29931_20251117_083613.csv,14,0.8571428571428571,5000,2,357.14285714285717,0.14285714285714285,2500.0,0.16468669927789426,0.7142857142857143,0.01542067967153595,0.0,0.06048685576857271,1.0155401918818934,0.8875246133329212
Churn,84180,instances,Data/Datasets/Input/Subsets/Churn/84180_20251117_083613.csv,20,0.85,154,2,7.7,0.1,77.0,0.16666666666666666,0.35,0.006327528583976003,0.0,0.0728266132623403,1.0063475896830387,2.240730664789079
Churn,14149,instances,Data/Datasets/Input/Subsets/Churn/14149_20251117_083613.csv,20,0.85,975,2,48.75,0.1,487.5,0.16487455197132617,0.75,0.010993899362048783,0.0,0.058205553016074996,1.01105455434812,0.8544213760526324
Churn,14761,instances,Data/Datasets/Input/Subsets/Churn/14761_20251117_083613.csv,20,0.85,1850,2,92.5,0.1,925.0,0.16498740554156172,0.75,0.011374811119339686,0.0,0.052865843485399466,1.0114397502733046,0.7929805991211987
Churn,3055,instances,Data/Datasets/Input/Subsets/Churn/3055_20251117_083613.csv,20,0.85,2067,2,103.35,0.1,1033.5,0.1645070422535211,0.75,0.010564685434930592,0.0,0.042671423787972396,1.0106206887695526,0.9274486699454327
Churn,21725,instances,Data/Datasets/Input/Subsets/Churn/21725_20251117_083613.csv,20,0.85,3084,2,154.2,0.1,1542.0,0.1646525679758308,0.75,0.012647649689552292,0.0,0.05087356574890034,1.0127279694725182,0.6107790628459401
Churn,86861,instances,Data/Datasets/Input/Subsets/Churn/86861_20251117_083613.csv,20,0.85,3552,2,177.6,0.1,1776.0,0.16459016393442624,0.75,0.01102708213045846,0.0,0.05609339844517791,1.0110881044938866,0.847126811134356
Churn,34787,instances,Data/Datasets/Input/Subsets/Churn/34787_20251117_083613.csv,20,0.85,3793,2,189.65,0.1,1896.5,0.1645686214307645,0.75,0.01079765422717128,0.0,0.056255673287576524,1.0108561592784038,0.8862417340914691
Churn,82839,instances,Data/Datasets/Input/Subsets/Churn/82839_20251117_083614.csv,20,0.85,4958,2,247.9,0.1,2479.0,0.1646699553676298,0.75,0.010886586301054994,0.0,0.058584558631936456,1.010946060810552,0.8714521602481183
Liver Cirrhosis,57347,classes,Data/Datasets/Input/Subsets/Liver Cirrhosis/57347_20251117_083614.csv,18,0.6111111111111112,205,2,11.38888888888889,0.1111111111111111,102.5,0.8468468468468469,0.5555555555555556,0.02912751923039876,0.0,0.07790274826615268,1.0295558742773436,0.3154890736851885
Liver Cirrhosis,87609,classes,Data/Datasets/Input/Subsets/Liver Cirrhosis/87609_20251117_083614.csv,14,0.6428571428571429,276,4,19.714285714285715,0.2857142857142857,69.0,0.10810810810810811,0.5,0.0455969468289941,0.0,0.08603746270252932,1.0466524693334887,0.8787438050645843
Liver Cirrhosis,6945,classes,Data/Datasets/Input/Subsets/Liver Cirrhosis/6945_20251117_083614.csv,14,0.5714285714285714,276,4,19.714285714285715,0.2857142857142857,69.0,0.10810810810810811,0.5,0.04688059004736194,0.0011150370487329475,0.13375938305163237,1.047996860352343,0.8273016892126859
Liver Cirrhosis,81311,features,Data/Datasets/Input/Subsets/Liver Cirrhosis/81311_20251117_083614.csv,9,0.5555555555555556,276,4,30.666666666666668,0.4444444444444444,69.0,0.10810810810810811,0.5555555555555556,0.04581850619614561,0.002257798471444167,0.07920284094820515,1.0468843906834466,1.9083584073927857
Liver Cirrhosis,64384,features,Data/Datasets/Input/Subsets/Liver Cirrhosis/64384_20251117_083614.csv,10,0.5,276,4,27.6,0.4,69.0,0.10810810810810811,0.4,0.05433421228522341,0.0,0.13375938305163237,1.0558374170302331,1.207282831472663
Liver Cirrhosis,52391,features,Data/Datasets/Input/Subsets/Liver Cirrhosis/52391_20251117_083614.csv,14,0.5714285714285714,276,4,19.714285714285715,0.2857142857142857,69.0,0.10810810810810811,0.5,0.03997137321016366,0.0,0.13375938305163237,1.0407809795475607,1.1431583281969797
Liver Cirrhosis,49590,features,Data/Datasets/Input/Subsets/Liver Cirrhosis/49590_20251117_083614.csv,15,0.6666666666666666,276,4,18.4,0.26666666666666666,69.0,0.10810810810810811,0.5333333333333333,0.040569747124451744,0.0003252063507837022,0.13375938305163237,1.0414039420998917,0.9707784320315405
Liver Cirrhosis,45431,features,Data/Datasets/Input/Subsets/Liver Cirrhosis/45431_20251117_083614.csv,18,0.6111111111111112,108,3,6.0,0.16666666666666666,36.0,0.5333333333333333,0.5,0.04503460943554782,0.0,0.1637043912118908,1.046064062968996,0.31606788223339755
Liver Cirrhosis,59664,features,Data/Datasets/Input/Subsets/Liver Cirrhosis/59664_20251117_083614.csv,18,0.6111111111111112,126,3,7.0,0.16666666666666666,42.0,0.5283018867924528,0.5555555555555556,0.041985107251836754,0.0,0.10222455111265849,1.0428789473015836,0.4108524874948492
Liver Cirrhosis,49726,instances,Data/Datasets/Input/Subsets/Liver Cirrhosis/49726_20251117_083614.csv,18,0.6111111111111112,179,3,9.944444444444445,0.16666666666666666,59.666666666666664,0.5333333333333333,0.5555555555555556,0.0378870583832806,0.0,0.16622061719216652,1.0386139235183987,0.5647043995123686
Liver Cirrhosis,65905,instances,Data/Datasets/Input/Subsets/Liver Cirrhosis/65905_20251117_083614.csv,18,0.6111111111111112,194,3,10.777777777777779,0.16666666666666666,64.66666666666667,0.524390243902439,0.5555555555555556,0.03529433765652604,0.0,0.0927500263838805,1.0359245755424438,0.6773403285120017
Liver Cirrhosis,56697,instances,Data/Datasets/Input/Subsets/Liver Cirrhosis/56697_20251117_083614.csv,18,0.6111111111111112,226,4,12.555555555555555,0.2222222222222222,56.5,0.10989010989010989,0.5555555555555556,0.03846502083262668,0.0,0.13715469716201056,1.03921437686859,0.7334076126679554
Liver Cirrhosis,21958,instances,Data/Datasets/Input/Subsets/Liver Cirrhosis/21958_20251117_083614.csv,18,0.6111111111111112,264,4,14.666666666666666,0.2222222222222222,66.0,0.11320754716981132,0.5,0.05220516229808514,0.002216112659707732,0.1387266584648218,1.0535918776720807,0.2798530405574617
Magic,43790,features,Data/Datasets/Input/Subsets/Magic/43790_20251117_083622.csv,6,1.0,18905,2,3150.8333333333335,0.3333333333333333,9452.5,0.5330035679532923,0.8333333333333334,0.04684504158917716,0.00913839066505484,0.09413645554765693,1.0479596063419403,1.2983658908090128
Magic,36287,features,Data/Datasets/Input/Subsets/Magic/36287_20251117_083622.csv,9,1.0,18905,2,2100.5555555555557,0.2222222222222222,9452.5,0.5330035679532923,0.7777777777777778,0.05844361396981284,0.008228435848353755,0.12120401782212387,1.0601852043742597,0.22815865787841655
Magic,25903,features,Data/Datasets/Input/Subsets/Magic/25903_20251117_083623.csv,5,1.0,18905,2,3781.0,0.4,9452.5,0.5330035679532923,0.8,0.06175899907852269,0.009191902744473568,0.1212703174102252,1.0637059597182899,1.0920101818075618
Magic,11336,features,Data/Datasets/Input/Subsets/Magic/11336_20251117_083623.csv,5,1.0,18905,2,3781.0,0.4,9452.5,0.5330035679532923,1.0,0.035601464665208346,0.009216675635991933,0.06475657219082276,1.0362427848213813,2.6290769524652418
Magic,56365,features,Data/Datasets/Input/Subsets/Magic/56365_20251117_083623.csv,8,1.0,18905,2,2363.125,0.25,9452.5,0.5330035679532923,0.75,0.050782393017427596,0.008988019379207568,0.12143403861607593,1.0520939253871147,0.5901236532681472
Magic,617,features,Data/Datasets/Input/Subsets/Magic/617_20251117_083623.csv,6,1.0,18905,2,3150.8333333333335,0.3333333333333333,9452.5,0.5330035679532923,0.6666666666666666,0.06380062668292948,0.00913839066505484,0.12119496189673007,1.0658798695706893,0.687554673673791
Magic,10745,features,Data/Datasets/Input/Subsets/Magic/10745_20251117_083623.csv,9,1.0,18905,2,2100.5555555555557,0.2222222222222222,9452.5,0.5330035679532923,0.7777777777777778,0.05763154303138989,0.00911328798744826,0.12120401782212387,1.0593246082602823,0.24546431900382443
Magic,50540,instances,Data/Datasets/Input/Subsets/Magic/50540_20251117_083623.csv,10,1.0,1680,2,168.0,0.2,840.0,0.5328467153284672,0.8,0.04523421022574407,0.004766224851341372,0.11642411889348869,1.0462728790217917,0.4280348007088833
Magic,1769,instances,Data/Datasets/Input/Subsets/Magic/1769_20251117_083623.csv,10,1.0,3550,2,355.0,0.2,1775.0,0.5328151986183074,0.8,0.051477234016086636,0.006160496414522099,0.1309775535752158,1.0528252174173336,0.2548300846260768
Magic,59254,instances,Data/Datasets/Input/Subsets/Magic/59254_20251117_083623.csv,10,1.0,7055,2,705.5,0.2,3527.5,0.5330291177748805,0.8,0.05337683098938648,0.006322098489545569,0.1269953080428885,1.0548270617605149,0.21028000901673763
Magic,64722,instances,Data/Datasets/Input/Subsets/Magic/64722_20251117_083623.csv,10,1.0,9344,2,934.4,0.2,4672.0,0.5330598851517637,0.8,0.053884983820374745,0.010224761430149831,0.12307755959554667,1.0553632113295752,0.1988819620438653
Magic,56208,instances,Data/Datasets/Input/Subsets/Magic/56208_20251117_083624.csv,10,1.0,9688,2,968.8,0.2,4844.0,0.5329113924050632,0.8,0.05497072445243212,0.008805886996523737,0.1244562808180143,1.0565096843232256,0.17513021063984874
Magic,56649,instances,Data/Datasets/Input/Subsets/Magic/56649_20251117_083624.csv,10,1.0,12109,2,1210.9,0.2,6054.5,0.5329788580833017,0.8,0.05618500414605574,0.01238223360251789,0.11880453366236066,1.0577933617930293,0.14976525850636108
Magic,11029,instances,Data/Datasets/Input/Subsets/Magic/11029_20251117_083624.csv,10,1.0,15440,2,1544.0,0.2,7720.0,0.5329626687847498,0.8,0.05646809674822615,0.008056535553898625,0.12101324609200459,1.0580928576589097,0.14399344081155843
Magic,78047,instances,Data/Datasets/Input/Subsets/Magic/78047_20251117_083624.csv,10,1.0,17669,2,1766.9,0.2,8834.5,0.5329689397883047,0.8,0.05626419893330024,0.007995723130832744,0.1215950060236739,1.0578771368304944,0.14814218365991175
Mobile Price Classification,16635,classes,Data/Datasets/Input/Subsets/Mobile Price Classification/16635_20251117_083626.csv,19,0.6842105263157895,739,2,38.89473684210526,0.10526315789473684,369.5,0.9812332439678284,0.15789473684210525,0.007039226790547961,0.0,0.030616778417296153,1.0070640603830183,4.182255161789066
Mobile Price Classification,4516,classes,Data/Datasets/Input/Subsets/Mobile Price Classification/4516_20251117_083626.csv,11,0.6363636363636364,3000,8,272.72727272727275,0.7272727272727273,375.0,0.7956730769230769,0.09090909090909091,0.004137443181785566,0.0,0.020705393225584068,1.004146014216473,44.65306900957026
Mobile Price Classification,62720,classes,Data/Datasets/Input/Subsets/Mobile Price Classification/62720_20251117_083626.csv,14,0.7857142857142857,3000,8,214.28571428571428,0.5714285714285714,375.0,0.7956730769230769,0.14285714285714285,0.004707486160865901,0.0,0.020153534476554213,1.0047185837809742,30.52663497962468
Mobile Price Classification,38882,classes,Data/Datasets/Input/Subsets/Mobile Price Classification/38882_20251117_083626.csv,15,0.6666666666666666,3000,8,200.0,0.5333333333333333,375.0,0.7956730769230769,0.13333333333333333,0.0018524209179271555,0.0,0.017598086765950427,1.0018541377094656,73.77626530074491
Mobile Price Classification,16362,classes,Data/Datasets/Input/Subsets/Mobile Price Classification/16362_20251117_083626.csv,17,0.7058823529411765,3000,8,176.47058823529412,0.47058823529411764,375.0,0.7956730769230769,0.058823529411764705,0.005143193590530903,0.0,0.029131583691271334,1.005156442514875,22.76363718882528
Mobile Price Classification,53638,features,Data/Datasets/Input/Subsets/Mobile Price Classification/53638_20251117_083626.csv,16,0.75,3000,8,187.5,0.5,375.0,0.7956730769230769,0.125,0.0036190373195975458,0.0,0.018066690161164356,1.003625593942326,34.88241475955221
Mobile Price Classification,73988,features,Data/Datasets/Input/Subsets/Mobile Price Classification/73988_20251117_083626.csv,19,0.6842105263157895,203,8,10.68421052631579,0.42105263157894735,25.375,0.7857142857142857,0.05263157894736842,0.024494330907565785,0.0,0.1158171953336824,1.0247967814230508,3.463938280723421
Mobile Price Classification,99320,features,Data/Datasets/Input/Subsets/Mobile Price Classification/99320_20251117_083626.csv,19,0.6842105263157895,1141,8,60.05263157894737,0.42105263157894735,142.625,0.7974683544303798,0.05263157894736842,0.009220886671454057,0.0,0.042879595484838884,1.009263530015997,10.859679707983199
Mobile Price Classification,16944,features,Data/Datasets/Input/Subsets/Mobile Price Classification/16944_20251117_083626.csv,19,0.6842105263157895,1772,8,93.26315789473684,0.42105263157894735,221.5,0.7967479674796748,0.10526315789473684,0.0059630688826454205,0.0,0.045844876997747974,1.0059808833699637,17.338959983955633
Mobile Price Classification,44617,features,Data/Datasets/Input/Subsets/Mobile Price Classification/44617_20251117_083626.csv,19,0.6842105263157895,1877,8,98.78947368421052,0.42105263157894735,234.625,0.7961538461538461,0.10526315789473684,0.00909680038168086,0.0,0.053380564793013896,1.0091383020188531,11.021328734182745
Mobile Price Classification,83956,instances,Data/Datasets/Input/Subsets/Mobile Price Classification/83956_20251117_083626.csv,19,0.6842105263157895,2465,8,129.73684210526315,0.42105263157894735,308.125,0.7953216374269005,0.10526315789473684,0.004809484730615417,0.0,0.026099320325221775,1.0048210688660977,21.73744739660635
Mushroom,56276,classes,Data/Datasets/Input/Subsets/Mushroom/56276_20251117_083627.csv,22,0.0,4596,8,208.9090909090909,0.36363636363636365,574.5,0.016666666666666666,0.0,0.35611734444419413,0.0,0.8545381212345639,1.4277750799073847,-0.7917059951946788
Mushroom,22706,classes,Data/Datasets/Input/Subsets/Mushroom/22706_20251117_083627.csv,20,0.0,8124,9,406.2,0.45,902.6666666666666,0.01020408163265306,0.0,0.3183641651317854,0.02093983329649797,0.6598973310110031,1.3748768522832255,-0.747506823996843
Mushroom,26206,classes,Data/Datasets/Input/Subsets/Mushroom/26206_20251117_083627.csv,16,0.0,8124,9,507.75,0.5625,902.6666666666666,0.01020408163265306,0.0,0.31492907614864946,0.0,0.6598973310110031,1.3701621303355673,-0.6809409432642554
Mushroom,74213,classes,Data/Datasets/Input/Subsets/Mushroom/74213_20251117_083627.csv,17,0.0,8124,9,477.88235294117646,0.5294117647058824,902.6666666666666,0.01020408163265306,0.0,0.344581275566113,0.02093983329649797,0.6598973310110031,1.4113988087528204,-0.7255500076393953
Mushroom,41121,classes,Data/Datasets/Input/Subsets/Mushroom/41121_20251117_083627.csv,16,0.0,8124,9,507.75,0.5625,902.6666666666666,0.01020408163265306,0.0,0.34331685271771817,0.02093983329649797,0.6598973310110031,1.4096153316230657,-0.7073229199812542
Mushroom,56420,features,Data/Datasets/Input/Subsets/Mushroom/56420_20251117_083627.csv,14,0.0,8124,9,580.2857142857143,0.6428571428571429,902.6666666666666,0.01020408163265306,0.0,0.31042345406571586,0.0,0.6598973310110031,1.364002584297472,-0.6300685488672569
Mushroom,1936,features,Data/Datasets/Input/Subsets/Mushroom/1936_20251117_083627.csv,22,0.0,366,7,16.636363636363637,0.3181818181818182,52.285714285714285,0.07317073170731707,0.0,0.290038004139359,0.0,0.6606957562789167,1.3364782787670932,-0.763798690574841
Mushroom,82717,features,Data/Datasets/Input/Subsets/Mushroom/82717_20251117_083627.csv,22,0.0,2216,9,100.72727272727273,0.4090909090909091,246.22222222222223,0.010395010395010396,0.0,0.31023794202227273,0.0,0.6756695334441041,1.3637495688602281,-0.7643090727870137
Mushroom,27552,features,Data/Datasets/Input/Subsets/Mushroom/27552_20251117_083627.csv,22,0.0,4321,9,196.4090909090909,0.4090909090909091,480.1111111111111,0.010122535961640916,0.0,0.3029376645443551,0.0,0.6482943388858166,1.3538300701976473,-0.7588283946424486
Mushroom,96544,features,Data/Datasets/Input/Subsets/Mushroom/96544_20251117_083627.csv,22,0.0,6492,9,295.09090909090907,0.4090909090909091,721.3333333333334,0.010287335934728628,0.0,0.30378405687992854,0.0,0.6562832933664319,1.3549764266579567,-0.7594121801849288
Mushroom,17688,instances,Data/Datasets/Input/Subsets/Mushroom/17688_20251117_083627.csv,22,0.0,7865,9,357.5,0.4090909090909091,873.8888888888889,0.010248901903367497,0.0,0.305275346056643,0.0,0.659840982425093,1.3569985957824338,-0.7605884038180362
Nursery,50368,classes,Data/Datasets/Input/Subsets/Nursery/50368_20251117_083630.csv,8,0.125,8586,2,1073.25,0.25,4293.0,0.9875,0.0,0.0950792266806046,0.00033876548613409607,0.6931274027308905,1.0997459808982892,-0.08875021004945385
Nursery,41015,classes,Data/Datasets/Input/Subsets/Nursery/41015_20251117_083630.csv,8,0.125,12630,3,1578.75,0.375,4210.0,0.9361111111111111,0.0,0.10448327537030959,0.0014998731693540712,0.6525425732572254,1.1101368270836172,0.31385564872842603
Nursery,28180,classes,Data/Datasets/Input/Subsets/Nursery/28180_20251117_083630.csv,8,0.125,8310,2,1038.75,0.25,4155.0,0.9479606188466948,0.0,0.037151051133113726,0.0022496224579068302,0.19191101303540137,1.0378497773836077,1.3309915758252333
Nursery,68474,features,Data/Datasets/Input/Subsets/Nursery/68474_20251117_083630.csv,7,0.14285714285714285,12958,4,1851.142857142857,0.5714285714285714,3239.5,0.07592592592592592,0.0,0.12514296069398384,0.002896962775866277,0.6645051449782055,1.1333104603361233,0.35668722708214884
Nursery,78184,features,Data/Datasets/Input/Subsets/Nursery/78184_20251117_083630.csv,4,0.0,12958,4,3239.5,1.0,3239.5,0.07592592592592592,0.0,0.020702928547023516,0.003649219340320014,0.050392631443368724,1.0209187207765376,13.351339130959147
Nursery,2941,features,Data/Datasets/Input/Subsets/Nursery/2941_20251117_083630.csv,4,0.25,12958,4,3239.5,1.0,3239.5,0.07592592592592592,0.0,0.05014307551430651,0.003649219340320014,0.13311085472358064,1.0514215182894033,4.925339551571359
Nursery,70643,features,Data/Datasets/Input/Subsets/Nursery/70643_20251117_083630.csv,5,0.0,12958,4,2591.6,0.8,3239.5,0.07592592592592592,0.0,0.14784813015879725,0.002896962775866277,0.6645051449782055,1.1593368146946166,0.6076753802066037
Nursery,24334,features,Data/Datasets/Input/Subsets/Nursery/24334_20251117_083630.csv,5,0.0,12958,4,2591.6,0.8,3239.5,0.07592592592592592,0.0,0.14784813015879725,0.002896962775866277,0.6645051449782055,1.1593368146946166,0.6076753802066037
Nursery,39109,features,Data/Datasets/Input/Subsets/Nursery/39109_20251117_083630.csv,4,0.25,12958,4,3239.5,1.0,3239.5,0.07592592592592592,0.0,0.05043767894931607,0.002896962775866277,0.13311085472358064,1.0517313163118744,4.890730001293579
Nursery,12024,instances,Data/Datasets/Input/Subsets/Nursery/12024_20251117_083630.csv,8,0.125,1349,4,168.625,0.5,337.25,0.07555555555555556,0.0,0.11426810975230077,0.0045163214729389695,0.6661460394913445,1.121052649743769,0.29976910588468025
Nursery,97499,instances,Data/Datasets/Input/Subsets/Nursery/97499_20251117_083630.csv,8,0.125,3413,4,426.625,0.5,853.25,0.07557117750439367,0.0,0.11286674074085028,0.0036926141672992685,0.6640979822012197,1.1194827415674682,0.31588962257595726
Nursery,94743,instances,Data/Datasets/Input/Subsets/Nursery/94743_20251117_083630.csv,8,0.125,5646,4,705.75,0.5,1411.5,0.07598299681190224,0.0,0.11427507657991928,0.0030211525323943916,0.6664016904497898,1.121060459951537,0.3000408045570629
Nursery,74946,instances,Data/Datasets/Input/Subsets/Nursery/74946_20251117_083630.csv,8,0.125,6620,4,827.5,0.5,1655.0,0.076121431807884,0.0,0.11162943318968502,0.00328141588396709,0.6630979454087612,1.1180984536894538,0.33099516030221704
Nursery,3602,instances,Data/Datasets/Input/Subsets/Nursery/3602_20251117_083630.csv,8,0.125,10358,4,1294.75,0.5,2589.5,0.0758760498117579,0.0,0.11172322764278544,0.0033933143670743238,0.6643616751385997,1.118203330040763,0.32964180644362784
Nursery,65344,instances,Data/Datasets/Input/Subsets/Nursery/65344_20251117_083630.csv,8,0.125,12752,4,1594.0,0.5,3188.0,0.07598212185368149,0.0,0.11139305277978,0.002778748099746646,0.664308831365767,1.1178341883534613,0.3336824181324665
Page Blocks,38742,classes,Data/Datasets/Input/Subsets/Page Blocks/38742_20251117_083634.csv,10,1.0,427,2,42.7,0.2,213.5,0.36421725239616615,0.8,0.20666489084512074,0.06595379954733738,0.4432206034750181,1.2295704624152743,-0.7192407484829912
Page Blocks,72373,classes,Data/Datasets/Input/Subsets/Page Blocks/72373_20251117_083634.csv,7,1.0,5406,5,772.2857142857143,0.7142857142857143,1081.2,0.0057271425649417056,1.0,0.13745790348974438,0.0729000210259203,0.2230594409153004,1.1473534053810397,-0.5679224513549649
Page Blocks,5334,classes,Data/Datasets/Input/Subsets/Page Blocks/5334_20251117_083635.csv,8,1.0,5406,5,675.75,0.625,1081.2,0.0057271425649417056,1.0,0.13188343229039742,0.05509896895911881,0.2266038753357702,1.140975310636456,-0.6059519089586082
Page Blocks,83789,classes,Data/Datasets/Input/Subsets/Page Blocks/83789_20251117_083635.csv,8,1.0,5406,5,675.75,0.625,1081.2,0.0057271425649417056,1.0,0.1260857153611181,0.05509896895911881,0.2266038753357702,1.1343793978556636,-0.5878326534835714
Page Blocks,91273,classes,Data/Datasets/Input/Subsets/Page Blocks/91273_20251117_083635.csv,7,1.0,5406,5,772.2857142857143,0.7142857142857143,1081.2,0.0057271425649417056,1.0,0.11651193125678175,0.05543414150780235,0.2230594409153004,1.1235709160003429,-0.4902455624837344
Page Blocks,66186,features,Data/Datasets/Input/Subsets/Page Blocks/66186_20251117_083635.csv,5,1.0,5406,5,1081.2,1.0,1081.2,0.0057271425649417056,1.0,0.11714680336250001,0.056788645849086716,0.19932132170388317,1.1242844663163365,-0.29021141689090696
Page Blocks,91724,features,Data/Datasets/Input/Subsets/Page Blocks/91724_20251117_083635.csv,10,1.0,1148,4,114.8,0.4,287.0,0.012452107279693486,1.0,0.1089964975799705,0.04424128144634554,0.17269452610446834,1.1151584445813356,-0.6479054039959288
Page Blocks,48296,features,Data/Datasets/Input/Subsets/Page Blocks/48296_20251117_083635.csv,10,1.0,2014,5,201.4,0.5,402.8,0.0054914881933003845,1.0,0.12391634227195145,0.049621127780486995,0.22982942072347123,1.1319211730844538,-0.6643335709205059
Page Blocks,7011,features,Data/Datasets/Input/Subsets/Page Blocks/7011_20251117_083635.csv,10,1.0,2270,5,227.0,0.5,454.0,0.0058451047247929854,1.0,0.11242686310560308,0.03950808819948537,0.20741741705110295,1.118990414436193,-0.6300451736587976
Page Blocks,68573,features,Data/Datasets/Input/Subsets/Page Blocks/68573_20251117_083635.csv,10,1.0,4004,5,400.4,0.5,800.8,0.00579950289975145,1.0,0.12694413776432467,0.055159392486541226,0.2194332835043289,1.1353535926200016,-0.6723904200399133
Page Blocks,76166,instances,Data/Datasets/Input/Subsets/Page Blocks/76166_20251117_083635.csv,10,1.0,5392,5,539.2,0.5,1078.4,0.005742411812961444,1.0,0.12522244250924172,0.054582156921555214,0.22635455779836233,1.133400541488621,-0.667746539840479
Pendigits,33427,classes,Data/Datasets/Input/Subsets/Pendigits/33427_20251117_083643.csv,16,1.0,8794,8,549.625,0.5,1099.25,0.9222027972027972,0.375,0.4939723726642551,0.1995284664646353,0.6753701285482987,1.6388132841235008,-0.7369994541389485
Pendigits,24492,classes,Data/Datasets/Input/Subsets/Pendigits/24492_20251117_083643.csv,12,1.0,10992,10,916.0,0.8333333333333334,1099.2,0.9222027972027972,0.25,0.4600696521775151,0.25174815336881373,0.8433672314363378,1.5841843230394796,-0.5830733532772712
Pendigits,48768,classes,Data/Datasets/Input/Subsets/Pendigits/48768_20251117_083644.csv,15,1.0,10992,10,732.8,0.6666666666666666,1099.2,0.9222027972027972,0.13333333333333333,0.5102206542938696,0.2506538693583349,0.8420209990433318,1.6656586891416896,-0.69924338307044
Pendigits,44586,classes,Data/Datasets/Input/Subsets/Pendigits/44586_20251117_083644.csv,10,1.0,10992,10,1099.2,1.0,1099.2,0.9222027972027972,0.1,0.5080144983170017,0.26234529127645434,0.8519941529929422,1.661988036773841,-0.5469059297085559
Pendigits,67805,classes,Data/Datasets/Input/Subsets/Pendigits/67805_20251117_083644.csv,13,1.0,10992,10,845.5384615384615,0.7692307692307693,1099.2,0.9222027972027972,0.23076923076923078,0.5276771107224816,0.2506911101353002,0.8384924424428943,1.6949904569905294,-0.6644533733395552
Pendigits,30123,features,Data/Datasets/Input/Subsets/Pendigits/30123_20251117_083644.csv,14,1.0,10992,10,785.1428571428571,0.7142857142857143,1099.2,0.9222027972027972,0.21428571428571427,0.527411263508344,0.25721381975390134,0.8496236305466347,1.6945399083907473,-0.6882639348406783
Pendigits,45707,features,Data/Datasets/Input/Subsets/Pendigits/45707_20251117_083644.csv,16,1.0,152,10,9.5,0.625,15.2,0.875,0.1875,0.5376649152353186,0.18543650352406393,0.9462793042724442,1.71200451543295,-0.7325324714806324
Pendigits,61800,features,Data/Datasets/Input/Subsets/Pendigits/61800_20251117_083644.csv,16,1.0,2290,10,143.125,0.625,229.0,0.9243697478991597,0.1875,0.5088025989019773,0.24367796557232424,0.8425734377916689,1.6632983667859487,-0.7172512725786221
Pendigits,82126,features,Data/Datasets/Input/Subsets/Pendigits/82126_20251117_083644.csv,16,1.0,5845,10,365.3125,0.625,584.5,0.9226973684210527,0.1875,0.5038820449849062,0.2420455163222095,0.8406540524073951,1.6551341202722036,-0.7144929383512636
Pendigits,76538,features,Data/Datasets/Input/Subsets/Pendigits/76538_20251117_083644.csv,16,1.0,7966,10,497.875,0.625,796.6,0.9215922798552473,0.1875,0.5028493484952352,0.2369974876923493,0.8496115441417018,1.6534257513413886,-0.7139068661959408
Pendigits,1644,instances,Data/Datasets/Input/Subsets/Pendigits/1644_20251117_083644.csv,16,1.0,10306,10,644.125,0.625,1030.6,0.9217148182665424,0.1875,0.5097941979877947,0.24636233053689205,0.8426295305627503,1.664948509930901,-0.7178055000376796
Pima Indians Diabetes,28710,features,Data/Datasets/Input/Subsets/Pima Indians Diabetes/28710_20251117_083645.csv,5,1.0,768,2,153.6,0.4,384.0,0.536,1.0,0.0450798852965991,0.0,0.09665194088534057,1.046111425492343,1.8695699485823036
Pima Indians Diabetes,79064,features,Data/Datasets/Input/Subsets/Pima Indians Diabetes/79064_20251117_083645.csv,4,1.0,768,2,192.0,0.5,384.0,0.536,1.0,0.047501328617191085,0.0,0.0814371559657372,1.048647594371581,2.4041122611316212
Pima Indians Diabetes,95849,features,Data/Datasets/Input/Subsets/Pima Indians Diabetes/95849_20251117_083645.csv,7,1.0,768,2,109.71428571428571,0.2857142857142857,384.0,0.536,1.0,0.054303890668717214,0.014057752801804213,0.10808814168985115,1.055805402818345,0.7015340171720255
Pima Indians Diabetes,67818,features,Data/Datasets/Input/Subsets/Pima Indians Diabetes/67818_20251117_083645.csv,5,1.0,768,2,153.6,0.4,384.0,0.536,1.0,0.060341890170611555,0.006567691634129735,0.1160725108498919,1.0621996400889395,1.1437824331803985
Pima Indians Diabetes,1308,features,Data/Datasets/Input/Subsets/Pima Indians Diabetes/1308_20251117_083645.csv,4,1.0,768,2,192.0,0.5,384.0,0.536,1.0,0.04812544239975536,0.0024964551302570914,0.0814371559657372,1.04930227406434,2.3599661032236976
Pima Indians Diabetes,13230,features,Data/Datasets/Input/Subsets/Pima Indians Diabetes/13230_20251117_083645.csv,4,1.0,768,2,192.0,0.5,384.0,0.536,1.0,0.05121888928879503,0.006304941095019112,0.08792798061155538,1.052553260704458,2.1570355665872865
Pima Indians Diabetes,19365,features,Data/Datasets/Input/Subsets/Pima Indians Diabetes/19365_20251117_083645.csv,6,1.0,768,2,128.0,0.3333333333333333,384.0,0.536,1.0,0.042144367312789734,0.0,0.11254996744847667,1.0430450494926689,1.5578721503589206
Pima Indians Diabetes,17974,instances,Data/Datasets/Input/Subsets/Pima Indians Diabetes/17974_20251117_083645.csv,8,1.0,118,2,14.75,0.25,59.0,0.5324675324675324,0.625,0.03644200629797942,0.0,0.07747264914797958,1.0371141561843338,1.2153644047549856
Pima Indians Diabetes,53960,instances,Data/Datasets/Input/Subsets/Pima Indians Diabetes/53960_20251117_083645.csv,8,1.0,203,2,25.375,0.25,101.5,0.5378787878787878,0.875,0.05390339851259948,0.0,0.14153814658767172,1.0553826456972355,0.5010510720043031
Pima Indians Diabetes,13729,instances,Data/Datasets/Input/Subsets/Pima Indians Diabetes/13729_20251117_083645.csv,8,1.0,301,2,37.625,0.25,150.5,0.5357142857142857,1.0,0.03791744372219577,0.0,0.08740487639503902,1.0386454826339315,1.1320129648231978
Pima Indians Diabetes,37986,instances,Data/Datasets/Input/Subsets/Pima Indians Diabetes/37986_20251117_083645.csv,8,1.0,429,2,53.625,0.25,214.5,0.5376344086021505,0.875,0.05063714941297534,0.02685903717407978,0.09555715279313781,1.0519411265699632,0.5977151422614313
Pima Indians Diabetes,33858,instances,Data/Datasets/Input/Subsets/Pima Indians Diabetes/33858_20251117_083645.csv,8,1.0,492,2,61.5,0.25,246.0,0.5375,1.0,0.042795012714335834,0.011020368358973798,0.09375638590959312,1.0437239227866708,0.8903915222497244
Pima Indians Diabetes,10299,instances,Data/Datasets/Input/Subsets/Pima Indians Diabetes/10299_20251117_083645.csv,8,1.0,526,2,65.75,0.25,263.0,0.5380116959064327,1.0,0.0476967132791907,0.0070942546032921605,0.11686148220812465,1.0488525040448158,0.6964713788046846
Pima Indians Diabetes,72305,instances,Data/Datasets/Input/Subsets/Pima Indians Diabetes/72305_20251117_083645.csv,8,1.0,638,2,79.75,0.25,319.0,0.5373493975903615,1.0,0.045307947894991984,0.0,0.10891296947973617,1.0463500315897782,0.7854347271993395
Pima Indians Diabetes,76677,instances,Data/Datasets/Input/Subsets/Pima Indians Diabetes/76677_20251117_083645.csv,8,1.0,696,2,87.0,0.25,348.0,0.5364238410596026,1.0,0.047288334198279824,0.0,0.12339714940918478,1.0484242620716862,0.7100183416456148
Ring,9723,features,Data/Datasets/Input/Subsets/Ring/9723_20251117_083653.csv,14,1.0,7400,2,528.5714285714286,0.14285714285714285,3700.0,0.9807280513918629,1.0,0.08711208935245991,0.07695346799831126,0.10585505142627039,1.0910189644739896,-0.43168471535197833
Ring,53448,features,Data/Datasets/Input/Subsets/Ring/53448_20251117_083653.csv,13,1.0,7400,2,569.2307692307693,0.15384615384615385,3700.0,0.9807280513918629,1.0,0.08660309118893507,0.07101681250182801,0.10557878907479967,1.090463779130848,-0.38437101913185195
Ring,11160,features,Data/Datasets/Input/Subsets/Ring/11160_20251117_083653.csv,12,1.0,7400,2,616.6666666666666,0.16666666666666666,3700.0,0.9807280513918629,1.0,0.08831212682181155,0.07671148369678882,0.10293454464968721,1.0923290140081796,-0.3459752065994515
Ring,8088,features,Data/Datasets/Input/Subsets/Ring/8088_20251117_083653.csv,18,1.0,7400,2,411.1111111111111,0.1111111111111111,3700.0,0.9807280513918629,1.0,0.08690776438572952,0.07456567547169524,0.10395633024256545,1.0907960648331274,-0.55693778028052
Ring,23100,features,Data/Datasets/Input/Subsets/Ring/23100_20251117_083654.csv,18,1.0,7400,2,411.1111111111111,0.1111111111111111,3700.0,0.9807280513918629,1.0,0.08679682182004138,0.07456567547169524,0.10645304678740053,1.090675055831701,-0.556371463929478
Ring,62712,features,Data/Datasets/Input/Subsets/Ring/62712_20251117_083654.csv,13,1.0,7400,2,569.2307692307693,0.15384615384615385,3700.0,0.9807280513918629,1.0,0.08803447886637822,0.07837945449128636,0.10431195979106977,1.0920257731898244,-0.39438077608661365
Ring,64563,features,Data/Datasets/Input/Subsets/Ring/64563_20251117_083654.csv,12,1.0,7400,2,616.6666666666666,0.16666666666666666,3700.0,0.9807280513918629,1.0,0.0882164481691128,0.0725988730151852,0.10293454464968721,1.0922245064394671,-0.34526585803279664
Ring,64394,instances,Data/Datasets/Input/Subsets/Ring/64394_20251117_083654.csv,20,1.0,906,2,45.3,0.1,453.0,0.9824945295404814,1.0,0.0869027517633357,0.05373269280076398,0.12004167921603681,1.0907905970980496,-0.6012161977931587
Ring,73022,instances,Data/Datasets/Input/Subsets/Ring/73022_20251117_083654.csv,20,1.0,1879,2,93.95,0.1,939.5,0.9799789251844047,1.0,0.09018446486429968,0.07259104198716959,0.1089313556492637,1.0943761390330098,-0.6157342304627992
Ring,32007,instances,Data/Datasets/Input/Subsets/Ring/32007_20251117_083654.csv,20,1.0,2428,2,121.4,0.1,1214.0,0.9804241435562806,1.0,0.08785284442813865,0.06183519993918751,0.12942348363579637,1.0918274417144263,-0.6055344987182955
Ring,27513,instances,Data/Datasets/Input/Subsets/Ring/27513_20251117_083654.csv,20,1.0,2841,2,142.05,0.1,1420.5,0.9811715481171548,1.0,0.08833844775806746,0.07395409812052534,0.11588554756261837,1.0923577655089094,-0.6077008158097812
Ring,94750,instances,Data/Datasets/Input/Subsets/Ring/94750_20251117_083654.csv,20,1.0,4535,2,226.75,0.1,2267.5,0.980349344978166,1.0,0.08771033440329976,0.07358751152672127,0.12199390276547395,1.0916718564450814,-0.604893794292253
Ring,36425,instances,Data/Datasets/Input/Subsets/Ring/36425_20251117_083654.csv,20,1.0,4819,2,240.95,0.1,2409.5,0.980682285244554,1.0,0.08507835320901055,0.0681287521745173,0.10807132693670285,1.088802374516306,-0.592669819897855
Ring,58037,instances,Data/Datasets/Input/Subsets/Ring/58037_20251117_083654.csv,20,1.0,5761,2,288.05,0.1,2880.5,0.9804056376761774,1.0,0.08572843777953587,0.06735888891530895,0.11668464210031915,1.0895104182595512,-0.5957594405359818
Ring,93397,instances,Data/Datasets/Input/Subsets/Ring/93397_20251117_083655.csv,20,1.0,7196,2,359.8,0.1,3598.0,0.9807321772639692,1.0,0.08601288362437494,0.07349904579042188,0.10737097540224161,1.0898203690509516,-0.5970953203462578
Salaries 2023,5991,classes,Data/Datasets/Input/Subsets/Salaries 2023/5991_20251117_083655.csv,10,0.3,1650,2,165.0,0.2,825.0,0.06177606177606178,0.2,0.02190480033281336,0.0004145507358481737,0.12935953659994381,1.022146471834512,0.013180397073458782
Salaries 2023,9756,classes,Data/Datasets/Input/Subsets/Salaries 2023/9756_20251117_083655.csv,6,0.5,2584,4,430.6666666666667,0.6666666666666666,646.0,0.06177606177606178,0.3333333333333333,0.0879309852552122,0.018963077428256536,0.18261383583017343,1.0919127613471733,0.9206699935339461
Salaries 2023,13044,classes,Data/Datasets/Input/Subsets/Salaries 2023/13044_20251117_083655.csv,5,0.4,2584,4,516.8,0.8,646.0,0.06177606177606178,0.4,0.07914496351630924,0.013243163310752254,0.17895676756970347,1.0823612135857053,1.5606643411505499
Salaries 2023,15741,features,Data/Datasets/Input/Subsets/Salaries 2023/15741_20251117_083655.csv,8,0.375,2584,4,323.0,0.5,646.0,0.06177606177606178,0.25,0.1527234860695053,0.018963077428256536,0.5675229547078426,1.1650027948987478,-0.1706265557379591
Salaries 2023,2510,features,Data/Datasets/Input/Subsets/Salaries 2023/2510_20251117_083655.csv,5,0.2,2584,4,516.8,0.8,646.0,0.06177606177606178,0.2,0.18020240864416665,0.033398096469582805,0.5675229547078426,1.1974597147912613,0.12464471137042567
Salaries 2023,26560,features,Data/Datasets/Input/Subsets/Salaries 2023/26560_20251117_083655.csv,9,0.3333333333333333,2584,4,287.1111111111111,0.4444444444444444,646.0,0.06177606177606178,0.2222222222222222,0.13161729038578582,0.013243163310752254,0.5675229547078426,1.1406716896990878,-0.14455816361444132
Salaries 2023,71737,features,Data/Datasets/Input/Subsets/Salaries 2023/71737_20251117_083655.csv,6,0.5,2584,4,430.6666666666667,0.6666666666666666,646.0,0.06177606177606178,0.3333333333333333,0.16029210998709179,0.018963077428256536,0.5675229547078426,1.1738537153088744,0.053616456200883636
Salaries 2023,72990,features,Data/Datasets/Input/Subsets/Salaries 2023/72990_20251117_083655.csv,10,0.3,426,4,42.6,0.4,106.5,0.0625,0.2,0.14885221887450015,0.0,0.762700365023592,1.1605014763218988,-0.3177725058394855
Salaries 2023,57165,features,Data/Datasets/Input/Subsets/Salaries 2023/57165_20251117_083655.csv,10,0.3,858,4,85.8,0.4,214.5,0.06201550387596899,0.2,0.1507247057063191,0.007543106592015958,0.6727618521894527,1.1626765358042204,-0.32727911009579586
Salaries 2023,83406,instances,Data/Datasets/Input/Subsets/Salaries 2023/83406_20251117_083655.csv,10,0.3,929,4,92.9,0.4,232.25,0.06082289803220036,0.2,0.1609504848864456,0.011124186604134279,0.6657050254755592,1.1746268055942413,-0.3712997677200033
Salaries 2023,63053,instances,Data/Datasets/Input/Subsets/Salaries 2023/63053_20251117_083655.csv,10,0.3,1447,4,144.7,0.4,361.75,0.06206896551724138,0.2,0.14707294337939508,0.01438684844859147,0.6369135427041092,1.1584384603641775,-0.31078703732987206
Salaries 2023,4254,instances,Data/Datasets/Input/Subsets/Salaries 2023/4254_20251117_083655.csv,10,0.3,2006,4,200.6,0.4,501.5,0.06218905472636816,0.2,0.13868485770553432,0.0157867853369819,0.6034228053251233,1.1487620194545483,-0.2687605319353742
Salaries 2023,46480,instances,Data/Datasets/Input/Subsets/Salaries 2023/46480_20251117_083655.csv,10,0.3,2557,4,255.7,0.4,639.25,0.06176853055916775,0.2,0.13310829589250842,0.013390125547857679,0.5681491906901295,1.1423737060123271,-0.23883121282219316
Segmentation,40886,classes,Data/Datasets/Input/Subsets/Segmentation/40886_20251117_083659.csv,18,0.8888888888888888,1195,4,66.38888888888889,0.2222222222222222,298.75,0.99,0.3888888888888889,0.6146281766692816,0.005941087318834841,1.1084985494313666,1.8489689819248556,-0.8746952532389315
Segmentation,7739,classes,Data/Datasets/Input/Subsets/Segmentation/7739_20251117_083659.csv,13,0.8461538461538461,2086,7,160.46153846153845,0.5384615384615384,298.0,0.9733333333333334,0.7692307692307693,0.6421986235131418,0.017763383616382845,1.119421525501216,1.9006551138620367,-0.7669221272968861
Segmentation,84895,classes,Data/Datasets/Input/Subsets/Segmentation/84895_20251117_083659.csv,12,0.8333333333333334,2086,7,173.83333333333334,0.5833333333333334,298.0,0.9733333333333334,0.75,0.6787501181118397,0.017763383616382845,1.188905751856018,1.9714121593619034,-0.7610964495188474
Segmentation,23487,classes,Data/Datasets/Input/Subsets/Segmentation/23487_20251117_083659.csv,12,0.9166666666666666,2086,7,173.83333333333334,0.5833333333333334,298.0,0.9733333333333334,0.75,0.8540786953091916,0.017763383616382845,1.1897308409705072,2.349209045947868,-0.8101394941742259
Segmentation,27339,classes,Data/Datasets/Input/Subsets/Segmentation/27339_20251117_083659.csv,16,0.875,2086,7,130.375,0.4375,298.0,0.9733333333333334,0.75,0.7264554060971833,0.017763383616382845,1.1880189935010728,2.0677383100235236,-0.8325886781086937
Segmentation,99273,features,Data/Datasets/Input/Subsets/Segmentation/99273_20251117_083659.csv,12,0.8333333333333334,2086,7,173.83333333333334,0.5833333333333334,298.0,0.9733333333333334,0.6666666666666666,0.6573942568092671,0.017763383616382845,1.188905751856018,1.9297573252704938,-0.7533355190940355
Segmentation,32317,features,Data/Datasets/Input/Subsets/Segmentation/32317_20251117_083659.csv,18,0.8888888888888888,422,7,23.444444444444443,0.3888888888888889,60.285714285714285,0.9672131147540983,0.7777777777777778,0.6958120055074739,0.014466003403984525,1.2070450817694383,2.0053367574991627,-0.8446385400756001
Segmentation,35289,features,Data/Datasets/Input/Subsets/Segmentation/35289_20251117_083659.csv,18,0.8888888888888888,514,7,28.555555555555557,0.3888888888888889,73.42857142857143,0.972972972972973,0.7777777777777778,0.697922906843738,0.01898244244596719,1.2096172143635118,2.0095742964800705,-0.8451069927765837
Segmentation,22950,features,Data/Datasets/Input/Subsets/Segmentation/22950_20251117_083659.csv,18,0.8888888888888888,1089,7,60.5,0.3888888888888889,155.57142857142858,0.9681528662420382,0.7222222222222222,0.7109548298550467,0.022181649914353625,1.212962303808297,2.0359343017155536,-0.847946916949758
Segmentation,78166,features,Data/Datasets/Input/Subsets/Segmentation/78166_20251117_083659.csv,18,0.8888888888888888,1636,7,90.88888888888889,0.3888888888888889,233.71428571428572,0.9744680851063829,0.7222222222222222,0.7189937647863135,0.01784863985858589,1.1976592219449265,2.0523670073207794,-0.8496454675827796
Segmentation,82316,instances,Data/Datasets/Input/Subsets/Segmentation/82316_20251117_083659.csv,18,0.8888888888888888,1763,7,97.94444444444444,0.3888888888888889,251.85714285714286,0.9724409448818898,0.7222222222222222,0.7179945253074411,0.018996043019849456,1.2012935548674628,2.050317225463962,-0.8494361006730671
Students Performance,10381,classes,Data/Datasets/Input/Subsets/Students Performance/10381_20251117_083700.csv,13,0.38461538461538464,1625,2,125.0,0.15384615384615385,812.5,0.34186622625928986,0.07692307692307693,0.05318718317438878,0.0,0.4477317668305141,1.0546270350809623,-0.1792205944968699
Students Performance,34722,classes,Data/Datasets/Input/Subsets/Students Performance/34722_20251117_083700.csv,9,0.2222222222222222,2392,5,265.77777777777777,0.5555555555555556,478.4,0.08835672997522709,0.0,0.0035809086337855486,0.0,0.015742652550641757,1.0035873277469063,40.236436263182995
Students Performance,55249,classes,Data/Datasets/Input/Subsets/Students Performance/55249_20251117_083700.csv,10,0.3,2392,5,239.2,0.5,478.4,0.08835672997522709,0.0,0.10140991754389428,0.0,0.983156139134987,1.1067302169251396,0.31049825101887263
Students Performance,88203,classes,Data/Datasets/Input/Subsets/Students Performance/88203_20251117_083700.csv,10,0.5,2392,5,239.2,0.5,478.4,0.08835672997522709,0.0,0.14763212305647777,0.0,0.9835741993356559,1.1590864167535027,-0.09980621543726902
Students Performance,83701,classes,Data/Datasets/Input/Subsets/Students Performance/83701_20251117_083700.csv,11,0.36363636363636365,2392,5,217.45454545454547,0.45454545454545453,478.4,0.08835672997522709,0.0,0.048304669871875844,0.0,0.4787935314023293,1.049490354712517,1.5011231255457433
Students Performance,84708,features,Data/Datasets/Input/Subsets/Students Performance/84708_20251117_083700.csv,12,0.4166666666666667,2392,5,199.33333333333334,0.4166666666666667,478.4,0.08835672997522709,0.0,0.12324185422865706,0.0,0.9835741993356559,1.1311579632041602,-0.101377257960123
Students Performance,15406,features,Data/Datasets/Input/Subsets/Students Performance/15406_20251117_083700.csv,13,0.38461538461538464,447,5,34.38461538461539,0.38461538461538464,89.4,0.08849557522123894,0.0,0.12902284901818362,0.0,1.013978869591895,1.1377161195650496,-0.20739079541671837
Students Performance,43283,features,Data/Datasets/Input/Subsets/Students Performance/43283_20251117_083700.csv,13,0.38461538461538464,774,5,59.53846153846154,0.38461538461538464,154.8,0.08928571428571429,0.0,0.11526074743776239,0.0,0.9754295217056634,1.1221660013372474,-0.1128040379519608
Students Performance,26675,features,Data/Datasets/Input/Subsets/Students Performance/26675_20251117_083700.csv,13,0.38461538461538464,1283,5,98.6923076923077,0.38461538461538464,256.6,0.0876923076923077,0.0,0.12031339577675114,0.0014830663676761932,0.9760006341696514,1.1278502597063755,-0.15087311029100378
Students Performance,17779,features,Data/Datasets/Input/Subsets/Students Performance/17779_20251117_083700.csv,13,0.38461538461538464,1866,5,143.53846153846155,0.38461538461538464,373.2,0.08783068783068783,0.0,0.1179795046006524,0.0,0.9945755447751574,1.1252210492762504,-0.13381554699674822
Students Performance,88831,instances,Data/Datasets/Input/Subsets/Students Performance/88831_20251117_083700.csv,13,0.38461538461538464,2379,5,183.0,0.38461538461538464,475.8,0.08803986710963455,0.0,0.11473514640355621,0.0,0.9810724432726827,1.1215763447020368,-0.10897657842905271
Vehicle,73818,classes,Data/Datasets/Input/Subsets/Vehicle/73818_20251117_083704.csv,18,1.0,430,2,23.88888888888889,0.1111111111111111,215.0,0.9724770642201835,0.2222222222222222,0.15500386873648825,0.04044162198364787,0.27147664345141287,1.1676624784748233,-0.7516012438444969
Vehicle,56593,classes,Data/Datasets/Input/Subsets/Vehicle/56593_20251117_083704.csv,14,1.0,846,4,60.42857142857143,0.2857142857142857,211.5,0.9128440366972477,0.5714285714285714,0.23835167275502037,0.08983118295255732,0.41406062574535407,1.2691554417442656,-0.5847529839702111
Vehicle,5543,classes,Data/Datasets/Input/Subsets/Vehicle/5543_20251117_083704.csv,11,1.0,846,4,76.9090909090909,0.36363636363636365,211.5,0.9128440366972477,0.45454545454545453,0.2206971282739101,0.049822464640222996,0.3708225729235757,1.2469457087671714,-0.4292270369399281
Vehicle,27774,features,Data/Datasets/Input/Subsets/Vehicle/27774_20251117_083704.csv,11,1.0,846,4,76.9090909090909,0.36363636363636365,211.5,0.9128440366972477,0.6363636363636364,0.20314917621530643,0.015585381780688135,0.40561596503488495,1.2252552335535678,-0.37992387569299285
Vehicle,62082,features,Data/Datasets/Input/Subsets/Vehicle/62082_20251117_083704.csv,12,1.0,846,4,70.5,0.3333333333333333,211.5,0.9128440366972477,0.5,0.20236571621656782,0.027187959587137822,0.3956650768307699,1.2242956710283432,-0.42939631022680236
Vehicle,56450,features,Data/Datasets/Input/Subsets/Vehicle/56450_20251117_083704.csv,14,1.0,846,4,60.42857142857143,0.2857142857142857,211.5,0.9128440366972477,0.5714285714285714,0.20094116881696134,0.021714162174482965,0.41406062574535407,1.222552845477365,-0.5074437883488786
Vehicle,50143,features,Data/Datasets/Input/Subsets/Vehicle/50143_20251117_083704.csv,9,1.0,846,4,94.0,0.4444444444444444,211.5,0.9128440366972477,0.5555555555555556,0.16292072236381608,0.02110293789669404,0.372329548150365,1.1769433807007137,-0.05499539750453177
Vehicle,86881,features,Data/Datasets/Input/Subsets/Vehicle/86881_20251117_083704.csv,18,1.0,102,4,5.666666666666667,0.2222222222222222,25.5,0.9230769230769231,0.3888888888888889,0.2132224016932099,0.0,0.42013178786448857,1.2376598782895354,-0.6389503160041861
Vehicle,89011,features,Data/Datasets/Input/Subsets/Vehicle/89011_20251117_083704.csv,18,1.0,284,4,15.777777777777779,0.2222222222222222,71.0,0.9178082191780822,0.4444444444444444,0.19142850292906557,0.04087830453607122,0.34417106187516433,1.2109782486470173,-0.5978500273031212
Vehicle,1858,instances,Data/Datasets/Input/Subsets/Vehicle/1858_20251117_083704.csv,18,1.0,415,4,23.055555555555557,0.2222222222222222,103.75,0.9158878504672897,0.4444444444444444,0.20589615003035056,0.05777089793972623,0.40947508551342104,1.22862560463808,-0.6260999033809991
Vehicle,73440,instances,Data/Datasets/Input/Subsets/Vehicle/73440_20251117_083704.csv,18,1.0,584,4,32.44444444444444,0.2222222222222222,146.0,0.9072847682119205,0.5555555555555556,0.21471162086179316,0.05324068039017993,0.4374794797382022,1.2395043982107883,-0.6414903579086555
Vehicle,30716,instances,Data/Datasets/Input/Subsets/Vehicle/30716_20251117_083704.csv,18,1.0,657,4,36.5,0.2222222222222222,164.25,0.9171597633136095,0.6111111111111112,0.20225493903193406,0.015325029624741138,0.4015907903904765,1.224160054512494,-0.6193694268506055
Vehicle,88550,instances,Data/Datasets/Input/Subsets/Vehicle/88550_20251117_083704.csv,18,1.0,730,4,40.55555555555556,0.2222222222222222,182.5,0.9148936170212766,0.6111111111111112,0.2193298064189494,0.03971565325278137,0.45399861443459466,1.2452418977420994,-0.6490106453387845
White Wine Quality,56664,classes,Data/Datasets/Input/Subsets/White Wine Quality/56664_20251117_083710.csv,11,1.0,284,2,25.818181818181817,0.18181818181818182,142.0,0.8562091503267973,0.9090909090909091,0.08762281191677168,0.004120822511296307,0.2647905223498863,1.091576314790815,-0.28397249664208984
White Wine Quality,11052,classes,Data/Datasets/Input/Subsets/White Wine Quality/11052_20251117_083710.csv,9,1.0,3961,7,440.1111111111111,0.7777777777777778,565.8571428571429,0.002796420581655481,0.8888888888888888,0.05707415746759962,0.0013082796481067582,0.1640333351172094,1.0587343205404793,1.5256100953389566
White Wine Quality,622,classes,Data/Datasets/Input/Subsets/White Wine Quality/622_20251117_083710.csv,9,1.0,3961,7,440.1111111111111,0.7777777777777778,565.8571428571429,0.002796420581655481,0.8888888888888888,0.05802401193667375,0.0013082796481067582,0.1640333351172094,1.0597404418251608,1.4842657974159756
White Wine Quality,1943,classes,Data/Datasets/Input/Subsets/White Wine Quality/1943_20251117_083710.csv,9,1.0,3961,7,440.1111111111111,0.7777777777777778,565.8571428571429,0.002796420581655481,1.0,0.04215104735137443,0.004734889311523549,0.10641023713941422,1.043052017097117,2.419774296033825
White Wine Quality,49186,classes,Data/Datasets/Input/Subsets/White Wine Quality/49186_20251117_083710.csv,5,1.0,3961,7,792.2,1.4,565.8571428571429,0.002796420581655481,1.0,0.06070248461412522,0.03849351566932002,0.10810494403011894,1.062582732443394,3.2743674259630957
White Wine Quality,20224,features,Data/Datasets/Input/Subsets/White Wine Quality/20224_20251117_083710.csv,8,1.0,3961,7,495.125,0.875,565.8571428571429,0.002796420581655481,0.875,0.059492644368787484,0.016430918628774105,0.13681381495002087,1.061297954434466,1.725806753743931
White Wine Quality,24016,features,Data/Datasets/Input/Subsets/White Wine Quality/24016_20251117_083710.csv,11,1.0,387,5,35.18181818181818,0.45454545454545453,77.4,0.07386363636363637,0.8181818181818182,0.04946183128896338,0.0,0.12212566253479729,1.0507054873753219,1.3240342278671906
White Wine Quality,35407,features,Data/Datasets/Input/Subsets/White Wine Quality/35407_20251117_083710.csv,11,1.0,988,5,89.81818181818181,0.45454545454545453,197.6,0.07349665924276169,0.9090909090909091,0.04371702961691636,0.0,0.13947450378664028,1.0446866976642573,1.6269147923624347
White Wine Quality,90509,features,Data/Datasets/Input/Subsets/White Wine Quality/90509_20251117_083710.csv,11,1.0,1943,6,176.63636363636363,0.5454545454545454,323.8333333333333,0.011389521640091117,0.9090909090909091,0.04762116998315906,0.0,0.13013200212321374,1.048773273262324,1.4612762460355597
White Wine Quality,36282,features,Data/Datasets/Input/Subsets/White Wine Quality/36282_20251117_083710.csv,11,1.0,2910,6,264.54545454545456,0.5454545454545454,485.0,0.011406844106463879,0.9090909090909091,0.04983683102566028,0.013123987789850133,0.15399235789117727,1.051099575543295,1.3527281208122615
White Wine Quality,36944,instances,Data/Datasets/Input/Subsets/White Wine Quality/36944_20251117_083710.csv,11,1.0,3865,6,351.3636363636364,0.5454545454545454,644.1666666666666,0.011448196908986834,0.9090909090909091,0.04727190979410014,0.000829282380083729,0.13922252893815745,1.0484070424692653,1.4797859373143973
Wine Quality Red,17385,classes,Data/Datasets/Input/Subsets/Wine Quality Red/17385_20251117_083713.csv,11,1.0,824,5,74.9090909090909,0.45454545454545453,164.8,0.01733102253032929,1.0,0.0841841120881826,0.008659610953322128,0.25179152151962136,1.0878291578705845,-0.04634613765810058
Wine Quality Red,41827,classes,Data/Datasets/Input/Subsets/Wine Quality Red/41827_20251117_083713.csv,8,1.0,1359,6,169.875,0.75,226.5,0.01733102253032929,1.0,0.05289835031290541,0.0,0.10587476495217096,1.0543224681232126,1.849368680820215
Wine Quality Red,40409,classes,Data/Datasets/Input/Subsets/Wine Quality Red/40409_20251117_083713.csv,9,1.0,1359,6,151.0,0.6666666666666666,226.5,0.01733102253032929,1.0,0.05776694317261607,0.0030576046781716215,0.18983328684584078,1.0594680506726875,1.3193103471075318
Wine Quality Red,1842,classes,Data/Datasets/Input/Subsets/Wine Quality Red/1842_20251117_083713.csv,6,1.0,1359,6,226.5,1.0,226.5,0.01733102253032929,1.0,0.04395527599986471,0.0,0.16183791538707437,1.0449356201425526,3.572129260026724
Wine Quality Red,17371,classes,Data/Datasets/Input/Subsets/Wine Quality Red/17371_20251117_083713.csv,7,1.0,1359,6,194.14285714285714,0.8571428571428571,226.5,0.01733102253032929,1.0,0.050671369384781464,0.015121313587879381,0.11582134748134765,1.051977124581578,2.399539412575607
Wine Quality Red,73570,features,Data/Datasets/Input/Subsets/Wine Quality Red/73570_20251117_083713.csv,6,1.0,1359,6,226.5,1.0,226.5,0.01733102253032929,1.0,0.06294935856159085,0.0,0.16183791538707437,1.0649729061058595,2.1925536355529296
Wine Quality Red,72126,features,Data/Datasets/Input/Subsets/Wine Quality Red/72126_20251117_083713.csv,11,1.0,291,4,26.454545454545453,0.36363636363636365,72.75,0.09523809523809523,0.9090909090909091,0.04779285927405701,0.0,0.09719694529990197,1.0489533518602643,1.1280894257985392
Wine Quality Red,94960,features,Data/Datasets/Input/Subsets/Wine Quality Red/94960_20251117_083713.csv,11,1.0,561,4,51.0,0.36363636363636365,140.25,0.09465020576131687,0.9090909090909091,0.04450602390433209,0.0,0.16816785289160996,1.0455112747513833,1.2866684122772907
Wine Quality Red,63528,features,Data/Datasets/Input/Subsets/Wine Quality Red/63528_20251117_083713.csv,11,1.0,774,5,70.36363636363636,0.45454545454545453,154.8,0.030211480362537766,1.0,0.0566237783783736,0.0,0.1818065169369234,1.0582575961028793,0.8801984553568679
Wine Quality Red,36783,features,Data/Datasets/Input/Subsets/Wine Quality Red/36783_20251117_083713.csv,11,1.0,1032,5,93.81818181818181,0.45454545454545453,206.4,0.029411764705882353,1.0,0.05197312240742289,0.0,0.17479441881110214,1.0533474306898054,1.0464143942529271
Wine Quality Red,91005,instances,Data/Datasets/Input/Subsets/Wine Quality Red/91005_20251117_083713.csv,11,1.0,1273,5,115.72727272727273,0.45454545454545453,254.6,0.029411764705882353,1.0,0.054795603945473,0.0,0.1711023610265754,1.056324684010847,0.943120057869177
