number_of_features,proportion_of_numeric_features,number_of_instances,number_of_classes,ratio_of_instances_to_features,ratio_of_classes_to_features,ratio_of_instances_to_classes,ratio_of_min_to_max_instances_per_class,proportion_of_features_with_outliers,average_mutual_information,minimum_mutual_information,maximum_mutual_information,equivalent_number_of_features,noise_to_signal_ratio_of_features,prune_testing_loss,weight_normalisation_testing_loss,baseline_testing_loss,batch_normalisation_testing_loss,dropout_testing_loss,layer_normalisation_testing_loss
0.9507869713514505,-0.36363551202749983,-0.9023313570952787,-0.5409574736211634,-0.633847882551245,-0.9008770962356215,-0.6553042016198819,-0.8113901419079179,-0.06571927310420848,-0.4607958449913398,-0.4660458596359395,-0.4861942391753071,-0.4452015468768784,-0.275321834303352,1,1,1,1,2,3
0.9507869713514505,-0.36363551202749983,-0.8790728060583954,-0.5409574736211634,-0.6248568730988444,-0.9008770962356215,-0.6382239891089466,0.21241594212579798,0.08098090542341961,-0.6490940541249661,-0.45236555098558084,-0.8100974631850825,-0.5854629615066473,-0.14976664036831247,4,1,3,2,1,4
0.9507869713514505,-0.36363551202749983,-0.9011566828004866,-0.9602406218685697,-0.6333937911647601,-1.1512534819012057,-0.6397767357008498,0.21241594212579798,-0.06571927310420848,-0.7874738305322593,-0.4697520522887006,-0.8882176084423518,-0.6856240401598064,0.02964766505020968,1,3,3,4,3,2
0.14730502373050627,-0.2672723955929168,-0.8762535877508945,-0.12167432537375707,-0.6166053839044334,-0.36435626980936875,-0.6480580508576669,-0.8609526576039022,-0.06571927310420848,-0.5972338943280118,-0.4697520522887006,-0.8693407291043178,-0.5472944631859896,-0.11512017082189405,3,1,2,2,1,3
0.14730502373050627,-0.4840894075707289,-0.8762535877508945,-0.12167432537375707,-0.6166053839044334,-0.36435626980936875,-0.6480580508576669,-0.8609526576039022,-0.06571927310420848,-0.5899238423032566,-0.4494931598999848,-0.7269990327666349,-0.5418863416957196,-0.12212345552742902,4,3,3,1,2,4
-0.857047410795674,-0.5322709657880202,-0.8762535877508945,-0.12167432537375707,-0.5987012092373153,0.3510048320923012,-0.6480580508576669,-0.8609526576039022,0.08098090542341961,-0.595972164840196,-0.42873054872487604,-0.889726573748041,-0.5463615063161736,0.0250506615334485,4,1,2,2,2,3
-0.656176923890438,-0.7009064195485406,-0.8762535877508945,-0.12167432537375707,-0.6037143781441083,0.1507037235598338,-0.6480580508576669,-0.8609526576039022,-0.32977959445393884,-0.5474771830197509,-0.4697520522887006,-0.7269990327666349,-0.5103459025893078,-0.07039315482124607,4,2,2,3,1,4
0.14730502373050627,-0.4840894075707289,-0.8762535877508945,-0.12167432537375707,-0.6166053839044334,-0.36435626980936875,-0.6480580508576669,-0.8609526576039022,-0.06571927310420848,-0.6292702384104677,-0.4697520522887006,-0.7269990327666349,-0.5709138787026461,-0.0791230086696672,2,1,1,1,1,2
0.34817551063574237,-0.19500005826697978,-0.8762535877508945,-0.12167432537375707,-0.6187538848644877,-0.45019960203756937,-0.6480580508576669,-0.8609526576039022,0.022300834012368313,-0.6258626369982432,-0.4638434410258365,-0.7269990327666349,-0.5684078688292953,-0.1025906571200677,4,2,2,3,1,3
0.9507869713514505,-0.36363551202749983,-0.9171322532096589,-0.5409574736211634,-0.6395694340209545,-0.9008770962356215,-0.6661734277632042,0.22091366483518685,-0.21241945163183656,-0.5391758731306932,-0.4697520522887006,-0.6193524105854773,-0.5041499947346482,-0.22616781822099902,2,1,1,1,1,3
0.9507869713514505,-0.36363551202749983,-0.9096143377229895,-0.5409574736211634,-0.6366632491474512,-0.9008770962356215,-0.6606525509919928,0.22301912738148644,0.08098090542341961,-0.6448827683105461,-0.4697520522887006,-0.7772809281179425,-0.5823764524864707,-0.15403844646268489,3,1,2,3,2,4
0.9507869713514505,-0.36363551202749983,-0.9053855102617381,-0.5409574736211634,-0.6350285201561057,-0.9008770962356215,-0.6575470578081865,0.2117022661951266,0.08098090542341961,-0.6895805042628208,-0.4697520522887006,-0.7789414397857701,-0.615019874142,-0.0962624585283995,3,2,1,1,2,3
0.9507869713514505,-0.36363551202749983,-0.8962230507623599,-0.5409574736211634,-0.6314866073415237,-0.9008770962356215,-0.6508184892432726,0.22754587185603037,-0.06571927310420848,-0.6627657857360627,-0.4697520522887006,-0.8511669538343639,-0.5954674422901963,-0.13396669389112378,3,1,2,1,2,3
0.9507869713514505,-0.36363551202749983,-0.8837715032375637,-0.12167432537375707,-0.626673238644784,-0.6505007105700368,-0.6521987084360754,-0.8504659908675072,0.08098090542341961,-0.6169769633097805,-0.4697520522887006,-0.6864187699959208,-0.5618661309100611,-0.15503952754539227,2,1,1,2,1,2
0.9507869713514505,-0.36363551202749983,-0.8783680014815202,-0.12167432537375707,-0.6245844182669535,-0.6505007105700368,-0.6492226108015943,-0.8507077395710876,-0.06571927310420848,-0.5617828220750706,-0.429176017172565,-0.7083500564063634,-0.5210021338579542,-0.19540359661444895,3,1,1,2,1,3
1.7542689189723948,-2.2186255033932234,-0.10378777149562167,-0.9602406218685697,-0.3840068017072642,-1.2422994403250547,0.23856025311906107,-1.1091371036985898,-1.3860208798528606,-0.7253157701729447,-0.4697520522887006,-0.957546938494413,-0.6409341915810651,-0.35576834006781555,5,2,2,4,3,1
1.7542689189723948,-2.2186255033932234,0.8735412417713901,1.5554582676158681,-0.07489441061646608,-0.013179001603094532,-0.18404561097726024,-1.1091371036985898,-1.3860208798528606,0.8054298392388717,-0.4697520522887006,0.8165069081294942,0.6286396698628457,-0.3394199064368581,2,2,3,1,1,4
1.7542689189723948,-2.2186255033932234,-0.09063141939395035,0.7168919711210556,-0.37984567336565733,-0.4228858145104145,-0.37149663009979667,-1.0927545998859545,-1.3860208798528606,0.9158541369508307,-0.4697520522887006,1.1196042913684956,0.7341024408395266,-0.34638162361688074,5,2,2,1,3,4
1.7542689189723948,-2.2186255033932234,0.4600558900045774,1.5554582676158681,-0.20567272992411145,-0.013179001603094532,-0.297913694383495,-1.1091371036985898,-1.3860208798528606,0.6873414376677698,-0.4697520522887006,0.830994103599712,0.5180971561742928,-0.33891710029239164,2,3,3,1,4,5
1.7542689189723948,-2.2186255033932234,0.5944386293287915,0.29760882287364926,-0.1631697761491267,-0.6277392209640748,-0.007187774159485574,-0.9970462881384541,-1.3860208798528606,0.42551077203143733,-0.4697520522887006,0.6616252437112328,0.28102181764814677,-0.340656912939379,1,3,1,2,3,4
1.3525279451619228,-2.2186255033932234,0.9675151853547567,1.9747414158632746,0.015194017979323291,0.3760424706588598,-0.2165670257076773,-1.1091371036985898,-1.3860208798528606,0.9561124934451926,-0.08930027279539167,0.8423294324817696,0.7730634640589957,-0.3365165105576403,2,3,3,2,1,4
0.5490459975409784,-2.2186255033932234,0.9675151853547567,1.9747414158632746,0.18120074705046565,0.8830546516316684,-0.2165670257076773,-1.1091371036985898,-1.3860208798528606,0.9365504540739122,-0.4697520522887006,0.8423294324817696,0.7540974127181359,-0.327454289715342,4,3,1,2,3,5
0.7499164844462145,-2.2186255033932234,0.9675151853547567,1.9747414158632746,0.13237523850012967,0.7339334219337835,-0.2165670257076773,-1.1091371036985898,-1.3860208798528606,1.1054128897479738,-0.08930027279539167,0.8423294324817696,0.9199814178982462,-0.33352732876307617,2,3,3,2,1,4
0.5490459975409784,-2.2186255033932234,0.9675151853547567,1.9747414158632746,0.18120074705046565,0.8830546516316684,-0.2165670257076773,-1.1091371036985898,-1.3860208798528606,1.0982122932965637,-0.08930027279539167,0.8423294324817696,0.9128069717307515,-0.3310459089748582,3,4,4,2,1,5
0.14730502373050627,-2.2186255033932234,0.9675151853547567,1.9747414158632746,0.2997769821012817,1.245206209469389,-0.2165670257076773,-1.1091371036985898,-1.3860208798528606,0.9108919756440487,-0.4697520522887006,0.8423294324817696,0.7293192248012593,-0.3205285663908942,2,2,1,2,1,3
1.7542689189723948,-2.2186255033932234,-0.7014620526858327,1.5554582676158681,-0.5730409177974061,-0.013179001603094532,-0.6177794923155545,-0.9982863593909773,-1.3860208798528606,0.8287007667171279,-0.4697520522887006,0.8203546631063072,0.6506952496209989,-0.33776216308646323,2,4,3,1,2,5
1.7542689189723948,-2.2186255033932234,-0.4045043909623945,1.9747414158632746,-0.479118306658279,0.19167440485056583,-0.5524203626230364,-1.1094500123028208,-1.3860208798528606,0.9084952335962523,-0.4697520522887006,0.8933733044675045,0.7270104062627333,-0.33879982719145946,3,4,4,2,1,5
1.7542689189723948,-2.2186255033932234,-0.09439037713728501,1.9747414158632746,-0.38103456717754497,0.19167440485056583,-0.47650830701887986,-1.1090875181817532,-1.3860208798528606,0.876154277931039,-0.4697520522887006,0.8275538408918592,0.6959506994321063,-0.33819743098596833,3,4,5,2,1,6
1.7542689189723948,-2.2186255033932234,0.46052575972249427,1.9747414158632746,-0.20552411819762545,0.19167440485056583,-0.3406717347938665,-1.1095663919213508,-1.3860208798528606,0.8716642305011917,-0.4697520522887006,0.8282890828256187,0.6916524614609537,-0.33811816839845266,1,2,1,1,1,3
1.7542689189723948,-2.2186255033932234,0.8065848069682414,1.9747414158632746,-0.09607158164071544,0.19167440485056583,-0.25596078183559184,-1.109113085953666,-1.3860208798528606,0.8792619404158339,-0.4697520522887006,0.8444040978854835,0.6989275914071278,-0.33826163033443973,2,3,3,1,1,4
-0.656176923890438,0.8168126642961423,0.2810355274782642,-0.9602406218685697,0.20155312299271805,-0.7506512648362704,0.662460072708635,-0.9727117683672445,1.2545823336444437,-0.4358617673130525,-0.154965633655986,-0.6754000637319973,-0.42627825637765465,-0.32901206704911895,5,3,4,2,4,1
-0.656176923890438,0.8168126642961423,-0.8464168606631756,-0.5409574736211634,-0.5829533199540197,-0.29997377063821845,-0.6142426806339972,-0.9082331179821802,0.9905220122947134,0.6082930246708921,0.36333916254302134,0.5738513695401337,0.44537044820898725,-0.33546298786664686,5,3,4,1,3,2
-0.656176923890438,0.8168126642961423,-0.8407784240481736,-0.9602406218685697,-0.5790299703747903,-0.7506512648362704,-0.5732674233476627,-0.21172189148366083,0.7264616909449829,0.3200108925648664,0.7285497702155902,0.19604083536017936,0.188535154439536,-0.3326683917341151,2,2,1,3,3,4
-0.656176923890438,0.8168126642961423,0.3078181013995237,-0.5409574736211634,0.22018903349405747,-0.29997377063821845,0.2333844311460504,-1.0758945059911302,1.2545823336444437,-0.3344537918197606,0.05961860885602862,-0.558815108026188,-0.34845697084069627,-0.3224894521772609,5,3,2,2,4,1
-0.656176923890438,0.8168126642961423,0.3223840626549455,-0.12167432537375707,0.23032435324039988,0.1507037235598338,0.012118041799844206,-1.1028568293903367,1.2545823336444437,-0.21044734171777557,0.20647452631605376,-0.5108801223799336,-0.2513906244674109,-0.3246800332335282,5,2,2,4,3,1
-1.2587883846061463,0.8168126642961423,0.3289622387057811,0.29760882287364926,0.6136449484396306,1.5671187053251403,-0.12416135074952675,-1.1204860408436637,1.2545823336444437,-0.07410693613185163,0.8547543242281348,-0.46064089741957975,-0.14220183113818918,-0.3120680509745078,4,2,3,3,3,1
-1.05791789770091,0.8168126642961423,0.3289622387057811,0.29760882287364926,0.4558352175965209,1.164728085505451,-0.12416135074952675,-1.1204860408436637,1.2545823336444437,-0.10585226372337714,0.5313304535710395,-0.45006879964403773,-0.16785918139671746,-0.31724534810517313,5,2,2,3,4,1
-1.05791789770091,0.8168126642961423,0.3289622387057811,0.29760882287364926,0.4558352175965209,1.164728085505451,-0.12416135074952675,-1.1204860408436637,1.2545823336444437,-0.1388689242497546,0.5313304535710395,-0.45006879964403773,-0.19439275470796485,-0.31477860849614664,6,2,3,5,4,1
-1.2587883846061463,0.8168126642961423,0.3289622387057811,0.29760882287364926,0.6136449484396306,1.5671187053251403,-0.12416135074952675,-1.1204860408436637,1.2545823336444437,-0.19338941629540476,0.5374201387551747,-0.46064089741957975,-0.23787235415424268,-0.3014931871922408,6,3,4,2,5,1
-1.6605293584166183,0.8168126642961423,0.3289622387057811,0.29760882287364926,1.1186360871375811,2.854768688748146,-0.12416135074952675,-1.1204860408436637,1.2545823336444437,-0.18977396610219002,0.562029866047476,-0.5314453439234345,-0.2350019342063297,-0.2742607133871551,4,2,2,3,3,1
-0.656176923890438,0.8168126642961423,-0.8668561933925578,-0.9602406218685697,-0.5971754621787261,-0.7506512648362704,-0.601993235297872,-0.9728339752202584,1.2545823336444437,-0.4938354810617219,-0.4697520522887006,-0.6887331758033441,-0.47014911802600706,-0.32234989412386716,4,3,3,2,2,1
-0.656176923890438,0.8168126642961423,-0.463473040560957,0.29760882287364926,-0.31649249436469223,0.6013812177578858,-0.47332230104882667,-1.121219674983087,1.2545823336444437,-0.15004397224692012,0.39736805667204234,-0.43004707438605,-0.20333870294865278,-0.32544480707787127,6,2,3,4,5,1
-0.656176923890438,0.8168126642961423,-0.2799889157144339,0.29760882287364926,-0.18882016014060352,0.6013812177578858,-0.3924759618304,-1.1200632901934195,1.2545823336444437,-0.20765406949887427,0.4862698544528675,-0.4936591354798524,-0.24917974995210215,-0.3212487550161201,6,3,4,2,5,1
-0.656176923890438,0.8168126642961423,-0.009578893053296731,0.29760882287364926,-0.0006628532367286915,0.6013812177578858,-0.2733285400116943,-1.1208660281119567,1.2545823336444437,-0.1353813898803849,0.49757304049129997,-0.46480996297599986,-0.19159728676566803,-0.32627777719716045,6,3,4,2,5,1
-0.656176923890438,0.8168126642961423,0.22958479336637105,0.29760882287364926,0.16575255808225006,0.6013812177578858,-0.16794880464119705,-1.1203771844558748,1.2545823336444437,-0.13561173147319464,0.4261942927191892,-0.4367582465252354,-0.19178197217185672,-0.3261738864944913,5,3,3,2,4,1
-1.6605293584166183,0.8168126642961423,-0.7606656371433536,-0.9602406218685697,-0.39773852523456693,0.1507037235598338,-0.48501965870783076,0.2237434064974136,1.2545823336444437,-0.6001784404820539,-0.4697520522887006,-0.8376805859410079,-0.5494709362384305,0.01977003464164674,1,4,3,4,2,5
-1.8613998453218543,0.8168126642961423,-0.7606656371433536,-0.9602406218685697,-0.3349649319668972,0.6013812177578858,-0.48501965870783076,0.2237434064974136,1.2545823336444437,-0.5863888793366833,-0.4697520522887006,-0.8830622109683848,-0.5392686147215469,0.09254215802622119,2,4,3,1,3,5
-1.2587883846061463,0.8168126642961423,-0.7606656371433536,-0.9602406218685697,-0.4694797746833324,-0.36435626980936875,-0.48501965870783076,0.2237434064974136,1.2545823336444437,-0.5476498576313278,-0.2143394616823591,-0.803569464463412,-0.5104746871057751,-0.1392453565120012,1,2,1,3,1,4
-1.6605293584166183,0.8168126642961423,-0.7606656371433536,-0.9602406218685697,-0.39773852523456693,0.1507037235598338,-0.48501965870783076,0.2237434064974136,1.2545823336444437,-0.5132648432809873,-0.3504249337778833,-0.7797542315031178,-0.48475239983070795,-0.07903804356252409,2,1,1,3,2,4
-1.8613998453218543,0.8168126642961423,-0.7606656371433536,-0.9602406218685697,-0.3349649319668972,0.6013812177578858,-0.48501965870783076,0.2237434064974136,1.2545823336444437,-0.5828346953121589,-0.42439444206883686,-0.8830622109683848,-0.5366350153698705,0.08653213866047846,1,3,2,2,1,4
-1.8613998453218543,0.8168126642961423,-0.7606656371433536,-0.9602406218685697,-0.3349649319668972,0.6013812177578858,-0.48501965870783076,0.2237434064974136,1.2545823336444437,-0.5652182288586134,-0.35519879748310074,-0.8637018209430586,-0.5235571753170651,0.05890535270938436,3,3,1,4,2,5
-1.4596588715113823,0.8168126642961423,-0.7606656371433536,-0.9602406218685697,-0.43958758741301346,-0.14974793923886778,-0.48501965870783076,0.2237434064974136,1.2545823336444437,-0.6168955382504955,-0.4697520522887006,-0.7902610342368009,-0.5618061376110337,-0.022664231268630538,1,2,3,4,2,5
-1.05791789770091,0.8168126642961423,-0.898572399351944,-0.9602406218685697,-0.6118471548760526,-0.5253125177372444,-0.636930033615694,0.2184156584243232,0.26435612858295454,-0.6633662767173079,-0.4697520522887006,-0.8077800993950581,-0.5959063095683195,-0.04728831210089891,3,1,2,1,1,3
-1.05791789770091,0.8168126642961423,-0.8910544838652746,-0.9602406218685697,-0.6053082389106703,-0.5253125177372444,-0.6286487184588769,0.21455183555859858,0.9245069319572806,-0.5565334957590635,-0.3942829348093188,-0.659397960428727,-0.5170950339212184,-0.1625178795973186,3,1,1,1,2,4
-1.05791789770091,0.8168126642961423,-0.8649767145208904,-0.9602406218685697,-0.5826263741557506,-0.5253125177372444,-0.5999229065086676,0.22259005207584245,1.2545823336444437,-0.6800490061671991,-0.4697520522887006,-0.8458478628381411,-0.6080803558192294,-0.016522031583280673,3,1,1,1,2,4
-1.05791789770091,0.8168126642961423,-0.8459469909452587,-0.9602406218685697,-0.5660747431183767,-0.5253125177372444,-0.5789608275179744,0.218903905131901,0.9245069319572806,-0.5397585028131866,-0.29196489877373694,-0.8296044906327077,-0.5045851509720083,-0.17339936927599026,1,1,2,2,2,3
-1.05791789770091,0.8168126642961423,-0.8257425930748349,-0.9602406218685697,-0.5485014064614119,-0.5253125177372444,-0.5567047930340285,0.21962406902557863,1.2545823336444437,-0.6108980851173608,-0.32430703094095037,-0.8347988056838116,-0.5573849052759527,-0.1162579478075333,1,4,3,5,2,6
-1.05791789770091,0.8168126642961423,-0.8130561106910804,-0.9602406218685697,-0.5374669857698293,-0.5253125177372444,-0.5427300737068997,0.22174398809288243,1.2545823336444437,-0.5456907267719495,-0.2756914846418529,-0.7836871803942073,-0.5090132950877667,-0.16954204160810624,1,1,2,2,2,3
-1.05791789770091,0.8168126642961423,-0.7937914522564903,-0.9602406218685697,-0.5207110136085372,-0.5253125177372444,-0.521509203617556,0.22568191824886522,1.2545823336444437,-0.6157118913021262,-0.4697520522887006,-0.8217746557820491,-0.5609339396180723,-0.11092148632041891,2,1,1,1,2,3
-1.05791789770091,0.8168126642961423,-0.7759364029756507,-0.9602406218685697,-0.5051810881907544,-0.5253125177372444,-0.5018410801201154,0.22104238306945848,1.2545823336444437,-0.5827335399318251,-0.36247053562165626,-0.790295190605973,-0.5365600366263739,-0.14236345141013165,2,1,2,3,1,4
0.14730502373050627,0.8168126642961423,0.7974223474688632,-0.9602406218685697,0.21523813997741081,-1.008181261520872,1.2312829075425078,1.3511187461125882,1.2545823336444437,-0.36081473414458504,0.9284006179637109,-0.810230174130332,-0.3688200517593194,-0.29352076463011817,2,1,1,2,3,1
-0.05356546317472979,0.8168126642961423,0.7974223474688632,-0.9602406218685697,0.2817051429222307,-0.9586562621584486,1.2312829075425078,1.3511187461125882,1.2545823336444437,-0.3637133612729261,0.820538672937935,-0.8110541906714709,-0.37105341224984545,-0.28707951936612675,3,1,2,4,4,5
-0.25443595007996583,0.8168126642961423,0.7974223474688632,-0.9602406218685697,0.35924997969118694,-0.9008770962356215,1.2312829075425078,1.3511187461125882,1.2545823336444437,-0.35398079757475664,0.9240040520111521,-0.8189412629906181,-0.3635500767745047,-0.2818523469955559,1,2,1,4,3,5
0.9507869713514505,0.8168126642961423,0.7974223474688632,-0.9602406218685697,0.023222353692375942,-1.1512534819012057,1.2312829075425078,1.3511187461125882,1.2545823336444437,-0.36197831769754046,0.8850172775641569,-0.8158935504610358,-0.36971671673328493,-0.3105726074520744,2,1,2,3,4,5
0.9507869713514505,0.8168126642961423,0.7974223474688632,-0.9602406218685697,0.023222353692375942,-1.1512534819012057,1.2312829075425078,1.3511187461125882,1.2545823336444437,-0.36261011001750604,0.8850172775641569,-0.8084465142632801,-0.370203503220216,-0.31049550963885136,2,1,1,3,4,5
-0.05356546317472979,0.8168126642961423,0.7974223474688632,-0.9602406218685697,0.2817051429222307,-0.9586562621584486,1.2312829075425078,1.3511187461125882,1.2545823336444437,-0.3555619386346261,0.9543090906389226,-0.8148328028458603,-0.3647699325779684,-0.2884422389321186,2,1,1,3,3,4
-0.25443595007996583,0.8168126642961423,0.7974223474688632,-0.9602406218685697,0.35924997969118694,-0.9008770962356215,1.2312829075425078,1.3511187461125882,1.2545823336444437,-0.35452566543124353,0.8492828242905396,-0.8189412629906181,-0.3639704824602937,-0.28175577690147097,2,1,2,4,3,5
1.3525279451619228,0.8168126642961423,-0.8017792374610765,-0.9602406218685697,-0.60036318371185,-1.2013287590343227,-0.5303081009716741,1.3575817726066486,1.2545823336444437,-0.3541303698804602,0.3144121948761093,-0.7528667497367508,-0.3636654868311399,-0.317450890514008,3,1,2,4,2,5
1.3525279451619228,0.8168126642961423,-0.5381823257097333,-0.9602406218685697,-0.5086548872973636,-1.2013287590343227,-0.23994448828577547,1.350209864668619,1.2545823336444437,-0.3438655592966829,0.813772060155315,-0.8148479590195288,-0.3557381161097724,-0.31852114675089266,1,1,1,2,2,3
1.3525279451619228,0.8168126642961423,-0.42188957052531734,-0.9602406218685697,-0.4681953447615609,-1.2013287590343227,-0.11184289445376137,1.350000027746442,1.2545823336444437,-0.36692452187287167,0.6416060419705146,-0.7707713009371633,-0.37352624948598917,-0.31605658153102606,2,1,1,3,3,4
1.3525279451619228,0.8168126642961423,-0.09251089826561769,-0.9602406218685697,-0.35360084246823664,-1.2013287590343227,0.2509822258542867,1.3499402518337429,1.2545823336444437,-0.35950929422654565,0.8924875098606099,-0.8290786649850213,-0.36781385325706645,-0.3168740753758007,1,1,1,2,3,4
1.3525279451619228,0.8168126642961423,0.03012509811067562,-0.9602406218685697,-0.31093441579411735,-1.2013287590343227,0.3860711793498652,1.3513866456120818,1.2545823336444437,-0.35405862962471973,0.8807777074770087,-0.7778601827935505,-0.3636101323966432,-0.31745938318386535,2,1,2,4,3,5
1.3525279451619228,0.8168126642961423,0.2333437511097057,-0.9602406218685697,-0.24023238691842158,-1.2013287590343227,0.6099254796825767,1.350759589185462,1.2545823336444437,-0.3734386233887176,0.7966884586914955,-0.814372312268552,-0.3785383204518517,-0.3153176288484751,2,1,1,2,2,3
1.3525279451619228,0.8168126642961423,0.5185546698852231,-0.9602406218685697,-0.14100433714374566,-1.2013287590343227,0.9240978734443245,1.350679228458029,1.2545823336444437,-0.36515684499499507,0.784190272906997,-0.7892053157681367,-0.37216517673022725,-0.31625358896310934,2,1,1,4,3,4
1.3525279451619228,0.8168126642961423,0.6613950641319402,-0.9602406218685697,-0.09130857580684038,-1.2013287590343227,1.081442861423849,1.3506569379508084,1.2545823336444437,-0.3687977440055303,0.8566510190104804,-0.7966055382313734,-0.37496812879354696,-0.31584603633680186,1,1,1,2,3,4
-0.656176923890438,-1.3079940530864138,-0.49002067962325807,-0.5409574736211634,-0.3349649319668972,-0.29997377063821845,-0.3525186161987576,-0.978403325051529,-0.8579002371533998,-0.28690009930584914,-0.174510486718027,0.021209552539134424,-0.3114838496521779,-0.28971415439804804,1,3,4,6,2,5
-0.656176923890438,-1.3079940530864138,-0.7216664505562566,-0.9602406218685697,-0.49614921051357014,-0.7506512648362704,-0.4420603363318422,-0.10421541294699167,-0.8579002371533998,-0.46116077173159625,-0.38394149254584664,-0.089791129616005,-0.44547788704212676,-0.25308628961099744,1,1,1,1,3,2
-0.656176923890438,-1.3079940530864138,-0.3565776797348776,-0.5409574736211634,-0.24211232525846893,-0.29997377063821845,-0.2545230535097555,-0.6945642120530976,-0.8579002371533998,-0.18193288174328376,-0.23012017193831222,0.35240009514073223,-0.22877038456738502,-0.26894957144219234,1,3,3,2,2,4
-1.4596588715113823,-0.7009064195485406,-0.3340239332748696,-0.12167432537375707,0.055190387300911546,1.3525103747546392,-0.3494131230149512,-0.978403325051529,-0.5058198086870926,-0.3561513108768721,-0.1252155676808605,-0.5812792957720719,-0.36522454865790727,-0.10941237615586222,2,4,3,1,2,5
-1.6605293584166183,-1.0044502363174772,-0.3340239332748696,-0.12167432537375707,0.19599504442214297,1.9534137003520422,-0.3494131230149512,-0.978403325051529,-0.32977959445393884,-0.40618567796812516,-0.22913958052949018,-0.5921873501003547,-0.4036478421712497,-0.022284104853880184,4,1,1,3,1,2
-1.05791789770091,-1.0803361905097113,-0.3340239332748696,-0.12167432537375707,-0.12081543410062788,0.6013812177578858,-0.3494131230149512,-0.978403325051529,-0.7258700764785345,0.0128270352781676,-0.1252155676808605,0.5668014293138401,-0.07120311022869147,-0.25798053487472605,1,4,5,2,3,5
-1.6605293584166183,-1.6115378698553504,-0.3340239332748696,-0.12167432537375707,0.19599504442214297,1.9534137003520422,-0.3494131230149512,-0.978403325051529,-0.8579002371533998,0.16931316065217433,0.13705150023370943,0.5668014293138401,0.05936230081390638,-0.21778256255808445,1,4,4,2,3,5
-0.857047410795674,-1.2068127808301017,-0.3340239332748696,-0.12167432537375707,-0.17948404123447437,0.3510048320923012,-0.3494131230149512,-0.978403325051529,-0.7992201657423487,-0.10736788047797044,-0.22913958052949018,0.5668014293138401,-0.16908056631617044,-0.25443160674777804,1,3,2,3,2,4
-1.4596588715113823,-0.7009064195485406,-0.3340239332748696,-0.12167432537375707,0.055190387300911546,1.3525103747546392,-0.3494131230149512,-0.978403325051529,-0.5058198086870926,0.055928602599743325,-0.1252155676808605,0.5668014293138401,-0.0355982510713671,-0.2274522871573173,3,3,2,1,2,4
-0.656176923890438,-1.3079940530864138,-0.9009217479415281,-0.5409574736211634,-0.6208790325532368,-0.29997377063821845,-0.6542690372252797,-0.7085595018657823,-0.8579002371533998,0.08898585151390304,-0.15803777994318438,1.0939510896701665,-0.008107506533774077,-0.2984714705537542,2,4,3,2,3,1
-0.656176923890438,-1.3079940530864138,-0.7460996758879318,-0.12167432537375707,-0.5131503920235639,0.1507037235598338,-0.5763729165314692,-0.9775206797550791,-0.8579002371533998,0.010438348862486393,-0.14616603690971694,0.8952502453890246,-0.07316845943107828,-0.28023887327803004,1,3,3,1,2,4
-0.656176923890438,-1.3079940530864138,-0.6460174259716465,-0.12167432537375707,-0.4435109369922428,0.1507037235598338,-0.5212504125189055,-0.9771977056174641,-0.8579002371533998,0.003257677003179568,-0.15460201151851205,0.7741842853568621,-0.07907156845665611,-0.2795049851243536,2,6,3,4,1,5
-0.656176923890438,-1.3079940530864138,-0.5348932376843155,-0.12167432537375707,-0.36618825570159746,0.1507037235598338,-0.46004631768805426,-0.979005636166645,-0.8579002371533998,-0.029174826230282343,-0.22271289270602898,0.7142648356183398,-0.10564124465566235,-0.2759959878779044,2,3,4,1,4,5
-0.656176923890438,-1.3079940530864138,-0.512574426083266,-0.12167432537375707,-0.3506583302838146,0.1507037235598338,-0.44775374050215394,-0.9778679983995344,-0.8579002371533998,-0.06287941818045376,-0.1773388540610107,0.6738982641756545,-0.13309318451689509,-0.27195687745939895,1,4,4,3,2,5
-0.656176923890438,-1.3079940530864138,-0.34177678362049735,-0.12167432537375707,-0.2318135326129919,0.1507037235598338,-0.35368317614268496,-0.9780141197758713,-0.8579002371533998,-0.10385493867138416,-0.22013059101973867,0.5700854163693968,-0.16624910731845863,-0.2665273046146626,1,2,3,1,2,4
0.9507869713514505,0.47954175677510147,-0.8020141723200349,-0.9602406218685697,-0.5950684781454363,-1.1512534819012057,-0.5305668920703247,1.3323733066097234,0.3743812624786755,-0.07811004533894411,-0.4697520522887006,0.8625327545938599,-0.14544512808373614,-0.33256099345987805,2,1,1,1,2,3
0.9507869713514505,0.47954175677510147,-0.8003696283073259,-0.9602406218685697,-0.5944327502043575,-1.1512534819012057,-0.528755354379771,1.3915227677437647,-0.5058198086870926,1.5305382955497813,-0.46936927987805693,0.9423326625135386,1.360052470767323,-0.35838583494544535,5,2,3,1,4,6
0.9507869713514505,0.47954175677510147,-0.5207971461468106,0.7168919711210556,-0.486359000220956,-0.14974793923886778,-0.5294454639761723,1.3323733066097234,0.2276810839510477,3.0371242907852705,-0.14687517682559784,2.162424126294524,3.2128274847244205,-0.3510728527114401,3,3,2,1,1,2
0.9507869713514505,0.47954175677510147,-0.5212670158647275,0.7168919711210556,-0.48654063677555004,-0.14974793923886778,-0.5296179913752728,1.3323733066097234,0.3743812624786755,3.366107216737471,-0.25493356160069947,2.4799024570240484,3.686838910789916,-0.35261671519107146,2,3,4,3,1,1
0.9507869713514505,0.47954175677510147,-0.6617580615218603,-0.12167432537375707,-0.5408499665991416,-0.6505007105700368,-0.5299199143236983,1.3323733066097234,0.3743812624786755,2.1869627570161376,-0.20527906374855912,1.6582322989708167,2.107482667484621,-0.35127518150437487,2,1,1,3,2,4
-0.05356546317472979,0.3498221769593167,-0.45102149303616096,1.136175119368462,-0.3865217693862574,0.7747187155263673,-0.5295317276757225,1.3323733066097234,0.645212361298912,2.8002750335521047,-0.14701257241875382,2.212966927231575,2.8881272183413254,-0.3391596929851667,2,1,2,3,1,1
-0.25443595007996583,0.3109063030145814,-0.45102149303616096,1.136175119368462,-0.3646625086430083,0.9769457962562627,-0.5295317276757225,1.3323733066097234,0.5944315302701176,3.008427363791336,-0.14701257241875382,2.4202197489055863,3.172763676774368,-0.3383665903025365,1,1,2,3,1,1
-0.25443595007996583,0.5638594836553616,-0.45102149303616096,1.136175119368462,-0.3646625086430083,0.9769457962562627,-0.5295317276757225,1.3323733066097234,0.5944315302701176,4.006883167085844,-0.14701257241875382,2.4226807685654617,4.692538379705688,-0.3450432675515188,2,3,3,4,1,2
0.5490459975409784,0.43738289333497155,-0.45102149303616096,1.136175119368462,-0.4357051060585677,0.31970778388410326,-0.5295317276757225,1.3323733066097234,0.5944315302701176,3.280097974471005,-0.14701257241875382,2.417574786432133,3.560257730336322,-0.34809947983782197,2,3,5,4,1,2
-0.25443595007996583,0.3109063030145814,-0.45102149303616096,1.136175119368462,-0.3646625086430083,0.9769457962562627,-0.5295317276757225,1.3323733066097234,0.3743812624786755,2.886810659927339,-0.14701257241875382,2.4202197489055863,3.005197544403602,-0.3373100240154638,1,1,2,2,1,2
0.9507869713514505,0.47954175677510147,-0.849471013829635,1.136175119368462,-0.6134137701594254,0.10062844642671684,-0.654934500050381,1.3547052460174736,0.5210814410063036,3.259550224394815,-0.28772418439822134,2.540773361781105,3.5302991466500804,-0.35053063645283145,3,2,2,2,1,1
0.9507869713514505,0.47954175677510147,-0.7780508167062764,1.136175119368462,-0.5858050138611448,0.10062844642671684,-0.6324566446247347,1.3239233835905746,0.6677816195339317,3.1030376324934728,-0.09971652471019224,2.362906525181495,3.305617172094282,-0.34972611003248366,3,3,2,2,1,3
0.9507869713514505,0.47954175677510147,-0.6544750808941494,1.136175119368462,-0.5380346000029355,0.10062844642671684,-0.5935640395132545,1.3279563013951685,0.5210814410063036,3.1831861717481376,-0.09420435155679723,2.4371540941069143,3.4199030682983973,-0.3501458353271829,3,3,3,2,2,1
0.9507869713514505,0.47954175677510147,-0.6279274418318485,1.136175119368462,-0.5277721346683771,0.10062844642671684,-0.5852087840425373,1.320754662458394,0.5210814410063036,3.194725803398342,-0.08766397229990984,2.4644298750900457,3.436490594595482,-0.350205115851697,5,4,4,3,2,1
0.9507869713514505,0.47954175677510147,-0.4677018680222085,1.136175119368462,-0.4658340695518395,0.10062844642671684,-0.5347814899626333,1.3300422933630616,0.6677816195339317,3.2402509652551155,-0.16256071877193692,2.413290609814145,3.502259133897502,-0.35043481216301925,4,4,4,3,2,1
-0.05356546317472979,-1.05114928505116,-0.5395919348634839,-0.5409574736211634,-0.43392891013527884,-0.6119812666214856,-0.3889218974089327,-0.9110219450273848,-1.3860208798528606,-0.405068543958437,-0.46943141369671043,0.5879401133765222,-0.40279363189404066,-0.27123547027734235,2,1,1,1,2,3
-0.05356546317472979,-1.05114928505116,-0.6636375403935277,-0.12167432537375707,-0.5003240568606988,-0.265306271084522,-0.5309550787183005,-0.4798290243665449,-0.9797742316225063,-0.3115638181603348,-0.4697520522887006,1.6734607369533905,-0.33069849289503794,-0.2300404396760526,1,1,1,3,2,4
-0.05356546317472979,-1.05114928505116,-0.6314514647162246,-0.9602406218685697,-0.4830965282595954,-0.9586562621584486,-0.3426845544500373,-0.9110219450273848,-0.9797742316225063,-0.6786204958721719,-0.4697520522887006,-0.5739296380531342,-0.6070393110593235,-0.276673543854451,4,3,3,2,3,1
-0.05356546317472979,-1.05114928505116,-0.4961289859561769,-0.5409574736211634,-0.4106654591045919,-0.6119812666214856,-0.3570043285753668,-0.5719086017320694,-1.3860208798528606,-0.3648715551427088,-0.4697520522887006,0.867460054366901,-0.3719454701501984,-0.26234526549447545,2,1,3,3,1,4
-0.05356546317472979,-1.05114928505116,-0.5647299647720344,-0.9602406218685697,-0.44738398721789235,-0.9586562621584486,-0.2691878824332858,-0.3165269481393009,-1.1828975557376835,-0.4764446820424287,-0.4697519848763497,0.2856230204339638,-0.45703571512300106,-0.2837792900674099,3,2,1,3,1,4
-0.857047410795674,-1.5440836883511422,-0.37913142619488555,0.29760882287364926,-0.21435825971651312,0.8517576034234704,-0.43615989928261006,-0.9110219450273848,-1.3860208798528606,-0.8365055398181194,-0.4697520522887006,-1.0790113049646024,-0.7205338812047275,5.243001692412429,6,3,2,5,4,1
-0.656176923890438,-1.3079940530864138,-0.37913142619488555,0.29760882287364926,-0.2578057235753864,0.6013812177578858,-0.43615989928261006,-0.9110219450273848,-1.3860208798528606,-0.27939190073975767,-0.4697520522887006,1.8065238062174094,-0.30561793211667276,-0.19248062405623972,1,3,3,4,2,4
-0.656176923890438,-0.7009064195485406,-0.37913142619488555,0.29760882287364926,-0.2578057235753864,0.6013812177578858,-0.43615989928261006,-0.9110219450273848,-1.3860208798528606,-0.0161671026330435,-0.4697520522887006,1.8077707677331905,-0.09500309947522283,-0.24833911562407712,1,2,3,3,2,4
-0.4553064369852019,-1.1148298060516362,-0.37913142619488555,0.29760882287364926,-0.2933536485508282,0.39652781130422543,-0.43615989928261006,-0.9110219450273848,-1.3860208798528606,-0.5818140362016531,-0.4697520522887006,0.30214534389274056,-0.5358784177869915,-0.03038999392334614,2,2,2,3,1,3
-0.25443595007996583,-0.953859600189321,-0.37913142619488555,0.29760882287364926,-0.32297691936369644,0.22581663925950915,-0.43615989928261006,-0.9110219450273848,-1.3860208798528606,-0.15506405739267254,-0.4697520522887006,1.8077707677331905,-0.2073517151026456,-0.24855299598047081,1,1,3,3,2,4
-0.05356546317472979,-1.05114928505116,-0.8666212585335994,0.29760882287364926,-0.6089706605932041,0.08136872445244092,-0.6509565111625528,-0.9131937357290444,-1.3860208798528606,-0.10984284291265652,-0.4697520522887006,1.9259288649536916,-0.17107435719439318,-0.26468920782395655,5,1,2,2,3,4
-0.05356546317472979,-1.05114928505116,-0.8067128694992032,0.29760882287364926,-0.5769048226860412,0.08136872445244092,-0.6245598191001984,-0.907730423432181,-1.3860208798528606,-0.1838443082111207,-0.4697520522887006,1.791608295656531,-0.23029024461727288,-0.25314395080095814,1,1,2,3,2,4
-0.05356546317472979,-1.05114928505116,-0.6894803748789535,0.29760882287364926,-0.5141563790951613,0.08136872445244092,-0.572905115809552,-0.9105044152109577,-1.3860208798528606,-0.20775247576650321,-0.4697520522887006,1.7341654871773755,-0.2492576569277416,-0.24874711593048315,1,3,2,3,2,4
-0.05356546317472979,-1.05114928505116,-0.5755369682841216,0.29760882287364926,-0.45316841287957665,0.08136872445244092,-0.5226996426713484,-0.9098159111718976,-1.3860208798528606,-0.16548516771948935,-0.4697520522887006,1.8418120574267518,-0.21567097407636013,-0.25624705560094085,1,4,3,4,2,5
-0.05356546317472979,-1.05114928505116,-0.39980569378322617,0.29760882287364926,-0.3591086216852317,0.08136872445244092,-0.4452693459551088,-0.9110740080419939,-1.3860208798528606,-0.1998712555624017,-0.4697520522887006,1.7960900645564324,-0.2430139307536359,-0.25024765489543127,1,1,2,2,1,3
0.9507869713514505,0.8168126642961423,-0.8388989451765062,-0.9602406218685697,-0.6093269476810614,-1.1512534819012057,-0.5711970945584585,1.3883443563328917,-0.21241945163183656,-0.005127451360305511,0.29707080082889165,-0.27774646325511126,-0.08595542656227748,-0.33584073026010686,1,2,2,1,2,3
0.9507869713514505,0.8168126642961423,-0.8403085543302568,-0.9602406218685697,-0.6098718573448434,-1.1512534819012057,-0.5727498411503616,1.341563084639765,-0.7992201657423487,-0.7023164328131003,-0.4697520522887006,-0.8460851851294721,-0.6242743054446618,-0.17777757334629904,4,2,3,1,3,5
0.9507869713514505,0.8168126642961423,-0.7933215825385734,-0.5409574736211634,-0.5917082018854481,-0.9008770962356215,-0.5752514884373169,1.1790343365925107,0.2276810839510477,0.41139868833743376,0.354066076473669,0.23465434659969356,0.26855094341214353,-0.333606432207263,4,1,2,1,2,3
0.14730502373050627,0.8168126642961423,-0.7423407181445971,-0.12167432537375707,-0.5500485606853639,-0.36435626980936875,-0.5743025877422648,1.1790343365925107,0.1228952421455989,0.5004598062069064,1.1623733292445557,0.10906443824862713,0.3477748208748796,-0.31435934497939877,5,2,2,1,4,3
-0.4553064369852019,0.8168126642961423,-0.7423407181445971,-0.12167432537375707,-0.5231073776981234,-0.013179001603094532,-0.5743025877422648,1.1790343365925107,-0.18574669189954068,0.39992124784146643,0.43546266755748914,-0.01990308317480514,0.2584310715325539,-0.2931861784384501,5,3,2,1,4,3
-0.4553064369852019,0.8168126642961423,-0.7423407181445971,-0.12167432537375707,-0.5231073776981234,-0.013179001603094532,-0.5743025877422648,1.1790343365925107,0.29436298328178756,0.2999897087340395,-0.18658426634758402,0.08387627897651284,0.17117615574411274,-0.286474089143965,4,2,2,1,2,3
-0.25443595007996583,0.8168126642961423,-0.7423407181445971,-0.12167432537375707,-0.5335845044153835,-0.14974793923886778,-0.5743025877422648,1.1790343365925107,-0.06571927310420848,0.2955280847655226,0.024220724822599845,0.054195446841537966,0.16731609521027518,-0.29320922315582587,4,2,2,1,3,2
0.14730502373050627,0.8168126642961423,-0.7423407181445971,-0.12167432537375707,-0.5500485606853639,-0.36435626980936875,-0.5743025877422648,1.1790343365925107,0.1228952421455989,0.2874156159316246,-0.07523164123700579,0.10906443824862713,0.16030517935034194,-0.303834538634908,4,2,2,1,3,3
-0.857047410795674,0.8168126642961423,-0.7423407181445971,-0.12167432537375707,-0.4951683731187628,0.3510048320923012,-0.5743025877422648,1.1790343365925107,0.08098090542341961,0.07089794373115463,-0.08633685687371247,-0.015408180024410653,-0.023169362772491923,-0.2422386100232899,3,1,2,1,1,2
0.9507869713514505,0.8168126642961423,-0.9002169433646529,-0.12167432537375707,-0.6330305180555722,-0.6505007105700368,-0.6612563968888441,1.174641410252281,-0.3591196301594645,0.40529279848105193,-0.4525645478575171,0.20691993196869515,0.2631647282252728,-0.32360958393229006,4,2,2,1,3,2
0.9507869713514505,0.8168126642961423,-0.8741391740202686,-0.12167432537375707,-0.6229496892756079,-0.6505007105700368,-0.6468934909137395,1.1601775780573416,-0.21241945163183656,0.26159649757972947,0.14745439781297773,-0.10073675639447627,0.13805827375355711,-0.31753456627304544,4,2,2,1,3,2
0.9507869713514505,0.8168126642961423,-0.8332605085615042,-0.12167432537375707,-0.6071473090259341,-0.6505007105700368,-0.6243786653311431,1.185144139428624,-0.06571927310420848,0.3207876287612827,0.6095837259336995,0.04579190388036329,0.18920983979474748,-0.3202135862152207,5,2,1,1,3,4
0.9507869713514505,0.8168126642961423,-0.8250377884979597,-0.12167432537375707,-0.6039686693205399,-0.6505007105700368,-0.6198498211047587,1.1804077619188917,0.08098090542341961,0.3386612451283359,-0.40321755711709995,0.16515557108568607,0.20476059575626504,-0.32097232836389117,4,2,1,1,3,2
0.9507869713514505,0.8168126642961423,-0.7991949540125339,-0.12167432537375707,-0.5939786588178726,-0.6505007105700368,-0.6056163106789794,1.172474763324294,0.2276810839510477,0.29940922252358354,0.33443735260234536,0.12569011371981204,0.17067376568310194,-0.3192779502723859,5,3,2,1,4,3
0.9507869713514505,0.8168126642961423,-0.7435153924393892,-0.12167432537375707,-0.5724547270984893,-0.6505007105700368,-0.5749495654888912,1.1887246152841953,0.08098090542341961,0.31537768967219726,-0.2882698038543294,0.10019337912292589,0.18451259209838416,-0.3199789514187129,5,1,2,2,4,3
-0.4553064369852019,0.8168126642961423,-0.1723887503114792,0.7168919711210556,-0.16257532924318285,0.8062346242115457,-0.4015163975432586,-1.1279153533884525,1.2545823336444437,-0.6398696911727918,-0.31771688263270137,-0.8655388512455231,-0.5786993227011916,-0.0425305288567594,3,1,1,2,2,4
-0.4553064369852019,0.8168126642961423,-0.2865670917652695,0.7168919711210556,-0.23480062831535967,0.8062346242115457,-0.44344055552464506,-1.1279153533884525,1.0145274960537798,-0.6555855378783054,-0.42953626178657667,-0.8844760261979935,-0.5902161902415187,-0.0277695894072975,5,4,3,1,2,1
-0.4553064369852019,0.8168126642961423,-0.6232287446526801,-0.12167432537375707,-0.4477612323697413,-0.013179001603094532,-0.5086990442343546,-1.124217079212572,1.2545823336444437,-0.769094495714157,-0.4697520522887006,-0.9721107600186072,-0.672460584197893,-0.008092687583953819,5,3,3,2,4,1
-0.4553064369852019,0.8168126642961423,-0.04646366590976809,0.7168919711210556,-0.08291944384670791,0.8062346242115457,-0.3552790545843633,-1.1279153533884525,1.0145274960537798,-0.539600858074086,-0.19987336492788588,-0.6115391552646827,-0.5044674131809724,-0.10893205637268241,2,1,2,2,2,3
-0.4553064369852019,0.8168126642961423,-0.9091444680050728,-0.9602406218685697,-0.6286217035031554,-0.8325926274177345,-0.648575633054968,-1.0382493712509875,1.0145274960537798,-0.8244191174543306,-0.4697520522887006,-1.0370127212070084,-0.7119564235227986,-0.029062907653648995,4,3,3,2,3,1
-0.857047410795674,0.8168126642961423,-0.010518632489130398,1.136175119368462,0.07062949444139739,1.8532631460858084,-0.3908936391129367,-1.1279153533884525,0.9611819765891876,-0.5318738272417991,-0.44598217250267963,-0.6366999488166122,-0.4986924432093481,-0.027056359250708924,2,1,2,3,1,4
-0.857047410795674,0.8168126642961423,-0.010518632489130398,1.136175119368462,0.07062949444139739,1.8532631460858084,-0.3908936391129367,-1.1279153533884525,0.9611819765891876,-0.5264646251476948,-0.44598217250267963,-0.6366999488166122,-0.4946450893776164,-0.03268493584617198,2,1,1,3,2,4
-0.857047410795674,0.8168126642961423,-0.010518632489130398,1.136175119368462,0.07062949444139739,1.8532631460858084,-0.3908936391129367,-1.1279153533884525,1.2545823336444437,-0.6168574969716707,-0.3837247645464319,-0.808574203967915,-0.5617781088226657,0.09467437377341062,1,1,2,3,1,4
-1.6605293584166183,0.8168126642961423,-0.010518632489130398,1.136175119368462,0.6461994086387123,4.657478665540354,-0.3908936391129367,-1.1279153533884525,1.2545823336444437,-0.5112113411051455,0.22962918575561886,-0.8035193475863319,-0.48321132289265345,0.21101793579795083,1,1,1,1,1,2
-1.05791789770091,0.8168126642961423,-0.010518632489130398,1.136175119368462,0.16056229353472787,2.291421821000581,-0.3908936391129367,-1.1279153533884525,0.9245069319572806,-0.5181011022229641,-0.17122187095853936,-0.7178884811672016,-0.4883796373657982,0.00019823890663000249,4,2,2,1,3,5
-0.4553064369852019,0.8168126642961423,-0.8830666986606885,-0.12167432537375707,-0.6121258018632137,-0.013179001603094532,-0.6518105217880996,-0.9164717231071626,0.7744726584631157,-0.5422500715535941,-0.4697520522887006,-0.718141232902563,-0.5064455592409044,-0.11157960356763931,4,2,3,1,3,5
-0.4553064369852019,0.8168126642961423,-0.5743622939893295,0.29760882287364926,-0.41684999326066147,0.39652781130422543,-0.5221820604740474,-0.9490820723882992,1.0145274960537798,-0.5998943167400553,-0.4697520522887006,-0.7399777482063032,-0.5492609740915323,-0.02417016249028228,1,1,1,3,2,4
-0.4553064369852019,0.8168126642961423,-0.5191526021341016,0.29760882287364926,-0.3819262375364607,0.39652781130422543,-0.49785569720089723,-0.9486088542651827,1.0145274960537798,-0.5450493083140119,-0.4697520522887006,-0.6533718761590546,-0.5085347268202353,-0.08516825637362933,2,1,1,3,1,4
-0.4553064369852019,0.8168126642961423,-0.3415418487615389,0.7168919711210556,-0.2695757723130745,0.8062346242115457,-0.4636262612193867,-1.106422515263849,1.0145274960537798,-0.5678836513667074,-0.12254102847635846,-0.6719540720709155,-0.5255384888693448,-0.056293203545009864,3,2,1,4,2,5
-0.4553064369852019,0.8168126642961423,-0.051397297947894834,0.7168919711210556,-0.08604029010291311,0.8062346242115457,-0.357090592274917,-1.1068707096025232,1.0145274960537798,-0.570247134400548,-0.40885183762516475,-0.6297408577447463,-0.5272945833600087,-0.05404677429560041,3,1,1,2,3,4
-0.4553064369852019,0.8168126642961423,-0.6610532569449851,0.29760882287364926,-0.47168772033398093,0.39652781130422543,-0.5603796266348661,-1.0910704731143739,1.2545823336444437,-0.6784941128338238,-0.4697520522887006,-0.7819576756885213,-0.6069471952635399,0.004380572857153849,2,2,1,2,2,3
-0.4553064369852019,0.8168126642961423,-0.793086647679615,-0.9602406218685697,-0.5552075106190909,-0.8325926274177345,-0.5207328303216044,-0.9021553830848794,1.0145274960537798,-0.7963261098722232,-0.4697520522887006,-1.0400800497693865,-0.6919489848483625,-0.034925162914268434,4,3,3,2,3,1
-0.4553064369852019,0.8168126642961423,-0.6258130281012226,0.29760882287364926,-0.4493959613610869,0.39652781130422543,-0.5448521607158341,-1.0910704731143739,1.2545823336444437,-0.5535085995413955,-0.4697520522887006,-0.675949952285964,-0.5148419523154703,-0.1030381447969703,2,1,1,1,2,3
-0.4553064369852019,0.8168126642961423,-0.7515031776439753,-0.12167432537375707,-0.5289032350310758,-0.013179001603094532,-0.5793490141659503,-1.0910704731143739,1.2545823336444437,-0.42891581831786374,-0.35354921313784426,-0.3655007361624013,-0.42099197549267076,-0.23929348643334228,5,3,3,1,4,2
-0.4553064369852019,0.8168126642961423,-0.6382645756260187,-0.12167432537375707,-0.4572723828648428,-0.013179001603094532,-0.5169803593911717,-1.0910704731143739,1.0145274960537798,-0.5827082541945945,-0.4697520522887006,-0.625777713658574,-0.5365412940360436,-0.10684014337227754,3,2,2,3,1,4
-1.05791789770091,0.8168126642961423,-0.6218191354989295,0.7168919711210556,-0.37113331090041785,1.728074953253016,-0.5665388547827488,-1.0910704731143739,1.2545823336444437,-0.5556540857352567,-0.4697520522887006,-0.8101713739668649,-0.5164401323378088,0.01701985169897849,1,1,1,3,2,3
-0.857047410795674,0.8168126642961423,-0.6218191354989295,0.7168919711210556,-0.4019888206120654,1.3525103747546392,-0.5665388547827488,-1.0910704731143739,1.2545823336444437,-0.5279285724597764,-0.41419902451020324,-0.5597456085968825,-0.495740845318254,-0.05514182672456547,2,1,1,1,3,4
-1.4596588715113823,0.8168126642961423,-0.6218191354989295,0.7168919711210556,-0.2785667817654751,2.854768688748146,-0.5665388547827488,-1.0910704731143739,1.2545823336444437,-0.6065828310081887,-0.4697520522887006,-0.6432482973800104,-0.5542008831745497,0.25155497172379504,1,1,1,1,1,1
-1.2587883846061463,0.8168126642961423,-0.6218191354989295,0.7168919711210556,-0.3314619412711566,2.210943697036643,-0.5665388547827488,-1.0910704731143739,1.2545823336444437,-0.5683362284130516,-0.19501583154967567,-0.7805033845060765,-0.525874815128527,0.09191961441924243,1,2,2,3,2,1
-1.4596588715113823,0.8168126642961423,-0.6218191354989295,0.7168919711210556,-0.2785667817654751,2.854768688748146,-0.5665388547827488,-1.0910704731143739,1.2545823336444437,-0.4984159122710139,-0.4697520522887006,-0.6432482973800104,-0.47359630064973873,0.06374075158514901,1,2,2,1,1,2
-0.4553064369852019,0.8168126642961423,-0.918306927504451,-0.5409574736211634,-0.6344175608361079,-0.4228858145104145,-0.667036064758706,-0.3860337655571539,0.29436298328178756,-0.6451934011058403,-0.4697520522887006,-0.8318843106457975,-0.5826041974931558,-0.04022814634876244,3,1,2,1,1,4
-0.4553064369852019,0.8168126642961423,-0.8172849381523319,-0.12167432537375707,-0.5705145184471448,-0.013179001603094532,-0.615579767977025,-0.9015194999789049,1.0145274960537798,-0.5989349279627859,-0.4697520522887006,-0.6231080936783119,-0.5485519262656007,-0.06559430231196703,1,2,2,1,3,3
-0.4553064369852019,0.8168126642961423,-0.7771110772704427,-0.12167432537375707,-0.5451019132180456,-0.013179001603094532,-0.5934531290424043,-0.899973243588158,1.2545823336444437,-0.538762497364653,-0.4697520522887006,-0.5893330271041377,-0.503841224379071,-0.12298701778400024,1,2,3,2,2,4
-0.4553064369852019,0.8168126642961423,-0.6890105051610367,0.29760882287364926,-0.48937251578581026,0.39652781130422543,-0.5726980829306316,-1.0632074834464478,1.2545823336444437,-0.590246382827267,-0.4697520522887006,-0.6396003675475259,-0.5421251099969987,-0.06187706710937484,3,1,1,3,2,4
-0.4553064369852019,0.8168126642961423,-0.6528305368814405,0.29760882287364926,-0.4664863099069723,0.39652781130422543,-0.5567565512537587,-1.0625763033889948,1.2545823336444437,-0.5536693582844295,-0.3781850924450037,-0.5558270360269101,-0.5149617229229333,-0.09909685965658951,1,2,1,1,1,3
0.5490459975409784,0.8168126642961423,0.876830329796808,1.136175119368462,0.14176291013425385,0.31970778388410326,-0.11162107351206108,1.2027585783404737,-0.7258700764785345,2.0423983835870456,3.800197054088633,1.546984272646261,1.9354003863360933,-0.33838223279613755,3,4,2,1,2,1
0.5490459975409784,0.8168126642961423,0.050564430840057836,-0.12167432537375707,-0.21757095627589362,-0.5253125177372444,-0.13759260876948945,1.397572144450655,-1.0559454781656976,1.1550160482899046,1.5358195108947903,0.9974510854911887,0.969651693374436,-0.3375031169761299,3,1,2,4,1,4
0.5490459975409784,0.8168126642961423,1.3727778170580247,1.9747414158632746,0.3574449664299096,0.8830546516316684,-0.1173637712249728,1.2027585783404737,-0.8909077773221161,2.0319973090688443,4.263760852292157,1.3730935731637612,1.9231871012094923,-0.33405032654744127,4,4,4,2,3,1
0.5490459975409784,0.8168126642961423,0.3602085749472505,0.29760882287364926,-0.08291015561380254,-0.24363908386346186,-0.1103936643013184,1.2027585783404737,-0.560832375634953,1.437306364344059,2.400583937023508,0.7880808285291897,1.260711165410492,-0.3369144427439287,3,3,3,1,2,2
0.5490459975409784,0.8168126642961423,1.3727778170580247,1.9747414158632746,0.3574449664299096,0.8830546516316684,-0.1173637712249728,1.2027585783404737,-0.39579467479137154,1.9092891313510483,2.6361592157089913,1.1833321979281928,1.7807705228214965,-0.3324160855370092,4,5,4,2,3,1
-0.25443595007996583,0.8168126642961423,1.6413083608474945,2.3940245641106808,0.8485788577672935,2.103639531751393,-0.11484487119810753,1.2027585783404737,-0.7258700764785345,1.7630925543181246,4.1042114352495735,1.3895709655635122,1.6150508135696477,-0.31413068152440643,3,3,3,2,2,1
0.34817551063574237,0.8168126642961423,1.6413083608474945,2.3940245641106808,0.5490965065527854,1.3525103747546392,-0.11484487119810753,1.2027585783404737,-1.0339404513865535,2.0486909428098423,4.0843296007973695,1.385555515198493,1.942800154381987,-0.32994596787915725,3,3,4,2,2,1
-0.656176923890438,0.8168126642961423,1.6413083608474945,2.3940245641106808,1.1480612089818014,2.854768688748146,-0.11484487119810753,1.2027585783404737,-1.1219605585031303,2.036127393425664,4.296748783441938,1.415302760083853,1.9280341126013816,-0.3092068800803404,4,5,3,2,4,1
-0.05356546317472979,0.8168126642961423,1.6413083608474945,2.3940245641106808,0.7333933380694058,1.814743702137257,-0.11484487119810753,1.2027585783404737,-0.776650907507329,2.1481014354101813,4.085006221268294,1.3750307767039904,2.06079392392243,-0.3252096863514851,3,3,3,2,2,1
0.14730502373050627,0.8168126642961423,1.6413083608474945,2.3940245641106808,0.6346628926140735,1.5671187053251403,-0.11484487119810753,1.2027585783404737,-0.8201773341034385,2.1465874968498597,4.203516070242591,1.4082321270551403,2.0589814887523636,-0.32845123539023563,3,2,2,1,2,1
0.5490459975409784,0.8168126642961423,-0.4825027641365887,2.3940245641106808,-0.4493959613610869,1.164728085505451,-0.5827391775582722,1.2001715553347663,-0.8909077773221161,2.02115012151348,3.391057893095335,1.3788993339083497,1.9104737154316012,-0.3321376691249611,5,3,4,2,2,1
0.5490459975409784,0.8168126642961423,-0.18413549325940004,2.3940245641106808,-0.3196393476730325,1.164728085505451,-0.5170062385010367,1.1962691894084354,-0.8909077773221161,2.056218230787837,3.669698334531586,1.4369221109433972,1.9516626554492826,-0.33260442369237725,5,4,5,2,3,1
0.5490459975409784,0.8168126642961423,0.4292794234810249,2.3940245641106808,-0.05287201039782774,1.164728085505451,-0.3818655267857281,1.2036894707134949,-0.8909077773221161,2.0216778102209543,3.8473042377551168,1.399898794612547,1.9110916298343363,-0.3321447390911247,2,2,2,3,2,1
0.5490459975409784,0.8168126642961423,0.7112012542311245,2.3940245641106808,0.06973266395308979,1.164728085505451,-0.3197556631096001,1.202576948102472,-0.8909077773221161,2.0508329028328927,4.156928297825168,1.431325229106308,1.9453208694240356,-0.3325332420451619,3,3,3,2,2,1
0.5490459975409784,0.8168126642961423,1.44913164621951,2.3940245641106808,0.3906503990666164,1.164728085505451,-0.15718309493733487,1.2012917812475183,-0.8909077773221161,2.025553950108981,3.985484019139407,1.3744294368436816,1.915632278405879,-0.33219694832803004,4,3,2,2,2,1
-0.05356546317472979,-0.8176540413827471,0.9675151853547567,-0.9602406218685697,0.3727469729017837,-0.9586562621584486,1.418647662965494,1.2240664986342473,-0.776650907507329,-0.203177248449312,-0.2913625576165732,-0.24916013030759415,-0.24563408422720054,-0.30771590082687283,3,4,4,1,2,5
1.1516574582566865,-0.6210264677672416,0.9675151853547567,-0.9602406218685697,0.05014280304693211,-1.177608890918636,1.418647662965494,1.2240664986342473,-0.6911252973535701,-0.005556786546985291,-0.3750883967557232,0.7576253203685507,-0.08630762103347096,-0.33769956032335496,4,2,3,1,4,5
1.3525279451619228,-0.5491345111640722,0.9675151853547567,-0.9602406218685697,0.015194017979323291,-1.2013287590343227,1.418647662965494,1.2240664986342473,-0.7258700764785345,-0.049460271509661695,-0.3750883967557232,0.7461161143993834,-0.12218293137667524,-0.3376446242235214,5,3,4,1,2,6
0.5490459975409784,-0.5111915340679553,0.9675151853547567,-0.9602406218685697,0.18120074705046565,-1.0886593854848094,1.418647662965494,1.2240664986342473,-0.7258700764785345,0.053542112982528305,-0.2913625576165732,0.7553472086876687,-0.037576710877465155,-0.33403471086872244,2,2,3,1,1,4
1.1516574582566865,-0.46126656420464324,0.9675151853547567,-0.9602406218685697,0.05014280304693211,-1.177608890918636,1.418647662965494,1.2240664986342473,-0.5521461808537119,-0.11210566724165208,-0.3750883967557232,0.7461161143993834,-0.17289649481796351,-0.3329512837298666,2,3,3,1,2,4
0.5490459975409784,-0.890621305029126,0.9675151853547567,-0.9602406218685697,0.18120074705046565,-1.0886593854848094,1.418647662965494,1.2240664986342473,-1.0559454781656976,0.03453556170533005,-0.3750883967557232,0.7497533266031047,-0.053304057715035186,-0.33324889183054307,2,3,3,2,1,4
-0.05356546317472979,-0.5841587977143343,0.9675151853547567,-0.9602406218685697,0.3727469729017837,-0.9586562621584486,1.418647662965494,1.2240664986342473,-0.776650907507329,0.219292747413691,-0.3750883967557232,0.74846992187169,0.10182478886687411,-0.33251583718779765,3,5,4,1,2,6
1.5533984320671588,-0.4840894075707289,-0.8078875437939953,-0.9602406218685697,-0.6046952155389157,-1.2227895920913727,-0.537036669536588,1.2189029117811552,-0.7573058290201693,-0.08951092230022971,-0.4697520522887006,0.6384632319438651,-0.15466957270608578,-0.33757717431324846,2,2,2,1,2,3
1.5533984320671588,-0.4840894075707289,-0.4951892465203432,-0.9602406218685697,-0.50108453518268,-1.2227895920913727,-0.19258571723272785,1.224613148961658,-0.7573058290201693,-0.01863783951624534,-0.35655299119032846,0.7092124671448532,-0.09702561938814287,-0.34039181970061494,5,3,4,1,2,6
1.5533984320671588,-0.4840894075707289,-0.3927576480144737,-0.9602406218685697,-0.4671444475528388,-1.2227895920913727,-0.07975279822109521,1.2238452630684984,-0.6315628188536309,-0.05140006986870697,-0.39229966997441296,0.7250339707142216,-0.12376164783195043,-0.3391515978185644,2,4,3,1,2,5
1.5533984320671588,-0.4840894075707289,-0.21021326260378426,-0.9602406218685697,-0.40665947487305276,-1.2227895920913727,0.12132788543036938,1.2253094775179398,-0.6315628188536309,-0.008615568212935302,-0.372147331271112,0.7770443621853335,-0.08881604839381332,-0.3407519280667976,5,2,4,1,3,6
1.5533984320671588,-0.4840894075707289,0.03529366500776078,-0.9602406218685697,-0.32531224649419,-1.2227895920913727,0.39176458352017696,1.2233602728057875,-0.6315628188536309,-0.030192363565720855,-0.36512393527645326,0.7456626088429553,-0.10647239593023447,-0.33996597533088024,2,3,2,1,4,5
1.5533984320671588,-0.4840894075707289,0.42387592172498134,-0.9602406218685697,-0.19655787736630578,-1.2227895920913727,0.8198050606881595,1.2247399900667084,-0.6315628188536309,-0.0286346491936328,-0.3648069373135188,0.7399657592044097,-0.10519995348647349,-0.3400236673244865,5,4,2,1,3,6
1.5533984320671588,-0.4840894075707289,0.6503531257608947,-0.9602406218685697,-0.121516032239776,-1.2227895920913727,1.069279679787274,1.2237018543418001,-0.6315628188536309,-0.040131011385501236,-0.36543265473258874,0.7507236392989276,-0.11458274053594952,-0.33958955662964546,2,4,3,1,3,5
1.5533984320671588,-0.4840894075707289,0.9191186044093229,-0.9602406218685697,-0.032462224330284145,-1.2227895920913727,1.3653366966434841,1.2244219857564582,-0.6315628188536309,-0.02936130103019079,-0.37662453092967435,0.7491804593578595,-0.10579357329415943,-0.3399966709091096,2,5,4,1,3,5
-0.4553064369852019,-0.01103410871004835,0.23357868596866413,-0.9602406218685697,0.0942257341245572,-0.8325926274177345,0.6101842707812273,-0.7175272356289284,0.5344178208724517,-0.7843368419535496,-0.4697520522887006,-0.9528001348097536,-0.6833803045320676,0.024919004193879057,6,3,5,2,4,1
1.1516574582566865,0.3375329536083475,0.23357868596866413,-0.9602406218685697,-0.21864105847746526,-1.177608890918636,0.6101842707812273,-0.7175272356289284,0.6986658676450113,-0.7949581047806636,-0.4697520522887006,-0.9518121043159902,-0.690972188763378,-0.10244325983304917,6,3,4,2,5,1
-0.4553064369852019,-0.01103410871004835,0.23357868596866413,-0.9602406218685697,0.0942257341245572,-0.8325926274177345,0.6101842707812273,-0.7175272356289284,0.5344178208724517,-0.8274575023638199,-0.4697520522887006,-1.050764224255039,-0.7141144091215862,0.6046504751814362,5,4,3,2,3,1
0.9507869713514505,0.3109063030145814,0.23357868596866413,-0.9602406218685697,-0.1947415118203663,-1.1512534819012057,0.6101842707812273,-0.7175272356289284,0.6677816195339317,-0.7880094824811738,-0.4697520522887006,-0.9513865165338908,-0.6860070424661244,-0.11611149315470327,5,3,4,2,3,1
-0.656176923890438,0.8168126642961423,0.23357868596866413,-0.9602406218685697,0.1685315973675375,-0.7506512648362704,0.6101842707812273,-0.7175272356289284,1.2545823336444437,-0.7773768746081191,-0.4697520522887006,-0.9509359244568358,-0.6783977624303541,0.026393052719436885,4,3,3,2,3,1
0.14730502373050627,0.5999956523183305,0.23357868596866413,-0.9602406218685697,-0.06500111568182909,-1.008181261520872,0.6101842707812273,-0.7175272356289284,0.8773533031448286,-0.8239212474321709,-0.4697520522887006,-0.9983980770104194,-0.7116027060081374,0.31341080441190367,5,4,3,2,3,1
0.14730502373050627,0.3831786403405184,0.23357868596866413,-0.9602406218685697,-0.06500111568182909,-1.008181261520872,0.6101842707812273,-0.7175272356289284,0.500124272645214,-0.7690807748922412,-0.4697520522887006,-0.9455513406394656,-0.6724507413353503,-0.11392475925630213,6,5,3,2,4,1
1.3525279451619228,0.36149693914273734,-0.8417181634840072,-0.9602406218685697,-0.6142583801382874,-1.2013287590343227,-0.5743025877422648,-0.7159997677511837,0.4624013695952523,-0.8090887831001311,-0.4697520522887006,-0.9857816076906086,-0.7010506136479737,-0.03984077519169232,5,3,4,2,3,1
1.3525279451619228,0.36149693914273734,-0.7164978836591713,-0.9602406218685697,-0.570692852518928,-1.2013287590343227,-0.43636693216153044,-0.718168791990806,0.5944315302701176,-0.8017448562929229,-0.4697520522887006,-0.9858601323663707,-0.6958158253089839,-0.08472073560249407,4,3,3,2,3,1
1.3525279451619228,0.36149693914273734,-0.5600312675928661,-0.9602406218685697,-0.5162563771071206,-1.2013287590343227,-0.2640120604602751,-0.7182707538076019,0.5944315302701176,-0.8031153431619276,-0.4697520522887006,-0.984686181416635,-0.6967932277277847,-0.07746716692811886,5,4,3,2,3,1
1.3525279451619228,0.36149693914273734,-0.3453008065048736,-0.9602406218685697,-0.44154926220262813,-1.2013287590343227,-0.02747699629368743,-0.7169717348887649,0.5944315302701176,-0.801682995095005,-0.4697520522887006,-0.9864097469371602,-0.6957717016548033,-0.08460049331518334,5,3,4,2,4,1
1.3525279451619228,0.36149693914273734,-0.2311224650510833,-0.9602406218685697,-0.4018253477129309,-1.2013287590343227,0.09829547765047188,-0.7178808474468431,0.5944315302701176,-0.7917303247822859,-0.4697520522887006,-0.9709075492798537,-0.688666528211335,-0.12860749509389421,4,3,3,2,3,1
1.3525279451619228,0.36149693914273734,-0.08945674509915827,-0.9602406218685697,-0.352538268623862,-1.2013287590343227,0.25434651013674364,-0.7171240245424353,0.5944315302701176,-0.7936525456120688,-0.4697520522887006,-0.9627175881963528,-0.6900397620631677,-0.12100047049685472,5,4,4,2,3,1
1.3525279451619228,0.36149693914273734,-0.0006513684128769126,-0.9602406218685697,-0.32164189068743076,-1.2013287590343227,0.3521695454266453,-0.7175480239280322,0.5944315302701176,-0.7974589642915727,-0.4697520522887006,-0.954724893611011,-0.6927576988067934,-0.10514272428786915,5,3,4,2,4,1
1.3525279451619228,0.36149693914273734,0.23193414195595521,-0.9602406218685697,-0.2407228056158252,-1.2013287590343227,0.6083727330906735,-0.7175342603617552,0.5944315302701176,-0.7970791373637016,-0.4697520522887006,-0.9447148764732237,-0.6924865686205299,-0.10682544429470549,4,3,3,2,3,1
-1.4596588715113823,0.8168126642961423,3.5003478997854427,-0.9602406218685697,4.5019256985927445,-0.14974793923886778,4.208674497516896,0.2161475204593764,0.8144817980615597,-0.5901262825724936,-0.30371840049231275,-0.845183604416776,-0.5420362045045546,-0.05799318670523685,3,2,2,3,1,4
-0.857047410795674,0.8168126642961423,3.5003478997854427,-0.9602406218685697,2.7850061662934156,-0.6505007105700368,4.208674497516896,0.2161475204593764,0.6677816195339317,-0.5240750883604868,-0.3202511934888234,-0.7644483217272162,-0.4928559299246628,-0.20369026432377252,3,2,2,3,1,4
-1.6605293584166183,0.8168126642961423,3.5003478997854427,-0.9602406218685697,5.532077417972343,0.1507037235598338,4.208674497516896,0.2161475204593764,0.7264616909449829,-0.5051947349414236,-0.3027461498754639,-0.7642505678277962,-0.47869288333256194,-0.08608627262943011,1,4,5,3,2,6
-1.6605293584166183,0.8168126642961423,3.5003478997854427,-0.9602406218685697,5.532077417972343,0.1507037235598338,4.208674497516896,0.2161475204593764,1.2545823336444437,-0.6541558595472071,-0.3022960560027994,-0.9328159210675382,-0.5891698087717124,0.12316865454588177,1,3,2,2,1,4
-1.05791789770091,0.8168126642961423,3.5003478997854427,-0.9602406218685697,3.2142360493682474,-0.5253125177372444,4.208674497516896,0.2161475204593764,0.5944315302701176,-0.567703974435461,-0.30645046728937125,-0.763762231356909,-0.5254049570755903,-0.154412666111249,1,3,3,4,2,5
-1.4596588715113823,0.8168126642961423,3.5003478997854427,-0.9602406218685697,4.5019256985927445,-0.14974793923886778,4.208674497516896,0.2161475204593764,0.3743812624786755,-0.4935681366858996,-0.30371840049231275,-0.7644753331251866,-0.46994783191092276,-0.1411484921216729,2,3,2,2,1,4
-0.857047410795674,0.8168126642961423,3.5003478997854427,-0.9602406218685697,2.7850061662934156,-0.6505007105700368,4.208674497516896,0.2161475204593764,0.6677816195339317,-0.52869964503069,-0.304174486184603,-0.7644483217272162,-0.49631787535063765,-0.2013342867386424,1,3,4,4,2,5
-0.656176923890438,0.8168126642961423,-0.7959058659871161,-0.9602406218685697,-0.54780664664009,-0.7506512648362704,-0.5238383235054108,0.21740281910041467,0.7264616909449829,-0.5935951059475054,-0.4697520522887006,-0.7980471623115051,-0.5446032831073314,-0.18063988093402494,1,2,1,2,3,4
-0.656176923890438,0.8168126642961423,-0.34177678362049735,-0.9602406218685697,-0.2318135326129919,-0.7506512648362704,-0.023595129813929427,0.21627253705884877,0.7264616909449829,-0.5684064205751891,-0.4376492967297328,-0.7066926091661414,-0.5259269750512723,-0.19728304625742377,1,2,2,3,3,4
-0.656176923890438,0.8168126642961423,0.3374198936282841,-0.9602406218685697,0.24078661878501165,-0.7506512648362704,0.7245699363847631,0.21603136407993706,0.7264616909449829,-0.56131115973302,-0.4192991272846133,-0.7174263853105258,-0.520651220452047,-0.20145700254963875,1,1,2,4,3,5
-0.656176923890438,0.8168126642961423,0.9038478385770258,-0.9602406218685697,0.6349197785984277,-0.7506512648362704,1.3485152752311995,0.21586186986756759,0.7264616909449829,-0.5577051437620539,-0.41157135683090296,-0.7567820001155814,-0.5179674096557195,-0.2035037394624504,1,2,3,4,2,5
-0.656176923890438,0.8168126642961423,1.657283931256667,-0.9602406218685697,1.1591773661229512,-0.7506512648362704,2.178458328603461,0.2159294236306416,0.7264616909449829,-0.5520400044370283,-0.32705297096243835,-0.7706185771451476,-0.5137476436036575,-0.20661245618371032,1,2,4,3,1,5
-0.656176923890438,0.8168126642961423,2.1367859783907943,-0.9602406218685697,1.4928255532565813,-0.7506512648362704,2.7066509609492,0.2161331364887798,0.7264616909449829,-0.5351031442463928,-0.2715119703050003,-0.7637768391853735,-0.5011068988982685,-0.2152536430925019,1,2,3,3,2,4
-0.656176923890438,0.8168126642961423,2.5629578125413617,-0.9602406218685697,1.7893653922866672,-0.7506512648362704,3.176098013901268,0.21625390334408612,0.7264616909449829,-0.5407342123923102,-0.33722015388348076,-0.7675871121316575,-0.5053137922231457,-0.21247852516898516,1,2,2,3,1,4
-0.656176923890438,0.8168126642961423,3.20996841411284,-0.9602406218685697,2.239569756503237,-0.7506512648362704,3.888808699584837,0.21605973886084462,0.7264616909449829,-0.5364863542577964,-0.32447930582562956,-0.7632821087280424,-0.5021406614569145,-0.2145836372110506,1,2,2,3,2,4
1.1516574582566865,-0.1417467570794469,-0.3239217343396577,1.136175119368462,-0.42281010565972993,0.0083845148657119,-0.4895300178557401,0.8820086595410572,-1.1080626468531445,-0.8275777764129919,-0.4697520522887006,-1.0624819532488894,-0.7141998089967794,2.3345129691590527,1,3,2,4,1,5
1.1516574582566865,-0.1417467570794469,-0.5102250774936818,0.29760882287364926,-0.491038531456416,-0.4660128474480271,-0.4939220725014091,1.0672985561507593,-1.2470417633530027,-0.8203621991862552,-0.4697520522887006,-0.9996621358684725,-0.7090732381561501,1.425098848088988,1,2,2,4,1,3
1.1516574582566865,-0.1417467570794469,-0.7630149857329378,-0.9602406218685697,-0.5836158153873545,-1.177608890918636,-0.4876075696943361,1.3733587599939405,-1.1080626468531445,-0.8303670010092443,-0.4697520522887006,-1.0541322379358713,-0.7161797755422744,0.6951377947412068,1,4,4,3,2,4
1.1516574582566865,-0.1417467570794469,-0.5901029295395434,-0.12167432537375707,-0.5202915765647051,-0.703211528604897,-0.49045427177949197,0.8820086595410572,-0.9690835303532864,-0.824718575804789,-0.4697520522887006,-0.99388116799812,-0.7121691622774379,1.3827221688954168,2,4,3,5,1,5
1.1516574582566865,-0.1417467570794469,-0.3255662783523666,1.136175119368462,-0.4234123742354889,0.0083845148657119,-0.49004760005304115,0.8820086595410572,-0.9690835303532864,-0.8278444724585918,-0.4697520522887006,-1.0621701052975696,-0.7143891685082561,2.35935701722372,1,2,3,4,1,5
-0.4553064369852019,-0.2869830330454453,-0.23629103194816845,1.5554582676158681,-0.2029977188473641,1.6256482500261862,-0.4896778984835404,0.8820086595410572,-1.1459660422621967,-0.8333362039456278,-0.4697520522887006,-1.064208779814992,-0.7182864366294421,5.844278215559121,1,2,2,3,1,4
0.14730502373050627,0.16636162836270668,-0.23629103194816845,1.5554582676158681,-0.298533828731196,0.9232937136136371,-0.4896778984835404,0.8820086595410572,-1.008791849353246,-0.8300899406741848,-0.4697520522887006,-1.0658548265352634,-0.7159831441177945,3.921117829417739,1,2,2,3,1,4
0.34817551063574237,-0.19500005826697978,-0.23629103194816845,1.5554582676158681,-0.32188710003613263,0.7516070491572364,-0.4896778984835404,0.8820086595410572,-1.0339404513865535,-0.8463488786417699,-0.4697520522887006,-1.0734770420573685,-0.7275060359995391,9.809084712816551,1,3,2,4,1,5
0.7499164844462145,-0.07596326737720048,-0.23629103194816845,1.5554582676158681,-0.3603513115972048,0.46882901358198786,-0.4896778984835404,0.8820086595410572,-1.2306912790589015,-0.8276086873688673,-0.4697520522887006,-1.0390757123320344,-0.714221756846308,2.8642700929457785,1,2,3,4,1,5
0.5490459975409784,0.05795312237380081,-0.23629103194816845,1.5554582676158681,-0.3423212124279522,0.6013812177578858,-0.4896778984835404,0.8820086595410572,-1.0559454781656976,-0.8362884057477382,-0.4697520522887006,-1.0720793237405783,-0.7203799466493068,4.514109882879693,1,2,2,3,1,4
1.1516574582566865,-0.1417467570794469,-0.8934038324548588,1.5554582676158681,-0.6313671096082382,0.24558319602258116,-0.670637574214926,0.8567633538176391,-1.2470417633530027,-0.717408424163662,-0.4697520522887006,-0.7805157692495609,-0.6352139849734935,0.23682594633119528,1,1,1,1,1,2
1.1516574582566865,-0.1417467570794469,-0.6730349347518644,1.5554582676158681,-0.5506631204565464,0.24558319602258116,-0.6099510615813758,0.8865596465614729,-1.2470417633530027,-0.8043871658931142,-0.4697520522887006,-0.9980690783648484,-0.6977000545545388,1.2436757223539359,1,2,2,2,1,3
1.1516574582566865,-0.1417467570794469,-0.6363850967543514,1.5554582676158681,-0.5372411350539198,0.24558319602258116,-0.5998582087340051,0.8788941045820762,-1.2470417633530027,-0.8198365603707894,-0.4697520522887006,-0.9940143244517128,-0.7086995249344822,1.9166656120844743,1,1,1,2,1,3
1.1516574582566865,-0.1417467570794469,-0.4982433996868026,1.5554582676158681,-0.4866505746901727,0.24558319602258116,-0.5618159172323766,0.8852072654584516,-1.1080626468531445,-0.81770550624792,-0.4697520522887006,-0.9668691405848291,-0.7071840567627429,1.7923281450649289,1,2,2,3,2,4
1.1516574582566865,-0.1417467570794469,-0.3164038188529884,1.5554582676158681,-0.42005687788483226,0.24558319602258116,-0.5117398396434983,0.8778636261651069,-1.1080626468531445,-0.8361776282036353,-0.4697520522887006,-1.0572013156668194,-0.7203014099971357,3.720733381562199,1,1,1,3,2,4
-1.05791789770091,-1.8391957324320527,1.0238995515047766,-0.9602406218685697,1.0602762621465445,-0.5253125177372444,1.4807575266416222,1.2380158328958963,-1.3860208798528606,-0.3002392672118535,-0.4544321296272002,0.9398805697440095,-0.3218862623517663,-0.2503137795121937,5,2,3,1,4,6
-1.05791789770091,-1.8391957324320527,1.0112130691210222,-0.9602406218685697,1.0492418414549618,-0.5253125177372444,1.4667828073144933,1.2680540613500428,-1.3860208798528606,-0.6453313220626803,-0.42887909713284966,-0.553548308316764,-0.5827053122907051,-0.05355155445318268,1,3,2,3,5,4
-1.05791789770091,-1.8391957324320527,0.15088161561530158,-0.9602406218685697,0.30094464566652845,-0.5253125177372444,0.5190898040562395,-0.9425337462121998,-1.3860208798528606,-0.5851371760681212,-0.40384036989021244,-0.36505555864722045,-0.5383413080584267,-0.27991982920853103,5,3,3,2,4,1
-1.2587883846061463,-1.7849914794376,2.103190293559741,-0.12167432537375707,2.377283997388448,0.9232937136136371,0.9929363056853664,-0.9425337462121998,-1.3860208798528606,-0.1382793780243678,-0.4171176961504164,0.8560733064018051,-0.19392031828419878,-0.18772389427552902,1,3,3,4,2,2
-1.2587883846061463,-1.7849914794376,2.103190293559741,-0.12167432537375707,2.377283997388448,0.9232937136136371,0.9929363056853664,-0.9425337462121998,-1.3860208798528606,-0.6723501642369083,-0.4171176961504164,-0.7289334189284369,-0.6024666382807279,0.3423503354681211,2,3,4,5,1,3
-1.4596588715113823,-1.7127191421116628,2.103190293559741,-0.12167432537375707,2.881636813337397,1.3525103747546392,0.9929363056853664,-0.9425337462121998,-1.3860208798528606,-0.06633867824648876,-0.4171176961504164,0.8560733064018051,-0.13590152303447,-0.17664224849523555,1,3,3,4,3,2
-1.8613998453218543,-1.459765961470882,2.103190293559741,-0.12167432537375707,4.646871669158719,2.854768688748146,0.9929363056853664,-0.9425337462121998,-1.3860208798528606,0.30919417355918816,-0.3239234872275159,0.8560733064018051,0.17914913861341697,-0.17335281194433064,1,1,4,3,2,4
-1.4596588715113823,-1.7127191421116628,2.103190293559741,-0.12167432537375707,2.881636813337397,1.3525103747546392,0.9929363056853664,-0.9425337462121998,-1.3860208798528606,-0.0289245560274901,-0.4171176961504164,0.8560733064018051,-0.10543679461105458,-0.1854198679569186,1,1,2,1,2,2
-1.6605293584166183,-1.6115378698553504,2.103190293559741,-0.12167432537375707,3.5877307556659255,1.9534137003520422,0.9929363056853664,-0.9425337462121998,-1.3860208798528606,0.07927524810534033,-0.4171176961504164,0.8560733064018051,-0.01619950301689349,-0.17404902675291495,1,3,3,2,1,3
-1.05791789770091,-1.8391957324320527,-0.8060080649223279,-0.12167432537375707,-0.5313367520522834,0.6013812177578858,-0.6093687816094121,-0.9369591442204002,-1.3860208798528606,-0.19571568527179561,-0.3308855336553187,0.8479467306985792,-0.23971828920961205,-0.19641503775417474,2,1,1,4,3,5
-1.05791789770091,-1.8391957324320527,-0.37913142619488555,-0.12167432537375707,-0.1600489298929215,0.6013812177578858,-0.3742570684854024,-0.9409846525595887,-1.3860208798528606,-0.24355966682112612,-0.37122828548239234,0.8539825634079354,-0.27751656898077,-0.18303039818636796,1,2,2,3,4,3
-1.05791789770091,-1.8391957324320527,0.4067256770210169,-0.12167432537375707,0.5234721296134438,0.6013812177578858,0.05857104400761498,-0.9428601212373338,-1.3860208798528606,-0.21293168510032215,-0.4380549735675103,0.8502802119858219,-0.25335607090621337,-0.19205561966350995,1,2,2,2,3,4
-1.05791789770091,-1.8391957324320527,0.6433050799921421,-0.12167432537375707,0.729243641399067,0.6013812177578858,0.18887236217815864,-0.9421745660126906,-1.3860208798528606,-0.22231488945399372,-0.41516255717695505,0.8562524849638325,-0.2607717049399487,-0.18937822564707144,1,2,2,1,4,3
-1.05791789770091,-1.8391957324320527,1.299008271345082,-0.12167432537375707,1.2995597182547518,0.6013812177578858,0.5500153403449782,-0.9428276077830661,-1.3860208798528606,-0.21330198738339082,-0.412226036895209,0.8579801361577624,-0.25364895590333236,-0.1919515043705075,1,3,4,2,5,6
-1.05791789770091,-1.8391957324320527,1.624627985861447,-0.12167432537375707,1.5827765160053713,0.6013812177578858,0.729357571709798,-0.9421482405539977,-1.3860208798528606,-0.22372342875552265,-0.4183716398573639,0.8547681999573448,-0.2618838323264112,-0.18897194743910703,1,3,4,2,6,5
