model type,technique,training loses,testing loses,model path,training accuracies,training f1,training true positives,training true negatives,training false positives,training false negatives,testing accuracies,testing f1,testing true positives,testing true negatives,testing false positives,testing false negatives
Decision tree,baseline,"[0.11597938144329897, 0.10309278350515463, 0.07712082262210797, 0.08997429305912596, 0.09254498714652956, 0.10796915167095116, 0.12082262210796915, 0.10025706940874037, 0.09511568123393316, 0.08740359897172237]",0.21180555555555558,Models\DecisionTrees\20260731_Jul\baseline.pkl,"[86.5979381443299, 88.91752577319588, 91.51670951156812, 91.00257069408741, 89.20308483290489, 86.63239074550128, 82.0051413881748, 88.94601542416453, 90.48843187660668, 90.74550128534705]","[0.4444444444444444, 0.6296296296296297, 0.6875, 0.6391752577319587, 0.6727272727272727, 0.5531914893617021, 0.27692307692307694, 0.5301204819277109, 0.6336633663366337, 0.575]",46.0,354.0,16.0,16.0,78.47222222222221,0.16666666666666666,3.0,111.0,16.0,14.0
Decision tree,batch normalisation,"[0.02577319587628866, 0.04896907216494845, 0.030848329048843187, 0.02570694087403599, 0.02570694087403599, 0.030848329048843187, 0.056555269922879174, 0.02313624678663239, 0.04627249357326478, 0.03598971722365039]",0.4097222222222222,Models\DecisionTrees\20260731_Jul\batch_normalisation.pkl,"[97.42268041237114, 93.81443298969072, 96.40102827763496, 96.1439588688946, 97.42930591259639, 94.34447300771208, 93.83033419023135, 96.65809768637533, 94.60154241645245, 96.40102827763496]","[0.9056603773584906, 0.8403361344537815, 0.8909090909090909, 0.9074074074074074, 0.9166666666666666, 0.8867924528301887, 0.819672131147541, 0.9203539823008849, 0.85, 0.8703703703703703]",56.0,363.0,5.0,8.0,59.02777777777778,0.11940298507462686,4.0,81.0,38.0,21.0
Decision tree,dropout,"[0.07989690721649484, 0.07989690721649484, 0.07712082262210797, 0.07455012853470437, 0.07969151670951156, 0.08483290488431877, 0.07455012853470437, 0.07455012853470437, 0.08483290488431877, 0.07712082262210797]",0.09027777777777778,Models\DecisionTrees\20260731_Jul\dropout.pkl,"[92.0103092783505, 92.0103092783505, 92.2879177377892, 92.54498714652956, 92.03084832904884, 91.51670951156812, 92.54498714652956, 92.54498714652956, 91.51670951156812, 92.2879177377892]","[0.0, 0.0, 0.0, 0.0, 0.0, 0.0, 0.0, 0.0, 0.0, 0.0]",0.0,398.0,0.0,34.0,90.97222222222221,0.0,0.0,131.0,0.0,13.0
Decision tree,layer normalisation,"[0.2345360824742268, 0.25773195876288657, 0.21079691516709512, 0.2519280205655527, 0.30848329048843187, 0.3264781491002571, 0.3264781491002571, 0.20822622107969152, 0.3213367609254499, 0.30077120822622105]",0.2986111111111111,Models\DecisionTrees\20260731_Jul\layer_normalisation.pkl,"[76.5463917525773, 74.22680412371135, 78.9203084832905, 74.80719794344472, 69.1516709511568, 67.3521850899743, 67.3521850899743, 79.17737789203085, 67.86632390745501, 69.9228791773779]","[0.6956521739130435, 0.43820224719101125, 0.7007299270072993, 0.4731182795698925, 0.0, 0.0, 0.0, 0.7054545454545454, 0.0, 0.0]",0.0,294.0,0.0,138.0,70.13888888888889,0.0,0.0,101.0,0.0,43.0
Decision tree,prune,"[0.32216494845360827, 0.3324742268041237, 0.32390745501285345, 0.3341902313624679, 0.31876606683804626, 0.3264781491002571, 0.3264781491002571, 0.32390745501285345, 0.31362467866323906, 0.31876606683804626]",0.4444444444444444,Models\DecisionTrees\20260731_Jul\prune.pkl,"[67.78350515463917, 66.75257731958763, 67.60925449871465, 66.58097686375322, 68.12339331619538, 59.89717223650386, 67.3521850899743, 67.60925449871465, 68.63753213367609, 68.12339331619538]","[0.0, 0.0, 0.35051546391752575, 0.3157894736842105, 0.3404255319148936, 0.0, 0.0, 0.0, 0.35789473684210527, 0.39805825242718446]",48.0,243.0,47.0,94.0,55.55555555555556,0.13513513513513514,5.0,75.0,22.0,42.0
Decision tree,weight normalisation,"[0.15721649484536082, 0.14690721649484537, 0.17737789203084833, 0.17223650385604114, 0.15681233933161953, 0.16452442159383032, 0.14652956298200515, 0.17737789203084833, 0.16709511568123395, 0.15424164524421594]",0.4375,Models\DecisionTrees\20260731_Jul\weight_normalisation.pkl,"[83.50515463917526, 85.30927835051546, 80.97686375321337, 80.46272493573264, 84.31876606683805, 78.9203084832905, 82.77634961439588, 82.26221079691517, 83.03341902313625, 82.26221079691517]","[0.7312775330396476, 0.7298578199052133, 0.6698564593301436, 0.6883720930232559, 0.7426160337552743, 0.673469387755102, 0.7373271889400922, 0.6567164179104478, 0.6766169154228856, 0.7247706422018348]",79.0,283.0,22.0,48.0,56.25,0.25882352941176473,11.0,70.0,35.0,28.0
Decision tree,weight decay,"[0.25773195876288657, 0.24742268041237114, 0.2493573264781491, 0.2647814910025707, 0.26735218508997427, 0.2544987146529563, 0.2750642673521851, 0.2365038560411311, 0.2365038560411311, 0.2442159383033419]",0.5763888888888888,Models\DecisionTrees\20260731_Jul\weight_decay.pkl,"[74.22680412371135, 75.25773195876289, 75.06426735218508, 73.52185089974293, 73.26478149100257, 74.55012853470437, 72.49357326478149, 76.34961439588689, 76.34961439588689, 75.57840616966581]","[0.5145631067961165, 0.6065573770491803, 0.6548042704626335, 0.6142322097378277, 0.43478260869565216, 0.6346863468634686, 0.608058608058608, 0.648854961832061, 0.640625, 0.6666666666666666]",102.0,220.0,70.0,40.0,42.36111111111111,0.26548672566371684,15.0,46.0,54.0,29.0
Decision tree,weight perturbation,"[0.08762886597938144, 0.09020618556701031, 0.09511568123393316, 0.07197943444730077, 0.08740359897172237, 0.09511568123393316, 0.09511568123393316, 0.08483290488431877, 0.10539845758354756, 0.09768637532133675]",0.4236111111111111,Models\DecisionTrees\20260731_Jul\weight_perturbation.pkl,"[91.23711340206185, 88.91752577319588, 87.40359897172236, 91.77377892030847, 91.25964010282776, 89.20308483290489, 90.48843187660668, 91.51670951156812, 88.4318766066838, 87.66066838046272]","[0.7166666666666667, 0.7586206896551724, 0.704, 0.7941176470588235, 0.746268656716418, 0.7086614173228346, 0.7516778523489933, 0.7692307692307693, 0.6870229007633588, 0.6724137931034483]",62.0,328.0,29.0,13.0,57.638888888888886,0.3146067415730337,14.0,69.0,52.0,9.0
KNN,baseline,"[0.0, 0.0, 0.0, 0.0, 0.0, 0.0, 0.0, 0.0, 0.0, 0.0]",0.2152777777777778,Models\KNN\20260731_Jul\baseline.pkl,"[100.0, 100.0, 100.0, 100.0, 100.0, 100.0, 100.0, 100.0, 100.0, 100.0]","[1.0, 1.0, 1.0, 1.0, 1.0, 1.0, 1.0, 1.0, 1.0, 1.0]",62.0,370.0,0.0,0.0,78.47222222222221,0.16216216216216217,3.0,110.0,17.0,14.0
KNN,batch normalisation,"[0.0, 0.0, 0.0, 0.0, 0.0, 0.0, 0.0, 0.0, 0.0, 0.0]",0.2708333333333333,Models\KNN\20260731_Jul\batch_normalisation.pkl,"[100.0, 100.0, 100.0, 100.0, 100.0, 100.0, 100.0, 100.0, 100.0, 100.0]","[1.0, 1.0, 1.0, 1.0, 1.0, 1.0, 1.0, 1.0, 1.0, 1.0]",64.0,368.0,0.0,0.0,72.91666666666666,0.4,13.0,92.0,27.0,12.0
KNN,dropout,"[0.0, 0.0, 0.0, 0.0, 0.0, 0.0, 0.0, 0.0, 0.0, 0.0]",0.1736111111111111,Models\KNN\20260731_Jul\dropout.pkl,"[100.0, 100.0, 100.0, 100.0, 100.0, 100.0, 100.0, 100.0, 100.0, 100.0]","[1.0, 1.0, 1.0, 1.0, 1.0, 1.0, 1.0, 1.0, 1.0, 1.0]",34.0,398.0,0.0,0.0,82.63888888888889,0.13793103448275862,2.0,117.0,14.0,11.0
KNN,layer normalisation,"[0.0, 0.0, 0.0, 0.0, 0.0, 0.0, 0.0, 0.0, 0.0, 0.0]",0.3194444444444444,Models\KNN\20260731_Jul\layer_normalisation.pkl,"[100.0, 100.0, 100.0, 100.0, 100.0, 100.0, 100.0, 100.0, 100.0, 100.0]","[1.0, 1.0, 1.0, 1.0, 1.0, 1.0, 1.0, 1.0, 1.0, 1.0]",138.0,294.0,0.0,0.0,68.05555555555556,0.4772727272727273,21.0,77.0,24.0,22.0
KNN,prune,"[0.0, 0.0, 0.0, 0.0, 0.0, 0.0, 0.0, 0.0, 0.0, 0.0]",0.4166666666666667,Models\KNN\20260731_Jul\prune.pkl,"[100.0, 100.0, 100.0, 100.0, 100.0, 100.0, 100.0, 100.0, 100.0, 100.0]","[1.0, 1.0, 1.0, 1.0, 1.0, 1.0, 1.0, 1.0, 1.0, 1.0]",142.0,290.0,0.0,0.0,58.333333333333336,0.3333333333333333,15.0,69.0,28.0,32.0
KNN,weight normalisation,"[0.211340206185567, 0.19845360824742267, 0.18766066838046272, 0.1953727506426735, 0.1953727506426735, 0.2185089974293059, 0.21079691516709512, 0.20308483290488433, 0.2159383033419023, 0.1953727506426735]",0.3680555555555556,Models\KNN\20260731_Jul\weight_normalisation.pkl,"[78.8659793814433, 80.15463917525774, 81.23393316195373, 80.46272493573264, 80.46272493573264, 78.1491002570694, 78.9203084832905, 79.69151670951156, 78.40616966580977, 80.46272493573264]","[0.5980392156862745, 0.6451612903225806, 0.6403940886699507, 0.6545454545454545, 0.6695652173913044, 0.6009389671361502, 0.6057692307692307, 0.6457399103139013, 0.6037735849056604, 0.6545454545454545]",77.0,268.0,37.0,50.0,63.19444444444444,0.3291139240506329,13.0,78.0,27.0,26.0
KNN,weight decay,"[0.0, 0.0, 0.0, 0.0, 0.0, 0.0, 0.0, 0.0, 0.0, 0.0]",0.4097222222222222,Models\KNN\20260731_Jul\weight_decay.pkl,"[100.0, 100.0, 100.0, 100.0, 100.0, 100.0, 100.0, 100.0, 100.0, 100.0]","[1.0, 1.0, 1.0, 1.0, 1.0, 1.0, 1.0, 1.0, 1.0, 1.0]",142.0,290.0,0.0,0.0,59.02777777777778,0.3218390804597701,14.0,71.0,29.0,30.0
KNN,weight perturbation,"[0.13144329896907214, 0.14175257731958762, 0.16580976863753213, 0.17480719794344474, 0.17737789203084833, 0.16066838046272494, 0.16195372750642673, 0.14910025706940874, 0.15681233933161953, 0.17095115681233933]",0.20833333333333331,Models\KNN\20260731_Jul\weight_perturbation.pkl,"[83.50515463917526, 80.41237113402062, 77.37789203084833, 76.60668380462725, 75.83547557840618, 78.1491002570694, 78.1491002570694, 79.17737789203085, 78.1491002570694, 77.12082262210797]","[0.4583333333333333, 0.37777777777777777, 0.3434343434343434, 0.36893203883495146, 0.2828282828282828, 0.3218390804597701, 0.3111111111111111, 0.2962962962962963, 0.40816326530612246, 0.35051546391752575]",15.0,346.0,11.0,60.0,75.0,0.0,0.0,120.0,1.0,23.0
Neural Network,baseline,"[0.8530927835051546, 0.15206185567010308, 0.8611825192802056, 0.8611825192802056, 0.15424164524421594, 0.14395886889460155, 0.13624678663239073, 0.8586118251928021, 0.14138817480719795, 0.8586118251928021]",0.11805555555555555,Models\NN\20260731_14\baseline.pt,"[14.690721649484537, 84.79381443298969, 13.881748071979436, 13.881748071979436, 84.57583547557842, 85.60411311053984, 86.37532133676092, 14.138817480719796, 85.8611825192802, 14.138817480719796]","[0.25617977528089886, 0.0, 0.24379232505643342, 0.24379232505643342, 0.0, 0.0, 0.0, 0.24774774774774774, 0.0, 0.24774774774774774]",0.0,370.0,0.0,62.0,88.19444444444444,0.0,0.0,127.0,0.0,17.0
Neural Network,batch normalisation,"[0.14432989690721648, 0.14948453608247422, 0.15167095115681234, 0.14910025706940874, 0.15681233933161953, 0.14395886889460155, 0.14910025706940874, 0.14652956298200515, 0.14395886889460155, 0.14652956298200515]",0.1736111111111111,Models\NN\20260731_14\batch_normalisation.pt,"[85.56701030927834, 85.05154639175258, 84.83290488431876, 85.08997429305913, 84.31876606683805, 85.60411311053984, 85.08997429305913, 85.34704370179949, 85.60411311053984, 85.34704370179949]","[0.0, 0.0, 0.0, 0.0, 0.0, 0.0, 0.0, 0.0, 0.0, 0.0]",0.0,368.0,0.0,64.0,82.63888888888889,0.0,0.0,119.0,0.0,25.0
Neural Network,dropout,"[0.06443298969072164, 0.06443298969072164, 0.03598971722365039, 0.061696658097686374, 0.061696658097686374, 0.06940874035989718, 0.056555269922879174, 0.07969151670951156, 0.06683804627249357, 0.07197943444730077]",0.09027777777777778,Models\NN\20260731_14\dropout.pt,"[93.55670103092784, 93.55670103092784, 96.40102827763496, 93.83033419023135, 93.83033419023135, 93.05912596401028, 94.34447300771208, 92.03084832904884, 93.31619537275064, 92.80205655526991]","[0.32432432432432434, 0.3902439024390244, 0.65, 0.3684210526315789, 0.42857142857142855, 0.2702702702702703, 0.45, 0.0, 0.1875, 0.0]",8.0,398.0,0.0,26.0,90.97222222222221,0.0,0.0,131.0,0.0,13.0
Neural Network,layer normalisation,"[0.12371134020618557, 0.1056701030927835, 0.10025706940874037, 0.09768637532133675, 0.10539845758354756, 0.10282776349614396, 0.12853470437017994, 0.08997429305912596, 0.11825192802056556, 0.10282776349614396]",0.24305555555555555,Models\NN\20260731_14\layer_normalisation.pt,"[87.62886597938144, 89.43298969072166, 89.97429305912597, 90.23136246786633, 89.46015424164524, 89.7172236503856, 87.146529562982, 91.00257069408741, 88.17480719794345, 89.7172236503856]","[0.7837837837837838, 0.8340080971659919, 0.8368200836820083, 0.8403361344537815, 0.8326530612244898, 0.8373983739837398, 0.8226950354609929, 0.8659003831417624, 0.8114754098360656, 0.8473282442748091]",122.0,284.0,10.0,16.0,75.69444444444444,0.46153846153846156,15.0,94.0,7.0,28.0
Neural Network,prune,"[0.17268041237113402, 0.18298969072164947, 0.15938303341902313, 0.20822622107969152, 0.12082262210796915, 0.13110539845758354, 0.15681233933161953, 0.15424164524421594, 0.14138817480719795, 0.08483290488431877]",0.2986111111111111,Models\NN\20260731_14\prune.pt,"[82.73195876288659, 81.70103092783505, 84.06169665809769, 79.17737789203085, 87.91773778920309, 86.88946015424165, 84.31876606683805, 84.57583547557842, 85.8611825192802, 91.51670951156812]","[0.6995515695067265, 0.7193675889328063, 0.7633587786259542, 0.6666666666666666, 0.8127490039840638, 0.7829787234042553, 0.7510204081632653, 0.7560975609756098, 0.7441860465116279, 0.8607594936708861]",108.0,279.0,11.0,34.0,70.13888888888889,0.24561403508771928,7.0,94.0,3.0,40.0
Neural Network,weight normalisation,"[0.07474226804123711, 0.06958762886597938, 0.07197943444730077, 0.07969151670951156, 0.056555269922879174, 0.12082262210796915, 0.07969151670951156, 0.08483290488431877, 0.11311053984575835, 0.06683804627249357]",0.2777777777777778,Models\NN\20260731_14\weight_normalisation.pt,"[92.5257731958763, 93.04123711340206, 92.80205655526991, 92.03084832904884, 94.34447300771208, 87.91773778920309, 92.03084832904884, 91.51670951156812, 88.68894601542416, 93.31619537275064]","[0.8599033816425121, 0.8755760368663594, 0.8691588785046729, 0.8472906403940886, 0.9, 0.745945945945946, 0.8544600938967136, 0.8421052631578947, 0.7821782178217822, 0.8712871287128713]",104.0,301.0,4.0,23.0,72.22222222222221,0.2857142857142857,8.0,96.0,9.0,31.0
Neural Network,weight decay,"[0.08505154639175258, 0.12886597938144329, 0.10282776349614396, 0.11053984575835475, 0.09254498714652956, 0.10539845758354756, 0.11311053984575835, 0.10539845758354756, 0.09254498714652956, 0.09511568123393316]",0.4305555555555556,Models\NN\20260731_14\weight_decay.pt,"[91.49484536082474, 87.11340206185567, 89.7172236503856, 88.94601542416453, 90.74550128534705, 89.46015424164524, 88.68894601542416, 89.46015424164524, 90.74550128534705, 90.48843187660668]","[0.8619246861924686, 0.7844827586206896, 0.8214285714285714, 0.8088888888888889, 0.8392857142857143, 0.8161434977578476, 0.7981651376146789, 0.8225108225108225, 0.8461538461538461, 0.8464730290456431]",121.0,288.0,2.0,21.0,56.94444444444444,0.27906976744186046,12.0,70.0,30.0,32.0
Neural Network,weight perturbation,"[0.10051546391752578, 0.09278350515463918, 0.08997429305912596, 0.10025706940874037, 0.10539845758354756, 0.08740359897172237, 0.07969151670951156, 0.061696658097686374, 0.12082262210796915, 0.16709511568123395]",0.19444444444444445,Models\NN\20260731_14\weight_perturbation.pt,"[89.94845360824742, 90.72164948453609, 91.00257069408741, 89.97429305912597, 89.46015424164524, 91.25964010282776, 92.03084832904884, 93.83033419023135, 87.91773778920309, 83.29048843187661]","[0.5894736842105263, 0.660377358490566, 0.6391752577319587, 0.5806451612903226, 0.6019417475728155, 0.6666666666666666, 0.6990291262135923, 0.7966101694915254, 0.47191011235955055, 0.057971014492753624]",27.0,357.0,0.0,48.0,80.55555555555556,0.06666666666666667,1.0,115.0,6.0,22.0
Random forest,baseline,"[0.13659793814432988, 0.15206185567010308, 0.14395886889460155, 0.15167095115681234, 0.14652956298200515, 0.14138817480719795, 0.13367609254498714, 0.14395886889460155, 0.14395886889460155, 0.14138817480719795]",0.11805555555555555,Models\RandomForest\20260731_Jul\baseline.pkl,"[86.34020618556701, 84.79381443298969, 85.60411311053984, 84.83290488431876, 85.34704370179949, 85.8611825192802, 86.63239074550128, 85.60411311053984, 85.60411311053984, 85.8611825192802]","[0.0, 0.0, 0.0, 0.0, 0.0, 0.0, 0.0, 0.0, 0.0, 0.0]",0.0,370.0,0.0,62.0,88.19444444444444,0.0,0.0,127.0,0.0,17.0
Random forest,batch normalisation,"[0.0, 0.0, 0.0, 0.0, 0.0, 0.0, 0.0, 0.0, 0.0, 0.0]",0.19791666666666669,Models\RandomForest\20260731_Jul\batch_normalisation.pkl,"[100.0, 100.0, 100.0, 100.0, 100.0, 100.0, 100.0, 100.0, 100.0, 100.0]","[1.0, 1.0, 1.0, 1.0, 1.0, 1.0, 1.0, 1.0, 1.0, 1.0]",64.0,368.0,0.0,0.0,79.16666666666666,0.06666666666666667,1.0,115.0,4.0,24.0
Random forest,dropout,"[0.08247422680412371, 0.08505154639175258, 0.07969151670951156, 0.061696658097686374, 0.07455012853470437, 0.07969151670951156, 0.07969151670951156, 0.07969151670951156, 0.08483290488431877, 0.07969151670951156]",0.09027777777777778,Models\RandomForest\20260731_Jul\dropout.pkl,"[91.75257731958763, 91.49484536082474, 92.03084832904884, 93.83033419023135, 92.54498714652956, 92.03084832904884, 92.03084832904884, 92.03084832904884, 91.51670951156812, 92.03084832904884]","[0.0, 0.0, 0.0, 0.0, 0.0, 0.0, 0.0, 0.0, 0.0, 0.0]",0.0,398.0,0.0,34.0,90.97222222222221,0.0,0.0,131.0,0.0,13.0
Random forest,layer normalisation,"[0.03865979381443299, 0.01804123711340206, 0.02056555269922879, 0.028277634961439587, 0.028277634961439587, 0.02056555269922879, 0.02570694087403599, 0.03598971722365039, 0.028277634961439587, 0.028277634961439587]",0.2152777777777778,Models\RandomForest\20260731_Jul\layer_normalisation.pkl,"[96.1340206185567, 98.19587628865979, 97.94344473007712, 97.17223650385604, 97.17223650385604, 97.94344473007712, 97.42930591259639, 96.40102827763496, 97.17223650385604, 97.17223650385604]","[0.9411764705882353, 0.9704641350210971, 0.967479674796748, 0.9539748953974896, 0.9561752988047809, 0.9666666666666667, 0.96, 0.9426229508196722, 0.9558232931726908, 0.9554655870445344]",132.0,290.0,4.0,6.0,78.47222222222221,0.45614035087719296,13.0,100.0,1.0,30.0
Random forest,prune,"[0.0, 0.0, 0.0, 0.0, 0.0, 0.0, 0.0, 0.0, 0.0, 0.0]",0.3888888888888889,Models\RandomForest\20260731_Jul\prune.pkl,"[100.0, 100.0, 100.0, 100.0, 100.0, 100.0, 100.0, 100.0, 100.0, 100.0]","[1.0, 1.0, 1.0, 1.0, 1.0, 1.0, 1.0, 1.0, 1.0, 1.0]",142.0,290.0,0.0,0.0,61.111111111111114,0.06666666666666667,2.0,86.0,11.0,45.0
Random forest,weight normalisation,"[0.1134020618556701, 0.13402061855670103, 0.12853470437017994, 0.12596401028277635, 0.11825192802056556, 0.12596401028277635, 0.12082262210796915, 0.11825192802056556, 0.13881748071979436, 0.11568123393316196]",0.2569444444444444,Models\RandomForest\20260731_Jul\weight_normalisation.pkl,"[88.65979381443299, 86.5979381443299, 87.146529562982, 87.40359897172236, 88.17480719794345, 87.40359897172236, 87.91773778920309, 88.17480719794345, 86.11825192802056, 88.4318766066838]","[0.794392523364486, 0.7346938775510204, 0.7619047619047619, 0.7677725118483413, 0.7788461538461539, 0.7537688442211056, 0.7707317073170732, 0.7850467289719626, 0.73, 0.7982062780269058]",80.0,291.0,14.0,47.0,74.30555555555556,0.27450980392156865,7.0,100.0,5.0,32.0
Random forest,weight decay,"[0.10824742268041238, 0.09278350515463918, 0.09511568123393316, 0.07455012853470437, 0.09511568123393316, 0.10539845758354756, 0.09768637532133675, 0.11311053984575835, 0.09511568123393316, 0.08997429305912596]",0.3472222222222222,Models\RandomForest\20260731_Jul\weight_decay.pkl,"[89.17525773195877, 90.72164948453609, 90.48843187660668, 92.54498714652956, 90.48843187660668, 89.46015424164524, 90.23136246786633, 88.68894601542416, 90.48843187660668, 91.00257069408741]","[0.8173913043478261, 0.8421052631578947, 0.8384279475982532, 0.8699551569506726, 0.8294930875576036, 0.825531914893617, 0.8288288288288288, 0.7981651376146789, 0.8438818565400844, 0.8471615720524017]",103.0,285.0,5.0,39.0,65.27777777777779,0.2647058823529412,9.0,85.0,15.0,35.0
Random forest,weight perturbation,"[0.08505154639175258, 0.08247422680412371, 0.07455012853470437, 0.07455012853470437, 0.07969151670951156, 0.09511568123393316, 0.08997429305912596, 0.07455012853470437, 0.06683804627249357, 0.07969151670951156]",0.1875,Models\RandomForest\20260731_Jul\weight_perturbation.pkl,"[91.49484536082474, 91.75257731958763, 92.54498714652956, 92.54498714652956, 92.03084832904884, 90.48843187660668, 91.00257069408741, 92.54498714652956, 93.31619537275064, 92.03084832904884]","[0.6972477064220184, 0.6981132075471698, 0.7433628318584071, 0.7289719626168224, 0.6804123711340206, 0.672566371681416, 0.6464646464646465, 0.7339449541284404, 0.7719298245614035, 0.7155963302752294]",38.0,355.0,2.0,37.0,81.25,0.0,0.0,117.0,4.0,23.0
svm,baseline,"[0.07216494845360824, 0.08247422680412371, 0.08740359897172237, 0.07455012853470437, 0.07712082262210797, 0.07197943444730077, 0.08483290488431877, 0.08226221079691516, 0.07969151670951156, 0.08740359897172237]",0.2152777777777778,Models\SVM\20260731_Jul\baseline.pkl,"[92.78350515463917, 91.75257731958763, 91.25964010282776, 92.54498714652956, 92.2879177377892, 92.80205655526991, 91.51670951156812, 91.77377892030847, 92.03084832904884, 91.25964010282776]","[0.7021276595744681, 0.6097560975609756, 0.6136363636363636, 0.6947368421052632, 0.6590909090909091, 0.7021276595744681, 0.611764705882353, 0.6595744680851063, 0.6593406593406593, 0.5405405405405406]",29.0,365.0,5.0,33.0,78.47222222222221,0.06060606060606061,1.0,112.0,15.0,16.0
svm,batch normalisation,"[0.061855670103092786, 0.05154639175257732, 0.05398457583547558, 0.04884318766066838, 0.05398457583547558, 0.05912596401028278, 0.05912596401028278, 0.061696658097686374, 0.04627249357326478, 0.05141388174807198]",0.1875,Models\SVM\20260731_Jul\batch_normalisation.pkl,"[93.81443298969072, 94.84536082474226, 94.60154241645245, 95.11568123393316, 94.60154241645245, 94.08740359897172, 94.08740359897172, 93.83033419023135, 95.37275064267352, 94.85861182519281]","[0.7735849056603774, 0.8076923076923077, 0.7878787878787878, 0.822429906542056, 0.7789473684210526, 0.735632183908046, 0.7766990291262136, 0.7446808510638298, 0.8125, 0.8]",40.0,365.0,3.0,24.0,81.25,0.34146341463414637,7.0,110.0,9.0,18.0
svm,dropout,"[0.06443298969072164, 0.05412371134020619, 0.056555269922879174, 0.05912596401028278, 0.061696658097686374, 0.06426735218508997, 0.061696658097686374, 0.05912596401028278, 0.056555269922879174, 0.06426735218508997]",0.09027777777777778,Models\SVM\20260731_Jul\dropout.pkl,"[93.55670103092784, 94.58762886597938, 94.34447300771208, 94.08740359897172, 93.83033419023135, 93.573264781491, 93.83033419023135, 94.08740359897172, 94.34447300771208, 93.573264781491]","[0.32432432432432434, 0.46153846153846156, 0.3888888888888889, 0.34285714285714286, 0.3684210526315789, 0.3902439024390244, 0.4, 0.34285714285714286, 0.42105263157894735, 0.358974358974359]",8.0,398.0,0.0,26.0,90.97222222222221,0.0,0.0,131.0,0.0,13.0
svm,layer normalisation,"[0.11855670103092783, 0.12886597938144329, 0.11311053984575835, 0.12596401028277635, 0.11568123393316196, 0.10282776349614396, 0.12082262210796915, 0.12082262210796915, 0.12339331619537275, 0.10796915167095116]",0.24305555555555555,Models\SVM\20260731_Jul\layer_normalisation.pkl,"[88.14432989690721, 87.11340206185567, 88.68894601542416, 87.40359897172236, 88.4318766066838, 89.7172236503856, 87.91773778920309, 87.91773778920309, 87.66066838046272, 89.20308483290489]","[0.8270676691729323, 0.7950819672131147, 0.8151260504201681, 0.807843137254902, 0.8148148148148148, 0.8484848484848485, 0.8199233716475096, 0.8127490039840638, 0.816793893129771, 0.8333333333333334]",116.0,263.0,31.0,22.0,75.69444444444444,0.4927536231884058,17.0,92.0,9.0,26.0
svm,prune,"[0.07216494845360824, 0.07731958762886598, 0.07197943444730077, 0.06683804627249357, 0.08226221079691516, 0.06683804627249357, 0.07197943444730077, 0.06426735218508997, 0.06426735218508997, 0.05141388174807198]",0.4166666666666667,Models\SVM\20260731_Jul\prune.pkl,"[92.78350515463917, 92.26804123711341, 92.80205655526991, 93.31619537275064, 91.77377892030847, 93.31619537275064, 92.80205655526991, 93.573264781491, 93.573264781491, 94.85861182519281]","[0.888, 0.8828125, 0.8861788617886179, 0.8968253968253969, 0.875, 0.9007633587786259, 0.890625, 0.9011857707509882, 0.8979591836734694, 0.924812030075188]",127.0,275.0,15.0,15.0,58.333333333333336,0.4117647058823529,21.0,63.0,34.0,26.0
svm,weight normalisation,"[0.14948453608247422, 0.14948453608247422, 0.15424164524421594, 0.15424164524421594, 0.14395886889460155, 0.14652956298200515, 0.15681233933161953, 0.16966580976863754, 0.16966580976863754, 0.13624678663239073]",0.2569444444444444,Models\SVM\20260731_Jul\weight_normalisation.pkl,"[85.05154639175258, 85.05154639175258, 84.57583547557842, 84.57583547557842, 85.60411311053984, 85.34704370179949, 84.31876606683805, 83.03341902313625, 83.03341902313625, 86.37532133676092]","[0.7339449541284404, 0.7264150943396226, 0.7247706422018348, 0.7321428571428571, 0.7407407407407407, 0.7219512195121951, 0.7288888888888889, 0.7053571428571429, 0.7, 0.7511737089201878]",90.0,274.0,31.0,37.0,74.30555555555556,0.4931506849315068,18.0,89.0,16.0,21.0
svm,weight decay,"[0.1958762886597938, 0.19329896907216496, 0.19023136246786632, 0.19023136246786632, 0.18766066838046272, 0.20822622107969152, 0.19023136246786632, 0.1953727506426735, 0.18766066838046272, 0.17737789203084833]",0.3958333333333333,Models\SVM\20260731_Jul\weight_decay.pkl,"[80.41237113402062, 80.6701030927835, 80.97686375321337, 80.97686375321337, 81.23393316195373, 79.17737789203085, 80.97686375321337, 80.46272493573264, 81.23393316195373, 82.26221079691517]","[0.680672268907563, 0.6666666666666666, 0.6782608695652174, 0.6636363636363637, 0.6784140969162996, 0.6553191489361702, 0.6754385964912281, 0.6637168141592921, 0.683982683982684, 0.6820276497695853]",86.0,261.0,29.0,56.0,60.416666666666664,0.4672897196261682,25.0,62.0,38.0,19.0
svm,weight perturbation,"[0.005154639175257732, 0.010309278350515464, 0.010282776349614395, 0.0, 0.010282776349614395, 0.010282776349614395, 0.007712082262210797, 0.007712082262210797, 0.010282776349614395, 0.010282776349614395]",0.3263888888888889,Models\SVM\20260731_Jul\weight_perturbation.pkl,"[99.48453608247422, 98.96907216494846, 98.97172236503856, 100.0, 98.97172236503856, 98.97172236503856, 99.22879177377892, 99.22879177377892, 98.97172236503856, 98.97172236503856]","[0.9846153846153847, 0.9692307692307692, 0.9696969696969697, 1.0, 0.9701492537313433, 0.9710144927536232, 0.9793103448275862, 0.9784172661870504, 0.9710144927536232, 0.9692307692307692]",72.0,355.0,2.0,3.0,67.36111111111111,0.25396825396825395,8.0,89.0,32.0,15.0
