Age,Gender,Ethnicity,ParentalEducation,StudyTimeWeekly,Absences,Tutoring,ParentalSupport,Extracurricular,Sports,Music,Volunteering,GPA,target
0.4305258726915787,0.9440891630699332,3,1,-0.28928210462425796,-0.7362159935028195,0,3,0,1,0,0,0.5351178925989994,4
-1.3530813141735345,0.9440891630699332,2,1,1.5519826606967475,0.9233356661266084,0,1,0,1,0,0,-0.8384104480023798,5
0.4305258726915787,-1.0592219878345592,3,1,0.7660240452242225,1.278953878904343,0,3,1,1,0,0,-0.6926360166589177,5
1.3223294661241354,-1.0592219878345592,2,0,1.719510385993938,-1.4474524190582887,1,0,1,0,0,0,1.7188461218354112,1
-1.3530813141735345,0.9440891630699332,0,1,1.1130048903172591,0.6862568576081187,0,3,0,0,0,0,-0.3659213228016778,5
0.4305258726915787,-1.0592219878345592,2,1,-1.219081120576396,0.8047962618673636,1,3,0,1,0,1,-0.31828075163000913,5
0.4305258726915787,-1.0592219878345592,0,1,-0.3451181730922118,1.0418750703858533,0,1,1,0,0,0,-1.3627945809174382,5
-1.3530813141735345,-1.0592219878345592,0,2,0.7310934891688873,-1.4474524190582887,1,2,1,0,0,0,1.6170158335211688,2
0.4305258726915787,-1.0592219878345592,0,2,0.5355169104507722,1.5160326874228327,0,3,1,0,1,0,-1.2640097368474656,5
1.3223294661241354,-1.0592219878345592,0,0,-1.492937723451703,-0.8547553977620644,0,2,0,1,0,0,0.2987171258593293,4
-1.3530813141735345,0.9440891630699332,2,3,1.3552830581433044,1.278953878904343,0,1,0,0,0,1,-1.5302683740627328,5
1.3223294661241354,0.9440891630699332,2,2,-0.4232055245541326,-1.6845312275767783,1,3,0,0,0,0,1.2023000121191676,5
0.4305258726915787,0.9440891630699332,2,1,0.22164104643181912,-1.0918342062805542,0,1,0,0,1,0,0.9903175261722578,3
1.3223294661241354,0.9440891630699332,0,3,-1.2965680559787418,-0.2620583764658401,0,1,0,0,0,0,-0.23315839848407338,5
-0.4612777207409779,0.9440891630699332,3,4,1.6241804177421544,0.09355983631189446,0,4,0,1,0,0,0.3047814044396023,4
-0.4612777207409779,0.9440891630699332,3,1,1.121296000842347,1.1604144746450982,1,2,1,0,0,0,-0.4594327848228173,5
1.3223294661241354,-1.0592219878345592,0,1,-0.8251446417597306,1.3974932831635878,1,1,0,0,0,0,-1.8690401855782692,5
-1.3530813141735345,-1.0592219878345592,0,0,0.8376447812683474,1.3974932831635878,0,0,1,1,0,0,-1.5006428012684465,5
-1.3530813141735345,0.9440891630699332,2,4,1.3369524989358406,0.5677174533488739,1,1,0,1,0,0,-0.2748009619768436,5
-1.3530813141735345,-1.0592219878345592,0,4,-1.43535838752322,-0.8547553977620644,0,1,1,1,0,0,0.5181115577850137,4
-1.3530813141735345,-1.0592219878345592,2,0,1.348389851782959,1.1604144746450982,0,2,1,0,0,0,-1.1710129860593539,2
-1.3530813141735345,0.9440891630699332,0,1,-0.21060142976565746,-0.024979567947350397,0,3,0,0,0,0,0.15006947108156118,4
1.3223294661241354,0.9440891630699332,0,2,-1.2731230554374549,0.44917804908962905,1,4,1,0,0,0,-0.5618720410188955,5
-1.3530813141735345,0.9440891630699332,1,1,0.79117491202115,-0.8547553977620644,0,0,1,1,0,0,0.649185490732465,3
-0.4612777207409779,0.9440891630699332,1,4,1.179267699146179,1.0418750703858533,0,3,0,0,0,1,-0.7748235911831516,5
1.3223294661241354,-1.0592219878345592,1,2,-1.2952101479911593,-1.0918342062805542,0,2,0,0,0,1,0.3328389354716428,4
1.3223294661241354,-1.0592219878345592,2,0,0.003798071404842496,0.3306386448303842,1,3,1,1,0,0,0.38460582651012887,4
-1.3530813141735345,-1.0592219878345592,1,2,-1.6694416045980967,-0.2620583764658401,0,2,1,1,0,0,-0.33518746836015567,5
0.4305258726915787,0.9440891630699332,0,0,0.34161666441411354,0.3306386448303842,1,3,0,0,1,0,-0.1015031400438528,5
0.4305258726915787,-1.0592219878345592,1,2,-1.1883804121750512,1.3974932831635878,1,2,1,1,0,0,-1.1917476281473216,5
-0.4612777207409779,-1.0592219878345592,0,2,-0.4958151700262491,-0.4991371849843298,1,2,0,0,0,0,0.26870923810237,4
-1.3530813141735345,-1.0592219878345592,0,1,0.6928324737993572,0.44917804908962905,0,4,1,1,0,0,0.23759166247720007,4
0.4305258726915787,0.9440891630699332,0,2,0.28739520472441077,-0.14351897220659526,1,3,0,0,0,0,0.32160280630847304,4
-1.3530813141735345,-1.0592219878345592,0,1,-1.369705189844357,0.5677174533488739,1,4,0,0,0,0,-0.4729483836416302,5
1.3223294661241354,-1.0592219878345592,0,2,0.5144980891186841,0.5677174533488739,1,1,1,0,0,0,-0.41252644191401716,5
1.3223294661241354,-1.0592219878345592,1,2,-1.064315398745516,0.9233356661266084,0,2,1,1,0,0,-0.6245403682260976,5
-0.4612777207409779,-1.0592219878345592,0,2,0.7539375614914766,1.0418750703858533,1,1,0,0,0,0,-1.133752766184037,5
1.3223294661241354,0.9440891630699332,1,2,0.6149828777455079,0.6862568576081187,0,2,1,0,0,0,-0.6645420714830789,2
-1.3530813141735345,0.9440891630699332,0,2,-1.2337218491371682,1.0418750703858533,0,3,1,1,0,0,-0.8160034794541229,5
0.4305258726915787,0.9440891630699332,0,3,0.539686008402511,-0.380597780725085,0,3,0,0,0,0,0.09348573947443324,4
1.3223294661241354,0.9440891630699332,0,3,0.42506142227699406,-0.14351897220659526,0,2,0,0,1,0,-0.19911102164297806,5
1.3223294661241354,0.9440891630699332,1,1,0.27462518883271814,1.5160326874228327,0,1,0,1,0,0,-1.3514126618353912,5
0.4305258726915787,0.9440891630699332,0,1,-1.1750640463819009,-1.2103736105397989,0,1,0,0,1,0,0.4158875853133804,4
0.4305258726915787,-1.0592219878345592,0,1,1.5862929655938705,-1.0918342062805542,0,2,0,0,0,0,1.022755768568341,3
-0.4612777207409779,-1.0592219878345592,2,1,-0.3817007807251134,1.5160326874228327,1,2,0,0,0,0,-1.592754331432279,5
0.4305258726915787,0.9440891630699332,0,1,-0.18290495863460957,-0.7362159935028195,0,2,0,0,1,0,0.5519720007262714,4
1.3223294661241354,-1.0592219878345592,1,0,1.0802370391971865,1.0418750703858533,0,4,1,0,0,0,-0.7259163880266624,5
-0.4612777207409779,-1.0592219878345592,1,4,1.6249324228660749,1.278953878904343,0,3,0,0,1,0,-0.673735227931904,5
0.4305258726915787,0.9440891630699332,1,3,-1.0404791778685385,0.44917804908962905,0,1,1,0,0,0,-0.819182788628381,5
-1.3530813141735345,-1.0592219878345592,1,0,-1.4227389806492903,-0.14351897220659526,0,1,0,1,1,0,-0.08726666692919967,5
-0.4612777207409779,-1.0592219878345592,2,4,0.07013924864285373,-0.2620583764658401,0,0,0,0,1,0,-0.5051238863063664,5
-1.3530813141735345,-1.0592219878345592,2,1,-1.1980755738985456,-0.14351897220659526,1,1,0,0,0,0,-0.09990106639880754,2
-1.3530813141735345,0.9440891630699332,2,1,1.4363497523069129,1.3974932831635878,0,1,1,0,1,0,-1.187284918423057,5
1.3223294661241354,-1.0592219878345592,2,2,-0.21230824896205117,0.3306386448303842,0,4,1,0,0,0,-0.3410337387605281,5
1.3223294661241354,-1.0592219878345592,0,2,-0.28601940532524905,0.21209924057113932,0,4,1,0,1,0,-0.16410891742839734,5
-1.3530813141735345,0.9440891630699332,1,3,-1.3575575346608022,-1.4474524190582887,0,3,0,0,0,0,0.8139543608991322,3
1.3223294661241354,0.9440891630699332,0,1,-1.3628832279064829,-0.9732948020213092,0,2,0,0,0,0,0.565618740863564,4
-1.3530813141735345,-1.0592219878345592,1,1,1.6517146045264928,-0.14351897220659526,0,2,1,1,0,0,0.730510416313728,3
1.3223294661241354,-1.0592219878345592,1,2,-1.1136700474525845,-0.7362159935028195,0,4,0,0,0,1,0.4147052222826071,1
1.3223294661241354,0.9440891630699332,0,2,0.44662336743860265,-1.5659918233175336,1,2,1,0,1,0,1.781448812468848,2
-0.4612777207409779,0.9440891630699332,0,0,-0.6294347302034534,1.3974932831635878,0,2,0,1,0,1,-1.6883030611576046,5
0.4305258726915787,0.9440891630699332,0,1,0.08321547020038263,-0.9732948020213092,0,2,0,1,0,0,1.019648000586974,3
-1.3530813141735345,-1.0592219878345592,0,2,-0.17460892343989257,-0.4991371849843298,1,3,1,0,0,0,0.9734274687015105,3
-1.3530813141735345,-1.0592219878345592,0,1,-0.6690525808407509,-0.024979567947350397,0,2,0,0,1,0,-0.1548550830840722,5
0.4305258726915787,0.9440891630699332,1,1,0.042227322445347666,-1.4474524190582887,0,3,1,1,0,0,1.8989901593743808,1
0.4305258726915787,-1.0592219878345592,0,0,-0.981919266047555,0.6862568576081187,0,2,1,0,0,0,-1.216750555915657,5
-1.3530813141735345,-1.0592219878345592,2,2,-0.7602462457248829,-0.14351897220659526,1,2,0,1,0,0,0.3348685280160998,3
-1.3530813141735345,-1.0592219878345592,0,2,-1.275772245951671,-0.9732948020213092,1,0,0,1,0,0,0.7114647980480622,3
0.4305258726915787,-1.0592219878345592,0,1,0.21878272614050773,1.6345720916820776,0,2,0,1,0,0,-1.275776073277392,3
-1.3530813141735345,0.9440891630699332,0,3,1.046660793721334,-0.380597780725085,0,3,0,1,0,0,0.6274765842807051,3
1.3223294661241354,0.9440891630699332,2,0,-1.4658586832974674,-0.7362159935028195,1,2,1,1,0,0,0.7286085991370068,3
-1.3530813141735345,-1.0592219878345592,2,2,-0.9634775671687752,1.6345720916820776,0,2,0,0,1,0,-2.0850299480329504,5
1.3223294661241354,0.9440891630699332,0,2,-1.095934818221447,-0.14351897220659526,0,3,0,0,0,0,-0.38893883993381206,5
1.3223294661241354,0.9440891630699332,2,4,-0.397705093649995,0.09355983631189446,0,0,1,0,0,0,-0.3597398933205216,5
0.4305258726915787,-1.0592219878345592,2,3,1.7246078368796314,0.3306386448303842,0,4,1,1,1,0,0.6088585533478885,4
-0.4612777207409779,0.9440891630699332,0,3,1.2860867493618922,0.5677174533488739,1,1,0,0,0,0,-0.04626653568415738,5
-0.4612777207409779,-1.0592219878345592,0,4,-0.9581541289509643,1.1604144746450982,1,2,0,1,1,1,-0.7154971202071615,5
-0.4612777207409779,0.9440891630699332,2,2,-0.2714572574272589,0.6862568576081187,1,2,1,0,0,0,-0.23407063681221607,5
1.3223294661241354,-1.0592219878345592,1,1,1.1258627287953482,-1.2103736105397989,0,3,1,0,0,0,1.7061442192007237,1
1.3223294661241354,0.9440891630699332,3,1,-0.12078468344317216,0.09355983631189446,0,3,1,0,0,1,-0.03906805749337716,5
-0.4612777207409779,0.9440891630699332,2,0,-0.007956649964188297,-1.2103736105397989,0,4,0,1,0,1,1.8606607204674128,1
-0.4612777207409779,0.9440891630699332,0,1,1.5636471685164617,-0.2620583764658401,1,2,0,1,0,0,0.46808164128273866,4
-0.4612777207409779,-1.0592219878345592,0,3,0.705031600528017,0.6862568576081187,0,0,0,0,0,0,-1.0102097873049753,5
-0.4612777207409779,0.9440891630699332,1,3,-0.7208856270470105,0.21209924057113932,0,0,0,1,0,1,-0.8337354441046659,5
-1.3530813141735345,-1.0592219878345592,2,1,0.03766425219123335,0.8047962618673636,1,1,0,1,0,0,-0.9446507692780687,5
-1.3530813141735345,0.9440891630699332,1,0,1.36142151807227,-0.6176765892435747,0,1,0,0,0,0,0.4842183235063111,5
1.3223294661241354,-1.0592219878345592,0,2,-0.16733243736353967,1.0418750703858533,0,1,0,0,1,0,-1.1786987505300477,5
1.3223294661241354,0.9440891630699332,2,1,-0.9326446716752629,-0.9732948020213092,0,1,0,0,1,0,0.23669048595050196,4
-1.3530813141735345,-1.0592219878345592,3,4,-0.8119500702486097,-0.8547553977620644,0,3,0,0,0,0,0.82177782530269,3
0.4305258726915787,-1.0592219878345592,1,1,-0.6552559198480173,-0.9732948020213092,0,3,1,0,0,0,1.2015337377765374,2
-0.4612777207409779,0.9440891630699332,0,1,-0.7415647623216424,0.6862568576081187,1,1,0,0,0,0,-1.009062194180684,2
0.4305258726915787,-1.0592219878345592,1,2,-1.1417264559699583,1.3974932831635878,0,3,1,1,0,1,-1.1671765153346996,5
0.4305258726915787,-1.0592219878345592,1,2,0.10257019417498182,0.44917804908962905,0,1,0,0,1,0,-0.31818429008405663,5
-0.4612777207409779,-1.0592219878345592,0,2,0.5536462662586215,-0.9732948020213092,0,3,0,0,0,0,0.8208045513477065,3
-0.4612777207409779,-1.0592219878345592,0,2,-0.36261049629113123,-0.8547553977620644,1,2,1,0,0,0,1.1085033866829674,3
0.4305258726915787,0.9440891630699332,0,1,-1.3132834690393917,-0.6176765892435747,0,3,0,1,0,0,0.6935624306292494,3
0.4305258726915787,0.9440891630699332,3,2,1.3303911033347178,0.3306386448303842,0,2,0,0,0,0,-0.651067959693862,5
0.4305258726915787,0.9440891630699332,1,2,-0.6859367695443991,-1.6845312275767783,0,1,1,0,0,1,1.3208197521352296,2
-0.4612777207409779,0.9440891630699332,3,3,0.8836985059606207,-0.9732948020213092,0,3,0,0,0,0,0.9547178282030386,3
0.4305258726915787,0.9440891630699332,2,1,-0.70299673710966,1.0418750703858533,1,1,1,1,0,1,-0.7232422764516753,5
-1.3530813141735345,-1.0592219878345592,3,2,0.7435871995361121,-1.2103736105397989,0,0,0,0,0,0,0.6502671222599221,3
-0.4612777207409779,0.9440891630699332,1,1,-1.3556920174398959,-1.6845312275767783,1,2,1,0,0,0,1.5537192200271,2
-0.4612777207409779,0.9440891630699332,0,1,-0.680886816846646,-0.2620583764658401,0,3,0,0,0,0,-0.15977253764712548,5
0.4305258726915787,0.9440891630699332,0,0,0.04630580257526944,-1.0918342062805542,0,4,0,0,1,0,1.176366680477746,2
-1.3530813141735345,-1.0592219878345592,0,1,0.565843613866561,0.8047962618673636,0,2,0,1,0,0,-0.7286213740301469,5
1.3223294661241354,0.9440891630699332,2,2,-0.677400102079366,0.5677174533488739,0,2,0,0,1,0,-0.8541110238366777,5
0.4305258726915787,0.9440891630699332,1,1,-0.018925393887602997,0.21209924057113932,0,2,0,0,0,1,-0.4500586949962888,5
1.3223294661241354,0.9440891630699332,2,3,0.17779306531633607,-1.3289130147990438,1,1,0,0,1,0,1.5510644497823205,2
-1.3530813141735345,-1.0592219878345592,0,3,-0.20615311310616677,1.7531114959413225,0,2,0,0,0,0,-2.083553175521057,5
0.4305258726915787,0.9440891630699332,2,2,-0.2459302050065702,1.0418750703858533,0,2,0,0,0,0,-0.8503634502891021,5
-0.4612777207409779,-1.0592219878345592,0,0,-0.4589154413759453,-1.3289130147990438,0,1,1,0,0,0,0.9550000346998356,3
-1.3530813141735345,-1.0592219878345592,1,0,-0.12019505581250932,-1.5659918233175336,0,1,1,0,0,0,1.1541736353715666,3
0.4305258726915787,0.9440891630699332,0,2,1.172049914575687,-0.7362159935028195,1,1,1,0,0,0,1.0783458336821017,3
0.4305258726915787,0.9440891630699332,1,4,-1.4991452361376156,-0.024979567947350397,0,1,0,1,0,0,-0.15288182543499562,4
-1.3530813141735345,0.9440891630699332,0,1,-1.2851279637699877,-0.8547553977620644,1,1,0,0,0,0,0.49733909469354987,4
1.3223294661241354,0.9440891630699332,3,2,0.1250622370372707,-0.8547553977620644,0,3,1,0,0,0,0.7994868152468019,3
0.4305258726915787,0.9440891630699332,3,2,-0.46861343021060087,1.3974932831635878,0,1,0,0,0,0,-1.8092922572258454,5
0.4305258726915787,0.9440891630699332,0,0,-1.324591811069329,-0.024979567947350397,0,3,0,1,0,0,0.21849822296798252,4
0.4305258726915787,-1.0592219878345592,1,3,-1.3884428279727083,-0.8547553977620644,0,3,1,0,0,0,0.2726612300316596,4
0.4305258726915787,-1.0592219878345592,2,3,-0.6933698402708083,0.09355983631189446,0,3,1,0,0,0,-0.03974202380425989,5
0.4305258726915787,-1.0592219878345592,0,2,-0.39242225388227864,0.09355983631189446,0,3,0,1,0,0,0.20591596729994174,4
-1.3530813141735345,-1.0592219878345592,2,0,-0.5115494545120589,0.09355983631189446,0,2,1,0,0,0,-0.17690390923487243,5
-1.3530813141735345,0.9440891630699332,3,2,-1.3295098323921097,-0.024979567947350397,1,3,1,0,0,0,0.3460529821890438,4
0.4305258726915787,0.9440891630699332,1,0,-0.5174498868520336,-0.6176765892435747,0,3,1,0,0,0,0.3437490167486112,4
0.4305258726915787,0.9440891630699332,0,2,1.2816597921353754,-1.5659918233175336,0,3,0,0,1,1,1.5874304916008808,2
-0.4612777207409779,-1.0592219878345592,0,2,1.2664680948899556,1.1604144746450982,1,0,0,0,0,0,-1.233145572332247,5
0.4305258726915787,-1.0592219878345592,0,2,-0.9555851093627904,1.0418750703858533,0,3,0,0,1,0,-1.0779147325159413,5
-0.4612777207409779,-1.0592219878345592,1,1,1.055153574726256,-0.9732948020213092,1,1,0,0,1,1,1.0308093988457174,3
0.4305258726915787,0.9440891630699332,2,2,1.4299077650527368,-0.6176765892435747,1,3,1,1,0,0,1.7147088809592792,1
1.3223294661241354,-1.0592219878345592,3,2,0.8498251647462046,-1.2103736105397989,1,1,1,0,0,0,1.1766232898949325,2
1.3223294661241354,-1.0592219878345592,0,3,0.15603247177053778,1.0418750703858533,0,3,0,0,1,0,-1.3802015480289904,5
0.4305258726915787,0.9440891630699332,0,2,-1.1451820613424646,-1.0918342062805542,0,4,0,0,0,0,0.9102954539761859,3
1.3223294661241354,0.9440891630699332,2,1,-0.6611735289628056,-1.0918342062805542,1,1,1,0,0,0,1.0548646350133508,3
0.4305258726915787,0.9440891630699332,2,2,1.7628669190670931,1.0418750703858533,1,1,1,0,0,0,-0.592439970238646,5
0.4305258726915787,-1.0592219878345592,0,2,0.6473380900872514,0.9233356661266084,0,1,0,1,0,0,-1.0486760704600284,5
-0.4612777207409779,-1.0592219878345592,0,0,1.32769933492832,-0.4991371849843298,1,4,0,1,0,0,1.2542963902428135,2
1.3223294661241354,0.9440891630699332,0,1,-1.664098928272425,1.278953878904343,0,2,0,1,0,0,-1.2808445415706584,5
-0.4612777207409779,-1.0592219878345592,1,2,-1.5497879803198138,-0.8547553977620644,0,0,1,0,0,0,-0.13895798378884866,5
-0.4612777207409779,-1.0592219878345592,0,2,-1.7453978317749967,-0.380597780725085,1,0,1,0,0,0,-0.1365150956048906,5
-0.4612777207409779,0.9440891630699332,1,2,1.0800060828254165,1.0418750703858533,1,3,1,1,0,1,-0.18304879134681004,5
1.3223294661241354,0.9440891630699332,1,2,1.7162507888463512,1.3974932831635878,1,3,0,0,0,0,-0.46866890130749905,5
1.3223294661241354,0.9440891630699332,2,2,-1.731810960595131,0.09355983631189446,0,3,1,1,1,0,0.5678030182043279,4
-1.3530813141735345,0.9440891630699332,1,3,0.8830463818981973,-0.6176765892435747,0,1,0,0,0,1,0.5672986360990517,4
0.4305258726915787,-1.0592219878345592,0,0,1.634577003276995,0.9233356661266084,0,1,1,0,1,0,-0.8076981770219833,5
1.3223294661241354,-1.0592219878345592,1,2,-1.1501489263472475,0.9233356661266084,0,4,0,0,0,0,-1.0882739205331242,5
-0.4612777207409779,-1.0592219878345592,2,2,0.7365682483678063,-0.2620583764658401,1,1,1,0,0,0,0.19681089735928958,4
1.3223294661241354,-1.0592219878345592,0,3,0.3964606348385122,-1.6845312275767783,0,1,0,0,0,0,0.9114873879568443,3
1.3223294661241354,-1.0592219878345592,0,4,-0.17705993381152396,-1.3289130147990438,0,2,0,1,0,0,0.883656598633609,3
1.3223294661241354,-1.0592219878345592,0,1,-1.745213699062721,1.3974932831635878,0,4,0,0,0,0,-1.479341933506312,1
-1.3530813141735345,0.9440891630699332,0,2,1.4429065032945505,-0.8547553977620644,1,2,0,0,1,0,1.0950803694044997,3
1.3223294661241354,-1.0592219878345592,1,2,-0.2515777624137393,-1.3289130147990438,0,2,0,0,0,1,0.8034074737430282,3
-0.4612777207409779,0.9440891630699332,2,4,1.4131758002263706,0.5677174533488739,1,2,1,0,0,0,-0.4461814751643931,5
-0.4612777207409779,0.9440891630699332,0,2,-1.0158701210805088,-0.14351897220659526,0,1,0,0,0,0,-0.2852678013902761,5
-1.3530813141735345,0.9440891630699332,0,2,-0.9945193433361478,0.21209924057113932,0,2,0,0,0,1,-0.5515662789290913,5
-0.4612777207409779,-1.0592219878345592,0,2,1.210154317325106,0.09355983631189446,1,3,0,1,0,1,0.454719041751367,4
-1.3530813141735345,-1.0592219878345592,0,1,1.2178472313659048,1.5160326874228327,0,2,1,1,0,0,-1.2749983488689702,5
-0.4612777207409779,0.9440891630699332,0,3,0.6264585595968724,1.7531114959413225,1,4,1,0,0,0,-0.8900225273628856,5
-0.4612777207409779,0.9440891630699332,0,1,0.6817767528975074,-0.14351897220659526,0,4,0,0,1,1,0.017924563583582562,5
-1.3530813141735345,-1.0592219878345592,0,2,-1.1547948761985762,-0.2620583764658401,1,4,0,0,0,0,0.27912096056213315,4
1.3223294661241354,-1.0592219878345592,2,1,-0.1928668519930667,0.21209924057113932,0,1,0,1,0,0,-0.514149280400195,5
1.3223294661241354,0.9440891630699332,1,2,-0.022603816286182427,0.5677174533488739,0,2,0,0,1,1,-1.0139146695184051,5
1.3223294661241354,0.9440891630699332,0,1,0.006437281153211893,-0.024979567947350397,0,2,0,0,0,1,-0.34905526989130087,5
1.3223294661241354,-1.0592219878345592,0,1,0.31006593673694743,-1.0918342062805542,1,3,0,0,0,0,0.6646335299753532,3
-0.4612777207409779,0.9440891630699332,3,2,1.3930499539062637,-1.4474524190582887,0,4,0,0,0,0,1.4947212317898826,2
-1.3530813141735345,-1.0592219878345592,0,2,-0.20841504672415698,-1.5659918233175336,1,1,1,0,1,0,1.4924627360533125,2
-0.4612777207409779,0.9440891630699332,0,3,1.7777991992379112,-0.7362159935028195,0,1,0,1,0,1,0.3301467807288947,4
-0.4612777207409779,-1.0592219878345592,3,3,-1.472903047712336,-1.2103736105397989,0,3,0,0,0,0,0.8245573867346931,3
1.3223294661241354,-1.0592219878345592,3,2,-0.99306948118597,0.6862568576081187,0,3,0,0,0,0,-0.638616475522395,5
0.4305258726915787,-1.0592219878345592,1,2,-0.8372852133517525,0.09355983631189446,1,4,1,0,0,0,0.5408654237487603,4
1.3223294661241354,0.9440891630699332,0,0,1.0057098015180888,1.3974932831635878,0,3,0,0,0,0,-1.1668778167413534,5
1.3223294661241354,0.9440891630699332,0,3,0.12652745399801676,-1.4474524190582887,0,4,1,0,0,0,1.6536568949486656,1
-0.4612777207409779,-1.0592219878345592,0,3,-0.05962284761795391,1.1604144746450982,0,0,0,0,0,0,-1.4179427626809304,5
-1.3530813141735345,0.9440891630699332,0,1,1.4270038745103149,0.8047962618673636,1,4,0,0,1,0,-0.11926128169068306,5
1.3223294661241354,0.9440891630699332,0,0,0.6797858728106351,-0.6176765892435747,0,2,1,0,0,0,0.7636143975329144,3
1.3223294661241354,-1.0592219878345592,0,2,0.536892104144539,-1.2103736105397989,1,2,1,0,0,0,1.5315286417899525,2
0.4305258726915787,-1.0592219878345592,2,2,1.3303690759876208,-1.0918342062805542,0,0,0,0,0,0,0.3184569005730709,4
-1.3530813141735345,-1.0592219878345592,0,2,1.1521458294781441,-0.9732948020213092,0,3,0,1,0,0,1.236476610815609,2
1.3223294661241354,0.9440891630699332,3,2,1.5309836905073202,-0.4991371849843298,0,3,0,1,0,0,0.9566678979200052,3
1.3223294661241354,-1.0592219878345592,0,3,1.132371100388128,1.3974932831635878,1,2,0,0,0,0,-1.2974087861723433,5
-1.3530813141735345,0.9440891630699332,0,3,0.7778307215857766,-1.3289130147990438,0,2,0,1,1,0,1.6560534195896925,2
-0.4612777207409779,0.9440891630699332,0,2,-0.7016468138414919,-0.4991371849843298,0,3,0,1,0,1,0.4170547997751235,4
1.3223294661241354,0.9440891630699332,1,2,1.1123952092894982,-1.5659918233175336,0,3,1,0,0,0,1.7548701612072224,1
0.4305258726915787,-1.0592219878345592,0,1,-0.670379589553115,-0.024979567947350397,0,2,1,1,1,0,-0.05905867086761288,5
0.4305258726915787,0.9440891630699332,0,2,-0.1470818151656474,0.21209924057113932,0,2,1,0,0,1,0.04018638270311823,5
1.3223294661241354,0.9440891630699332,0,2,0.5405011154161555,0.9233356661266084,0,2,1,1,0,1,-0.8266638564554781,5
-1.3530813141735345,0.9440891630699332,2,2,-0.31081582092277454,-0.2620583764658401,0,3,0,0,0,1,0.2250870476248437,4
0.4305258726915787,-1.0592219878345592,1,0,-0.016787050745245786,1.7531114959413225,0,3,1,0,0,1,-1.545898901037233,5
-1.3530813141735345,0.9440891630699332,0,2,1.1222010343339364,0.5677174533488739,1,3,1,0,1,0,0.21901097705413863,3
0.4305258726915787,0.9440891630699332,1,1,0.8456371892476439,1.6345720916820776,0,3,0,0,0,0,-1.5361333530142405,2
0.4305258726915787,-1.0592219878345592,1,1,-0.16489106184764113,0.6862568576081187,1,3,0,0,0,0,-0.28716423632736265,5
-0.4612777207409779,-1.0592219878345592,0,2,-1.2922436288365287,-0.8547553977620644,1,2,0,0,0,0,0.7054836447480006,3
1.3223294661241354,0.9440891630699332,0,2,0.6731504631980895,1.3974932831635878,0,2,0,0,0,0,-1.1766573981195474,5
0.4305258726915787,-1.0592219878345592,0,2,-1.667750767635319,0.44917804908962905,0,2,0,0,1,0,-0.7620640296099764,5
0.4305258726915787,-1.0592219878345592,2,0,-0.25916137367885667,-0.9732948020213092,1,3,1,0,0,0,1.3966538006171554,2
-0.4612777207409779,0.9440891630699332,0,2,-1.1673259491030175,-0.2620583764658401,1,1,1,1,1,0,0.7229924310807551,3
-1.3530813141735345,-1.0592219878345592,0,2,-0.30924163156333245,1.7531114959413225,0,3,0,0,0,1,-1.8436411235451793,5
-1.3530813141735345,-1.0592219878345592,3,2,-0.2043005678336621,1.5160326874228327,0,2,0,1,0,0,-1.812644534277749,5
-1.3530813141735345,0.9440891630699332,1,3,0.9673690556966598,-0.380597780725085,0,1,1,0,0,0,0.24682899226398317,4
0.4305258726915787,0.9440891630699332,0,1,0.5171734101965595,1.3974932831635878,0,1,0,1,0,0,-1.4410742054489736,5
-0.4612777207409779,0.9440891630699332,0,3,0.3858009942653606,0.5677174533488739,0,3,0,0,0,1,-0.503787091070738,5
-1.3530813141735345,-1.0592219878345592,3,4,0.7345364579896444,-1.3289130147990438,0,3,0,0,0,0,1.150908088778668,3
1.3223294661241354,0.9440891630699332,0,3,-0.24692881518880844,0.8047962618673636,0,2,1,1,0,0,-0.5934108192479609,5
1.3223294661241354,0.9440891630699332,0,4,0.7014941694302282,-0.2620583764658401,0,1,0,0,0,1,-0.2627717880064514,5
-1.3530813141735345,0.9440891630699332,1,1,-0.039539978466970625,-0.8547553977620644,1,1,0,1,1,0,1.1301277110526957,3
0.4305258726915787,-1.0592219878345592,3,1,0.16374148679027217,1.278953878904343,1,2,1,0,1,0,-0.9042462270278104,5
1.3223294661241354,-1.0592219878345592,0,2,-0.5799797013115334,0.09355983631189446,0,1,1,0,0,0,-0.21099186067948988,5
-0.4612777207409779,0.9440891630699332,2,2,-0.02058802354591471,0.21209924057113932,0,4,0,0,0,0,-0.1266105987530748,5
1.3223294661241354,0.9440891630699332,0,3,-1.713899476133605,0.5677174533488739,1,1,0,0,0,0,-1.311801328937138,5
1.3223294661241354,0.9440891630699332,0,1,-0.6036089670646458,0.6862568576081187,1,1,1,0,0,0,-0.4265945825146283,5
1.3223294661241354,-1.0592219878345592,0,0,-0.07923625489865645,1.6345720916820776,1,3,0,0,0,0,-1.062960378276597,5
0.4305258726915787,0.9440891630699332,3,3,-0.6523580381322976,-0.6176765892435747,0,2,0,0,0,1,0.1955927691035675,4
0.4305258726915787,0.9440891630699332,3,3,0.3237826048607035,-0.2620583764658401,1,1,1,0,0,0,0.34621496793455303,4
0.4305258726915787,-1.0592219878345592,0,3,-1.4225168372199373,1.6345720916820776,0,4,1,0,0,1,-1.3727431515259993,4
-0.4612777207409779,0.9440891630699332,2,1,0.8756220986871562,-1.5659918233175336,0,3,0,0,1,0,1.441940923537878,2
0.4305258726915787,0.9440891630699332,2,2,-0.00805525552014709,-0.9732948020213092,0,3,0,0,0,0,0.8844203026571676,3
0.4305258726915787,0.9440891630699332,0,3,0.9350275594529361,0.6862568576081187,0,0,0,0,0,1,-1.0193818369324308,5
-0.4612777207409779,0.9440891630699332,2,2,0.3148257866329401,0.44917804908962905,1,4,0,0,0,0,-0.13691952736254404,4
0.4305258726915787,0.9440891630699332,1,1,-1.6511955376586924,1.1604144746450982,1,2,1,0,0,0,-1.0485895812419082,5
-1.3530813141735345,-1.0592219878345592,1,1,-0.9931387266763148,-1.4474524190582887,0,2,1,1,0,1,1.4521952874903754,2
-1.3530813141735345,-1.0592219878345592,2,3,-1.7108717748422024,1.0418750703858533,0,2,0,0,0,1,-1.704032514468355,5
-1.3530813141735345,0.9440891630699332,0,3,0.8097042943764671,-0.8547553977620644,0,2,0,1,0,1,0.5065630829077419,5
-1.3530813141735345,-1.0592219878345592,1,1,1.30164166284382,-1.0918342062805542,0,0,0,0,0,0,0.4730880972538794,4
-0.4612777207409779,0.9440891630699332,1,0,1.6316666897205612,0.8047962618673636,0,1,1,0,0,0,-0.5148367343704612,5
-0.4612777207409779,0.9440891630699332,0,2,0.450272893216061,-0.7362159935028195,0,2,1,0,0,0,0.5025462973446295,4
-0.4612777207409779,-1.0592219878345592,0,3,-1.6028708084235705,0.6862568576081187,0,1,1,0,1,0,-1.3615468418847698,5
1.3223294661241354,-1.0592219878345592,2,0,0.4751668175300689,-1.6845312275767783,1,2,0,0,0,0,1.9283566592500034,1
0.4305258726915787,-1.0592219878345592,0,4,-0.43265218835919816,0.44917804908962905,1,4,1,0,1,0,0.543083122218584,4
0.4305258726915787,0.9440891630699332,0,2,1.4912202353967785,1.5160326874228327,0,3,0,1,0,0,-1.024778288382573,5
1.3223294661241354,0.9440891630699332,0,0,-1.1489982131063794,0.21209924057113932,1,2,0,0,0,0,-0.6000873986010963,5
0.4305258726915787,0.9440891630699332,0,0,-0.63832003220781,-0.9732948020213092,1,2,1,0,1,0,1.4179804396662594,2
-0.4612777207409779,0.9440891630699332,2,0,-0.9364342022537102,0.21209924057113932,1,3,1,0,1,0,-0.11045345010838599,5
0.4305258726915787,-1.0592219878345592,0,1,0.05231142794151609,-0.7362159935028195,1,3,1,1,0,0,1.2982006462215712,2
1.3223294661241354,-1.0592219878345592,0,2,1.6068766579863405,0.8047962618673636,0,1,0,0,0,0,-0.9216694790368635,5
-1.3530813141735345,0.9440891630699332,3,0,-0.08959180928700418,1.0418750703858533,0,3,0,1,0,0,-1.0956374314046844,5
1.3223294661241354,0.9440891630699332,0,1,0.6966208731764743,0.09355983631189446,1,2,1,1,0,0,0.6546682098638711,3
-0.4612777207409779,-1.0592219878345592,1,4,-1.694542689932793,-0.380597780725085,0,2,0,0,0,0,0.011020620525289484,5
0.4305258726915787,-1.0592219878345592,2,2,-0.8642182695876656,-0.380597780725085,0,3,1,1,0,0,0.5378128499596011,5
1.3223294661241354,-1.0592219878345592,2,1,1.1559630900368811,0.5677174533488739,0,2,1,1,0,0,-0.12300014199864925,5
1.3223294661241354,0.9440891630699332,0,1,0.25726820406710105,0.8047962618673636,1,4,0,0,1,0,0.06393087991732149,5
-0.4612777207409779,-1.0592219878345592,2,2,0.29558121637094487,1.0418750703858533,1,0,1,0,0,1,-0.9034917774574684,5
0.4305258726915787,-1.0592219878345592,1,3,0.7534797330846575,-1.3289130147990438,0,2,1,0,0,0,1.0630043252353427,3
-1.3530813141735345,-1.0592219878345592,0,2,-1.5254335914218857,-0.6176765892435747,0,4,0,1,0,0,0.5129944597699331,2
0.4305258726915787,0.9440891630699332,2,3,0.1804434393936084,-0.4991371849843298,0,2,0,1,1,0,0.4733944018182446,2
-0.4612777207409779,0.9440891630699332,1,4,-0.15718954130479423,0.5677174533488739,0,2,0,1,0,0,-0.3527063400429144,5
0.4305258726915787,0.9440891630699332,1,3,1.2520949777274955,-0.7362159935028195,0,1,1,0,0,0,0.8036126451144845,3
0.4305258726915787,-1.0592219878345592,0,1,-0.8612180438332083,-1.0918342062805542,1,1,0,0,0,0,0.4316595098748534,4
-0.4612777207409779,0.9440891630699332,2,3,0.12544916633327835,0.44917804908962905,0,2,1,0,1,0,-0.11433380126394478,5
0.4305258726915787,-1.0592219878345592,0,2,-0.4019515398559633,0.6862568576081187,1,2,1,1,0,0,-0.4346667249400935,5
1.3223294661241354,0.9440891630699332,0,2,1.666026833389707,-0.8547553977620644,0,0,1,1,0,0,0.7192602888832723,3
-0.4612777207409779,0.9440891630699332,0,2,-0.5370984226502868,0.3306386448303842,0,0,0,0,0,0,-1.0354807067371627,3
1.3223294661241354,0.9440891630699332,2,1,1.6557960906383196,0.44917804908962905,0,4,0,0,0,0,-0.4364481803403428,5
1.3223294661241354,0.9440891630699332,0,3,-1.2458136680283145,-0.2620583764658401,0,2,1,0,0,0,-0.28813540948134325,5
-0.4612777207409779,0.9440891630699332,1,2,1.4360587606364885,1.1604144746450982,0,3,0,1,1,0,-0.9552200632687788,5
1.3223294661241354,0.9440891630699332,0,2,0.820571853122273,-0.9732948020213092,0,3,1,0,1,0,1.2745619606453353,2
-1.3530813141735345,-1.0592219878345592,2,1,1.711011694630352,-1.3289130147990438,0,2,1,0,1,1,1.8320663055701563,1
0.4305258726915787,0.9440891630699332,2,2,-0.17283852297204172,-1.4474524190582887,1,3,1,1,0,0,2.229485084107882,1
0.4305258726915787,0.9440891630699332,3,0,-0.7670162910481438,-1.4474524190582887,1,4,0,0,1,0,1.7512126440579567,1
-1.3530813141735345,-1.0592219878345592,0,2,0.4783847065424721,-0.8547553977620644,1,3,0,1,0,0,1.3572536587975874,2
1.3223294661241354,0.9440891630699332,0,2,-1.641380876453081,1.1604144746450982,0,4,0,0,1,0,-1.392775390927093,5
1.3223294661241354,-1.0592219878345592,0,0,0.27965302826775645,1.1604144746450982,1,1,0,0,0,0,-1.1246433107723,5
-0.4612777207409779,-1.0592219878345592,0,3,1.463891057071769,1.5160326874228327,0,4,0,0,0,0,-1.0500426987228733,5
-0.4612777207409779,-1.0592219878345592,1,0,-1.3456937500765427,0.5677174533488739,0,3,1,1,0,0,-0.27503249357743426,5
0.4305258726915787,0.9440891630699332,0,1,0.5070370740170896,1.5160326874228327,0,1,1,0,1,0,-1.439173119055016,5
1.3223294661241354,-1.0592219878345592,0,2,0.49539218961423204,-0.8547553977620644,1,3,0,1,0,0,1.1740865702856704,2
0.4305258726915787,0.9440891630699332,0,3,-0.7608203067384239,0.6862568576081187,0,1,1,0,0,0,-0.5827209793282125,5
0.4305258726915787,0.9440891630699332,1,2,-0.31335010687725284,-1.0918342062805542,0,1,0,0,0,0,0.5680754827540749,4
1.3223294661241354,0.9440891630699332,0,2,-0.48281087942447826,-0.9732948020213092,0,1,0,0,0,0,0.14717302313563357,4
-0.4612777207409779,0.9440891630699332,0,1,0.6113404478047172,0.6862568576081187,1,1,1,0,1,1,-0.4484548200379107,5
-0.4612777207409779,-1.0592219878345592,2,4,0.5842986774716937,-0.4991371849843298,1,2,0,0,0,0,0.5876113332715941,4
1.3223294661241354,0.9440891630699332,0,2,1.5602406565843896,0.44917804908962905,0,3,0,0,0,0,-0.21532125494623697,5
1.3223294661241354,-1.0592219878345592,0,2,0.38569307664041547,-1.4474524190582887,0,0,0,0,0,0,0.9194671709228687,3
-1.3530813141735345,0.9440891630699332,1,1,-0.043448188278066714,-0.9732948020213092,1,1,0,0,0,0,0.33037530079359295,4
0.4305258726915787,0.9440891630699332,1,3,1.575169837610795,1.7531114959413225,0,3,1,0,0,0,-0.9869789150396928,5
1.3223294661241354,0.9440891630699332,2,3,-1.7217247042073798,0.21209924057113932,0,2,1,1,1,0,0.13504911671500502,4
-1.3530813141735345,-1.0592219878345592,0,2,-0.5494492619860135,-0.380597780725085,0,3,1,0,0,0,0.0422145750107242,5
-1.3530813141735345,0.9440891630699332,0,3,0.4508020977063721,-0.7362159935028195,1,2,1,0,0,0,0.8776200924927238,3
-0.4612777207409779,0.9440891630699332,1,2,-0.32510300300133116,0.21209924057113932,0,2,1,0,1,0,-0.05424978021391344,5
1.3223294661241354,-1.0592219878345592,1,3,-1.5201666339925173,-0.9732948020213092,0,3,1,1,0,0,0.7552778234608057,3
-1.3530813141735345,-1.0592219878345592,0,2,-0.0433785394406088,0.5677174533488739,1,4,0,0,0,0,-0.38020885546069433,5
-0.4612777207409779,-1.0592219878345592,1,1,-1.4936273869433596,-1.0918342062805542,0,2,1,1,1,0,0.9700959908258164,3
-1.3530813141735345,0.9440891630699332,1,4,0.8336811182549025,1.6345720916820776,0,2,0,0,0,0,-1.4006632943807484,5
0.4305258726915787,-1.0592219878345592,0,3,-1.4681235767374294,1.1604144746450982,0,1,1,0,0,0,-1.5801223086266107,5
-0.4612777207409779,0.9440891630699332,1,0,0.4361387039746895,0.3306386448303842,0,2,0,1,1,0,-0.14425504334160913,2
1.3223294661241354,0.9440891630699332,0,1,-0.1350677095960785,1.278953878904343,1,1,1,0,0,0,-1.0916577402189642,3
0.4305258726915787,0.9440891630699332,0,2,-1.0317383225515844,-1.6845312275767783,0,2,1,1,0,0,1.5312812647502136,2
-0.4612777207409779,-1.0592219878345592,1,0,-0.21358352979842005,0.21209924057113932,1,2,0,1,0,0,-0.04616158736591636,5
0.4305258726915787,0.9440891630699332,0,2,-0.5767641061477614,1.5160326874228327,0,4,0,0,0,0,-1.5249301535159583,5
-1.3530813141735345,-1.0592219878345592,1,1,1.004148353875138,-0.4991371849843298,0,3,0,1,0,0,0.8840145812241036,3
0.4305258726915787,-1.0592219878345592,0,2,-0.2846071439557588,-0.6176765892435747,0,3,0,0,0,0,0.6353507556045989,3
0.4305258726915787,0.9440891630699332,0,4,-1.2036118627524337,1.278953878904343,0,1,0,0,0,1,-1.8130683299247898,5
1.3223294661241354,0.9440891630699332,0,3,-1.0757310661717607,1.278953878904343,0,2,0,0,1,0,-1.5726783967283329,5
-0.4612777207409779,0.9440891630699332,1,1,0.6796636207476958,-1.6845312275767783,0,3,1,0,0,0,2.0734532100827705,1
-1.3530813141735345,-1.0592219878345592,2,2,-0.780947145957772,0.5677174533488739,0,2,1,1,0,1,-0.4964943687093971,5
-0.4612777207409779,0.9440891630699332,0,1,-0.6343155056170571,-1.2103736105397989,0,1,1,1,0,0,0.8407428534539099,3
-1.3530813141735345,0.9440891630699332,0,1,-1.029580151643148,-1.5659918233175336,1,2,0,0,0,0,1.0753116219551277,3
-1.3530813141735345,-1.0592219878345592,3,2,-0.2603643571042234,-1.6845312275767783,1,3,0,1,0,0,2.0544263931873528,1
0.4305258726915787,-1.0592219878345592,1,2,0.9754280474158872,1.5160326874228327,0,2,0,1,0,0,-1.6706809138238161,5
0.4305258726915787,-1.0592219878345592,1,1,0.7761636286290478,0.6862568576081187,0,3,1,0,0,1,-0.6428233493169325,5
-0.4612777207409779,-1.0592219878345592,0,1,-1.2574095491162824,-0.9732948020213092,0,2,1,0,1,0,0.6367685644303132,3
-1.3530813141735345,0.9440891630699332,2,2,1.095089035092396,-1.5659918233175336,0,2,1,0,0,0,1.4005757808922057,2
1.3223294661241354,-1.0592219878345592,0,2,1.3884070625669445,1.0418750703858533,0,2,1,0,0,0,-0.8835353149129467,5
-0.4612777207409779,0.9440891630699332,0,1,-1.5442336931298437,1.1604144746450982,0,0,1,0,0,0,-1.2705044863920216,5
-1.3530813141735345,-1.0592219878345592,0,0,1.5083928219913456,0.5677174533488739,0,2,0,1,1,0,-0.10040086604949305,5
-0.4612777207409779,0.9440891630699332,0,0,-0.3057208420546211,-0.9732948020213092,1,2,0,0,1,0,1.2463322401574148,2
0.4305258726915787,-1.0592219878345592,0,2,0.37702656556696906,1.7531114959413225,0,4,1,0,0,1,-1.3174307383699182,5
-0.4612777207409779,0.9440891630699332,2,2,1.431535838767465,-1.0918342062805542,0,0,1,0,0,0,1.2185798968795523,2
-1.3530813141735345,-1.0592219878345592,3,0,0.9442311406214886,-0.8547553977620644,0,1,0,0,0,0,0.9351300152737372,3
0.4305258726915787,0.9440891630699332,1,2,-1.510374975152774,0.21209924057113932,0,2,1,0,0,0,-0.4964219505175875,5
-1.3530813141735345,-1.0592219878345592,0,4,0.1616606065601421,1.7531114959413225,0,3,1,0,0,0,-1.7947319598945268,5
-1.3530813141735345,0.9440891630699332,1,1,0.7381139620390107,0.6862568576081187,0,2,0,0,0,0,-0.765324937646977,5
0.4305258726915787,-1.0592219878345592,0,2,0.3718477049015969,1.1604144746450982,0,2,0,0,0,1,-1.5423263590370697,5
-0.4612777207409779,0.9440891630699332,0,0,1.549012683584906,-1.6845312275767783,1,4,1,0,0,1,2.246163029756982,1
1.3223294661241354,-1.0592219878345592,0,1,0.6669286848246678,1.5160326874228327,0,3,1,1,0,0,-0.9314795840610867,5
-1.3530813141735345,0.9440891630699332,2,2,-1.0522551121900618,0.9233356661266084,0,2,0,0,0,0,-1.1165839152373829,5
-1.3530813141735345,-1.0592219878345592,0,1,0.5302639491063573,-0.2620583764658401,0,3,1,0,1,1,0.8422849668915895,3
1.3223294661241354,0.9440891630699332,2,2,-0.19908744057349875,1.0418750703858533,1,3,0,0,0,0,-1.218117268847784,5
-1.3530813141735345,0.9440891630699332,1,1,0.9144666604170152,1.0418750703858533,0,2,0,0,0,1,-1.2062764680554858,5
-1.3530813141735345,0.9440891630699332,3,1,-0.5040228871768595,-1.5659918233175336,0,2,0,0,0,0,1.128470870497006,3
1.3223294661241354,0.9440891630699332,0,2,1.148574613948506,1.1604144746450982,0,4,0,0,0,1,-0.8271219912909596,5
-1.3530813141735345,0.9440891630699332,0,3,-0.5263733607189862,-0.6176765892435747,0,1,1,0,0,1,0.07482971406459206,4
0.4305258726915787,-1.0592219878345592,0,1,0.6334125491084653,1.0418750703858533,1,4,1,0,0,0,0.03154102193724982,5
1.3223294661241354,0.9440891630699332,0,2,1.5517560712396772,-1.2103736105397989,1,3,1,1,0,1,2.0684610465807407,1
1.3223294661241354,-1.0592219878345592,2,1,1.7728546122798081,-0.7362159935028195,0,3,1,0,1,1,1.391533977743004,2
-0.4612777207409779,0.9440891630699332,3,2,-1.5364024301079853,-1.3289130147990438,1,2,0,0,1,1,1.0967685308144672,3
0.4305258726915787,-1.0592219878345592,0,2,0.7952358944862384,1.3974932831635878,1,4,0,0,0,0,-1.0298502819540525,5
-1.3530813141735345,0.9440891630699332,0,3,-1.4269095096797757,0.8047962618673636,0,2,1,0,0,0,-0.9509922227337525,5
-1.3530813141735345,-1.0592219878345592,0,0,0.9874755556945242,-0.8547553977620644,1,3,0,1,0,0,1.3313296486579904,2
-1.3530813141735345,0.9440891630699332,0,4,-1.167935621448768,-1.5659918233175336,0,2,0,1,0,0,1.3815193178824436,2
0.4305258726915787,-1.0592219878345592,1,1,-0.2665979366806102,-0.024979567947350397,1,2,0,0,0,0,-0.01719962945713642,5
1.3223294661241354,0.9440891630699332,1,2,0.5431244565714972,-0.380597780725085,0,4,0,0,0,0,0.29378854203889887,4
-0.4612777207409779,0.9440891630699332,0,3,0.652383455999891,0.44917804908962905,1,3,1,0,0,0,-0.16333741304414037,5
1.3223294661241354,0.9440891630699332,0,0,-0.3611770206045686,0.09355983631189446,1,0,0,1,0,0,-0.7425876647500678,5
1.3223294661241354,0.9440891630699332,0,3,-0.23390916995155253,-1.6845312275767783,0,1,1,0,0,0,1.1188679535796582,3
0.4305258726915787,0.9440891630699332,2,2,-0.8127868910711337,1.1604144746450982,0,3,0,0,0,0,-1.5692929757788772,5
-1.3530813141735345,-1.0592219878345592,3,2,-0.48497201197060474,0.44917804908962905,0,0,1,0,1,1,-0.8192658713328881,5
-0.4612777207409779,-1.0592219878345592,0,1,-0.8791452439076082,-0.9732948020213092,1,2,1,0,0,1,0.9045964157231812,3
-0.4612777207409779,-1.0592219878345592,0,1,-1.7371047263895154,1.3974932831635878,0,2,0,0,0,0,-1.9840066416046107,5
-0.4612777207409779,0.9440891630699332,2,2,-1.5101991081597568,-0.4991371849843298,1,3,0,0,0,0,0.23327583260986037,4
-0.4612777207409779,-1.0592219878345592,1,4,-0.47948690840590447,0.44917804908962905,0,2,0,0,0,0,-1.0393529579191414,5
-0.4612777207409779,0.9440891630699332,1,1,-1.4188550702251057,-0.380597780725085,0,2,0,0,0,0,-0.3464794741687551,5
-0.4612777207409779,-1.0592219878345592,0,1,-1.6644900755106127,0.09355983631189446,1,4,1,0,0,0,0.06321349370638035,5
-0.4612777207409779,-1.0592219878345592,1,1,0.48256773166395106,-1.0918342062805542,0,3,1,0,1,0,1.5572656392350133,2
-0.4612777207409779,0.9440891630699332,1,3,0.8073574604913746,1.5160326874228327,1,0,0,0,0,0,-1.9643984532427239,5
-1.3530813141735345,0.9440891630699332,0,3,-1.6207590044012263,1.278953878904343,0,0,1,1,1,0,-1.7596057825018034,5
-1.3530813141735345,-1.0592219878345592,3,2,-0.14812565156057886,-1.0918342062805542,1,3,0,0,0,0,0.9605622663730934,3
-1.3530813141735345,-1.0592219878345592,0,2,1.6858819843119144,-1.6845312275767783,0,3,0,1,1,1,2.246163029756982,1
0.4305258726915787,0.9440891630699332,1,1,0.5593718837329938,0.6862568576081187,1,1,0,0,0,0,-0.39077264260803496,5
0.4305258726915787,-1.0592219878345592,3,3,-0.622961162882335,1.1604144746450982,1,0,0,0,0,0,-1.1903631487242088,5
-1.3530813141735345,0.9440891630699332,1,0,0.7879175966222597,-1.3289130147990438,1,1,0,0,0,0,1.257781542989036,2
-1.3530813141735345,-1.0592219878345592,0,2,-1.5525730831281797,-1.4474524190582887,1,1,0,1,0,0,1.296850447959023,2
-1.3530813141735345,0.9440891630699332,1,2,1.720870278569379,0.8047962618673636,0,3,0,1,0,0,-0.4058383755798974,5
0.4305258726915787,0.9440891630699332,2,3,0.464931324071426,-1.5659918233175336,0,4,0,0,0,0,1.5954767896129387,2
1.3223294661241354,-1.0592219878345592,1,1,0.16524078333581774,-1.2103736105397989,1,3,0,0,0,0,1.3982573818440656,2
0.4305258726915787,0.9440891630699332,1,2,0.6020585991583882,-0.2620583764658401,0,1,1,0,0,0,0.05825497137367166,5
-0.4612777207409779,-1.0592219878345592,0,1,-0.12116526978957266,-0.8547553977620644,0,1,1,0,0,0,0.7524529647348842,3
-0.4612777207409779,-1.0592219878345592,0,3,0.02930613196497053,-0.7362159935028195,0,1,0,1,0,0,0.5032339208238532,4
1.3223294661241354,-1.0592219878345592,1,3,-0.45852217058091205,1.3974932831635878,0,1,0,0,0,0,-1.7464213418286252,5
0.4305258726915787,0.9440891630699332,1,4,-0.30961476892801937,-0.7362159935028195,0,1,0,0,0,0,0.2518290341694509,4
0.4305258726915787,-1.0592219878345592,0,1,-1.0388905055519537,0.5677174533488739,0,1,1,0,0,0,-0.9467345093615761,5
1.3223294661241354,0.9440891630699332,0,1,-1.5193590714675447,-1.4474524190582887,0,1,1,0,0,0,0.8574527038006234,3
0.4305258726915787,-1.0592219878345592,1,1,-0.8203393572809031,-0.7362159935028195,0,1,0,0,0,0,0.3872026446388523,4
1.3223294661241354,0.9440891630699332,0,2,1.0930804806075551,1.1604144746450982,1,3,0,0,1,0,-0.9031514244594071,5
-1.3530813141735345,-1.0592219878345592,1,2,1.6625931391571014,-0.024979567947350397,0,3,1,1,0,0,0.19874484000262596,4
-1.3530813141735345,-1.0592219878345592,0,1,-0.16115621979713482,0.6862568576081187,0,2,1,1,1,0,-0.15955157005417606,5
1.3223294661241354,-1.0592219878345592,1,2,1.3771980013914993,-1.4474524190582887,1,3,0,1,0,1,1.6575039779163607,2
0.4305258726915787,0.9440891630699332,0,3,-1.1831755295227848,0.6862568576081187,1,1,0,0,0,0,-0.8684369938475668,5
-0.4612777207409779,-1.0592219878345592,0,1,-0.1970030575175215,-1.2103736105397989,1,2,1,0,0,0,1.3968691521124381,2
-0.4612777207409779,0.9440891630699332,1,2,1.0443409716995873,1.6345720916820776,0,1,1,1,0,0,-1.216302332395326,3
1.3223294661241354,0.9440891630699332,1,3,-0.16539232651752936,1.0418750703858533,0,4,1,1,0,0,-0.6242130726786562,5
-1.3530813141735345,-1.0592219878345592,2,0,0.0221165759614827,-1.0918342062805542,0,3,0,0,0,0,1.1103755423900705,1
0.4305258726915787,-1.0592219878345592,1,3,-0.7428462664719453,-0.9732948020213092,0,2,0,0,0,0,0.12762904652961846,4
1.3223294661241354,0.9440891630699332,0,1,-1.6997947258723805,1.6345720916820776,0,3,1,1,0,0,-1.665802437144762,5
0.4305258726915787,-1.0592219878345592,1,3,-0.13714479457900705,-0.4991371849843298,0,4,1,0,0,1,0.5086422707130459,4
0.4305258726915787,0.9440891630699332,3,4,0.9710863718470201,-0.6176765892435747,0,1,1,0,0,0,0.5641637808491866,4
1.3223294661241354,0.9440891630699332,0,2,-0.40060705951455866,-1.6845312275767783,0,2,1,1,0,0,1.7096011706813206,1
-1.3530813141735345,-1.0592219878345592,2,2,0.41072682252882586,-0.8547553977620644,0,3,0,0,1,0,0.6060930534286871,4
0.4305258726915787,-1.0592219878345592,0,2,0.35931427231713203,0.3306386448303842,1,2,0,0,0,0,-0.24990063048224415,5
-0.4612777207409779,0.9440891630699332,1,0,0.480495802510803,1.3974932831635878,0,3,1,1,0,0,-1.1297829107074817,5
1.3223294661241354,0.9440891630699332,0,1,-0.1797024505985517,1.1604144746450982,0,3,1,1,0,0,-0.6164473886785593,5
1.3223294661241354,-1.0592219878345592,0,2,0.205740170341699,-0.2620583764658401,0,3,0,1,0,0,0.5725105536262669,4
0.4305258726915787,-1.0592219878345592,2,1,0.5018747708196746,1.0418750703858533,0,2,0,0,0,0,-1.2257611488776121,5
0.4305258726915787,0.9440891630699332,1,0,0.15320156672447707,-0.7362159935028195,0,2,0,0,0,0,0.5897183455410852,4
-1.3530813141735345,-1.0592219878345592,2,4,1.3666487060158934,-1.5659918233175336,0,2,0,0,0,1,1.5117113347116147,2
-0.4612777207409779,-1.0592219878345592,2,1,-0.4221552039807511,-1.4474524190582887,1,1,1,0,1,0,1.406572308637389,2
0.4305258726915787,0.9440891630699332,0,2,1.4576930304349087,-0.380597780725085,0,3,0,0,0,0,0.4401817288396966,4
-0.4612777207409779,0.9440891630699332,0,1,1.4035896790117957,1.1604144746450982,0,3,0,1,0,0,-0.5347174233391313,5
0.4305258726915787,-1.0592219878345592,2,3,0.3023866263171562,1.6345720916820776,0,1,0,0,0,0,-1.875479801126346,5
1.3223294661241354,-1.0592219878345592,0,1,0.7136422780771079,1.278953878904343,0,3,1,0,0,0,-0.8520428645138981,5
-0.4612777207409779,0.9440891630699332,3,3,-1.0636533751134498,1.6345720916820776,1,2,0,0,0,0,-1.9405274523555083,5
-1.3530813141735345,0.9440891630699332,1,3,0.7018126582252563,-0.7362159935028195,0,0,1,0,1,0,0.48118247748645254,4
-0.4612777207409779,0.9440891630699332,3,1,1.301946807718447,0.9233356661266084,0,1,1,0,0,0,-0.7136531425393098,5
-1.3530813141735345,0.9440891630699332,2,2,-0.7129266682781961,-0.7362159935028195,1,1,0,1,0,0,0.5944868062272869,4
0.4305258726915787,-1.0592219878345592,2,1,-0.9057304057092699,-0.2620583764658401,0,1,1,1,0,0,-0.17256624129421064,5
-1.3530813141735345,-1.0592219878345592,0,4,0.5964703547353382,-1.3289130147990438,0,3,0,0,0,1,1.2879012721035281,2
0.4305258726915787,-1.0592219878345592,1,2,0.37992182885144554,0.8047962618673636,0,4,0,1,0,0,-0.2005313719547874,5
-0.4612777207409779,-1.0592219878345592,0,2,0.31830322366404595,0.6862568576081187,0,3,0,0,0,0,-0.9706558547744111,5
-1.3530813141735345,0.9440891630699332,0,3,-0.30348674157635436,1.7531114959413225,1,2,0,0,1,0,-1.3113514266825834,5
1.3223294661241354,-1.0592219878345592,1,2,0.4161016522413372,-0.6176765892435747,0,3,0,0,0,0,0.9855221437215738,3
-0.4612777207409779,0.9440891630699332,3,2,0.5784332780692044,0.09355983631189446,1,2,1,0,1,0,0.33808104668788314,4
-1.3530813141735345,-1.0592219878345592,0,4,-0.841254166413619,-0.8547553977620644,0,2,0,0,0,0,0.6132982723347444,4
-1.3530813141735345,0.9440891630699332,0,2,-0.8611380965808993,0.5677174533488739,0,2,0,0,1,0,-0.8281012855566465,5
1.3223294661241354,0.9440891630699332,0,1,1.604578822735689,-1.4474524190582887,0,2,0,0,0,0,1.255478862994904,2
-0.4612777207409779,-1.0592219878345592,2,2,-0.9749580461648283,0.21209924057113932,0,2,1,0,0,1,-0.32883003351637863,5
-0.4612777207409779,-1.0592219878345592,2,2,-0.8436021760747192,0.8047962618673636,0,2,0,1,0,0,-1.2972763992036629,5
-0.4612777207409779,0.9440891630699332,0,2,1.6923928611219603,-1.5659918233175336,0,0,1,0,0,0,1.4862735778319716,2
1.3223294661241354,0.9440891630699332,0,1,-0.7648870886227385,-0.380597780725085,1,4,1,0,0,0,0.40738740553406905,4
-1.3530813141735345,0.9440891630699332,3,2,0.44499066375997504,-0.4991371849843298,0,2,0,0,0,1,0.25776790421328194,4
-0.4612777207409779,-1.0592219878345592,0,2,-1.220620205364348,-0.4991371849843298,0,1,1,1,1,1,0.464937427902853,4
-1.3530813141735345,0.9440891630699332,1,2,1.1898990126912408,0.21209924057113932,0,2,1,0,0,0,-0.38514127769149736,5
-0.4612777207409779,0.9440891630699332,0,1,1.1600784854444617,-0.024979567947350397,1,2,0,0,0,0,-0.014335112230096833,5
0.4305258726915787,0.9440891630699332,0,3,0.8459058608752426,0.9233356661266084,0,2,1,0,1,0,-0.6991071125211518,5
-0.4612777207409779,-1.0592219878345592,2,3,-0.8138261368983185,1.3974932831635878,0,0,0,0,0,0,-2.1065743494798346,5
-0.4612777207409779,0.9440891630699332,1,1,1.3628439522685172,-0.4991371849843298,1,2,1,0,0,0,0.9671164748295791,3
0.4305258726915787,-1.0592219878345592,2,1,-0.26452625184580314,-1.6845312275767783,0,3,0,0,0,0,1.2600078560041383,2
0.4305258726915787,0.9440891630699332,1,2,0.2113532754583907,0.3306386448303842,0,3,0,1,1,1,-0.19568401519277648,5
1.3223294661241354,0.9440891630699332,0,2,-0.2652537341553051,-0.024979567947350397,0,0,0,1,0,0,-0.32209615355803506,5
-0.4612777207409779,0.9440891630699332,0,2,-1.3724548301767907,0.44917804908962905,1,3,1,0,0,0,-0.23391012989762525,5
1.3223294661241354,0.9440891630699332,2,3,-1.076676511233399,-0.7362159935028195,1,3,0,1,0,0,0.6451985539412338,3
-1.3530813141735345,-1.0592219878345592,0,2,-0.44623220699413063,-1.2103736105397989,0,2,1,0,0,0,0.6723472047113893,3
-1.3530813141735345,0.9440891630699332,2,2,1.5313730028352657,-0.380597780725085,0,2,0,1,0,1,0.39835213308971956,4
-0.4612777207409779,-1.0592219878345592,3,0,0.4249460812182691,-0.9732948020213092,1,3,1,1,0,0,1.7248481366284156,1
-0.4612777207409779,-1.0592219878345592,2,3,-1.654095127243786,-0.380597780725085,0,2,1,1,0,0,0.06932844565728939,5
-0.4612777207409779,-1.0592219878345592,3,2,-0.5904606640957107,0.9233356661266084,0,1,0,0,0,0,-1.3329220918484157,5
0.4305258726915787,-1.0592219878345592,0,1,-1.0090823322108646,-1.2103736105397989,0,3,1,1,0,0,1.3239478765949828,2
1.3223294661241354,-1.0592219878345592,1,0,0.176439700026963,-0.7362159935028195,1,2,1,0,1,0,1.2177462579665344,2
1.3223294661241354,-1.0592219878345592,2,0,-1.587627334411374,1.5160326874228327,0,0,0,1,1,0,-1.653965283040353,5
-1.3530813141735345,-1.0592219878345592,3,1,0.459057801456314,-1.6845312275767783,0,1,0,0,0,0,0.9727984715898349,3
-1.3530813141735345,0.9440891630699332,2,3,0.152066533689321,-0.8547553977620644,0,2,0,0,0,0,0.4285896708180476,4
1.3223294661241354,0.9440891630699332,1,1,-0.3415804447430548,0.44917804908962905,0,1,0,0,0,0,-0.762836396019901,5
1.3223294661241354,0.9440891630699332,0,1,-1.2049910318712034,1.3974932831635878,0,3,0,1,0,0,-1.4326063619138656,5
0.4305258726915787,-1.0592219878345592,2,1,-0.7504489389200674,0.21209924057113932,1,2,1,1,0,0,-0.10796840751207583,5
-1.3530813141735345,0.9440891630699332,2,1,1.336463493382358,1.5160326874228327,0,2,1,0,0,0,-1.6124141272156007,5
1.3223294661241354,-1.0592219878345592,2,3,0.9453913661199498,0.44917804908962905,0,2,0,0,0,0,-0.567277006012332,5
-1.3530813141735345,0.9440891630699332,0,2,-1.377373318761466,-0.14351897220659526,1,1,1,1,1,0,-0.2704728136175757,5
1.3223294661241354,0.9440891630699332,0,4,1.161122617393157,0.9233356661266084,0,1,0,0,1,0,-0.7775754397582684,5
1.3223294661241354,0.9440891630699332,1,2,-1.06707389430472,0.09355983631189446,1,2,0,1,1,0,-0.014903499093492206,5
-0.4612777207409779,-1.0592219878345592,0,3,0.016641202002329387,1.6345720916820776,0,3,1,0,0,0,-1.299655671612029,5
0.4305258726915787,0.9440891630699332,1,1,-1.6747910264484247,-0.2620583764658401,0,1,0,0,0,0,-0.5513624145491832,5
1.3223294661241354,-1.0592219878345592,1,4,1.577973134650613,0.21209924057113932,0,4,1,1,0,0,0.4463341347965522,4
1.3223294661241354,0.9440891630699332,3,3,0.6141714103252343,-0.4991371849843298,0,3,0,1,0,0,0.7707963934658143,3
-1.3530813141735345,-1.0592219878345592,0,1,0.9142252940926312,1.278953878904343,1,2,1,0,0,0,-1.1323773362424674,5
-0.4612777207409779,-1.0592219878345592,0,2,-0.22234802826860367,-0.380597780725085,0,3,0,0,1,0,0.36512780093015007,4
0.4305258726915787,-1.0592219878345592,1,2,-1.2918136932028474,-1.6845312275767783,1,0,1,0,1,0,1.7682234032570754,1
1.3223294661241354,-1.0592219878345592,2,2,-1.025607331026918,-1.0918342062805542,0,0,0,0,0,0,0.20368794464403514,4
0.4305258726915787,-1.0592219878345592,0,4,0.5297213855385577,-0.6176765892435747,0,2,1,0,1,1,0.7184732859996198,3
1.3223294661241354,0.9440891630699332,0,1,1.7032107483500547,1.0418750703858533,0,2,0,0,1,1,-0.668615669735419,5
1.3223294661241354,0.9440891630699332,0,2,0.49770111379525905,-0.6176765892435747,1,3,0,0,1,0,0.7544924670534521,3
1.3223294661241354,0.9440891630699332,1,2,0.9530700099389378,0.21209924057113932,0,2,0,1,0,0,-0.015852070534432838,5
-0.4612777207409779,-1.0592219878345592,0,2,1.2844520913550006,1.3974932831635878,0,3,0,0,1,0,-1.0595786310245698,5
1.3223294661241354,-1.0592219878345592,2,2,-0.42989522122315305,-1.5659918233175336,0,1,0,0,0,0,0.5285150585736917,4
0.4305258726915787,0.9440891630699332,0,1,-0.182692885090295,0.9233356661266084,0,0,0,1,1,0,-0.7548575200369354,5
1.3223294661241354,0.9440891630699332,2,0,-0.21075268161773544,-0.14351897220659526,0,4,0,0,0,0,0.1609809129040421,4
-1.3530813141735345,0.9440891630699332,1,2,-1.1374156305511962,1.0418750703858533,0,2,1,0,0,1,-1.101982626833885,5
-0.4612777207409779,0.9440891630699332,0,2,0.6093142950446355,1.6345720916820776,1,4,0,0,0,1,-0.8153677461482706,5
-0.4612777207409779,0.9440891630699332,3,3,1.6001041987942928,-0.8547553977620644,0,4,0,1,1,0,1.5042476805232536,2
0.4305258726915787,-1.0592219878345592,3,1,-0.8202592348700626,0.3306386448303842,0,2,1,0,0,0,-0.45044929169130926,5
1.3223294661241354,-1.0592219878345592,0,1,-0.2149142435854992,0.3306386448303842,0,4,0,0,0,0,-0.29289504538667177,5
-1.3530813141735345,0.9440891630699332,3,1,1.5838365920023063,-1.3289130147990438,0,0,1,0,0,0,0.8450391386110878,3
0.4305258726915787,0.9440891630699332,0,1,1.5823233787576814,1.6345720916820776,0,0,0,1,1,1,-1.559144816534015,5
0.4305258726915787,0.9440891630699332,2,2,-1.5639492396312678,-0.9732948020213092,0,1,0,0,0,0,0.252804013277875,4
0.4305258726915787,0.9440891630699332,0,3,1.0969291973660644,1.7531114959413225,0,2,0,1,1,0,-1.7116102212417448,5
-0.4612777207409779,-1.0592219878345592,1,1,-1.3347066522902735,-0.6176765892435747,0,1,1,1,0,1,0.6849964411207894,3
-1.3530813141735345,0.9440891630699332,0,1,1.2412311880210238,1.3974932831635878,1,3,1,1,0,0,-0.5613775007915479,5
1.3223294661241354,-1.0592219878345592,0,1,-1.3634961514825121,0.21209924057113932,0,3,0,0,0,1,-0.8493530144826047,5
-1.3530813141735345,-1.0592219878345592,2,3,1.5294675730565244,-0.024979567947350397,1,3,0,0,1,0,1.0084216964443717,3
0.4305258726915787,-1.0592219878345592,1,2,1.6123586716327236,-0.2620583764658401,0,1,1,1,0,0,0.5907072967661072,4
1.3223294661241354,0.9440891630699332,1,1,-0.37169945136393834,1.3974932831635878,0,0,0,0,0,0,-1.9811808490100138,5
-0.4612777207409779,-1.0592219878345592,0,2,-1.4369125470582174,-0.380597780725085,1,1,0,1,0,0,0.0950773039941095,4
0.4305258726915787,0.9440891630699332,0,1,-0.32291009589061925,-1.0918342062805542,1,0,0,0,0,0,0.7058035534414324,3
0.4305258726915787,0.9440891630699332,2,1,0.2888453202128909,0.09355983631189446,0,0,0,0,0,1,-0.3961809591296123,5
-1.3530813141735345,-1.0592219878345592,3,3,0.05713060599484556,-1.2103736105397989,0,3,1,1,0,1,1.2201376553368288,2
0.4305258726915787,-1.0592219878345592,0,2,-1.3737918730951058,-1.4474524190582887,0,4,0,0,0,0,1.1563290648212656,3
-1.3530813141735345,-1.0592219878345592,0,2,-1.6901260710694226,1.7531114959413225,1,1,1,0,0,0,-1.9695359491792748,5
1.3223294661241354,0.9440891630699332,1,3,1.4459580639557676,0.44917804908962905,1,1,1,1,0,0,0.2131488045651933,4
-0.4612777207409779,-1.0592219878345592,1,2,0.9352219555998752,-0.9732948020213092,1,4,1,1,0,0,1.7447262815785982,1
1.3223294661241354,0.9440891630699332,0,2,-0.19845195180770253,-1.6845312275767783,1,4,1,0,0,0,2.246163029756982,1
-1.3530813141735345,-1.0592219878345592,3,3,-1.4401998230055084,0.21209924057113932,1,2,0,0,0,0,-0.7312281979127347,5
-1.3530813141735345,-1.0592219878345592,0,0,-1.6977146890139427,-0.6176765892435747,0,1,0,0,0,0,-0.19552005509972187,5
1.3223294661241354,-1.0592219878345592,0,1,1.5633053890644628,0.09355983631189446,0,1,1,1,0,0,0.2127874901401186,4
-0.4612777207409779,0.9440891630699332,3,1,0.8352249781384452,1.278953878904343,0,2,1,0,0,0,-0.9623142044354704,5
-0.4612777207409779,0.9440891630699332,0,2,0.3441655020717695,0.5677174533488739,1,2,0,1,0,0,-0.07830774314632001,5
-1.3530813141735345,-1.0592219878345592,0,1,-1.7036361485517557,-0.14351897220659526,0,3,0,1,0,0,-0.062193340725492166,5
-1.3530813141735345,-1.0592219878345592,0,1,0.41970176764641254,-1.6845312275767783,0,1,1,0,0,0,1.521399613159825,2
1.3223294661241354,-1.0592219878345592,0,2,-0.49367879607372367,-1.5659918233175336,0,4,0,1,0,0,1.5769210488125378,2
1.3223294661241354,-1.0592219878345592,1,2,-0.8102659521019843,1.5160326874228327,0,2,0,0,0,0,-2.093447048916461,5
-1.3530813141735345,0.9440891630699332,0,1,-1.1362017676841836,1.0418750703858533,0,1,1,0,0,0,-1.529446871425983,5
-0.4612777207409779,-1.0592219878345592,0,4,-0.15298759563942665,-0.14351897220659526,0,1,1,1,1,0,0.39647298207483866,4
-1.3530813141735345,-1.0592219878345592,0,0,0.5123851004080132,1.278953878904343,1,1,0,0,0,0,-1.1271630700743618,5
-0.4612777207409779,0.9440891630699332,0,3,1.5314927434845764,1.5160326874228327,0,2,0,1,0,0,-1.027212577638442,5
-0.4612777207409779,0.9440891630699332,0,1,-1.5298058290263306,-1.3289130147990438,1,2,1,0,0,0,1.548304173242127,2
1.3223294661241354,0.9440891630699332,3,2,-0.9250093444942638,0.09355983631189446,0,1,1,0,1,0,-0.19621882665636797,5
-0.4612777207409779,0.9440891630699332,0,2,-0.25666912241188033,0.21209924057113932,1,2,0,0,0,1,-0.2929626866332925,5
-0.4612777207409779,-1.0592219878345592,3,1,-1.7736338962641767,-1.3289130147990438,0,4,1,0,0,0,1.086796526402641,3
-1.3530813141735345,-1.0592219878345592,1,4,-1.5356397304457001,0.9233356661266084,0,1,1,1,0,1,-1.010526980235317,5
-0.4612777207409779,0.9440891630699332,0,1,-0.5833238255143862,-0.024979567947350397,0,3,0,0,0,0,0.004510812060869398,5
-1.3530813141735345,0.9440891630699332,0,0,0.5862047208429436,0.09355983631189446,0,2,0,0,0,0,-0.5271389525782089,5
1.3223294661241354,0.9440891630699332,2,1,-1.1054113487846056,-0.8547553977620644,0,2,1,1,0,1,0.6412168432744815,3
-0.4612777207409779,-1.0592219878345592,1,2,1.2625761029657192,-0.9732948020213092,0,3,0,1,0,0,1.138159446672131,3
-1.3530813141735345,-1.0592219878345592,3,0,-0.9522168466423993,-0.9732948020213092,1,2,0,0,1,0,0.7354241599154391,3
0.4305258726915787,0.9440891630699332,1,2,-0.9512302034379742,1.278953878904343,0,4,1,0,1,0,-1.1925250463391095,5
-1.3530813141735345,0.9440891630699332,0,2,1.5759445325761996,-0.6176765892435747,0,3,1,1,0,1,0.9100503217761581,3
0.4305258726915787,0.9440891630699332,2,0,1.4141454986902868,-0.2620583764658401,0,2,0,1,0,1,0.38374171021850345,4
0.4305258726915787,0.9440891630699332,1,2,0.6712697733468755,0.3306386448303842,0,2,0,0,0,0,-0.48367566432853054,5
-1.3530813141735345,-1.0592219878345592,3,0,-1.513647289259472,-0.2620583764658401,0,3,0,0,0,0,-0.3692065658370284,5
1.3223294661241354,-1.0592219878345592,1,4,0.5740200154461683,1.1604144746450982,1,2,0,1,1,0,-0.4104951897641247,5
1.3223294661241354,-1.0592219878345592,3,1,0.9929571979196103,0.9233356661266084,0,2,0,0,0,0,-0.9985146986187624,5
-0.4612777207409779,0.9440891630699332,0,1,0.8639603148212401,-1.0918342062805542,1,3,0,0,0,1,1.397036988615998,2
0.4305258726915787,0.9440891630699332,0,2,1.5417416920686975,0.44917804908962905,0,3,0,0,0,0,-0.12507759414013417,5
0.4305258726915787,0.9440891630699332,0,2,1.024060005981813,-0.380597780725085,0,3,1,0,0,0,0.5662499309842205,4
-1.3530813141735345,-1.0592219878345592,1,0,0.56209292895167,-0.024979567947350397,0,3,0,0,0,0,0.2079817499815649,4
0.4305258726915787,0.9440891630699332,0,2,-0.8640846895793712,-0.2620583764658401,0,3,1,1,0,0,0.44286394955085434,4
-0.4612777207409779,0.9440891630699332,0,3,-1.3133823857182674,0.5677174533488739,0,3,0,0,0,1,-1.3555624601943763,5
-0.4612777207409779,-1.0592219878345592,0,1,-1.0715326051585528,-1.3289130147990438,0,1,0,0,1,1,0.4769178067935633,4
0.4305258726915787,0.9440891630699332,1,2,1.6455662340350201,-0.7362159935028195,0,4,0,0,0,0,0.8501280190099558,3
-1.3530813141735345,0.9440891630699332,1,1,-1.0653184989488977,-0.9732948020213092,0,1,0,0,1,0,-0.037645882761790775,5
-1.3530813141735345,0.9440891630699332,0,1,0.06804026270629125,0.09355983631189446,1,2,1,0,1,0,0.27670889541333943,4
-0.4612777207409779,-1.0592219878345592,0,2,0.846746093133878,-0.14351897220659526,1,4,1,0,0,0,1.011808049718994,3
-1.3530813141735345,0.9440891630699332,0,2,1.2833867921646294,1.7531114959413225,0,1,0,1,0,0,-1.3418415723395165,5
-1.3530813141735345,-1.0592219878345592,1,2,-0.4802774794318179,0.6862568576081187,0,2,0,0,0,0,-0.9937516245460298,5
-0.4612777207409779,0.9440891630699332,0,2,-0.1785811327246233,-0.6176765892435747,0,2,1,1,0,0,1.1573357278830523,3
1.3223294661241354,0.9440891630699332,2,2,-0.3869475884255786,-0.8547553977620644,0,2,0,0,1,0,0.5582155788782992,4
0.4305258726915787,-1.0592219878345592,0,0,-0.09038272401719892,-0.8547553977620644,0,1,0,1,0,0,0.45398288861289304,4
