X00,X01,X02,X03,X04,X05,X06,X07,X08,X09,X10,X11,X12,X13,X14,X15,X16,X17,X18,X19,X20,target
-0.6904252363100031,-0.39186894387098553,-0.6171825918146165,-0.8270657534824288,0.1606875033880546,-0.3876641452434389,-0.2143835213658261,1.2861337490203713,2.108944818129932,2.212577941876445,1.892382087705116,2.0759791773242737,1.1425605038696247,-0.06883520320372284,-0.6982986051109111,-0.4805136936477893,-1.0640166430826432,-0.8544030375301406,-0.28260247571618125,0.8972320405232889,0.36775502302937496,3
-0.2115142346893581,-0.11171031172531246,0.8341182923658842,-0.7295228152620036,0.47916405541761264,0.5118095872288547,0.6608366746325319,0.7803661832662823,0.1839838280708467,-1.0251171330394624,-0.6516069210579145,0.06649486426566166,0.6320717844091279,-0.16016776550329662,0.060400401867131075,0.6156747990592376,-0.0610969808915666,0.4092701398293702,1.3432691088015913,-2.397100489505798,-0.12700877813391834,1
-1.169336237930648,-1.3824298218146154,0.4334524040951938,-0.9385433971629148,0.5032000216085227,0.3966330727049635,0.6453916123502078,-0.6032278471874326,-0.13908654788312558,-1.7597748508416662,-0.5858141018657671,-1.1777678682783705,1.0291185662117364,0.21087076883872174,0.9523843695305049,0.4081439679156744,1.3931365292854943,1.0448016793201182,0.09259865917253558,-0.7036655091818573,-2.294074227229143,1
-0.14309837731498024,0.7187599192779326,-0.1007687802657267,0.3991883270029167,0.8697485060199008,0.040134337273871536,1.5309085165367817,0.3559865016565294,1.6916455825227175,-0.3749775597631758,0.6313530531889587,-1.2213170639174118,0.1669598400117862,-1.0906182439302037,-0.48299213015768283,-0.8263984122203948,-0.0172192456707071,-0.5070776612968247,-1.4415570923724397,-1.5735173569985264,2.703040164520119,2
-2.0196476081550587,0.2685049747581009,2.071730702802017,0.25287391967227885,0.43710111458352013,0.4843866075803093,-0.8527794290352166,-0.318370252682256,-0.5631164163227141,-0.4985040786856702,-0.24040180110699366,-1.0533415950239673,-0.3718893638631825,0.5990341586119098,1.224080635542912,0.8764186638293558,1.1424066137377253,1.3403977441995363,-0.9663023215133985,-0.4167994742635942,0.5161841633783629,1
1.371824178831958,-0.5619652562451442,0.08620863426059545,-0.38115517876048505,-0.34406778662105647,-1.5942752497794426,-0.5387298292946293,-0.3241836729782799,-0.5227326193284676,0.7432625062720372,0.8287315107654005,0.7881672491412002,0.7965625940130656,0.9472395523790348,0.670435414234611,0.3283244174758424,0.6033372953100217,-0.16714218668549433,-0.6911548225950062,0.2587237692536062,-1.5222426974144052,3
-0.7295200119525047,1.929445436764591,1.1991694350125135,0.5664047925236456,-0.10971711625968356,1.6361517528192218,1.6132821820425094,0.4083072843207454,0.1301387654118513,0.05411455859917342,-1.4466034862963617,-0.7360545982252391,-0.1506775854303005,0.1880376282638283,-0.3138227569801465,-1.2627452879581433,-1.2395275839660818,-0.67704539860249,0.826325322954915,0.3605149429342803,0.9812621364718587,2
-1.2377520953050258,-0.261795293231923,0.49577820893730123,-0.6459145825016392,0.5452629624426152,0.012711357625325848,-0.11141643948366625,-1.7135911237280188,-0.11889464938600214,-0.1669328963147642,-0.3390910298952145,-0.922694008106844,0.85328356284201,0.13095477682659468,1.0446585730818887,0.9296316974559106,1.7441584110523713,1.7246726285427794,0.11761206816511663,-1.6197860723079238,0.22922115870365284,1
2.183040773413867,-1.1522995168378123,-0.474723609318371,0.32254744697258264,-0.338058795073329,0.4459944360723454,-0.610806786612141,0.22227783484797717,0.6820506576665541,1.666460700324364,1.1083509923320272,0.6326344075731962,1.0291185662117364,-0.5825808661388249,0.37823376965522987,0.5252126418940947,-0.6753852739836012,0.5792378771350354,1.3182556998090105,1.0082769572658423,-1.3738135570654173,3
-0.5144987459187457,-0.11171031172531246,-0.394590431664233,0.3364821524326434,0.833694556733536,0.6928012529092553,0.6453916123502078,0.8617540674106182,0.24455952356221672,1.4389118496776634,0.9603171491496952,0.7632819944903201,-0.43428242957502106,-0.35995774553361404,-1.221185758568751,-0.6454740978901089,0.21470592621097945,-1.1352192991655874,-1.316490047409534,-0.7962029398006519,-1.7993104260658495,2
1.2447661579938276,-1.242350505741779,1.3327247311027435,2.196765331350753,0.19073246112669204,1.2028686743722021,0.43945744858588837,0.3908670234326735,0.11667749974710243,-0.4009831426942273,-0.300711885366462,-1.0097923993849263,-0.598773239178959,-2.106692999512961,-1.057142730032958,-0.1133437616245618,-0.45599659787930313,-1.8224801500102337,-0.5410743686395194,0.8972320405232889,0.5953463715644899,1
0.9320079528538145,0.9088675625196394,-0.38568674525821767,-0.31148165146018125,-0.7166252625801622,0.20467221516514467,-0.18349339680117815,0.5245756902412257,-0.8659948937795632,0.8277806507979544,1.0644891128705956,0.8628230130938422,1.0688232443919974,-0.5882891512825482,0.6806881035180979,-0.6454740978901089,-0.3619728795488897,0.4757792544272393,-0.13252202176069447,0.8972320405232889,-1.3045466249025564,3
-1.0618256049137684,-0.521942594510048,-0.9199079296191381,-0.081559011369179,-0.12774409090286612,-1.051300252738241,-0.636548557082681,-1.2601443406381458,-0.8121498311205678,0.7237583190737484,-0.004644199001798941,2.4119301151111627,0.6547601719407056,1.5294846370388169,1.1215537427080413,0.9828447310824653,0.7663117404160715,-0.10063307208762534,1.4099715327818076,0.6011122625431461,0.3281739189363115,3
-1.8046263421212994,0.3585559636620673,0.38893397206511704,0.15533098145185373,-1.2394075272324556,-0.1463419243362382,-0.32764731143620174,-0.5392802239311684,0.3118658518859607,-0.06941196032332099,0.7410077518425378,1.2858723421588136,0.8362672721933266,1.015738974103715,-1.4313658888802356,-0.028202907822074196,-0.1300477076672032,0.6309671884889336,1.0597838068856722,0.8694708113376505,-1.245174968762961,3
-2.8308642027369677,-0.531948259943822,-1.1335964033635064,-0.3463184151103331,-0.31402282888241895,-0.6673785376586034,-0.39457591465960573,-0.06257975965719953,-0.30062173586011154,-0.7780640951944734,-0.8928472580957881,-0.8044890485151609,-0.05425193842109557,0.7759909980673338,0.22956977504466755,0.5092487318061284,0.2961931487640044,-0.6548756937365336,1.3516069117991185,1.915143777330029,0.9416810323787952,1
-0.43630919463374246,0.7687882464468028,0.2909934215989484,1.7438874038987784,1.2423059819790068,1.8884431655858407,1.500018391972134,2.0941991701677085,0.46667040703057244,0.5547220300219141,-0.5364694874716567,-1.1777678682783705,-1.5857180968025861,-1.8954864491951968,-0.980247560406805,-1.7097347704212031,-0.863432710644428,-1.127829397543602,-0.674479216599952,0.19394756782045003,0.4766030592852995,1
1.2838609336363294,1.5292188194136296,-0.0651540346416653,1.2910094764468043,1.8432051367517581,0.4843866075803093,0.6659850287266398,-0.09164686113731949,-0.065049586727007,-0.8300752610565764,-1.3259833177774247,-0.8729234988050826,-0.8710338895578906,-0.19441747636563653,0.060400401867131075,0.19529183340945566,-0.12377945977850895,0.9413430566123223,-1.9501630752215893,0.6103660056050256,-0.20617098632004524,1
-1.2768468709475276,-1.292378832910649,-1.35618856351389,-0.6180451715815177,1.3925307706721946,-0.45896389232965734,-1.1565323205875877,-1.2601443406381458,-0.6977290729702026,-0.004398002995692569,0.5765257038621691,1.186331323555291,-0.4853313015210708,0.8273655643608443,0.942131680247018,0.844490843653423,0.7725799883047659,0.4314398446953266,0.2760303251181304,0.3420074568105214,-0.2556473664363746,3
-0.8761254206118858,2.379700381284423,0.1485344391027029,-0.6528819352316696,-0.10370812471195603,-2.2414575694851178,-1.1307905501170479,-1.4171066886307944,-2.2188520930868223,-2.292889300928221,-1.4794998958924352,-0.20102162323130512,1.5509514794380221,1.0728218255409485,1.9571479193122363,1.5628667976119115,1.524769734948073,1.6433837107009392,0.7012582779920093,1.248874276874708,-1.4727663172980758,1
-0.43630919463374246,-2.393002030625793,-1.1068853441454605,-0.7434575207220644,-0.8608410597256225,-0.6344709620803487,-1.3058345893167194,-0.7369365139959848,-0.01793515690038585,-1.1941534220912968,-0.2020226565782409,0.8192738174548014,2.0330797144840473,1.2497786649963722,0.02451598937492646,0.46667830490488454,1.606256957501098,-0.529247366162781,1.0764594128807263,1.489471596483574,-0.49313399099475536,3
-0.46563027636561866,1.038941213158702,1.866945915463664,1.8762671057693556,1.4706476607926522,1.948773720812641,0.8667708383968517,2.245348097864333,0.39936407870682844,-0.6675403677375049,0.028252210594274758,-0.05171009532602138,-2.1302393975604494,-1.227617087379564,-1.4108605103132617,-0.7678640752311847,-1.9541078432772239,-1.0539303813237475,-0.07415740077800526,0.7954408668426147,-1.1956985886466318,2
0.8147236259263096,0.9388845588209613,0.2375713031628563,2.350047091411421,1.5067016100790172,0.5502017587368184,0.4291607403976724,1.5244839811573558,0.4397478757010747,0.41819271963389393,-0.17460898191484628,-0.2818987008466674,-0.13366129478161737,-0.5369145849890381,-0.9494894925563439,0.01436751907916949,0.27112015720922744,-1.0908798894336746,-0.31595368770628934,-0.7684417106150137,-0.5920867512274139,2
-0.34834594943811376,-0.6520162451491106,0.0594975750425495,-0.27664488781002944,-0.7887331611528924,-1.1884151509809688,-1.2028675074345598,-1.347345645078506,1.2608850812507548,0.5872290086857282,1.2289711608509637,1.0805689912890482,0.47325307168808434,0.23941219455733842,1.0036478159479405,-0.11866506498721728,0.5469230643117735,-0.8691828407741116,0.42611077907361716,1.3043967352459849,0.4766030592852995,3
0.8538184015688112,0.42859562169848553,-0.6171825918146165,-2.032417775777683,-0.84281408508244,-0.5796250027832577,-0.8012958880941367,-1.0915551520534497,-2.2121214602544477,-0.6610389720047418,-1.501430835623151,0.7508393671648795,-0.2414311355566111,0.9814892632413746,2.0340430889383896,2.3184918751089887,1.9196693519358095,1.9463696772023427,1.8685506976457946,0.48081360273871326,-1.3639182810421515,3
1.7529982413463487,1.038941213158702,-0.7329305150928159,0.7127191998542834,0.22678641041305717,0.23757979074339935,1.2014138545138706,0.21065099425592912,-1.2900247622191519,0.8212792550651916,-0.393918379222004,-0.38143971945018984,-1.1489666368197167,-0.3656660306773374,-0.6162770908430145,-0.41665805329592354,-0.42465535843583196,0.42404994307334115,-0.32429149070381635,0.6011122625431461,-1.5222426974144052,1
1.2056713823513259,-0.4018746093047596,1.733390619373434,1.5557688801879583,1.9393490015153982,1.7184206917648586,1.1293368971963589,1.0245298356992907,1.334922042406873,-0.11492173045266124,-0.46519393334683024,-0.25701344619578675,-1.6084064843341639,-1.2047839468046706,-1.318586306761878,-0.9913588164627144,-0.5813615556531877,-0.7657242180663152,1.3766203207916996,0.24947002619172684,1.0802148967045173,1
2.183040773413867,-0.4018746093047596,-0.1185761530777574,0.1344289232617626,0.9478653961403587,0.5831093343150731,1.2323039790785189,0.3211059798803853,0.9041615411349101,0.7367611105392745,-1.4740171609597563,-1.1279973589766092,-0.7575919519000024,-0.3485411752461673,-1.4518712674472096,-1.1563192207050341,-0.3180951443280301,-0.32233012074718864,-0.8078840645603846,0.7029034362238202,-1.2154891406931636,2
-0.3092511737956121,-2.4630416886622113,-0.9822337344612455,-0.8270657534824288,-1.4977941637847387,-1.3584376248019512,-1.7382963332217904,-0.6264815283715286,-0.6304227446464584,-1.29167435808274,0.3188371620262587,1.2920936558215337,0.45623678103940124,1.443860359882967,0.22444343040292414,0.6050321923339267,0.7287022530839061,0.8083248274165842,2.026968954598809,0.055141421892258145,0.5062888873550971,3
0.10124397045065496,0.7687882464468028,0.26428236238090236,1.5418341747278976,0.695487751135803,0.5447171628071095,1.4691282674074861,1.3384545316845873,0.9243534396320335,-0.1019189389871355,-0.2129881264435988,-0.40010366043835044,-1.5233250310907478,-0.554039440420208,-0.8520889443632168,-0.6720806147033861,-0.07990172455764931,-1.2017284137634565,-0.7161682315875872,-1.0738152316570357,0.12037312244772831,2
-0.426535500723117,0.028369004347524027,-0.5103383549424324,-0.9873148662731275,-1.0110658484188104,-0.7331936888151127,0.6350949041619921,-0.22535552794587174,1.1330030574356404,2.102054214419476,1.4756942328215163,2.6732252889454093,-0.20172645737635034,0.2565370499885084,0.22956977504466755,-0.7465788617805628,-1.0013341641957012,-1.6377326094605977,-0.1992244457409108,-0.7129192522437369,0.3380691949595773,3
1.3131820153682054,0.9288788933871873,-1.284959072265767,-1.1057598626836438,0.11862456255396198,-1.1500229794730048,-0.3327956655303098,-1.800792428168379,-0.7313822371320747,-0.5375124530822475,0.9548344142170164,1.2983149694842537,0.9894138880314759,1.7578160427877514,1.0549112623653756,0.6476026192351705,0.6346785347534928,0.6161873852449626,0.9347167619227664,-0.3982919881398353,-1.1956985886466318,3
-0.19196684686810725,0.9388845588209613,-0.9377153024311689,0.5455027343335545,-0.10971711625968356,-0.9416083341440588,-0.7601090553412727,-1.829859529648499,-1.054452613086047,-1.187652026358534,-2.104531678217835,-0.8667021851423624,-0.1109729072500397,-0.006044066622765987,0.9011209231130698,1.8395745724699961,1.5686474701689328,0.0028255506201708787,0.4844754000563063,0.12917136638729382,1.3671779013792273,1
-1.0422782170925178,0.22848231302300484,-0.5281457277544631,-1.5098663210254053,-0.5183285415051544,-1.1116308079650412,-0.18349339680117815,0.030434965079184733,1.3281914095744987,0.021607579935358917,1.2454193656490007,1.2920936558215337,1.0631511475091031,0.20516248369499826,-0.688045915827424,0.3975013611903635,-0.14258420344459166,-0.5735867758946938,-0.3826561116865057,0.11991762332541436,-1.3045466249025564,3
-0.4069881129018662,-0.04167065368889424,0.15743812550871825,-0.3184490041902116,-0.9029040005597151,0.3637254971267088,0.7226169237618278,-0.08002002054527145,-1.296755395051526,-1.3436855239448426,-0.27329821070306737,-0.16991505491770442,-1.3531621246039154,0.20516248369499826,0.37310742501348626,0.33896702420115316,1.1236018700716428,0.5496782706470937,-0.015792779795315924,0.15693259557293224,-0.1369040541571842,1
0.19898090955690903,-2.052809405877476,0.0416902022305188,-1.0430536881133705,-0.7646971949619823,-1.402314392239624,-2.81430233889036,-1.4752408915910342,-0.7246516042997003,-1.0966324860998538,-0.4048838490873619,1.037019795650007,0.6887927532380721,1.289736661002436,1.7725995122094698,1.3127655395671045,1.2865763151776926,1.4438563669073323,0.2760303251181304,0.8232020960282531,1.3572826253559616,3
1.1665766067088243,-0.4919255982087259,-1.4452254275740433,-0.5971431133914266,-1.3295424004483685,-0.5796250027832577,-1.5992907726808747,-0.9636599055409212,-0.751574135629198,-1.5322260001949657,0.5984566435928849,0.5890852119341554,1.2106256664643578,0.8501987049357377,1.5316613140475235,-0.24637634569094857,0.6910927657517407,1.222159318247769,1.8018482736655788,-0.20396338384036666,-1.255070244786227,3
-0.14309837731498024,0.25849930932432685,0.9231551564260377,0.05778804323142842,-0.45823862602787924,-0.6070479824318032,-0.8321860126587847,0.20483757395990498,1.0522354634471474,0.24265503484929654,1.3386258595045426,1.4725117520404183,0.9780696942656868,0.2736619054196786,-0.35483351411409464,-0.7412575584179073,-1.2019180966339162,-0.728774709956388,-0.874586488540601,1.3784266797410207,-1.1462222085303024,3
1.5770717509550916,0.13843132411903844,1.3505321039147742,0.022951279581276532,0.5212269962517054,0.4130868604940907,0.9131060252438234,0.1990241536638811,1.3214607767421245,-0.09541754325437247,-0.9367091375572197,-1.1031121043257286,-0.5420522703500148,-0.9593276856245665,-0.513750198008144,0.42410787800364075,-0.5186790767662454,0.32798122198753044,0.13428767416017073,1.5727552840404893,-0.8394686518090606,1
0.15011244000378202,1.6893094663540142,1.5375095184410963,-1.670115433816104,-2.236900124155223,-1.2377765143483506,-1.6507743136219548,0.2920388784002654,-0.6371533774788328,0.8537862337290059,1.1796265464568534,1.7524708668628257,0.5072856529854508,0.26224533513223186,0.4910133517735876,-0.23041243560298216,-0.6816535218722953,0.5644580738910645,0.8930277469351312,0.49006734580059264,0.05110619028486726,3
-0.6024619911143745,-0.08169331542399037,0.0238828294184881,0.7405886107744049,0.587325903276708,1.548398217943876,0.9336994416202554,2.0011844454313246,0.1839838280708467,1.6989676789881782,-0.03754060859787264,-1.588374570017901,-0.8313292113776297,-0.5939974364262716,-0.3650862033975817,-0.46454978355982285,-1.6406954488425125,-0.6918252018464609,-1.5249351223477101,1.3969341658647796,0.7239849598669461,2
-1.1106940744668954,2.0695247528374274,0.26428236238090236,1.2074012436864399,1.6449084156767502,0.5995631221042006,1.35586447733711,0.8850077485947143,0.3387883832154584,-1.0511227159705139,-1.0408811012781196,-0.23212819154490608,-1.5403413217394308,-0.554039440420208,-0.9136050800641392,-0.07609463808597347,-0.863432710644428,-1.3125769380932382,-1.0330047454936149,0.554843547233749,-0.3150190225759698,1
-0.5633672154718727,-0.22177263149682688,-0.5815678461905552,0.46886185430322047,0.3589842244630624,-0.20118788363332932,0.2232265766333529,-0.027699237881055435,0.9983904007881519,-0.1929384792458157,1.4537632930908004,0.2966834697863077,0.21800871195783608,-1.03353539249297,-0.8110781872292687,0.1420787997829009,-1.5717447220668759,-0.7731141196883007,-0.29094027871370826,-1.323666294327781,0.8922046522624659,2
1.0786133615131959,-0.031664988255120194,-0.029539289017604,-0.011885484068875206,-0.806760135796075,-0.46444848825936647,-0.5902133702357092,-1.358972485670554,-2.070778170774585,-1.3631897111431315,-0.5145385477409409,-0.4498741697401118,1.3864606698340842,1.1241963918344586,1.6290618622406507,1.8076467522940631,0.9292861855221216,1.7394524317867504,0.01755843219479217,0.6196197486669051,0.2094306066571211,1
1.450013730116961,0.8788505662183173,0.6560445642455773,1.1795318327663182,0.4431101061312475,0.22112600295427212,0.5887597173150201,0.13507653040761702,0.4330172428687004,0.24915643058205927,-1.6933265582669141,-0.4498741697401118,-0.9334269552697291,-0.3485411752461673,0.15267460541851466,-0.13995027843783905,-0.0610969808915666,0.18018318954782162,1.3766203207916996,-0.037396008726536416,0.7734613399832755,1
-0.3874407250806154,-0.19175563519550476,0.5313929545613627,1.1446950691161666,1.2723509397176442,1.2412608458801662,1.4691282674074861,1.4779766187891636,0.6416668606723076,0.5937304044184913,0.36818177642036914,0.10382274624198266,-0.5023475921697539,-1.079201673642757,-1.0161319728990097,-1.2042109509689332,-0.6252392908740473,0.01760535386414178,-0.4743719446593031,1.646785228535525,-0.49313399099475536,2
0.4530969512331696,0.5786806032050962,1.0032883340801757,0.7545233162344657,0.26284035969942227,1.2248070580910386,1.2477490413608423,1.73376711181422,1.079157994776645,-0.030403585926744053,0.7739041614386112,-0.18235768224314475,0.37115532779598515,-0.37137431582106073,-1.503134713864645,-1.56073827626685,-0.47480134154538584,0.1062841733279671,0.13428767416017073,-0.18545589771660775,-0.1369040541571842,2
-0.5144987459187457,-0.14172730802663458,-0.3144572540100949,-0.38115517876048505,0.3710022075585174,0.46244822386147283,-1.2131642156227758,-1.29502486241429,-0.8996480579414353,0.5027108641598111,1.0370754382072007,-0.16369374125498412,1.6530492233301217,0.8559069900794609,0.43974990535615227,0.06225924934306877,-0.24287616966369927,0.6900864014648171,0.33439494610081966,0.7584258945950971,1.485921213658418,3
0.2967178486631631,0.1084143278177164,1.4573763407869584,-0.06762430590911823,-0.6865803048415247,-1.5065217149040968,-0.5490265374828452,-1.3938530074466982,-1.4919437471903845,-0.7910668866599991,-0.19653992164556208,-0.43743154241467147,1.1198721163380472,1.6493586250570074,1.1779435337672204,1.2435885958525834,0.7663117404160715,0.6753065982208463,0.9430545649202935,-0.4353069603873531,0.7833566160065414,1
0.7463077685519317,-1.3023844983444228,-1.204825894611629,0.19713509783203584,-1.5038031553324664,-2.4718105985329,-0.672587035741437,-1.887993732608739,-1.8217447559767312,-0.5830222232115874,-0.300711885366462,-0.8169316758406012,1.8799330986458977,1.061405255253502,1.6546935854493683,1.0467003714343308,1.0170416559638407,1.185209810137842,0.2927059311131845,0.314246227624883,0.10058257040119657,3
-1.2084310135731495,-0.4819199327749519,-0.48362729572438634,0.05082069050139805,-0.6925892963892523,-0.1573111161956564,-0.10111973129545027,0.7164185600100181,0.890700275470161,0.7757694849358514,1.486659702686874,0.8379377584429616,-0.34920097633160485,0.952947837522758,-1.318586306761878,-1.0498931534519247,-1.4839892516251567,-1.6007831013506704,-0.6244523986147897,-1.2959050651421429,-0.6118773032739457,2
0.2869441547525377,-1.9427470861059613,-1.4274180547620128,0.07869010142151957,-0.6144724062687945,-0.6838323254477308,-0.44605945560068555,-1.1089954129415216,-0.260237938865865,-0.03690498165950678,0.7739041614386112,0.48332287966791243,1.2786908290590906,-0.16587605064701985,1.0959220194993238,1.4936898538973904,-0.2804856569958647,0.904393548502395,-1.283138835419426,-0.18545589771660775,1.179167656937176,3
-0.9640886658075145,1.0289355477249276,1.172458375794467,-0.24877547688990792,-0.15178005709377604,-0.546717427205003,-0.7446639930589487,1.1175445604356748,1.3685752065687449,1.7249732619192297,1.3879704738986531,0.20336376484550533,-0.46264291398949314,-0.6396637175760584,-0.011368423117278382,-0.9860375131000589,-0.8571644627557337,0.2171326976577487,-0.9496267155183444,-0.2687395852735229,0.585451095541224,2
0.8147236259263096,-0.7220559031855288,0.8697330379899456,1.1516624218461968,2.053519840922221,1.6306671568895128,1.2065622086079784,1.5593645029334997,0.7022425561636773,0.5612234257546768,0.35173357162233243,-0.6427348932844367,-1.2340480900631328,-0.9878691113431831,-1.5236400924316191,-1.1988896476062778,-1.1517721135243624,-1.815090248388248,-0.7578572465752225,-2.063965739278138,-0.29522847052943807,2
1.2252187701725767,-1.052242862500072,0.3533192264410557,0.15533098145185373,0.3710022075585174,0.2650027703919448,-0.8424827208470006,-0.8008841372522488,0.39936407870682844,-1.3566883154103686,-0.9257436676918618,-0.6676201479353174,-0.45697081710659876,-0.9650359707682897,0.5422767981910227,0.5837469788833051,1.4182095208402712,0.8600541387704822,-0.14919762775574857,-1.7493384751742362,-0.27543791848290633,1
-0.37766703116999,-1.7826564391655768,-0.46581992291235574,-1.1754333899839475,-0.19985198947559618,0.001742165765907622,-0.16804833451885406,-0.3532507744584001,-0.5563857834903398,-2.1368558033419123,0.44494006547787474,0.47710156600519243,0.5356461373999231,1.2669035204275425,1.1830698784089637,1.8395745724699961,1.0859923827394773,1.5547048912371142,-0.3826561116865057,0.3790224290580392,-0.20617098632004524,1
-0.97386235971814,0.4586126179998077,0.8341182923658842,-1.3078130918545245,-0.4762656006710617,-1.3858606044504966,-1.2080158615286676,-1.783352167280307,-1.4986743800227589,-1.2786715666172142,-2.247082786467488,-0.6178496386335561,-0.2811358137368719,1.443860359882967,0.6396773463841497,1.5735094043372226,0.7976529798595429,0.6235772868669481,0.2009900981403871,1.7578301452780785,1.030738516588188,1
0.10124397045065496,-0.28180662409947105,-0.2966498811980642,-0.9733801608130667,-0.30801383733469145,-0.20118788363332932,0.08422101609243723,-0.03932607847310347,0.5137848368571936,0.8667890251945314,1.6621072205326004,1.7586921805255458,0.9610534036170035,0.4905767408811661,-1.2827018942696733,-0.3368385028560915,-0.8508962148670395,-1.3716961510691217,0.19265229514286006,-1.971428308659343,-0.03795129392452553,2
-0.5535935215612474,-0.10170464629153847,0.7985035467418228,1.1098583054660147,1.0740542186426365,0.33081792154845413,1.3816062478076505,1.0768506183635067,-0.8188804639529422,-0.08891614752160976,-0.9367091375572197,-0.6925054025861981,-1.3304737370723376,-1.6329053325839225,0.22444343040292414,-0.8423623223083613,-0.0172192456707071,-1.34213654458118,-0.9162755035282362,-1.0553077455332769,0.9020999282857317,1
1.2056713823513259,-0.251789627798149,-0.2966498811980642,-1.649213375626013,-0.45222963448015174,-0.4534792963999483,-0.7549607012471647,0.8908211688907381,-0.13235591505075098,1.3673964966172723,0.5436292942660955,0.9810279726855256,0.8646277566077986,-0.35424946038989064,-0.5188765426498876,-1.4436696022884294,-1.8036698939485623,0.05455486197406895,-0.6077767926197357,0.08290265107789654,-0.9780025161347826,2
-0.5829146032931236,-1.4424638144172592,0.1307270662906722,1.3397809455570169,1.458629677697197,0.2540335785325268,0.9542928579966874,0.3559865016565294,0.35224964888020727,0.021607579935358917,-1.386293402036893,-1.078226849674848,-0.751919855017108,-1.2390336576670107,0.11679019292630982,0.019688822441824964,0.6158737910874101,0.4092701398293702,-0.6494658076073709,-1.2311288637089866,0.8823093762392,1
0.8244973198369351,0.5186466106024519,1.5998353232832037,0.9217397817551948,1.3745037960290118,1.5209752382953305,0.5527212386562642,1.1873056039879633,0.5339767353543167,-0.9080920098497308,-0.7119170053173829,-1.1964318092665311,-0.9788037303328844,-0.5939974364262716,-0.9494894925563439,-1.3053157148593872,-0.7819454880914031,-1.4677648721549326,0.3594083550934008,-1.68456227374108,-0.5030292670180212,2
0.14033874609315658,1.1890261946653125,-0.8664858111830461,-1.070923099033492,-0.6264903893642495,-0.009227026093510603,-1.105048779646508,0.5303891105372497,-0.07178021955938128,0.8602876294617686,1.7827273890515372,0.9748066590228055,1.227641957113041,-0.21154233179680673,-0.04212649096773935,-0.2410550423282931,-0.31182689643933587,0.05455486197406895,-1.516597319350183,-0.9442628287907233,2.277543295519687,2
0.03282811307627711,-1.1522995168378123,0.21976393035082561,0.4549271488431597,0.6414068272062554,0.8902467063787831,1.3301227068665702,1.251253227244227,1.005121033620526,0.4116913239011309,-0.18009171684752534,-1.1964318092665311,-1.1432945399368222,-2.2722332686809383,-1.3442180299705955,-0.9487883895614706,-0.5500203162097165,-0.7952838245542571,-1.9918520902092243,-1.6475473014935622,1.2484345891000372,2
-0.8370306449693842,1.5992584774500476,-0.36787937244618696,2.0434835712900843,-0.31402282888241895,2.146219174282169,2.061188988229904,2.030251546911445,0.857047111308289,-0.5050054744184332,0.039217680459632656,-0.08903797730234238,-1.9770927817223003,-1.81557045718307,-1.2519438264192122,-1.0126440299133364,-1.8538158770581161,-1.0539303813237475,-0.2742646727186542,1.591262770164248,0.3083833668897798,2
-2.097837159440062,-1.3524128255132932,0.7985035467418228,1.5348668219978674,1.338449846742647,1.2357762499504572,1.4279414346546222,1.5884316044136197,0.09648560124997929,1.959023508298693,0.16532058391124838,-0.5058659927045932,-2.152927785092027,-1.1705342359423307,-0.38559158196455584,-0.5177628171863775,-0.010950997782012865,0.2466923041456905,1.3932959267867537,0.0273801927066198,2.2577527434731555,2
0.8831394833006875,-0.02165932282134615,1.0567104525162678,2.614806495152575,0.3950381737494274,0.19918761923543568,1.103595126725819,0.6001501540895379,-0.34100553285435814,-0.21894406217686688,-1.4137070767002877,-1.1342186726393295,0.6263996875262334,0.24512047970106166,-0.6982986051109111,0.2751113838492877,1.0922606306281715,-0.5588069726507229,0.392759567083509,1.1840980754415522,0.5161841633783629,1
0.3064915425737885,-0.5819765871126923,-2.8609115661304827,-0.11639577501933089,0.3710022075585174,0.8683083226599467,0.10481443246886919,0.33854624076845724,1.5031878632162337,1.6339537216605498,0.7684214265059324,1.5471675159930602,0.25771339013809685,0.06816364024563784,-0.39071792660629934,-0.37408762639467985,-1.383697285406049,-0.8322333326641843,-0.20756224873843784,-1.4162037249465758,0.3083833668897798,2
-1.2768468709475276,0.3485502982282933,0.1307270662906722,0.9356744872152555,-0.2298969472142338,1.0273616046215108,0.6711333828207476,-0.0160723972890074,-0.7111903386349514,-0.21894406217686688,-1.6549474137381615,-1.1404399863020496,-1.0752293773420893,-0.519789729557868,-1.1853013460765462,-0.12398636834987276,-0.5625568119871049,0.047164960352083576,0.6428936570093202,0.9064857835851683,0.6844038557738827,1
0.6485708294456777,1.2290488564004085,1.866945915463664,0.32951479970261305,-0.9870298822279003,0.5666555465259459,-0.4872462883535494,-0.4637057600828563,0.6147443293428099,0.6132345916167797,1.6675899554652793,1.6280445936084225,1.012102275563053,0.29649504599457205,0.2910859107455899,0.3762161477397416,-1.0702848909713376,-0.3666695304791013,-3.3842651907962398,0.7121571792856998,0.2391164347269187,2
-1.8828158934063026,-0.251789627798149,-1.3739959363259207,-1.5168336737554355,-1.2033535779460909,-1.3803760085207877,-1.5581039399280108,-1.1380625144216416,-0.28042983736298843,-0.23844824937515566,0.04470041539231149,0.6512983485613568,0.7682021095985936,0.09670506596425452,1.952021574670493,0.5624617654326831,1.3367222982872464,-0.39622913696704304,-0.5660877776321005,0.9620082419564451,1.5848739738910764,3
-0.3092511737956121,-0.4418972710398557,-0.5637604733785245,0.3434495051626738,-0.5063105584096993,-0.08052677317972895,-0.45635616378890154,-1.4752408915910342,-0.6708065416407049,-1.2591673794189255,-0.9641228122206144,-0.3689970921247495,-0.7008709830710583,0.26224533513223186,1.106174708782811,1.2648738093032053,2.038766061821,1.0521915809421039,0.8930277469351312,2.24827852755769,-0.8394686518090606,1
-0.16264576513623102,2.0695247528374274,-0.501434668536417,1.172564480036288,1.464638669244925,2.0584656394068235,2.0354472177593648,0.18739731307183305,1.186848120094636,-1.1616464434274825,-0.503573077875583,-2.6086700107040075,-0.9334269552697291,-0.5882891512825482,-1.426239544238492,-0.9221818727481934,-0.6189710429853531,-1.593393199728685,-0.6077767926197357,-0.16694841159284884,1.7926747703796595,1
0.3846810938587918,-2.7832229825429806,0.647140877839562,-1.0082169244632186,0.4491190976789752,-1.5339446945526425,-1.3212796515990435,-1.5973227178075384,-1.7948222246472336,-1.2721701708844513,-1.4191898116329669,0.5704212709459948,0.6944648501209664,-0.006044066622765987,1.1625644998419895,0.7487073831256245,1.4808919997272139,0.8083248274165842,0.7762985049697527,0.860217068275771,-0.4535528869016918,3
1.0688396676025704,0.1784539858541346,0.6827556234636234,1.0053480145155589,2.305897485926777,0.8847621104490742,1.5206118083485658,1.2105592851720592,0.5474380010190656,1.4259090582121379,-1.3424315225754615,-1.4017351601362964,-0.7916245331973688,-1.513031344565732,-1.72869387810136,-1.858731264575556,-1.7409874150616202,0.2171326976577487,0.14262547715769777,-0.35202327283043794,0.3083833668897798,1
-1.4723207491600356,-1.0222258661987498,0.0594975750425495,0.8381315489948302,0.3049033005335149,-1.1171154038947502,0.3519354289860526,-1.7426582252081386,-1.3034860278839007,-0.5830222232115874,-0.997019221816688,-0.7049480299116383,0.1953203244262584,0.3992441785815923,-0.1395270391608666,1.3872637866442814,0.7851164840821544,1.1925997117598273,0.4844754000563063,0.5826047764193873,1.7135125621935328,1
-0.31902486770623756,0.9088675625196394,-0.6706047102507086,-0.06762430590911823,-0.7286432456756173,0.02916514541445331,0.5681663009385881,0.3559865016565294,0.0022567415967372864,0.30766899217692495,-0.8051234991729249,-1.3955138464735763,-0.7859524363144744,-0.5312062998453148,-0.23180124271224994,0.6476026192351705,-0.10497471611242624,-0.10063307208762534,0.9680679739128746,-0.24097835608788445,-1.5024521453678736,1
0.013280725255026292,0.3785672945296153,0.6115261322155006,-0.8061636952923378,-0.09769913316422853,-1.2706840899266054,-1.573549002210335,-1.2136369782699539,-0.8929174251090608,0.697752736142697,0.9932135587457692,1.3045362831469738,0.5129577498683454,0.6504087249054202,0.9472580248887614,0.4773209116301955,0.747506996749989,0.719646007952759,0.5094888090488875,-0.2687395852735229,1.327596797286164,3
-1.961005444691306,-1.0922655242351682,-0.011731916205573302,-1.3426498555046764,-1.2033535779460909,-1.2981070695751509,-0.3688341441890656,-1.1903832970858577,-1.1957959025659097,0.0801201415302249,0.03373494552695359,-0.10148060462778272,0.30309016520125215,-0.01746063691021271,0.5217714196240486,1.4457981236334911,0.06426797688231795,0.11367407494995255,0.401097370081036,-0.10217221015969262,-0.41397178280862845,3
0.8049499320156842,1.0489468785924758,-0.501434668536417,-0.30451429873015096,-0.5063105584096993,-0.5028406597673302,-1.6919611463748185,0.739672241194114,-1.404445520369517,-2.4164158198507155,-0.909295462893825,0.3775605474016697,0.3257785527328298,2.145979432560939,0.9062472677548132,1.25955250594055,0.9230179376334273,2.574511315071105,-0.17421103674832972,-1.6290398153698031,-0.6316678553204774,3
1.1665766067088243,0.8688449007845432,0.8519256651779149,0.5036986179533723,0.5092090131562503,1.1699610987939477,1.6441723066071576,-0.33581051357032793,0.40609471153920274,1.77048303204857,-0.410366584020041,0.3277900380999084,-0.5647406578815924,-0.7081631393007387,-0.8623416336467039,-2.279114230225338,0.5657278079778563,0.0619447635960544,-0.31595368770628934,-1.462472440255973,-1.0571647243209097,2
-0.4167618068124916,0.09840866238394236,-1.6143954692883349,-2.4504589395795056,-0.025591234591498313,-0.5302636394158757,-0.9403014486350524,0.8850077485947143,0.4935929383600701,0.30116759644416224,1.2563848355143583,1.1054542459399288,0.8702998534906928,0.3535778974318057,-0.0011157338337913164,-0.9913588164627144,-1.6720366882859836,0.43882974631731203,-0.09083300677305929,0.9157395266470478,-0.6316678553204774,3
-0.025814050387475338,-0.4418972710398557,0.22866761675684094,-1.8373318993368326,-1.1432636624688157,-0.8099780318310402,-0.07022960673080232,0.07112890715135273,1.7252987466845895,1.7509788448502812,1.6456590157345634,1.2858723421588136,-1.3361458339552321,0.9986141186725449,-0.35483351411409464,-0.35812371630671347,-1.139235617746974,-0.8913525456400678,-1.7250423942883588,0.29573874150112406,-0.40407650678536255,3
-1.961005444691306,0.6487202612415145,1.11013257095236,0.6291109670939189,1.6809623649631154,0.5940785261744913,1.556650287007322,0.2687851972161693,0.9580066037939056,0.9318029825221603,-0.15267804218413047,-1.0844481633375682,-0.7972966300802632,-0.519789729557868,-0.8264572211544993,-1.8746951746635228,-0.023487493559401332,-0.23365130128336328,-0.34096709669887043,0.9342470127708067,0.49639361133183124,2
-0.426535500723117,-0.36185194756966343,-1.4185143683559973,0.32951479970261305,0.5452629624426152,-1.248745706207769,-2.433324135926369,-1.8996205732007874,-0.5563857834903398,-1.2981757538155028,-0.22943633124163576,0.010503041301180294,0.37115532779598515,1.3924857935894561,1.9571479193122363,1.2329459891272727,1.7692314026071478,1.2591088263576962,0.15930108315275188,1.322904221369744,0.06100146630813312,3
0.9515553406750654,-1.032231531632524,1.4929910864110199,-1.3844539718848585,-0.9629939160369902,-0.3328181859463479,-0.15775162633063808,0.19321073336785693,0.8032020486492936,0.762766693470326,1.6675899554652793,0.5393147026323941,0.30309016520125215,0.3707027528629756,-1.067395419316445,-0.5922610642635542,-0.5813615556531877,-1.0022010699698494,-0.2159000517359649,0.47155985967683384,-0.42386705883189424,2
0.31626523648441396,0.5986919340726442,-0.3144572540100949,-0.9455107498929451,0.04050767243350425,0.6434398895418735,-0.03933948216615436,0.16414363188773698,-0.03139642256513471,-0.14742870911647546,-0.49260760801022513,1.1054542459399288,-0.6781825955394807,1.1413212472656287,-1.8876105619954096,0.10482967624431246,-0.5061425809888569,-0.67704539860249,0.17597668914780595,-1.6475473014935622,-0.3249142985992356,2
-1.2670731770369021,-0.792095561221947,-0.7240268286868006,0.3364821524326434,-0.620481397816522,0.41857145642379995,0.9285510875261471,-0.05676633936117539,-1.2832941293867774,-1.0771282989015654,-1.002501956749367,-0.8169316758406012,-0.7462477581342136,-0.16016776550329662,0.6396773463841497,1.2010181689513395,-0.1488524513332859,-0.09324317046563989,0.38442176408598194,1.2118593046271906,0.4766030592852995,1
1.3229557092788309,1.8093774515593024,-0.9021005568071077,-1.1963354481740385,-0.5003015668619718,0.11691868028979911,-1.0690103009877518,0.16414363188773698,-0.6573452759759562,-0.6415347848064534,-1.1395703300663405,-0.9040300671186835,0.6490880750578111,1.1184881066907353,1.8751264050443404,1.5575454942492561,1.512233239170685,1.3995169571754196,0.6595692630043742,1.4339491381122975,1.7431983902633303,1
0.5410601964287982,1.05895254402625,0.5224892681553474,-0.4299266478706976,-0.8127691273438025,-0.4041179330325662,0.26956176348032473,-0.5974144268914086,-0.5833083148198375,-1.857295786833109,-1.2437422937872407,-1.1839891819410906,1.0064301786801588,0.7645744277798872,1.065163951648863,1.4404768202708358,1.1047971264055598,1.037411777698133,0.4844754000563063,-0.29650081445916127,-0.7108300635066044,1
-0.2212879285999835,-1.052242862500072,0.4868745225312859,0.9774786035954375,1.4706476607926522,1.3674065522634753,0.43945744858588837,0.40249386402472154,0.23782889072984215,-0.14092731338371273,-1.1669840047297353,-0.4125462877637908,-1.296441155774971,0.38211932315042235,-1.4006078210297745,-0.9487883895614706,-0.7694089923140146,0.17279328792583615,-0.6911548225950062,-2.073219482340017,-0.2160662623433111,1
-0.04536143820872616,0.9488902242547355,-2.6828378380101756,-0.325416356920242,-0.15778904864150356,0.2595181744622358,0.5012376977151842,0.3966804437286974,0.2714820548917141,1.4064048710138493,1.1193164621973848,1.1116755596026489,0.07620628988547584,1.158446102696799,-0.4624867515907088,-1.741662590597136,-1.3084783107417182,-1.4160355608010344,-2.5171336790534276,-1.1108302039045537,-0.8295733757857947,2
1.8800562621844792,-0.5719709216789182,0.5492003273733933,0.8590336071849212,1.6148634579381127,0.5392325668774002,1.1705237299492228,1.4605363579010915,1.0858886276090192,-0.6220305976081646,-0.5693658970677304,-0.7422759118879593,-1.0979177648736669,-0.04600206262882939,-1.1904276907182898,-1.4277056922004632,-0.7443360007592377,-0.9209121521280095,-0.5327365656419923,-1.1108302039045537,-1.3738135570654173,2
-0.807709563237508,0.06839166608262022,1.5642205776591425,0.21803715602212698,0.3229302751766973,0.7750701918548919,1.1756720840433308,0.5652696323133938,1.2541544484183798,-1.4152008770052344,-0.28426368056842527,-1.8434484301894278,-1.029852602278934,-0.8052039867440358,0.2808332214621029,-1.0020014231880254,-0.39331411899236085,-0.3888392353450576,0.14262547715769777,1.119321874008396,0.41723140314570434,1
1.7139034657038472,1.1389978674964425,0.5046818953433166,0.5106659706834027,-0.7046072794847072,-0.9306391422846406,-1.5786973563044429,-1.3938530074466982,-1.592903239676001,-0.563518036013299,-0.8215717039709618,-0.22590687788218577,1.6927539015103823,1.7235663319254109,1.8751264050443404,1.004129944533087,1.3806000335081061,-0.544027169406752,1.0931350188757802,-0.15769466853096936,-1.0670600003441755,3
-0.07468251994060236,-0.541953925377596,2.3744560406065385,0.7196865525843139,-0.2298969472142338,0.09498029657096266,1.494870037878026,1.3384545316845873,1.9070258331586993,0.9578085654532118,0.0008385359308798874,-0.7484972255506794,-1.1319503461710334,-1.541572770284349,-1.1391642443008545,-1.0711783669025465,0.32753438820747555,-1.4086456591790488,-0.3659805056914516,0.33275371374864193,0.5656605434946922,2
-0.8956728084331366,0.46861828343358175,0.28208973519293307,-0.1791019495896042,1.5427555593653823,1.27965301738813,0.26956176348032473,-0.4927728615629764,0.17052256240609787,-0.15393010484923847,-1.3588797273734985,-1.613259824668782,-0.3435288794487106,-0.5254980147015914,0.35260204644651233,-0.4113367499332681,0.5093135769796081,1.9537595788243278,-0.8412352765504928,1.6282777424117658,-1.2649655208094928,1
1.2252187701725767,-0.14172730802663458,-0.7240268286868006,-1.2451069172842513,-0.596445431625612,-0.8428856074092949,-1.7846315200687624,-1.1903832970858577,-2.104431334936457,-1.1421422562291939,0.3133544270935799,0.5330933889696737,2.0671122957814134,0.9929058335288217,0.8088467195616864,1.9247154262724837,1.5561109743915447,1.5694846944810852,0.4761375970587793,-0.24097835608788445,-0.03795129392452553,3
-0.2115142346893581,0.40858429083093745,-0.1363835258897881,-0.45082870606078873,-1.359587358187006,0.0346497413441623,0.5939080714091282,0.3211059798803853,0.20417572656797014,0.9253015867893976,1.0864200526013112,0.15981456920646403,0.2690575839038857,-0.4798317335518045,-0.6265297801265016,-1.3851352652992195,-1.2144545924113048,-0.3666695304791013,-0.19088664274338377,-0.3335157867066791,0.36775502302937496,2
0.7560814624625571,-0.4919255982087259,-0.0651540346416653,-0.8340331062124593,-0.4702566091233343,-0.23409545921158387,-1.6713677299983867,-1.9461279355689791,-1.404445520369517,-1.4021980855397087,-0.8380199087689986,0.1224866872301433,1.0631511475091031,0.8273655643608443,1.3061021498108085,1.8236106623820296,0.9104814418560389,1.606434202591012,1.91023971263343,-0.19470964077848718,0.3479644709828432,1
-1.1400151561987717,1.0689582094600238,-0.6617010238446933,-0.45779605879081914,0.9779103538789962,0.22661059888398113,0.38797390764480844,-0.10908712202539167,1.6378005198637222,0.30766899217692495,0.905489799822906,0.3588966064135094,-0.9220827615039402,-0.32570803467127396,-0.7290566729613722,-1.0286079400013028,-0.9198469416426761,-0.3666695304791013,0.7429472929796446,0.40678365824367757,-1.0769552763674415,2
-0.43630919463374246,1.1690148637977642,2.098441762020063,-0.004918131338844827,1.2062520326926414,1.795205034780786,1.3095292904901383,1.193119024283987,-0.8592642609471887,-0.752058512263422,-0.2678154757703883,-2.2105059362899175,-1.6878158406946855,-0.7538294204505256,-0.24718027663748066,0.23786226031069924,-1.2708688234095529,-1.2682375283613254,-1.1747473964515744,-1.1385914330901918,0.2589069867734505,1
1.1470292188875737,-0.051676319122668235,1.368339476726805,0.3086127415125219,0.7495686750653507,0.7750701918548919,0.5012376977151842,-0.08002002054527145,0.8301245799787913,0.07361874579746189,0.6861804025157481,-0.3689970921247495,-0.05425193842109557,-0.6967465690132919,0.22956977504466755,0.15272140650821187,0.07680447265970643,-1.0834899878116895,-1.1830851994491014,0.29573874150112406,0.16984950256405765,2
-0.12355098949372939,-0.6119935834140143,2.7573145560651984,0.32951479970261305,0.9719013623312688,1.2193224621613297,0.18718809797459707,-0.7253096734039368,-0.2938911030277373,0.01510618420259619,-0.9805710170186512,-0.5556365020063545,-1.6594553562802135,-0.6739134284383986,0.496139696415331,0.764671293213591,0.4278263544265831,-1.4308153640450052,1.4766739567620242,-1.101576460842674,0.5458699914481605,1
1.2154450762619513,0.5186466106024519,-0.2254203899499415,1.3815850619371992,1.9153130353244883,1.2686838255287116,0.7432103401382598,1.1873056039879633,0.14360003107660013,-0.9731059671773594,-1.1340875951336618,-1.0657842223494076,-1.9657485879565115,-1.9011947343389202,-0.2523066212792241,-0.8530049290336722,-0.8947739500878992,0.12845387819392345,0.4594619910637254,1.6838002007830426,-0.3249142985992356,2
0.0230544191656517,1.05895254402625,0.5313929545613627,-0.8410004589424896,-1.533848113071104,-0.6125325783615123,-0.32764731143620174,0.4315609655048415,0.9108921739672844,0.8732904209272946,1.470211497888837,1.6964790438983444,1.012102275563053,0.9472395523790348,-0.9751212157650616,-1.3691713552112528,-1.3147465586304126,-0.6844353002244754,-0.34096709669887043,-1.0923227177807948,1.2187487610302394,3
0.3846810938587918,-1.3924354872483893,-1.5253586052281813,-0.569273702471305,-1.6360009693824715,-0.15182652026594728,-1.2955378811285037,-0.783443876364177,0.40609471153920274,0.4376969068321824,-0.05398881339590937,-0.03926746800058104,1.658721320213016,0.028205644239574182,0.6448036910258934,0.3868587544650525,0.23351066987706215,1.5768745961030703,-1.3831924713897505,1.9706662357013058,-1.403499385135215,3
1.1665766067088243,0.0884029969501683,-0.9466189888371842,-0.011885484068875206,-0.4161756851937866,-1.2158381306295143,-0.5129880588240894,-1.0159806882051374,-1.1217589414097913,-1.1031338818326166,-0.8215717039709618,0.23447033315910604,2.1748821365564073,1.6664834804881774,1.1728171891254768,1.1637690454127512,2.1578627717061902,0.5866277787570209,0.8680143379425502,0.41603740130555705,1.109900724774315,1
-1.7068894030150454,0.14843698955281248,-1.3383811907018592,-0.5483716442812139,-0.4462206429324242,-0.2834568225789659,-0.657141973459113,-1.858926631128619,-1.1284895742421657,-0.6090278061426389,-0.6680551258559513,0.5641999572832748,1.0631511475091031,1.3639443678708394,1.6444408961658814,0.8391695402907676,0.2773884050979217,1.4660260717732887,1.9519287276210653,0.8139483529663737,-0.6316678553204774,3
0.9026868711219384,-0.0016479919537980554,-0.4391088636943097,-0.10942842228930051,-0.7226342541278898,-1.0183926771599863,-0.6983288062119769,-1.5798824569194665,-1.2631022308896542,-1.3631897111431315,0.24207887296875344,-0.5245299336927536,0.9553813067341091,0.5476595923183997,1.188196223050707,-0.08141594144862896,0.8289942193030139,1.103920892296002,-0.666141413602425,2.2575322706195693,-0.9977930681813144,3
-0.905446502343762,-2.052809405877476,-0.5459531005664938,-0.6110778188514873,-0.9509759329415353,-0.020196217952928707,-0.3997242687537136,-0.12652738291346358,0.8099326814816679,1.6859648875226527,0.9657998840823742,0.45843762501703206,0.6547601719407056,-0.0859600586348928,0.3064649446708204,-0.5656545474502768,0.1520234473240371,-0.5661968742727083,-0.5410743686395194,-1.6290398153698031,-0.740515891576402,3
0.32603893039503934,1.5592358157149515,1.5107984592230506,0.23197186148218774,1.6569263987722054,1.7074514999054402,1.8758482408420172,1.4896034593812115,0.41955597720395155,0.17113968178890482,-1.0847429807395512,-1.4515056694380577,-0.4966754952868595,-1.621488762296476,-1.2570701710609555,-1.0924635803531684,0.6221420389761043,-1.3864759543130925,-1.5499485313402912,-1.2311288637089866,-1.0670600003441755,2
0.12079135827190579,-0.5819765871126923,-1.249344326641706,-1.1196945681437045,-0.39213971900287664,-1.1829305550512594,-1.2646477565638556,-1.3182785435983861,-2.7169189226825297,-0.4920026829529075,-0.3610219696259303,-0.5058659927045932,0.7228253345354383,0.6389921546179734,1.4598924890631142,0.674209136048448,0.8603354587464849,3.23221255942781,0.6262180510142661,-1.5179948986272498,0.951576308402061,3
-0.3874407250806154,0.548663606903774,0.15743812550871825,0.015983926851246152,-0.5844274485301569,0.4953557994397275,-0.07022960673080232,-0.033512658177079324,1.1397336902680146,-0.465997100021856,-0.2568500059050304,-0.5431938746809142,-0.21874274802503346,-0.5768725809951015,-0.9341104586311134,-0.48583499701044475,-0.5938980514305762,0.05455486197406895,0.01755843219479217,0.45305237355307487,0.05110619028486726,2
0.20875460346753444,0.9789072205560575,0.006075456606457399,0.9356744872152555,-0.32604081197787393,-0.5686558109238395,-0.13200985586009822,0.5187622699452016,-0.19966224337449529,-1.2786715666172142,-0.4268147888180777,-0.00816089968698007,-0.9617874396842011,0.5876175883244631,0.972889748097479,0.03565273252979139,0.6033372953100217,-0.5588069726507229,0.3594083550934008,-0.04664975178841588,-1.4826615933213418,1
0.40422848168004255,0.16844832042036056,-0.1363835258897881,0.12049421780170183,0.26884935124714976,-0.27797222664925675,0.4909409895269683,1.140798241619771,0.13686939824422586,0.2816634092458738,-0.04850607846323054,0.9125935223956035,-0.1960543604934558,-0.37137431582106073,-0.8623416336467039,-0.975394906374748,-0.5688250598757992,-1.5047143802648595,-1.099707169473831,-0.5185906479442682,-1.8289962541356473,2
0.27717046084191227,0.058386000648846165,-0.011731916205573302,0.19016774510200546,-0.338058795073329,-0.36024116559489333,0.161446327504057,0.018808124487136698,0.8772390098054125,1.5039258070052923,1.2618675704470372,0.6761836032122375,0.46758097480519006,0.6447004397616967,0.9882687820227097,-1.0818209736278575,-1.2395275839660818,-1.246067823495369,-0.44102073266919495,-1.258890092894625,0.6448227516808193,2
0.9026868711219384,0.7687882464468028,0.30880079441097913,1.284042123716774,1.8552231198472133,1.076722967988893,0.4291607403976724,0.5478293714253218,0.07629370275285616,0.23615363911653353,-1.50691357055583,-1.432841728449897,-1.137622443053928,-1.5529893405717956,-2.1285487601573556,-0.693365828154008,-0.16765719499936851,-0.32233012074718864,-0.3326292937013434,-0.6018743355011833,0.3479644709828432,1
0.7365340746413064,-0.531948259943822,0.1129196934786415,0.3155800942425523,0.6474158187539831,0.31984872968903594,0.3364903667037287,0.2920388784002654,0.015718007261486144,0.6652457574788827,-1.622051004142088,-1.3021941415327738,0.12725516183152544,-0.9707442559120132,0.3423493571630253,0.009046215716514013,1.0985288785168659,-0.22626139966137784,0.392759567083509,0.15693259557293224,-1.2055938646698978,1
-0.3678933372593646,-0.4118802747385336,-1.774661824596611,-1.6283113174359216,-1.0771647554438128,-1.0842078283164955,-0.32764731143620174,0.7047917194179701,1.89356456749395,1.4324104539449007,1.6237280760038477,0.9996919136736861,0.6490880750578111,-0.16587605064701985,0.4500025946396393,-0.16655679525111644,-1.6908414319520664,0.18018318954782162,-1.0496803514886688,-0.48157567569675036,-0.03795129392452553,3
-0.5535935215612474,-0.04167065368889424,-1.4808401731981047,-1.6422460228959823,-0.4462206429324242,-1.2158381306295143,-1.043268530517212,-0.36487761505044813,-1.2025265353982844,0.1971452647199563,0.6642494627850323,0.5890852119341554,0.08755048365126467,1.6950249062067941,1.060037607007119,1.509653763985357,0.966895672854287,0.8674440403924678,1.4683361537644968,0.018126449644740333,0.2786975388199822,3
-0.48517766418686953,0.4886296143011297,1.37724316313282,0.10655951234164107,1.224279007335824,1.9816812963908954,0.9594412120907952,0.8326869659304983,0.729165087493175,0.48970807269428535,-0.3281255600298566,-2.0425304673964733,-0.8029687269631577,-2.403523826986576,-0.5496346105003488,0.2272196535853883,-2.656151606810978,0.3058115171215741,-0.8912620945356551,0.8417095821520121,-0.40407650678536255,2
1.3131820153682054,0.42859562169848553,-1.2226332674236597,-1.3983886773449192,-2.0566303777233976,-1.095177020175914,-1.043268530517212,-1.7368448049121148,-1.2631022308896542,-0.3099636024355471,-1.1121566554029458,0.48332287966791243,1.3297397010051404,2.0146888742553024,1.4650188337048577,2.6696978970442493,2.9664667493477457,1.9759292836902844,2.177049408554295,1.0267844433896012,0.951576308402061,1
0.6192497477138015,0.1784539858541346,0.6204298186215159,1.3119115346368952,2.1256277394949508,1.537429026084458,1.314677644584246,1.8791026192148201,0.2580207892269656,0.39218713670284244,0.2914234873628641,-1.1902104956038109,-1.460931965378909,-2.0838598589380677,-1.8824842173536662,-1.177604434155656,-1.3899655332947431,-2.214144935975462,-0.49938535365188425,0.5455898041718694,-0.6019820272506798,2
-1.4723207491600356,-2.6031210047350477,0.22866761675684094,-0.980347513543097,-1.4497222314029188,-0.5686558109238395,-0.615955140706249,0.07112890715135273,0.9041615411349101,-0.8300752610565764,0.15435511404589047,1.3294215377978544,1.18793727893278,0.8958649860855246,0.43974990535615227,2.0896758305148033,-0.30555864855064163,-0.5514170710287374,-0.8162218675579116,-0.8609791412338081,-0.1369040541571842,3
-1.1888836257518987,1.6192698083175958,0.4779708361252706,1.562736232917989,1.6449084156767502,1.4003141278417304,1.1293368971963589,1.2105592851720592,-0.3140830015248604,-0.5310110573494844,-1.4740171609597563,-1.4950548650770987,-2.27204181963281,-0.7309962798756321,-1.1750486567930594,-1.0392505467266138,-1.471452755847768,-1.5490537899967722,0.809649716959861,1.119321874008396,-0.3842859547388308,1
-1.2670731770369021,0.09840866238394236,2.392263413418569,1.0889562472759236,0.5272359877994328,0.8957313023084924,0.619649841879668,0.5478293714253218,0.6214749621751842,0.5352178428236253,-0.5309867525389776,-0.729833284562519,-1.1716550243512944,-0.39991574153967757,-2.056779935172946,-0.704008434879319,-0.8697009585331222,-1.6303427078386121,0.20932790113791414,-0.6944117661199779,-1.0670600003441755,2
0.23807568519941066,-1.102271189668942,-0.1185761530777574,1.2561727127966527,-0.1698070317369586,1.789720438851077,1.7059525557364537,0.9954627342191708,-0.260237938865865,0.9513071697204485,-0.12526436752073583,-1.4141777874617367,-1.3815226090183874,-1.4102822119787117,-0.2984437230549159,-1.2042109509689332,-0.9511881810861472,-0.04151385911174174,0.2676925221206034,-0.4260532173254737,0.3875455750759067,1
-1.1204677683775208,1.5392244848474037,-0.7952563199349234,-1.22420485909416,-0.2599419049528713,-1.6765441887250794,-0.5438781833887373,-0.0160723972890074,-1.0006075504270515,-0.44649291282356723,-0.3116773552318199,-0.6054070113081158,0.37115532779598515,-0.09166834377861628,0.8447311320538908,0.903025180642633,0.4278263544265831,1.2591088263576962,1.1014728218733072,-0.3797845020160764,-0.5821914752041482,3
-0.5829146032931236,0.5386579414699999,-0.5281457277544631,2.350047091411421,1.5307375762699271,0.8628237267302378,0.9594412120907952,1.6698194885579563,0.3724415473773307,0.46370248976323386,-0.004644199001798941,-1.3768499054854157,0.09322258053415895,-1.8098621720393464,-1.7543256013100779,-1.970478635191321,-0.07990172455764931,0.6605267949768754,-1.099707169473831,0.7491721515332176,0.8328329961228707,2
-0.6611041545781269,1.5392244848474037,-0.6795083966567239,0.7266539053143442,1.2723509397176442,0.9615464534650016,1.0727050021611708,0.15833021159171284,-0.19966224337449529,-0.5375124530822475,-0.2458845360396725,-0.3876610331129101,-1.6594553562802135,-1.353199360541478,-0.3497071694723511,-0.6880445247913527,0.6597515263082697,0.7122561063307735,0.7012582779920093,0.07364890801601708,-0.33480957462250144,1
0.40422848168004255,0.8188165736156731,-0.6349899646266473,-0.20000400777969535,-0.6144724062687945,-1.0293618690194046,-1.2234609238109917,-0.32999709327430404,-0.30062173586011154,0.8602876294617686,1.7114518349267107,0.6824049168749575,0.5413182342828173,0.19374591340755154,0.6601827249511238,0.3336457208384978,-0.04856048511417813,-0.6400958904925628,-1.0246669424960877,-0.7591879675531342,-0.7207253395298703,3
2.2319092429669936,-0.7320615686193028,-1.1068853441454605,-1.1057598626836438,-0.28397787114378137,-0.36572576152460246,-0.7395156389648407,0.22227783484797717,0.157061296741349,0.697752736142697,0.98773082381309,0.7135114851885588,0.9100045316709539,1.6493586250570074,0.20393805183594998,0.3762161477397416,0.49677708120221975,0.8083248274165842,0.6262180510142661,0.6843959501000614,1.16927238091391,3
-0.35811964334873914,-0.511936929076274,1.2614952398546206,-0.24180812415987754,-1.3655963497347336,-0.10246515689856528,0.4806442813387523,0.9838358936271224,1.4829959647191102,1.4909230155397664,0.7903523662366482,0.116265373567423,0.34279484338151295,0.25082876484478517,-0.15490607308609708,-0.43794326674654543,-0.261680913329782,-1.696851822436481,0.0592474471824274,-2.1472494268350526,1.6838267341237352,2
0.35536001212691554,1.2090375255328605,-0.5370494141604785,-0.004918131338844827,0.20275044422214708,1.4222525115605666,0.4806442813387523,0.7222319803060421,0.23109825789746785,0.5027108641598111,0.46687100520859054,0.7695033081530401,-0.5250359797013315,-0.6396637175760584,-0.513750198008144,-1.2361387711448661,0.25231541354314485,-0.7805040213102861,-1.341503456402115,-1.4439649541322142,-0.7504111675996679,2
-0.10400360167247859,-0.20176130062927883,-0.30555356760407953,-0.5135348806310621,-0.5363555161483369,-0.8703085870578404,-0.7395156389648407,-1.2601443406381458,-0.6169614789817096,-0.2514510408406814,1.1193164621973848,0.9437000907092042,-0.18471016672766696,1.6036923439072204,0.4910133517735876,0.36025223765177505,-0.31182689643933587,-0.1375825801975525,0.0592474471824274,-0.27799332833540236,-0.17648515825024766,3
-0.04536143820872616,1.309094179870601,-1.0089447936792917,1.4582259419675334,0.9418564045926311,0.3801792849158363,0.12025949475119306,-0.15559448439358353,-0.30062173586011154,-1.2981757538155028,-0.393918379222004,-1.034677654035807,-0.1450054885474062,0.5647844477495696,-0.11389531595214882,1.0733068882476082,-0.832091471200957,0.18757309116980705,1.1848508518485776,0.11991762332541436,0.9317857563555294,1
-0.27015639815311054,-0.28180662409947105,-0.3144572540100949,0.7545233162344657,1.1942340495971866,0.40211766863467246,1.4794249755957019,1.2338129663561552,0.9647372366262799,1.0878364801084692,-0.4048838490873619,-0.25701344619578675,-0.9674595365670955,-1.1933673765172241,-0.9187314247058828,-0.41665805329592354,-1.0702848909713376,-0.8174535294202133,0.050909644184900356,-1.1848601483995893,-0.4337623348551601,2
-0.905446502343762,0.018363338913749982,1.1902657486064978,-0.30451429873015096,-0.9329489582983527,-0.848370203339004,-0.3379440196244177,-0.5102131224510483,-1.438098684531389,0.6197359873495425,0.9164552696882636,0.9063722087328835,0.5413182342828173,0.5990341586119098,0.10653750364282298,0.6688878326857924,-0.5876298035418819,0.3058115171215741,-0.7661950495727494,0.47155985967683384,0.7833566160065414,3
1.8605088743632283,-0.38186327843721146,0.5848150729974546,1.0262500727056503,1.1701980834062764,1.323529784825803,0.9079576711497152,0.8385003862265221,0.379172180209705,-0.3814789554959385,-1.786533052122456,-0.43743154241467147,-1.6707995500460022,-1.0278271073492466,-1.7697046352353085,-0.5922610642635542,-0.09870646822373201,-0.9430818569939659,0.25935471912307634,-1.6753085306792006,0.813042444076339,1
1.2447661579938276,1.2290488564004085,1.1279399437643907,-0.9176413389728236,-0.19384299792786866,-1.5229755026932243,-0.672587035741437,-0.22535552794587174,1.3281914095744987,1.3999034752810864,1.815623798647611,1.2983149694842537,0.8419393690762209,0.8559069900794609,-0.11389531595214882,-1.1722831307930004,-0.7568724965366261,-0.9726414634819076,-2.592173906031171,0.15693259557293224,0.36775502302937496,3
1.0688396676025704,0.3485502982282933,-0.5192420413484478,-0.7086207570719124,-1.0651467723483579,-1.051300252738241,-1.146235612399372,0.2687851972161693,0.08975496841760501,0.08662153726298763,1.1193164621973848,1.0494624229754475,0.3654832309130906,-0.01746063691021271,-0.40609696053152994,0.4986061250808174,0.6722880220856582,0.3797105333414284,2.2187384235419305,-0.037396008726536416,-0.8196780997625289,3
-0.2408353164212343,0.7487769155792547,-0.5637604733785245,1.2004338909564096,-0.23590593876196128,0.7860393837143101,0.5527212386562642,0.41993412491279347,0.9041615411349101,0.2881648049786365,-0.317160090164499,-1.3581859644972554,-1.6310948718657414,-0.9992856816306298,-0.2830646891296853,-0.8423623223083613,-0.8697009585331222,-0.3297200223691741,0.2927059311131845,0.554843547233749,-1.3837088330886833,2
1.0199711980494433,-0.261795293231923,0.31770448081699443,-1.314780444584555,-0.7526792118665273,-0.21764167142245663,-0.41002097694192957,-0.5450936442271924,-0.05158832106225814,0.645741570280594,0.1324241743151747,0.8690443267565628,0.9610534036170035,0.5305347368872295,0.6037929338919451,-0.05480942463535157,0.6221420389761043,-0.35927962885711584,-1.0079913365010336,-0.3335157867066791,-0.35460012666903323,3
-0.3678933372593646,0.13843132411903844,0.06840126144856484,-0.6459145825016392,-1.0591377808006304,0.2156414070245629,0.6453916123502078,0.7687393426742339,-0.07178021955938128,0.6197359873495425,0.3133544270935799,1.124118186928089,0.3484669402644075,-0.5711642958513782,-0.4573604069489653,0.0941870695190015,-0.399582366881055,-0.20409169479542155,-0.8245596705554387,0.3420074568105214,-1.1264316564837709,2
2.6228569993920097,0.558669272337548,-0.16309458510783406,-1.3287151500446157,-0.4702566091233343,-0.5302636394158757,-0.14745491814242231,-0.33581051357032793,0.8839696426377867,1.7054690747209411,1.223488425918285,0.7757246218157602,0.717153237652544,1.101363251259565,-0.7546883961700899,0.3176818107505315,-1.3084783107417182,0.9856824663442351,0.6345558540117932,-0.9535165718526027,0.031315638238335525,3
-2.65493771234571,1.1890261946653125,-0.07405772104768066,1.172564480036288,1.2843689228130997,1.8116588225699133,0.7998422351734474,0.7222319803060421,0.8503164784759147,0.17113968178890482,-0.4377802586834356,-0.8729234988050826,-0.9164106646210458,-1.324657934822861,-0.8162045318710123,-1.2521026812328326,-0.27421740910717046,-0.277990711015276,1.23487766983374,0.9157395266470478,-1.5816143535540006,2
0.7463077685519317,-0.4418972710398557,0.0773049478545801,-1.0430536881133705,-2.1047023101052176,-0.7167399010259854,-0.5696199538592772,-0.41719839771466416,1.1801174872622615,1.3023825392896433,1.2180056909856056,0.6948475442003982,1.533935188789339,-0.11450148435350972,0.060400401867131075,-0.09205854817393991,0.0705362247710122,-1.2165082170074273,1.0931350188757802,0.5085748319243516,-0.4733434389482236,2
-0.10400360167247859,0.018363338913749982,0.10401600707262615,-1.1824007427139778,-0.5123195499574268,-0.10794975282827439,-0.39457591465960573,-0.6555486298516486,1.5503022930428547,0.5937304044184913,2.4954829302997994,1.590716711632101,0.5583345249315007,-0.09166834377861628,-0.6675405372604499,-0.704008434879319,-0.26794916121847623,-0.6548756937365336,-0.24925126372607304,-1.2126213775852277,0.9020999282857317,2
-0.11377729558310401,-2.142860394781442,2.2141896852982623,1.750854756628809,1.8612321113949406,0.7421626162766373,1.3455677691488943,1.4256558361249476,0.11667749974710243,0.5872290086857282,-0.6077450415964829,-1.1093334179884489,-1.6878158406946855,-1.9525693006324303,-1.3647234085375697,-1.8640525679382114,-1.7660604066163972,-0.01934415424578547,0.16763888615027892,-1.6105323292460443,-0.09732295006412073,2
-0.14309837731498024,-0.7320615686193028,-0.599375219002586,-0.1860693023196346,-0.34406778662105647,-0.1627957121253655,-0.5026913506358733,-0.004445556696959368,-0.03812705539750929,0.8407834422634799,1.7827273890515372,0.3775605474016697,-0.23008694179082229,-1.130576239936267,-0.46761309623245223,-0.4060154465706126,0.014121993772764074,-0.6179261856266064,-0.5577499746345734,0.07364890801601708,-1.6805671137866594,2
-0.03558774429810074,-0.7620785649206249,0.2375713031628563,0.2110698032920966,-1.4497222314029188,-1.6271828253576972,-1.491175336704607,-0.8241378184363449,-1.148681472739289,-0.3099636024355471,0.6752149326503903,-0.6738414615980376,0.5413182342828173,1.2783200907149894,1.116427398066298,0.2963965972999096,0.7161657573065177,1.4290765636633613,-0.7328438375826414,0.44379863049119544,-0.8790497559021241,3
0.13056505218253117,-0.9421805427285576,-0.02063560261158865,-0.011885484068875206,-0.9509759329415353,0.7147396366280918,-0.3533890819067418,0.33854624076845724,1.220501284256508,0.7692680892030886,1.2125229560529267,0.7383967398394394,0.059189999236792475,-1.6671550434462625,-0.34458082483060753,-0.6454740978901089,-0.9010421979765934,-0.2706008093932905,-1.1580717904565203,-0.6666505369343395,0.011525086191803788,2
1.3620504849213326,-0.9021578809934615,1.37724316313282,0.872968312644982,0.5032000216085227,0.36921009305641805,0.4446058026799965,-0.04513949876912735,0.3185964847183353,0.05411455859917342,-1.309535112979388,0.6512983485613568,-0.3265125888000272,-0.6739134284383986,-0.1395270391608666,-0.10802245826190633,0.5406548164230793,-0.9430818569939659,-1.1497339874589931,-0.15769466853096936,-0.08742767404085487,1
-0.328798561616863,-1.0922655242351682,-1.1603074625815524,0.6918171416641924,1.0560272439994538,-1.819143682897516,-0.9608948650114842,-1.1264356738295935,-2.1784682960925754,-1.2786715666172142,-0.22943633124163576,-0.35033315113658914,0.21233661507494153,0.5876175883244631,0.885741889187839,1.275516416028516,0.8477989629690964,1.1630401052718855,0.30104373411071156,0.9620082419564451,2.1686952592637625,1
-0.04536143820872616,-0.19175563519550476,-0.9199079296191381,1.7647894620888698,0.8276855651858084,1.2631992295990027,1.500018391972134,1.0652237777714588,0.9176228067996587,0.990315544117026,-1.0518465711434775,-0.39388234677563017,-0.8993943739723627,-1.6043639068653057,-0.39071792660629934,-0.45390717683451187,-0.343168135882807,0.0767245668400253,-1.6166509553205073,0.7584258945950971,0.2984880908665139,2
0.4335495634119188,0.7087542538441585,1.2882062990726668,1.186499185496349,0.7796136328039882,0.4459944360723454,1.314677644584246,0.7338588208980901,-0.3477361656867327,-0.5440138488150101,-1.0737775108741934,-0.3130052691602681,-0.6498221111250085,-0.7538294204505256,-0.6777932265439369,0.5039274284434727,-0.16138894711067436,0.2910317138776032,2.4521969074726875,-0.18545589771660775,2.3962866077988774,1
-0.3972144189912408,-0.3118236204007932,-0.7329305150928159,-0.20000400777969535,-0.596445431625612,0.08949570064125342,0.19748480616281305,0.6117769946815859,2.007985325644315,1.2373685819620148,1.2673503053797164,0.9561427180346449,1.2843629259419849,1.352527797583393,-0.1292743498773795,0.15272140650821187,-0.8132867275348742,-0.14497248181953795,0.050909644184900356,0.43454488742931596,1.9608944627751794,2
-0.17241945904685646,-0.061681984556442276,0.0773049478545801,-0.9733801608130667,-0.7106162710324347,-1.248745706207769,-0.04963619035437035,-0.1788481655776796,0.7426263531579238,0.6197359873495425,1.6237280760038477,1.2236592055316116,0.9950859849143702,0.6561170100491435,-0.3343281355471206,-0.6507954012527642,-0.08616997244634354,-0.4849079564308684,0.7846363079672798,1.0082769572658423,1.772884218333128,3
-1.4527733613387848,0.6787372575428364,-1.9171208070928563,-1.0430536881133705,-0.7226342541278898,-0.9196699504252224,-0.8373343667528926,-0.8532049199164651,-1.6736708336644939,-1.3631897111431315,0.8177660409000428,0.07271617792838196,0.6944648501209664,1.4153189341643495,2.146822671056747,0.9349530008185659,0.6409467826421871,0.7861551225506279,1.309917896811483,-0.4167994742635942,-0.1962757102967794,3
-1.1204677683775208,0.6887429229766104,-0.6438936510326626,-0.8340331062124593,-1.101200721634723,-0.21764167142245663,-0.04963619035437035,-1.451987210406938,-0.9198399564385585,-1.2656687751516884,-0.2568500059050304,1.2298805191943323,1.148232600752519,0.9986141186725449,-0.17028510701132757,1.137162528599474,0.8791402024125677,0.2762519106336323,-1.2748010324218988,0.5085748319243516,1.4562353855886203,3
0.7267603807306809,-0.6320049142815625,-1.0089447936792917,-0.31148165146018125,-0.091690141616501,-1.05678484866795,-1.1822740910581278,-0.9869135867250173,-1.720785263491115,-0.6090278061426389,-0.997019221816688,-0.47475942439099217,0.11591096806573661,0.8159489940733973,2.300613010309053,1.2489098992152388,1.574915718057627,0.4536095495612829,1.5350385777447133,0.8509633252138915,0.733880235890212,3
1.3327294031894563,-2.2028943873840863,-0.8486784383710154,-0.11639577501933089,-0.362094761264239,-0.04761919760147427,0.12025949475119306,-0.1788481655776796,-0.7313822371320747,-0.4985040786856702,-1.205363149258488,-0.3316692101484285,-0.7292314674855304,0.045330499670744394,0.4294972160726652,-0.37408762639467985,0.3338026360961698,1.3551775474435073,0.034234038189846265,0.46230611661495435,-1.017583620227846,1
-0.9836360536287653,-0.36185194756966343,1.270398926260636,-0.081559011369179,-0.8488230766301675,-0.11891894468769261,-0.5644715997651693,-0.8532049199164651,-0.5833083148198375,-0.38798035122870156,-0.9641228122206144,-0.6800627752607578,0.013813224173637156,-0.023168922053935944,0.2808332214621029,0.15804270987086722,1.9823518308227521,1.3330078425775507,0.25101691612554927,-1.703069759864839,-0.8691544798788582,1
-0.592688297203749,-1.0022145353312018,-0.6349899646266473,-0.35328576784036353,-1.113218704730178,0.5392325668774002,-0.7909991799059207,0.2920388784002654,0.04937117142335844,1.6794634917898896,0.6861804025157481,1.416519929075937,1.52259099502355,0.1252464916828712,0.3423493571630253,0.6529239225978261,0.40275336287180635,0.6900864014648171,-0.30761588470876233,-1.036800259409518,-0.5624009231576164,3
0.2967178486631631,-1.5525261341887742,0.7272740554937002,-0.24877547688990792,-1.9604865129597573,-0.4205717208216936,-0.615955140706249,1.3500813722766352,1.5772248243723523,0.9838141483842633,0.7081113422464639,0.6015278392595957,-0.059924035303990104,1.0271555443911615,-0.9238577693476263,-0.7199723449672855,-0.7756772402027088,-0.8396232342861697,-1.099707169473831,0.018126449644740333,0.12037312244772831,2
0.32603893039503934,-0.3318349512683413,-0.9822337344612455,-0.6877186988818214,0.5092090131562503,-0.541232831275294,-0.31735060324798575,-1.0915551520534497,0.3859028130420796,-2.4229172155834786,-0.8709163183650723,0.23447033315910604,-0.3151683950342384,0.410660748869039,0.6191719678171758,2.110961043965425,0.7851164840821544,0.7122561063307735,0.3093815371082386,0.07364890801601708,-1.1165363804605049,1
-0.8663517267012604,-0.6320049142815625,-1.7301433925665342,-1.1057598626836438,-1.581920045452924,-1.051300252738241,-0.3997242687537136,0.123449689815569,0.11667749974710243,0.3856857409700794,0.8396969806307586,2.051093922673393,0.9326929192025315,0.6275755843305267,-0.5855190229925535,-0.7252936483299409,-0.6189710429853531,-1.2904072332272818,-0.2742646727186542,-0.11142595322157206,1.9509991867519136,3
0.7463077685519317,0.038374669781298075,0.1485344391027029,-1.3287151500446157,-1.3956413074733711,-0.9470929300737679,-1.496323690798715,-1.5682556163274184,-1.370792356207645,-1.1031338818326166,0.11597596951713772,-0.22590687788218577,1.2673466352933016,1.0842383958283954,0.8190994088451733,0.8817399671920112,0.9292861855221216,0.25408220576767593,-0.007454976797788878,0.7029034362238202,0.6745085797506168,3
-1.0325045231818923,2.14957007630762,-1.463032800386074,-1.314780444584555,-0.30801383733469145,-2.460841406673482,-1.3212796515990435,-0.7427499342920089,-1.2159878010630332,-0.5700194317460616,0.373664511353048,-0.24457081887034643,0.4448925872736124,0.7588661426361639,1.1318064319915286,1.025415157983709,1.3680635377307173,0.7935450241726133,2.293778650519674,-0.6018743355011833,0.8031471680530731,3
0.15011244000378202,0.25849930932432685,-0.5281457277544631,0.9008377235651035,-0.13375308245059364,0.3253333256187452,-0.8682244913175404,-0.8706451808045371,-0.8256110967853167,-1.9418139313590266,-0.6077450415964829,-0.7547185392133996,-0.6441500142421142,-0.103084914066063,0.37823376965522987,-0.03884551454738515,1.1925525968472792,0.8452743355265113,0.38442176408598194,-0.5370981340680272,-1.2748607968327585,1
