COMPACTNESS,CIRCULARITY,DISTANCE CIRCULARITY,RADIUS RATIO,PR AXIS ASPECT RATIO,MAX LENGTH ASPECT RATIO,SCATTER RATIO,ELONGATEDNESS,PR AXIS RECTANGULARITY,MAX LENGTH RECTANGULARITY,SCALED VARIANCE ALONG MAJOR AXIS,SCALED VARIANCE ALONG MINOR AXIS,SCALED RADIUS OF GYRATION,SKEWNESS ABOUT MAJOR AXIS,SKEWNESS ABOUT MINOR AXIS,KURTOSIS ABOUT MINOR AXIS,KURTOSIS ABOUT MAJOR AXIS,HOLLOWS RATIO,target
-0.9259449764421727,-0.9884924284989466,-1.2178734169341086,-1.189153467683958,-0.38460018285043307,-0.6160350112301024,-1.5714725049205995,1.9689288355712367,-1.3656511743209663,-0.922988001941076,-1.6644115662938426,-1.351538397118978,-0.9521679562883482,-1.2558448025387736,0.15850593193737267,-0.3452197291849078,1.7345254739445228,1.2261199215926482,4
1.3883114797310345,1.272985371335228,1.4483069129953503,0.47091618571244975,-0.6988466737160307,0.7387028143415673,1.2397760880584945,-1.2167126798142995,1.3030588288312555,1.3187474125133956,1.1202770157747017,1.2356922487944946,1.2507901677449116,-0.23975875471125532,-1.2803188824876803,0.35804884074245485,-0.4497227493889921,0.25090752493868734,3
-0.0733241767994121,-0.342355914260611,0.39423561976742466,0.04835300121154599,0.7152625351791586,0.19680768411289942,-0.565341429538608,0.49863275154714304,-0.6031626019917601,-0.1078114875939954,-0.8001978684105013,-0.6115226446852119,-1.0125229733851497,-1.1106896528491281,-0.8692260783662367,0.592471697384909,1.2304681916367886,1.504752034922351,4
0.04847879457812513,-1.1500265570585304,0.39423561976742466,0.3200007626764127,-0.22747693741763422,-0.34508744611576847,0.026500379509622304,-0.2365152904649038,0.1593259703374462,-1.1947135067234362,-0.03200791473642005,-0.04097614853398762,-0.982345464836749,-0.9655345031594826,-0.8692260783662367,1.8817974089184069,1.0624490975342105,1.2261199215926482,3
-0.560536062309561,-1.3115606856181143,-1.8999195478462956,-1.7324489906136913,-1.170216410014427,-0.8869825763444363,-1.4531041431109535,1.8464041619025622,-1.3656511743209663,-1.4664390115057964,-1.6324036515574227,-1.2950486450247976,-0.8918129391915466,1.3569478918748448,0.15850593193737267,-0.9312768707910433,-1.2898182199018824,-1.6995172683692341,4
1.5101144511085718,0.6268488570968924,1.5723153004339296,0.7727470317845239,-0.6988466737160307,0.7387028143415673,1.3285523594157291,-1.2167126798142995,1.3030588288312555,0.8432277791442653,1.1202770157747017,1.286533025679257,-0.1373752254815261,-0.8203793534698371,-1.2803188824876803,3.171123120451905,0.5583918152264763,1.504752034922351,2
-0.3169301195544865,-0.6654241713797788,0.14621884489026574,-0.826956452397469,-0.6988466737160307,0.19680768411289942,-0.5949335199910195,0.49863275154714304,-0.6031626019917601,-0.3795369923763556,-0.608150379991981,-0.6341185455228842,-0.5598603451591375,-0.09460360502160986,0.5695987360588164,0.24083741242122772,0.05433453291874213,0.5295396382683905,4
-0.560536062309561,-0.6654241713797788,-0.41181889858334186,-0.7665902831830541,-0.8559699191488295,-0.34508744611576847,-0.6837097913482542,0.6211574252158175,-0.6031626019917601,-0.7871252495498959,-0.608150379991981,-0.7075552232453189,-0.6202153622559392,0.486016993736972,2.419516354605313,-0.8140654424698162,-0.7857609375941482,-1.0029369850449765,2
1.3883114797310345,1.4345194998948119,0.8902691695217426,0.5010992703196572,-0.6988466737160307,0.4677552492272334,1.4765128116777866,-1.339237353482974,1.6843031149958587,1.4546101649045757,1.3443324189296422,1.4898961332183074,1.2206126591965107,0.3408618440473265,-0.25258687218407105,0.006414555778773528,-0.281703655286414,-0.027724588391015725,2
-0.3169301195544865,0.6268488570968924,0.2702272323288452,0.8029301163917313,0.2438927988807622,-0.07413988100143454,0.23364501267650292,-0.4815646378022527,0.1593259703374462,0.5035708981663151,0.4481108063098807,0.17368490942389875,0.7377725224220977,-0.8203793534698371,0.15850593193737267,-0.8140654424698162,0.5583918152264763,0.39022358160353887,2
-0.560536062309561,-0.6654241713797788,-0.34981470486405214,0.44073310110524233,1.8151252532087503,-0.34508744611576847,-0.3581967963717274,0.1310587305411196,-0.6031626019917601,-0.8550566257454859,-0.2560633178913604,-0.3912126115179075,-0.7107478879011416,0.19570669435768107,0.36405233399809456,0.006414555778773528,0.39037272112389826,-0.027724588391015725,1
0.17028176595566236,0.3037805999777246,-0.03979373626760346,0.22945150885479046,-0.38460018285043307,-0.34508744611576847,-0.03268380139520073,-0.2365152904649038,-0.22191831582715693,0.23184539338395482,0.22405540315494035,-0.09746590062816825,0.25493238564768456,-0.8203793534698371,-0.45813327424479294,-0.9312768707910433,0.39037272112389826,0.39022358160353887,3
-0.6823390336870983,-0.18082178570102708,0.2082230386095555,-0.8873226216118838,-0.8559699191488295,0.7387028143415673,-0.3581967963717274,0.2535834042097941,-0.22191831582715693,0.435639521970725,-0.41610289157346064,-0.4477023636120881,-0.04684269983632363,0.486016993736972,-0.25258687218407105,0.47526026906368196,-0.7857609375941482,-0.027724588391015725,4
-0.3169301195544865,-1.1500265570585304,-0.41181889858334186,-0.977871875433506,-1.3273396554472259,-0.6160350112301024,-0.7428939722530772,0.743682098884492,-0.6031626019917601,-1.1947135067234362,-0.7681899536740813,-0.7753429257583357,-0.8314579220947449,-0.5300690540905463,-1.0747724804269585,-0.579642585827362,-0.4497227493889921,-0.5849888150504219,3
-0.560536062309561,-1.3115606856181143,-1.7139069666884263,-1.490984313756032,-1.3273396554472259,-0.8869825763444363,-1.0388148767771923,1.1112561198905153,-0.9844068881563631,-1.4664390115057964,-1.216300759983962,-0.9956529589256402,-0.9219904477399473,0.9214824428059083,2.0084235504838692,0.24083741242122772,-0.7857609375941482,-1.4208851550395312,3
-1.169550919197247,-0.019287657141443197,-0.9698566420569495,-0.4345763525037726,0.5581392897463598,-0.6160350112301024,-0.7133018818006657,0.6211574252158175,-0.6031626019917601,-0.31160561618076554,-0.6721662094648211,-0.7358000992924093,0.013512317260478003,0.050551544668035596,-0.8692260783662367,-1.0484882991122704,-0.7857609375941482,-1.0029369850449765,1
-1.0477479478197098,-0.342355914260611,-1.093865029495529,-1.2193365522911652,-0.8559699191488295,-0.07413988100143454,-0.565341429538608,0.6211574252158175,-0.6031626019917601,-0.31160561618076554,-0.6721662094648211,-0.6680123967793925,-0.10719771693312527,1.3569478918748448,0.5695987360588164,0.24083741242122772,-1.4578373140044605,-1.5602012117043826,1
0.7792966228433484,0.3037805999777246,-0.7218398671797905,0.5010992703196572,1.3437555169103539,-0.34508744611576847,-0.21023634410966982,-0.11399061679622934,-0.22191831582715693,0.2997767695795449,-0.3200791473642005,-0.20479642960711142,-0.1373752254815261,-0.6752242037801917,0.5695987360588164,-0.696854014148589,1.902544568047101,1.3654359782574996,1
-1.5349598333298589,-0.18082178570102708,-0.5978314797412111,-0.8873226216118838,-0.22747693741763422,-0.6160350112301024,-0.4765651581813735,0.37610807787846856,-0.6031626019917601,-0.17574286378958545,-0.28807123262778045,-0.5380859669627771,0.04368982580887882,1.2117927421851993,-1.0747724804269585,0.35804884074245485,-1.1217991257993043,-1.2815690983746795,1
-1.6567628047073961,-0.342355914260611,-0.84584825461837,-1.4608012291488246,-1.170216410014427,-0.07413988100143454,-0.565341429538608,0.49863275154714304,-0.6031626019917601,-0.2436742399851755,-0.5761424652555609,-0.6397675207323023,-0.016665191287922813,1.792413340943781,-0.45813327424479294,-0.4624311575061349,-1.6258564081070386,-1.6995172683692341,1
-0.9259449764421727,-0.342355914260611,-1.2798776106533982,-1.490984313756032,-1.3273396554472259,-0.07413988100143454,-0.565341429538608,0.6211574252158175,-0.6031626019917601,-0.31160561618076554,-0.640158294728401,-0.6567144463605564,-0.1373752254815261,1.792413340943781,0.36405233399809456,-0.4624311575061349,-1.6258564081070386,-1.8388333250340856,1
-0.19512714817694932,-1.3115606856181143,-0.41181889858334186,0.6821977779629016,1.5008787623431528,-0.6160350112301024,-0.23982843456208136,-0.11399061679622934,-0.22191831582715693,-1.3985076353102064,-0.28807123262778045,-0.27823310732954626,-1.2539430417723563,-0.5300690540905463,-1.0747724804269585,0.24083741242122772,1.0624490975342105,0.947487808262945,1
-1.0477479478197098,-0.019287657141443197,-1.0318608357762393,-1.2193365522911652,-0.8559699191488295,-0.07413988100143454,-0.5357493390861965,0.49863275154714304,-0.6031626019917601,-0.2436742399851755,-0.608150379991981,-0.6228205951040481,0.28510989419608535,1.2117927421851993,-1.0747724804269585,-0.22800830086368068,-1.6258564081070386,-1.5602012117043826,1
-0.560536062309561,-1.4730948141776983,-1.8999195478462956,-1.7928151598281061,-1.4844629008800247,-0.6160350112301024,-1.5122883240157765,1.9689288355712367,-1.3656511743209663,-1.3305762591146162,-1.6644115662938426,-1.3345914714907239,-1.5557181272563645,1.0666375924955538,-0.8692260783662367,0.24083741242122772,-1.2898182199018824,-1.4208851550395312,4
1.2665085083534975,1.272985371335228,1.6343194941532193,1.074577877856598,0.401016044313561,0.7387028143415673,1.5061049021301982,-1.2167126798142995,1.6843031149958587,1.590472917295756,1.1842928452475419,1.4955451084277254,0.7981275395188993,-0.23975875471125532,1.5973307463624258,2.116220265560861,0.05433453291874213,1.0868038649277965,3
-0.560536062309561,-0.342355914260611,0.2082230386095555,-0.2534778448605281,0.401016044313561,0.7387028143415673,-0.41738097727655044,0.2535834042097941,-0.6031626019917601,0.1639140171883648,-0.5121266357827208,-0.48724519007801453,-0.07702020838472445,-0.09460360502160986,-0.25258687218407105,-0.3452197291849078,-0.6177418434915701,0.11159146827383581,4
1.8755233652411836,1.4345194998948119,1.3242985255567707,1.1047609624638053,0.2438927988807622,0.7387028143415673,1.5652890830350212,-1.339237353482974,1.6843031149958587,1.794267045882526,1.280316589456802,1.5689817861501603,1.0999026250029074,-0.23975875471125532,-0.04704047012334921,0.24083741242122772,-0.281703655286414,0.6688556949332419,3
-1.0477479478197098,-1.4730948141776983,-0.9698566420569495,-1.3702519753272022,-1.0130931645816283,-0.8869825763444363,-1.4531041431109535,1.8464041619025622,-1.3656511743209663,-1.3985076353102064,-1.5683878220845826,-1.3006976202342155,-1.3746530759659596,0.050551544668035596,-1.0747724804269585,0.7096831257061361,-0.4497227493889921,-0.7243048717152734,4
-1.0477479478197098,-0.019287657141443197,-0.7218398671797905,-1.1589703830767504,-0.5417234282832318,-0.07413988100143454,-0.5357493390861965,0.49863275154714304,-0.6031626019917601,-0.17574286378958545,-0.5761424652555609,-0.6115226446852119,0.3152874027444862,0.9214824428059083,-0.8692260783662367,-0.8140654424698162,-1.2898182199018824,-1.2815690983746795,1
1.8755233652411836,0.3037805999777246,0.8902691695217426,1.1349440470710128,0.401016044313561,0.19680768411289942,0.8550789121771448,-0.9716633324769506,0.9218145426666524,0.09598264099277475,0.9602374420926015,0.8120191080881398,0.43599743693808946,-0.3849139044009008,-0.45813327424479294,0.12362598410000063,0.2223536270213202,0.39022358160353887,3
1.022902565598423,1.4345194998948119,1.014277556960322,-0.04219625261007624,-1.3273396554472259,0.4677552492272334,1.4173286307729636,-1.2167126798142995,1.3030588288312555,1.7263356696869359,1.248308674720382,1.4108104802864545,1.4016777104869156,-0.09460360502160986,-1.2803188824876803,2.233431693882088,-0.281703655286414,0.39022358160353887,2
0.7792966228433484,0.7883829856564762,1.014277556960322,1.074577877856598,0.2438927988807622,-0.6160350112301024,1.4469207212253752,-1.339237353482974,1.3030588288312555,0.5035708981663151,1.3763403336660622,1.563332810940742,1.0999026250029074,0.6311721434266174,0.36405233399809456,-0.579642585827362,0.05433453291874213,-0.8636209283801249,1
0.04847879457812513,-0.18082178570102708,-0.7218398671797905,0.5312823549268646,1.6580020077759514,-0.07413988100143454,-0.4765651581813735,0.1310587305411196,-0.6031626019917601,-0.31160561618076554,-0.5761424652555609,-0.45900031403092423,0.04368982580887882,-0.8203793534698371,0.15850593193737267,-1.1656997274334975,1.7345254739445228,1.504752034922351,1
-0.19512714817694932,-0.8269582999393627,-1.2178734169341086,-0.7364071985758467,-0.38460018285043307,-0.07413988100143454,-1.245959509944073,1.3563054672278643,-1.3656511743209663,-0.6512624971587158,-1.280316589456802,-1.1368773391610918,-0.801280413546344,-1.5461551019180644,1.391784344301704,-1.2829111557547246,2.574620944457413,2.0620162615817574,4
1.7537203938636463,1.4345194998948119,1.4483069129953503,1.0443947932493904,0.08676955344796339,0.7387028143415673,0.9734472739867909,-0.9716633324769506,0.9218145426666524,1.0470219077310354,0.8642136978833413,0.9362965626953372,1.7638078130677255,-0.6752242037801917,1.1862379422409821,-1.0484882991122704,0.2223536270213202,0.6688556949332419,3
0.4138877087107368,-1.3115606856181143,-0.34981470486405214,0.018169916604338577,-0.22747693741763422,-0.07413988100143454,-0.23982843456208136,0.00853405687244514,-0.22191831582715693,-1.1947135067234362,0.0,-0.2895310577483824,-1.2237655332239556,-0.09460360502160986,-1.2803188824876803,-1.4001225840759517,-0.11368456118383594,-0.44567275838557036,2
-0.3169301195544865,-0.342355914260611,0.39423561976742466,-0.34402709868215037,-0.07035369198483542,0.19680768411289942,-0.5949335199910195,0.49863275154714304,-0.6031626019917601,0.571502274361905,-0.7681899536740813,-0.6567144463605564,-1.1030554990303523,-1.2558448025387736,-1.0747724804269585,1.6473745522759529,1.3984872857393666,1.6440680915872028,4
0.4138877087107368,-0.019287657141443197,-0.34981470486405214,0.19926842424758304,-0.22747693741763422,0.19680768411289942,-0.3581967963717274,0.1310587305411196,-0.22191831582715693,0.02805126479718469,-0.28807123262778045,-0.40815953714616166,-0.22790775112672854,-1.4009999522284189,2.0084235504838692,0.006414555778773528,1.5665063798419447,1.504752034922351,3
-0.3169301195544865,1.111451242775644,1.014277556960322,0.8331132009989387,0.08676955344796339,0.19680768411289942,0.7071184599150871,-0.8491386588082761,0.5405702565020494,0.8432277791442653,0.8642136978833413,0.6764437030621063,2.0354053900033326,-0.5300690540905463,-0.6636796763055148,-1.2829111557547246,0.2223536270213202,0.5295396382683905,2
1.2665085083534975,1.111451242775644,0.7662607820831631,1.1953102162854277,0.7152625351791586,-0.8869825763444363,1.15099981670126,-1.2167126798142995,1.3030588288312555,0.8432277791442653,1.216300759983962,1.2639371248415847,1.2507901677449116,0.486016993736972,0.9806915401802602,-0.9312768707910433,0.7264109093290544,-0.5849888150504219,1
0.17028176595566236,-0.019287657141443197,1.4483069129953503,1.1953102162854277,0.401016044313561,0.4677552492272334,0.5295659172006181,-0.6040893114709273,0.5405702565020494,0.09598264099277475,0.41610289157346064,0.4391867442665477,-0.5598603451591375,-1.2558448025387736,0.15850593193737267,2.3506431222033153,1.5665063798419447,2.201332318246609,3
-0.8041420050646354,-1.3115606856181143,-1.341881804372688,-1.0986042138623355,-0.6988466737160307,-0.6160350112301024,-1.2163674194916614,1.3563054672278643,-0.9844068881563631,-1.3305762591146162,-1.1202770157747017,-1.1255793887422556,-1.3444755674175588,-0.23975875471125532,-1.0747724804269585,0.24083741242122772,-0.4497227493889921,-0.44567275838557036,3
1.3883114797310345,0.9499171142160602,1.4483069129953503,0.8632962856061461,-0.22747693741763422,0.7387028143415673,0.6479342790102641,-0.7266139851396017,0.5405702565020494,0.9111591553398554,0.5761424652555609,0.5804111245019993,0.5265299625832919,-1.2558448025387736,2.419516354605313,-0.9312768707910433,1.2304681916367886,1.3654359782574996,3
-0.19512714817694932,-0.5038900428201949,-0.41181889858334186,0.10871917042596081,-0.22747693741763422,-0.07413988100143454,-0.6541177008958426,0.49863275154714304,-0.6031626019917601,-0.44746836857194566,-0.48011872104630077,-0.6793103471982287,-0.4995053280623359,-1.5461551019180644,3.2417019628482007,-0.22800830086368068,2.9106591326625693,2.201332318246609,2
-0.0733241767994121,0.4653147285373085,0.14621884489026574,-0.5553086909326023,0.2438927988807622,0.7387028143415673,-0.3877888868241389,0.37610807787846856,-0.22191831582715693,1.1149532839266254,-0.5761424652555609,-0.49854314049685067,0.345464911292887,0.050551544668035596,0.36405233399809456,0.35804884074245485,-0.6177418434915701,-0.027724588391015725,4
0.7792966228433484,0.9499171142160602,1.6963236878725092,1.889521162251198,1.3437555169103539,0.7387028143415673,1.5061049021301982,-1.339237353482974,1.6843031149958587,0.9790905315354453,1.5683878220845826,1.5802797365689962,0.8886600651641018,0.050551544668035596,0.9806915401802602,0.8268945540273632,0.05433453291874213,0.39022358160353887,2
-1.2913538905747843,-0.5038900428201949,-0.6598356734605009,-0.4949425217181874,0.401016044313561,-0.34508744611576847,-0.5949335199910195,0.49863275154714304,-0.6031626019917601,-0.44746836857194566,-0.5441345505191408,-0.6284695703134661,-0.5598603451591375,0.19570669435768107,-0.8692260783662367,-1.1656997274334975,-0.7857609375941482,-0.7243048717152734,1
1.3883114797310345,1.5960536284543958,0.8902691695217426,0.3803669318908275,-0.8559699191488295,0.19680768411289942,1.4765128116777866,-1.339237353482974,1.6843031149958587,1.794267045882526,1.3443324189296422,1.5294389596842337,1.19043515064811,0.19570669435768107,-0.45813327424479294,-0.8140654424698162,-0.281703655286414,-0.16704064505586727,2
-0.8041420050646354,-0.5038900428201949,-1.093865029495529,-0.5553086909326023,0.401016044313561,0.4677552492272334,-1.068406967229604,1.1112561198905153,-0.9844068881563631,-0.5153997447675357,-1.0242532715654415,-1.0013019341350582,-0.5296828366107367,-0.8203793534698371,0.15850593193737267,-1.4001225840759517,0.7264109093290544,0.8081717515980935,4
-1.5349598333298589,-1.1500265570585304,-1.775911160407716,-1.3702519753272022,-0.5417234282832318,-0.6160350112301024,-1.0388148767771923,1.2337807935591898,-0.9844068881563631,-1.3985076353102064,-1.3443324189296422,-1.0351957853915665,-0.8616354306431457,1.5021030415644903,0.7751451381195382,-0.696854014148589,-1.9618945963121948,-1.5602012117043826,2
-0.4387330909320238,0.4653147285373085,-0.2878105111447624,-1.0986042138623355,-0.8559699191488295,0.4677552492272334,-0.3581967963717274,0.37610807787846856,-0.22191831582715693,1.0470219077310354,-0.640158294728401,-0.49854314049685067,0.3152874027444862,0.7763272931162629,-1.0747724804269585,-1.0484882991122704,-1.1217991257993043,-0.5849888150504219,4
-0.560536062309561,-0.5038900428201949,-0.9698566420569495,-1.3098858061127876,-1.3273396554472259,-0.34508744611576847,-1.127591148134427,1.2337807935591898,-0.9844068881563631,-0.31160561618076554,-0.8642136978833413,-1.063440661438657,-0.43915031096553425,0.050551544668035596,0.7751451381195382,0.592471697384909,-0.11368456118383594,-0.5849888150504219,4
0.7792966228433484,0.9499171142160602,1.6963236878725092,1.6782395700007462,0.8723857806119575,0.19680768411289942,1.4173286307729636,-1.339237353482974,1.3030588288312555,0.9111591553398554,1.5683878220845826,1.4785981827994712,0.8886600651641018,-0.09460360502160986,-0.04704047012334921,0.7096831257061361,0.05433453291874213,0.5295396382683905,2
-0.8041420050646354,-0.5038900428201949,-1.093865029495529,-0.5553086909326023,0.401016044313561,0.4677552492272334,-1.068406967229604,1.1112561198905153,-0.9844068881563631,-0.44746836857194566,-1.0242532715654415,-1.0069509093444764,-0.5296828366107367,-0.8203793534698371,0.15850593193737267,-1.2829111557547246,0.7264109093290544,0.8081717515980935,4
1.3883114797310345,1.4345194998948119,1.6343194941532193,1.9800704160728202,1.3437555169103539,1.0096503794559013,1.3581444498681405,-1.2167126798142995,1.3030588288312555,1.3187474125133956,1.1842928452475419,1.3825656042393641,1.5525652532289198,-0.6752242037801917,-0.45813327424479294,1.1785288389910444,0.05433453291874213,0.8081717515980935,3
-0.19512714817694932,0.1422464714181407,0.08421465117097601,-0.4345763525037726,-0.8559699191488295,-0.6160350112301024,-0.2694205250144929,0.00853405687244514,-0.22191831582715693,-0.03988011139840536,-0.1280316589456802,-0.3403718346331449,0.22475487709928374,-0.23975875471125532,0.7751451381195382,-0.8140654424698162,-0.4497227493889921,-0.5849888150504219,3
0.7792966228433484,0.4653147285373085,0.8282649758024528,1.225493300892635,1.0295090260447564,-0.34508744611576847,0.8846710026295563,-1.094188006145625,0.9218145426666524,0.09598264099277475,0.8642136978833413,0.919349637067083,0.7075950138736968,0.050551544668035596,0.15850593193737267,-0.11079687254245357,0.5583918152264763,-0.16704064505586727,1
-0.9259449764421727,-0.342355914260611,-0.84584825461837,-0.5553086909326023,0.401016044313561,0.19680768411289942,-0.9204465149675463,0.8662067725531665,-0.9844068881563631,-0.3795369923763556,-0.8962216126197614,-0.888322429946697,-0.07702020838472445,-0.5300690540905463,-0.04704047012334921,-1.4001225840759517,0.5583918152264763,0.8081717515980935,4
-0.3169301195544865,-1.4730948141776983,-0.5978314797412111,-0.1931116756461133,-0.22747693741763422,-0.07413988100143454,-0.565341429538608,0.37610807787846856,-0.6031626019917601,-1.058850754332256,-0.7361820389376612,-0.6115226446852119,-1.6764281614499679,-1.4009999522284189,-0.8692260783662367,1.1785288389910444,1.2304681916367886,1.3654359782574996,3
3.093553079016556,1.4345194998948119,1.51031110671464,1.5575072315719165,0.5581392897463598,1.0096503794559013,1.2989602689633175,-1.2167126798142995,1.3030588288312555,1.2508160363178056,1.0882691010382817,1.3147779017263475,1.673275287422523,-0.9655345031594826,2.830609158726757,-1.2829111557547246,0.5583918152264763,0.947487808262945,3
1.1447055369759602,1.4345194998948119,1.5723153004339296,1.4971410623575017,0.401016044313561,1.0096503794559013,1.5652890830350212,-1.339237353482974,1.6843031149958587,1.7263356696869359,1.0242532715654415,1.6141735878255046,0.677417505325296,-0.8203793534698371,-1.2803188824876803,0.7096831257061361,0.05433453291874213,0.6688556949332419,2
1.2665085083534975,1.4345194998948119,0.5802482009252939,1.225493300892635,0.8723857806119575,0.7387028143415673,1.4469207212253752,-1.2167126798142995,1.3030588288312555,1.4546101649045757,1.0882691010382817,1.4390553563335446,0.5868849796800936,0.19570669435768107,-0.45813327424479294,1.0613174106698176,-0.281703655286414,0.11159146827383581,2
-0.9259449764421727,-1.4730948141776983,-0.7218398671797905,-0.7665902831830541,-0.07035369198483542,0.19680768411289942,-1.068406967229604,1.1112561198905153,-0.9844068881563631,-1.2626448829190262,-1.1522849305111218,-0.9956529589256402,-1.4953631101595628,-0.9655345031594826,-0.8692260783662367,-0.22800830086368068,0.8944300034316325,0.947487808262945,4
2.606341193506407,1.272985371335228,1.1382859443989015,1.1047609624638053,0.401016044313561,0.7387028143415673,1.5061049021301982,-1.339237353482974,1.6843031149958587,1.1828846601222156,1.280316589456802,1.5124920340559795,1.1300801335513082,-0.23975875471125532,3.0361555607874786,-0.11079687254245357,0.05433453291874213,0.5295396382683905,3
0.6574936514658113,1.9191218855735637,1.1382859443989015,0.25963459346199785,-1.170216410014427,1.2805979445702351,1.6244732639398443,-1.339237353482974,1.6843031149958587,2.6773749364251964,1.0882691010382817,1.6028756374066686,1.0999026250029074,-0.09460360502160986,-0.45813327424479294,-0.579642585827362,-0.6177418434915701,0.39022358160353887,2
0.29208473733319956,0.3037805999777246,-0.2878105111447624,1.074577877856598,1.6580020077759514,-0.6160350112301024,-0.062275891847612244,-0.35903996413357825,-0.22191831582715693,0.09598264099277475,-0.03200791473642005,-0.074869999790496,0.1643998600024821,-0.5300690540905463,-0.04704047012334921,0.47526026906368196,1.7345254739445228,1.0868038649277965,1
-1.0477479478197098,-1.4730948141776983,-0.5978314797412111,-1.2495196368983728,-0.8559699191488295,-0.34508744611576847,-1.245959509944073,1.6013548145652132,-0.9844068881563631,-1.6023017638969765,-1.4403561631389024,-1.1820691408364363,-1.6160731443531662,-0.3849139044009008,-0.6636796763055148,2.116220265560861,-0.7857609375941482,-0.16704064505586727,2
-0.0733241767994121,-0.6654241713797788,-0.41181889858334186,-1.340068890719995,-1.6415861463128236,-0.34508744611576847,-0.8612623340627232,0.988731446221841,-0.9844068881563631,-0.5153997447675357,-0.8001978684105013,-0.8939714051561151,-0.8314579220947449,0.6311721434266174,-0.25258687218407105,0.35804884074245485,-0.7857609375941482,-1.4208851550395312,4
0.6574936514658113,1.111451242775644,1.3863027192760604,0.25963459346199785,-1.0130931645816283,0.4677552492272334,1.210183997606083,-1.094188006145625,1.3030588288312555,1.1828846601222156,0.9602374420926015,1.2130963479568222,1.160257642099709,0.050551544668035596,-0.6636796763055148,-1.1656997274334975,-0.281703655286414,-0.16704064505586727,2
-1.0477479478197098,-1.1500265570585304,-0.41181889858334186,-1.0986042138623355,-1.170216410014427,-0.34508744611576847,-0.6541177008958426,0.6211574252158175,-0.6031626019917601,-1.1947135067234362,-0.5761424652555609,-0.701906248035901,-0.9521679562883482,0.3408618440473265,0.15850593193737267,1.5301631239547258,-0.9537800316967263,-1.0029369850449765,3
0.04847879457812513,-1.4730948141776983,-0.84584825461837,-1.2495196368983728,-1.170216410014427,-0.34508744611576847,-1.245959509944073,1.3563054672278643,-0.9844068881563631,-1.126782130527846,-1.0882691010382817,-1.1312283639516736,-1.8273157041919719,-0.9655345031594826,-1.0747724804269585,-1.1656997274334975,1.0624490975342105,0.11159146827383581,4
1.631917422486109,1.5960536284543958,1.3242985255567707,1.3462256393214647,1.0295090260447564,0.7387028143415673,1.4765128116777866,-1.339237353482974,1.6843031149958587,1.590472917295756,1.0242532715654415,1.5068430588465616,1.19043515064811,-0.3849139044009008,0.7751451381195382,-0.579642585827362,-0.281703655286414,0.25090752493868734,3
-0.19512714817694932,-0.019287657141443197,-0.34981470486405214,-0.1931116756461133,-0.6988466737160307,-0.34508744611576847,-0.2990126154669044,0.00853405687244514,-0.22191831582715693,-0.1078114875939954,-0.16003957368210026,-0.346020809842563,0.013512317260478003,-0.5300690540905463,0.36405233399809456,-0.22800830086368068,0.2223536270213202,-0.027724588391015725,3
1.631917422486109,1.111451242775644,1.2002901381181912,1.4971410623575017,0.401016044313561,0.7387028143415673,0.9734472739867909,-0.9716633324769506,0.9218145426666524,1.0470219077310354,0.9602374420926015,0.9475945131141733,0.4661749454864903,-1.1106896528491281,2.2139699525445913,-1.1656997274334975,1.3984872857393666,1.504752034922351,2
0.535690680088274,0.9499171142160602,0.14621884489026574,1.1651271316782201,1.6580020077759514,-0.34508744611576847,0.44078964584338354,-0.7266139851396017,0.1593259703374462,0.8432277791442653,0.3200791473642005,0.4391867442665477,0.6472399967768951,-0.09460360502160986,0.5695987360588164,-0.11079687254245357,1.2304681916367886,0.5295396382683905,1
1.2665085083534975,1.272985371335228,1.6343194941532193,1.1349440470710128,-0.07035369198483542,0.7387028143415673,1.4173286307729636,-1.2167126798142995,1.3030588288312555,1.3187474125133956,1.1842928452475419,1.4221084307052905,0.9791925908093042,-0.8203793534698371,-1.2803188824876803,-0.3452197291849078,-0.11368456118383594,0.8081717515980935,3
-1.4131568619523216,-0.342355914260611,-0.6598356734605009,-0.4345763525037726,1.0295090260447564,-0.34508744611576847,-0.565341429538608,0.49863275154714304,-0.6031626019917601,-0.3795369923763556,-0.5761424652555609,-0.6341185455228842,-0.10719771693312527,0.7763272931162629,0.15850593193737267,-0.11079687254245357,-1.2898182199018824,-1.2815690983746795,1
-1.7785657760849332,-0.8269582999393627,-0.1017979299868932,-1.0684211292551282,-1.0130931645816283,-0.34508744611576847,-0.6541177008958426,0.743682098884492,-0.6031626019917601,-0.922988001941076,-0.5441345505191408,-0.7414490745018274,-0.982345464836749,0.486016993736972,0.36405233399809456,2.116220265560861,-1.2898182199018824,-0.30635670172071877,2
-0.9259449764421727,-0.342355914260611,-0.84584825461837,-0.4949425217181874,0.08676955344796339,-0.34508744611576847,-0.565341429538608,0.37610807787846856,-0.6031626019917601,-0.44746836857194566,-0.3200791473642005,-0.5945757190569577,-0.3787952938687326,0.3408618440473265,-0.45813327424479294,-0.3452197291849078,-0.11368456118383594,-0.44567275838557036,1
-0.19512714817694932,-1.1500265570585304,-1.341881804372688,-1.1589703830767504,0.08676955344796339,-0.8869825763444363,-1.6306566858254226,2.091453509239911,-1.3656511743209663,-1.126782130527846,-1.7284273957666827,-1.4023791740037406,-1.1935880246755548,-0.09460360502160986,1.5973307463624258,-0.8140654424698162,0.2223536270213202,-0.16704064505586727,4
-1.5349598333298589,-0.019287657141443197,-0.84584825461837,-0.9476887908262985,-0.22747693741763422,-0.34508744611576847,-0.506157248633785,0.49863275154714304,-0.6031626019917601,0.1639140171883648,-0.7041741242012411,-0.61717161989463,0.07386733435727964,1.2117927421851993,-0.6636796763055148,0.12362598410000063,-1.6258564081070386,-1.6995172683692341,1
-1.9003687474624704,-1.4730948141776983,-1.341881804372688,-1.5815335675776543,-0.8559699191488295,-0.6160350112301024,-1.364327871753719,1.7238794882338877,-1.3656511743209663,-1.6702331400925665,-1.5363799073481625,-1.249856843349453,-1.6764281614499679,0.7763272931162629,-0.6636796763055148,0.47526026906368196,-1.7938755022096167,-1.4208851550395312,2
-0.9259449764421727,-0.9884924284989466,-1.341881804372688,-0.8571395370046764,-0.22747693741763422,-0.34508744611576847,-1.482696233563365,1.7238794882338877,-1.3656511743209663,-0.9909193781366661,-1.5683878220845826,-1.3006976202342155,-1.0728779904819514,-1.6913102516077099,0.15850593193737267,-0.4624311575061349,1.902544568047101,1.6440680915872028,4
2.240932279373795,0.7883829856564762,1.3863027192760604,0.8632962856061461,-0.5417234282832318,0.7387028143415673,1.15099981670126,-1.094188006145625,1.3030588288312555,0.7073650267530852,1.0882691010382817,1.1114147941872972,0.28510989419608535,-0.8203793534698371,1.8028771484231474,1.1785288389910444,0.39037272112389826,0.947487808262945,3
0.7792966228433484,1.4345194998948119,1.262294331837481,1.1349440470710128,0.5581392897463598,0.4677552492272334,0.8550789121771448,-0.9716633324769506,0.9218145426666524,1.0470219077310354,1.1202770157747017,0.8176680832975579,1.9146953558097295,-0.09460360502160986,-0.45813327424479294,-0.11079687254245357,-0.281703655286414,0.11159146827383581,3
-1.0477479478197098,-1.3115606856181143,-0.1017979299868932,-0.31384401407494295,-0.38460018285043307,-0.07413988100143454,-0.4765651581813735,0.37610807787846856,-0.6031626019917601,-1.5343703877013863,-0.3200791473642005,-0.532436991753359,-1.2237655332239556,-0.5300690540905463,-0.04704047012334921,1.0613174106698176,0.39037272112389826,0.25090752493868734,2
1.1447055369759602,0.9499171142160602,1.4483069129953503,0.16908533964037564,-0.8559699191488295,0.7387028143415673,1.210183997606083,-1.094188006145625,1.3030588288312555,0.9790905315354453,1.0562611863018616,1.1735535214908959,1.3715002019385147,0.050551544668035596,0.36405233399809456,-0.3452197291849078,-0.281703655286414,0.11159146827383581,3
-0.4387330909320238,0.6268488570968924,0.2082230386095555,-0.826956452397469,-0.6988466737160307,0.7387028143415673,-0.2990126154669044,0.2535834042097941,-0.22191831582715693,1.2508160363178056,-0.5121266357827208,-0.436404413193252,0.28510989419608535,0.3408618440473265,-1.0747724804269585,-0.11079687254245357,-1.1217991257993043,-0.44567275838557036,4
-0.4387330909320238,-0.342355914260611,-0.5978314797412111,-0.34402709868215037,0.401016044313561,-0.07413988100143454,-0.9796306958723693,0.988731446221841,-0.9844068881563631,-0.2436742399851755,-0.9922453568290216,-0.9222162812032053,-0.2882627682235302,-1.2558448025387736,-0.45813327424479294,-0.696854014148589,2.070563662149679,1.9227002049169057,4
-0.560536062309561,-1.1500265570585304,-0.47382309230263164,-0.9175057062190911,-0.38460018285043307,-0.34508744611576847,-0.9796306958723693,0.988731446221841,-0.9844068881563631,-1.058850754332256,-0.7041741242012411,-0.9278652564126234,-1.4651856016111622,-0.09460360502160986,0.15850593193737267,-0.579642585827362,0.05433453291874213,-0.30635670172071877,4
-1.4131568619523216,-0.6654241713797788,-0.7218398671797905,-0.40439326789656516,0.401016044313561,-0.34508744611576847,-0.624525610443431,0.49863275154714304,-0.6031626019917601,-0.7191938733543058,-0.5441345505191408,-0.6454164959417203,-0.7409253964495425,-0.09460360502160986,-0.25258687218407105,0.592471697384909,-0.281703655286414,-0.027724588391015725,1
-1.0477479478197098,-0.019287657141443197,-0.5358272860219213,-0.04219625261007624,1.186632271477555,-0.07413988100143454,-0.7724860627054887,0.6211574252158175,-0.9844068881563631,-0.03988011139840536,-0.5121266357827208,-0.7640449753394997,-0.016665191287922813,-0.23975875471125532,-0.8692260783662367,-1.4001225840759517,0.2223536270213202,0.5295396382683905,4
1.7537203938636463,0.9499171142160602,1.1382859443989015,1.1349440470710128,0.2438927988807622,0.4677552492272334,0.7958947312723218,-0.8491386588082761,0.9218145426666524,0.7073650267530852,0.8001978684105013,0.7555293559939592,0.7377725224220977,-1.1106896528491281,0.15850593193737267,0.47526026906368196,0.8944300034316325,1.3654359782574996,3
-0.3169301195544865,-0.18082178570102708,-0.9698566420569495,-0.5251256063253948,0.2438927988807622,-0.34508744611576847,-0.9500386054199578,0.8662067725531665,-0.9844068881563631,-0.17574286378958545,-0.7361820389376612,-0.9165673059937873,-0.2882627682235302,-0.09460360502160986,-1.0747724804269585,-0.3452197291849078,-0.11368456118383594,-0.16704064505586727,4
-0.4387330909320238,-1.4730948141776983,-1.5278943855305571,-1.1589703830767504,-0.6988466737160307,-0.6160350112301024,-1.423512052658542,1.8464041619025622,-1.3656511743209663,-1.4664390115057964,-1.6644115662938426,-1.2781017193965434,-1.3444755674175588,-0.6752242037801917,3.2417019628482007,1.2957402673122715,0.2223536270213202,-0.027724588391015725,3
0.4138877087107368,-0.6654241713797788,-1.2178734169341086,-1.0684211292551282,-0.8559699191488295,-0.34508744611576847,-1.1571832385868384,1.3563054672278643,-0.9844068881563631,-0.3795369923763556,-0.9922453568290216,-1.1029834879045834,-0.5900378537075384,0.7763272931162629,-0.25258687218407105,-0.579642585827362,-0.7857609375941482,-1.2815690983746795,4
-0.560536062309561,-0.8269582999393627,-0.34981470486405214,0.5916485241412793,2.2864949895071467,-0.34508744611576847,-0.565341429538608,0.37610807787846856,-0.6031626019917601,-0.8550566257454859,-0.48011872104630077,-0.5663308430098675,-0.8616354306431457,-0.09460360502160986,-0.6636796763055148,-0.4624311575061349,0.7264109093290544,0.25090752493868734,1
-1.0477479478197098,-0.18082178570102708,-0.7218398671797905,1.1047609624638053,6.5288226161927145,11.847552984029258,-0.5949335199910195,0.49863275154714304,-0.6031626019917601,-0.31160561618076554,1.6644115662938426,-0.6623634215699745,0.345464911292887,7.88892962790889,0.5695987360588164,-0.11079687254245357,-1.4578373140044605,-1.6995172683692341,1
1.2665085083534975,1.5960536284543958,1.4483069129953503,1.6480564853935387,1.3437555169103539,0.4677552492272334,1.5948811734874326,-1.339237353482974,1.6843031149958587,1.930129798273706,1.5363799073481625,1.6650143647102673,1.2507901677449116,0.3408618440473265,1.5973307463624258,-0.11079687254245357,-0.11368456118383594,0.11159146827383581,2
-0.560536062309561,-0.6654241713797788,-0.41181889858334186,-0.1931116756461133,0.7152625351791586,-0.8869825763444363,-0.4765651581813735,0.2535834042097941,-0.6031626019917601,-0.8550566257454859,-0.4481108063098807,-0.5098410909156869,-0.6805703793527408,-0.09460360502160986,-0.8692260783662367,-1.4001225840759517,-0.11368456118383594,-0.027724588391015725,1
-1.4131568619523216,-1.4730948141776983,-1.8999195478462956,-1.641899736792069,-1.3273396554472259,-1.1579301414587704,-1.009222786324781,1.1112561198905153,-0.9844068881563631,-1.5343703877013863,-1.248308674720382,-0.984355008506804,-0.982345464836749,1.9375684906334265,1.8028771484231474,-0.9312768707910433,-1.2898182199018824,-1.8388333250340856,3
-0.19512714817694932,1.111451242775644,0.7042565883638734,1.074577877856598,0.8723857806119575,0.19680768411289942,0.5887500981054411,-0.7266139851396017,0.5405702565020494,0.8432277791442653,0.8001978684105013,0.5295703476172366,1.9146953558097295,-0.09460360502160986,-0.8692260783662367,-0.8140654424698162,-0.11368456118383594,-0.027724588391015725,2
-0.0733241767994121,-0.9884924284989466,0.33223142604813494,0.44073310110524233,0.401016044313561,-0.07413988100143454,-0.0030917109427892127,-0.11399061679622934,-0.22191831582715693,-0.9909193781366661,0.3520870621006206,-0.11441282625642243,-0.8314579220947449,-0.09460360502160986,0.15850593193737267,1.5301631239547258,-0.11368456118383594,-0.027724588391015725,3
0.535690680088274,-1.1500265570585304,-0.22580631742547266,0.6821977779629016,0.5581392897463598,-0.07413988100143454,-0.0030917109427892127,-0.2365152904649038,-0.22191831582715693,-0.8550566257454859,0.2560633178913604,-0.06922102458107793,-1.0728779904819514,-0.8203793534698371,0.5695987360588164,0.9441059823485903,0.5583918152264763,0.5295396382683905,3
0.4138877087107368,0.3037805999777246,-0.03979373626760346,0.44073310110524233,0.401016044313561,-0.07413988100143454,-0.03268380139520073,-0.2365152904649038,-0.22191831582715693,0.09598264099277475,0.1280316589456802,-0.09181692541875018,0.1643998600024821,-0.3849139044009008,0.9806915401802602,-1.1656997274334975,0.5583918152264763,0.39022358160353887,2
1.5101144511085718,0.4653147285373085,1.5723153004339296,1.0142117086421831,-0.07035369198483542,0.4677552492272334,1.1214077262488484,-1.094188006145625,1.3030588288312555,0.2997767695795449,1.216300759983962,1.0888188933496248,0.7075950138736968,-0.3849139044009008,-0.25258687218407105,1.8817974089184069,0.2223536270213202,1.0868038649277965,3
0.7792966228433484,1.111451242775644,1.3863027192760604,0.6218316087484868,-0.38460018285043307,0.4677552492272334,1.15099981670126,-1.094188006145625,1.3030588288312555,0.9790905315354453,0.9922453568290216,1.1283617198155513,0.6170624882284944,-0.3849139044009008,-1.0747724804269585,1.1785288389910444,-0.281703655286414,0.39022358160353887,3
-1.0477479478197098,-0.342355914260611,-0.7838440608990803,-0.826956452397469,0.08676955344796339,-0.34508744611576847,-0.506157248633785,0.37610807787846856,-0.6031626019917601,-0.2436742399851755,-0.3520870621006206,-0.5719798182192855,0.07386733435727964,1.6472581912541355,-1.0747724804269585,-0.9312768707910433,-1.2898182199018824,-1.5602012117043826,1
-1.4131568619523216,-0.8269582999393627,-0.5358272860219213,-0.826956452397469,-0.6988466737160307,-0.07413988100143454,-0.4765651581813735,0.37610807787846856,-0.6031626019917601,-1.058850754332256,-0.5121266357827208,-0.5663308430098675,-0.7107478879011416,0.3408618440473265,0.9806915401802602,-0.3452197291849078,-1.2898182199018824,-1.142253041709828,2
-0.560536062309561,-0.5038900428201949,-0.1017979299868932,-0.5251256063253948,0.08676955344796339,-0.6160350112301024,-0.7428939722530772,0.6211574252158175,-0.6031626019917601,-0.6512624971587158,-0.7361820389376612,-0.7583960001300816,-0.19773024257832772,0.19570669435768107,2.2139699525445913,0.12362598410000063,-0.6177418434915701,-0.8636209283801249,3
0.29208473733319956,1.5960536284543958,1.3242985255567707,0.9840286240349757,0.5581392897463598,0.19680768411289942,1.0326314548916138,-1.094188006145625,0.9218145426666524,1.1828846601222156,1.216300759983962,1.026680166046026,2.0957604071001343,0.19570669435768107,-0.04704047012334921,-1.1656997274334975,-0.4497227493889921,-0.16704064505586727,2
-0.6823390336870983,-1.1500265570585304,-1.4658901918112675,-0.9476887908262985,-0.22747693741763422,-0.8869825763444363,-0.624525610443431,0.6211574252158175,-0.6031626019917601,-1.1947135067234362,-0.8322057831469213,-0.6962572728264829,-0.5900378537075384,1.9375684906334265,1.1862379422409821,-1.4001225840759517,-1.4578373140044605,-1.6995172683692341,3
-0.3169301195544865,-0.9884924284989466,0.08421465117097601,0.04835300121154599,-0.22747693741763422,-0.07413988100143454,0.08568456041444535,-0.35903996413357825,0.1593259703374462,-0.9909193781366661,0.2560633178913604,0.015513603560193002,-0.7409253964495425,-0.09460360502160986,-1.2803188824876803,-0.22800830086368068,-0.11368456118383594,-0.16704064505586727,3
-0.0733241767994121,0.3037805999777246,0.08421465117097601,-0.10256242182449107,-0.22747693741763422,-0.34508744611576847,-0.062275891847612244,-0.11399061679622934,-0.22191831582715693,-0.1078114875939954,0.2560633178913604,-0.14265770230351274,0.7377725224220977,0.050551544668035596,1.1862379422409821,-0.9312768707910433,-0.281703655286414,-0.44567275838557036,2
0.6574936514658113,0.4653147285373085,-0.16380212370618294,0.9236624548205609,1.0295090260447564,-0.6160350112301024,0.47038173629579505,-0.7266139851396017,0.5405702565020494,0.2997767695795449,0.41610289157346064,0.46178264510421996,-0.1675527340299269,0.19570669435768107,-0.25258687218407105,-0.4624311575061349,1.0624490975342105,-0.027724588391015725,1
0.29208473733319956,-1.3115606856181143,-0.47382309230263164,0.561465439534072,1.0295090260447564,-0.07413988100143454,-0.2990126154669044,0.1310587305411196,-0.22191831582715693,-0.9909193781366661,-0.19204748841852032,-0.3629677354708172,-1.2841205503207571,-0.5300690540905463,-0.6636796763055148,0.47526026906368196,0.2223536270213202,0.25090752493868734,3
1.3883114797310345,0.1422464714181407,1.1382859443989015,0.8029301163917313,-0.07035369198483542,0.19680768411289942,0.7071184599150871,-0.8491386588082761,0.5405702565020494,0.09598264099277475,0.5761424652555609,0.648198827015016,-0.4693278195139351,-1.1106896528491281,-0.25258687218407105,-0.3452197291849078,0.8944300034316325,0.947487808262945,2
-0.9259449764421727,0.3037805999777246,-0.41181889858334186,-0.10256242182449107,1.0295090260447564,-0.6160350112301024,-0.44697306772896195,0.2535834042097941,-0.6031626019917601,-0.17574286378958545,-0.41610289157346064,-0.48724519007801453,0.40581992838968867,0.19570669435768107,0.15850593193737267,-1.0484882991122704,-0.11368456118383594,-0.16704064505586727,1
-0.9259449764421727,-1.3115606856181143,-1.341881804372688,-1.6117166521848616,-1.170216410014427,-0.8869825763444363,-1.482696233563365,1.8464041619025622,-1.3656511743209663,-1.126782130527846,-1.5363799073481625,-1.3176445458624697,-1.4350080930627613,-0.09460360502160986,-0.8692260783662367,-0.4624311575061349,-0.4497227493889921,-0.7243048717152734,4
-0.4387330909320238,0.7883829856564762,0.5182440072060042,0.5916485241412793,-0.07035369198483542,0.4677552492272334,0.352013374486149,-0.6040893114709273,0.1593259703374462,0.6394336505574951,0.7041741242012411,0.28101543840284193,1.3111451848417133,-0.5300690540905463,-0.04704047012334921,0.8268945540273632,0.39037272112389826,0.5295396382683905,3
0.29208473733319956,-0.6654241713797788,-0.2878105111447624,0.25963459346199785,0.401016044313561,-0.8869825763444363,0.23364501267650292,-0.6040893114709273,0.1593259703374462,-0.9909193781366661,0.5121266357827208,0.2414726119369155,-0.8616354306431457,0.19570669435768107,-1.2803188824876803,-0.9312768707910433,1.2304681916367886,0.39022358160353887,1
-1.0477479478197098,-1.6346289427372822,-1.093865029495529,-1.189153467683958,-0.6988466737160307,-0.6160350112301024,-1.5714725049205995,1.9689288355712367,-1.3656511743209663,-1.6023017638969765,-1.6324036515574227,-1.3684853227472322,-1.6160731443531662,-1.1106896528491281,-1.0747724804269585,1.2957402673122715,1.2304681916367886,1.0868038649277965,4
-1.0477479478197098,-0.5038900428201949,-0.9698566420569495,-1.4608012291488246,-1.3273396554472259,-0.34508744611576847,-0.5949335199910195,0.6211574252158175,-0.6031626019917601,-0.3795369923763556,-0.640158294728401,-0.6849593224076468,-0.4995053280623359,1.792413340943781,0.7751451381195382,-0.579642585827362,-1.4578373140044605,-1.8388333250340856,1
1.5101144511085718,1.4345194998948119,1.3242985255567707,-0.2232947602533207,-2.270079128044019,-1.1579301414587704,2.305091344345309,-1.7068113744889974,2.446791687325065,1.1828846601222156,2.464609434704344,2.540605522170067,1.9750503729065312,1.792413340943781,-0.45813327424479294,-0.11079687254245357,-1.2898182199018824,-1.6995172683692341,1
0.29208473733319956,-0.8269582999393627,-0.22580631742547266,0.04835300121154599,-0.5417234282832318,-0.34508744611576847,0.14486874131926838,-0.35903996413357825,0.1593259703374462,-0.6512624971587158,0.2560633178913604,0.07200335565437363,-0.4995053280623359,-0.6752242037801917,-0.6636796763055148,1.999008837239634,0.39037272112389826,0.6688556949332419,3
0.17028176595566236,0.9499171142160602,0.8902691695217426,0.8331132009989387,0.2438927988807622,0.19680768411289942,0.6183421885578526,-0.7266139851396017,0.5405702565020494,0.8432277791442653,0.608150379991981,0.5691131740831631,1.7638078130677255,-0.6752242037801917,1.391784344301704,-1.4001225840759517,0.39037272112389826,0.39022358160353887,2
0.17028176595566236,-1.1500265570585304,-0.9698566420569495,-1.27970272150558,-1.4844629008800247,-0.07413988100143454,-1.068406967229604,1.3563054672278643,-0.9844068881563631,-0.5833311209631258,-0.9922453568290216,-1.0690896366480749,-1.1030554990303523,0.7763272931162629,0.9806915401802602,-0.4624311575061349,-0.7857609375941482,-1.6995172683692341,4
0.17028176595566236,-0.5038900428201949,0.8902691695217426,0.8632962856061461,0.5581392897463598,0.19680768411289942,0.26323710312891446,-0.4815646378022527,0.1593259703374462,-0.5153997447675357,0.3200791473642005,0.17933388463331681,-0.8314579220947449,-0.8203793534698371,-1.0747724804269585,1.999008837239634,0.7264109093290544,0.6688556949332419,2
-0.560536062309561,-1.4730948141776983,-0.84584825461837,-0.826956452397469,-0.38460018285043307,-0.07413988100143454,-0.8908544245151347,0.743682098884492,-0.9844068881563631,-1.2626448829190262,-0.7361820389376612,-0.8544285786901886,-1.4953631101595628,0.050551544668035596,0.15850593193737267,-1.2829111557547246,0.05433453291874213,0.11159146827383581,4
-0.560536062309561,-0.8269582999393627,-1.4658901918112675,-0.9476887908262985,-0.5417234282832318,-0.34508744611576847,-1.3939199622061305,1.6013548145652132,-1.3656511743209663,-0.5833311209631258,-1.3763403336660622,-1.2272609425117806,-0.801280413546344,-1.4009999522284189,0.15850593193737267,-0.9312768707910433,1.7345254739445228,1.504752034922351,4
-1.169550919197247,-0.18082178570102708,-0.2878105111447624,-0.5553086909326023,-0.38460018285043307,-0.8869825763444363,-0.506157248633785,0.37610807787846856,-0.6031626019917601,-0.3795369923763556,-0.4481108063098807,-0.5550328925910313,0.013512317260478003,0.6311721434266174,0.36405233399809456,-1.1656997274334975,-0.9537800316967263,-1.142253041709828,3
1.7537203938636463,1.7575877570139797,1.3242985255567707,1.9800704160728202,1.8151252532087503,0.4677552492272334,1.5356969925826096,-1.339237353482974,1.6843031149958587,1.7263356696869359,1.3763403336660622,1.557683835731324,1.1300801335513082,0.050551544668035596,0.36405233399809456,-1.0484882991122704,-0.281703655286414,0.25090752493868734,3
-0.19512714817694932,0.1422464714181407,-0.16380212370618294,0.22945150885479046,0.401016044313561,-0.07413988100143454,-0.21023634410966982,0.00853405687244514,-0.22191831582715693,0.02805126479718469,-0.19204748841852032,-0.26128618170129203,0.04368982580887882,-0.8203793534698371,-0.8692260783662367,-0.22800830086368068,0.39037272112389826,0.39022358160353887,2
1.2665085083534975,0.6268488570968924,0.45623981348671444,-0.012013168002868835,-1.170216410014427,-1.1579301414587704,1.269368178510906,-1.2167126798142995,1.3030588288312555,0.2997767695795449,1.5683878220845826,1.3543207281922738,0.6472399967768951,0.7763272931162629,-1.0747724804269585,1.2957402673122715,0.2223536270213202,-0.8636209283801249,1
0.17028176595566236,0.4653147285373085,1.3863027192760604,1.376408723928672,0.8723857806119575,0.19680768411289942,1.0622235453440254,-1.094188006145625,0.9218145426666524,0.1639140171883648,1.216300759983962,1.0492760668836985,0.7679500309704984,0.19570669435768107,-0.25258687218407105,-0.3452197291849078,-0.4497227493889921,-0.30635670172071877,2
0.535690680088274,1.5960536284543958,1.3863027192760604,1.3462256393214647,0.8723857806119575,0.19680768411289942,1.091815635796437,-1.094188006145625,0.9218145426666524,1.2508160363178056,1.0882691010382817,1.0549250420931164,1.3111451848417133,-0.09460360502160986,-0.25258687218407105,0.8268945540273632,-0.281703655286414,0.11159146827383581,3
1.1447055369759602,1.111451242775644,1.3242985255567707,0.04835300121154599,-1.4844629008800247,-0.34508744611576847,1.9795783493687824,-1.584286700820323,2.0655474011604618,0.7752964029486752,2.080514457867303,2.111283406254294,2.2164704412937377,1.3569478918748448,-0.6636796763055148,1.2957402673122715,-0.9537800316967263,-1.5602012117043826,1
-1.6567628047073961,-0.18082178570102708,-0.84584825461837,-1.0080549600407134,-0.38460018285043307,-0.07413988100143454,-0.565341429538608,0.49863275154714304,-0.6031626019917601,-0.2436742399851755,-0.608150379991981,-0.6397675207323023,-0.10719771693312527,1.0666375924955538,0.15850593193737267,0.006414555778773528,-1.4578373140044605,-1.4208851550395312,1
0.7792966228433484,-0.6654241713797788,-0.41181889858334186,1.1047609624638053,1.5008787623431528,-0.8869825763444363,0.2040529222240914,-0.6040893114709273,0.1593259703374462,-0.7191938733543058,0.48011872104630077,0.20757876068040712,-0.7711029049979433,-0.09460360502160986,0.15850593193737267,0.8268945540273632,1.3984872857393666,0.25090752493868734,1
0.29208473733319956,-1.4730948141776983,-0.47382309230263164,0.44073310110524233,1.3437555169103539,-0.6160350112301024,-0.5949335199910195,0.2535834042097941,-0.6031626019917601,-1.4664390115057964,-0.3520870621006206,-0.5719798182192855,-1.4953631101595628,-0.5300690540905463,-1.2803188824876803,0.592471697384909,2.070563662149679,1.3654359782574996,1
-0.560536062309561,0.7883829856564762,0.08421465117097601,0.8029301163917313,0.5581392897463598,-0.6160350112301024,0.26323710312891446,-0.4815646378022527,0.1593259703374462,0.5035708981663151,0.5761424652555609,0.21887671109924325,1.009370099357705,-0.23975875471125532,-1.0747724804269585,-0.696854014148589,0.05433453291874213,-0.16704064505586727,2
0.9010995942208857,1.7575877570139797,1.1382859443989015,1.4065918085358795,1.186632271477555,0.4677552492272334,1.15099981670126,-1.094188006145625,1.3030588288312555,1.3866787887089858,1.216300759983962,1.1792024967003139,1.4016777104869156,0.19570669435768107,-0.04704047012334921,-0.8140654424698162,-0.4497227493889921,-0.30635670172071877,2
-0.4387330909320238,0.1422464714181407,-0.5358272860219213,-0.9476887908262985,-0.5417234282832318,0.7387028143415673,-0.23982843456208136,0.2535834042097941,-0.22191831582715693,0.6394336505574951,-0.608150379991981,-0.3912126115179075,0.28510989419608535,0.486016993736972,-1.2803188824876803,-0.3452197291849078,-1.1217991257993043,-0.30635670172071877,4
2.3627352507513324,1.272985371335228,0.7042565883638734,0.8632962856061461,0.08676955344796339,0.7387028143415673,1.3877365403205522,-1.2167126798142995,1.3030588288312555,1.1149532839266254,1.0242532715654415,1.3882145794487821,0.5868849796800936,-0.09460360502160986,-0.04704047012334921,1.5301631239547258,-0.11368456118383594,0.5295396382683905,3
-1.169550919197247,-1.4730948141776983,-0.41181889858334186,-0.977871875433506,-1.0130931645816283,-0.6160350112301024,-0.8612623340627232,0.8662067725531665,-0.9844068881563631,-1.6023017638969765,-0.7361820389376612,-0.8600775538996067,-1.163410516127154,-0.23975875471125532,-0.45813327424479294,2.8194888354882237,0.05433453291874213,-0.027724588391015725,3
-1.0477479478197098,-1.4730948141776983,-1.8999195478462956,-1.6117166521848616,-0.8559699191488295,-0.8869825763444363,-1.482696233563365,1.9689288355712367,-1.3656511743209663,-1.6702331400925665,-1.6003957368210027,-1.328942496281306,-1.4953631101595628,1.2117927421851993,1.391784344301704,-0.8140654424698162,-1.2898182199018824,-1.5602012117043826,4
-0.3169301195544865,-0.5038900428201949,-0.9698566420569495,-0.7967733677902615,-0.5417234282832318,0.19680768411289942,-1.0388148767771923,1.1112561198905153,-0.9844068881563631,-0.44746836857194566,-0.8322057831469213,-0.984355008506804,-0.3787952938687326,-0.5300690540905463,-0.04704047012334921,-0.8140654424698162,0.39037272112389826,0.25090752493868734,4
-1.4131568619523216,-0.342355914260611,-0.5358272860219213,-0.4345763525037726,0.5581392897463598,-0.34508744611576847,-0.5357493390861965,0.37610807787846856,-0.6031626019917601,-0.3795369923763556,-0.3520870621006206,-0.5719798182192855,-0.4995053280623359,0.486016993736972,-0.25258687218407105,-0.11079687254245357,-0.6177418434915701,-0.8636209283801249,1
-1.0477479478197098,-1.1500265570585304,-1.1558692232148187,-1.1589703830767504,-1.0130931645816283,-0.34508744611576847,-1.3939199622061305,1.7238794882338877,-1.3656511743209663,-1.2626448829190262,-1.6644115662938426,-1.2611547937682892,-0.982345464836749,-1.2558448025387736,2.830609158726757,-0.4624311575061349,1.0624490975342105,0.8081717515980935,2
1.9973263366187208,1.7575877570139797,1.6963236878725092,0.9236624548205609,-0.6988466737160307,-0.8869825763444363,2.423459706154955,-1.7068113744889974,2.446791687325065,1.3866787887089858,2.6566569231228643,2.743968629709117,2.7596655951649525,1.3569478918748448,0.9806915401802602,-0.22800830086368068,-0.9537800316967263,-1.6995172683692341,1
-1.169550919197247,-1.3115606856181143,-1.775911160407716,-1.430618144541617,-0.38460018285043307,-0.8869825763444363,-1.364327871753719,1.7238794882338877,-1.3656511743209663,-1.6023017638969765,-1.5363799073481625,-1.249856843349453,-1.314298058869158,1.3569478918748448,0.15850593193737267,-1.2829111557547246,-1.6258564081070386,-1.6995172683692341,4
-0.9259449764421727,-0.18082178570102708,-0.2878105111447624,-0.40439326789656516,-0.22747693741763422,-0.34508744611576847,-0.506157248633785,0.37610807787846856,-0.6031626019917601,-0.5153997447675357,-0.48011872104630077,-0.5493839173816133,-0.4693278195139351,-0.09460360502160986,0.5695987360588164,-1.4001225840759517,-0.281703655286414,-0.44567275838557036,2
-1.5349598333298589,0.1422464714181407,-0.6598356734605009,-1.1589703830767504,-0.8559699191488295,-0.34508744611576847,-0.4765651581813735,0.37610807787846856,-0.6031626019917601,0.02805126479718469,-0.5441345505191408,-0.5663308430098675,0.43599743693808946,1.2117927421851993,-0.6636796763055148,0.24083741242122772,-1.4578373140044605,-1.2815690983746795,1
0.6574936514658113,-0.342355914260611,0.45623981348671444,0.8029301163917313,0.2438927988807622,-0.07413988100143454,0.49997382674820656,-0.7266139851396017,0.5405702565020494,-0.31160561618076554,0.6721662094648211,0.44483571947596573,-0.318440276771931,-0.6752242037801917,-0.04704047012334921,0.12362598410000063,0.39037272112389826,0.5295396382683905,3
-0.4387330909320238,0.3037805999777246,-0.5358272860219213,-0.977871875433506,-0.5417234282832318,0.7387028143415673,-0.23982843456208136,0.1310587305411196,-0.22191831582715693,0.2997767695795449,-0.5441345505191408,-0.3742656858896533,0.25493238564768456,0.6311721434266174,0.9806915401802602,-0.4624311575061349,-0.9537800316967263,-0.5849888150504219,4
0.7792966228433484,0.6268488570968924,-0.1017979299868932,1.1349440470710128,1.3437555169103539,-0.6160350112301024,0.411197555390972,-0.7266139851396017,0.1593259703374462,0.5035708981663151,0.5441345505191408,0.4222398186382935,0.6472399967768951,0.050551544668035596,-0.6636796763055148,0.12362598410000063,1.5665063798419447,0.5295396382683905,1
1.2665085083534975,1.5960536284543958,1.6963236878725092,1.8593380776439907,0.8723857806119575,1.0096503794559013,1.4469207212253752,-1.339237353482974,1.3030588288312555,1.7263356696869359,1.312324504193222,1.4898961332183074,1.4922102361321181,-0.8203793534698371,0.36405233399809456,1.1785288389910444,0.39037272112389826,0.947487808262945,2
-0.4387330909320238,-0.9884924284989466,0.45623981348671444,0.3803669318908275,0.08676955344796339,-0.07413988100143454,0.1744608317716799,-0.35903996413357825,0.1593259703374462,-1.126782130527846,0.3520870621006206,0.08895028128262782,-0.6805703793527408,-0.3849139044009008,0.9806915401802602,0.35804884074245485,0.05433453291874213,-0.027724588391015725,3
1.5101144511085718,1.272985371335228,1.014277556960322,0.7425639471773164,-0.22747693741763422,0.4677552492272334,1.3581444498681405,-1.2167126798142995,1.3030588288312555,1.3866787887089858,1.1202770157747017,1.3486717529828558,1.2507901677449116,0.050551544668035596,0.36405233399809456,1.0613174106698176,-0.11368456118383594,0.25090752493868734,3
0.4138877087107368,1.5960536284543958,1.3242985255567707,0.8632962856061461,0.2438927988807622,0.7387028143415673,1.3581444498681405,-1.2167126798142995,1.3030588288312555,1.590472917295756,0.9602374420926015,1.3260758521451834,1.2809676762933124,0.3408618440473265,-0.25258687218407105,1.4129516956334986,-0.6177418434915701,-0.16704064505586727,2
0.29208473733319956,0.1422464714181407,0.39423561976742466,0.16908533964037564,1.0295090260447564,0.4677552492272334,-0.41738097727655044,0.2535834042097941,-0.6031626019917601,-0.03988011139840536,-0.5121266357827208,-0.49854314049685067,0.1643998600024821,-0.5300690540905463,1.5973307463624258,0.35804884074245485,0.8944300034316325,0.947487808262945,4
-0.6823390336870983,-0.5038900428201949,-0.9698566420569495,-1.0684211292551282,-0.6988466737160307,-0.6160350112301024,-1.364327871753719,1.6013548145652132,-1.3656511743209663,-0.31160561618076554,-1.3443324189296422,-1.2159629920929447,-0.4995053280623359,-0.9655345031594826,0.36405233399809456,-0.9312768707910433,0.7264109093290544,0.39022358160353887,4
-0.9259449764421727,-1.7961630712968661,-1.2178734169341086,-0.8571395370046764,-0.07035369198483542,-0.34508744611576847,-1.3939199622061305,1.6013548145652132,-1.3656511743209663,-1.4664390115057964,-1.5363799073481625,-1.2385588929306168,-1.9480257383855752,-1.2558448025387736,-0.8692260783662367,0.24083741242122772,1.902544568047101,1.7833841482520543,4
0.535690680088274,1.5960536284543958,1.2002901381181912,1.5273241469647092,1.186632271477555,0.7387028143415673,1.6540653543922557,-1.339237353482974,1.6843031149958587,1.9980611744692962,1.3443324189296422,1.727153092013866,1.19043515064811,0.19570669435768107,-0.04704047012334921,0.24083741242122772,-0.281703655286414,-0.027724588391015725,2
-0.560536062309561,-0.5038900428201949,-0.41181889858334186,-0.8571395370046764,-1.0130931645816283,-0.6160350112301024,-0.7133018818006657,0.6211574252158175,-0.6031626019917601,-0.6512624971587158,-0.608150379991981,-0.7358000992924093,-0.318440276771931,-0.23975875471125532,1.8028771484231474,1.6473745522759529,0.39037272112389826,0.39022358160353887,2
-0.8041420050646354,-0.5038900428201949,-1.341881804372688,-1.5815335675776543,-1.6415861463128236,-0.6160350112301024,-0.565341429538608,0.6211574252158175,-0.6031626019917601,-0.5153997447675357,-0.640158294728401,-0.6680123967793925,-0.1675527340299269,1.792413340943781,-0.8692260783662367,0.24083741242122772,-1.7938755022096167,-1.8388333250340856,1
0.9010995942208857,1.7575877570139797,1.2002901381181912,1.889521162251198,1.6580020077759514,0.4677552492272334,1.4173286307729636,-1.2167126798142995,1.3030588288312555,1.5225415411001657,1.3763403336660622,1.4447043315429628,1.19043515064811,-0.09460360502160986,-0.8692260783662367,-0.696854014148589,-0.281703655286414,0.25090752493868734,3
0.7792966228433484,-0.019287657141443197,1.1382859443989015,1.225493300892635,0.5581392897463598,-0.07413988100143454,0.9438551835343794,-1.094188006145625,0.9218145426666524,-0.1078114875939954,1.3443324189296422,0.9532434883235914,0.3756424198412878,-0.09460360502160986,-0.25258687218407105,-0.8140654424698162,0.05433453291874213,-0.027724588391015725,2
-1.0477479478197098,-0.5038900428201949,-1.4038859980919776,-1.0986042138623355,-0.5417234282832318,-0.34508744611576847,-0.5949335199910195,0.6211574252158175,-0.6031626019917601,-0.31160561618076554,-0.7361820389376612,-0.6906082976170648,-0.1373752254815261,1.5021030415644903,0.36405233399809456,-0.9312768707910433,-1.6258564081070386,-1.8388333250340856,1
-0.8041420050646354,-0.5038900428201949,-0.34981470486405214,-0.2836609294677355,0.5581392897463598,-0.8869825763444363,-0.41738097727655044,0.1310587305411196,-0.6031626019917601,-0.7191938733543058,-0.16003957368210026,-0.4533513388215062,-0.5900378537075384,0.486016993736972,-0.04704047012334921,0.006414555778773528,0.05433453291874213,-0.30635670172071877,1
0.7792966228433484,1.5960536284543958,1.2002901381181912,0.6218316087484868,-0.6988466737160307,0.4677552492272334,1.5652890830350212,-1.339237353482974,1.6843031149958587,1.930129798273706,1.1522849305111218,1.631120513453759,1.039547607906106,-0.23975875471125532,0.15850593193737267,0.592471697384909,-0.11368456118383594,0.25090752493868734,2
-0.3169301195544865,-0.342355914260611,-0.7218398671797905,-1.0684211292551282,-1.0130931645816283,-0.07413988100143454,-1.1571832385868384,1.2337807935591898,-0.9844068881563631,-0.17574286378958545,-0.9602374420926015,-1.0690896366480749,-0.6202153622559392,-0.3849139044009008,-1.0747724804269585,-0.4624311575061349,0.2223536270213202,-0.16704064505586727,4
0.4138877087107368,0.1422464714181407,0.7662607820831631,1.225493300892635,0.8723857806119575,0.4677552492272334,0.7663026408199103,-0.8491386588082761,0.5405702565020494,-0.1078114875939954,1.1202770157747017,0.738582430365705,0.5265299625832919,-0.3849139044009008,-1.2803188824876803,0.24083741242122772,-0.11368456118383594,0.25090752493868734,2
0.6574936514658113,0.3037805999777246,0.5802482009252939,1.738605739215161,1.9722484986415492,-0.8869825763444363,0.9734472739867909,-1.094188006145625,0.9218145426666524,-0.03988011139840536,1.4403561631389024,1.0549250420931164,0.28510989419608535,0.9214824428059083,-0.45813327424479294,-0.11079687254245357,0.5583918152264763,-0.5849888150504219,1
-1.2913538905747843,-0.9884924284989466,-0.7838440608990803,-1.2495196368983728,-1.170216410014427,-0.8869825763444363,-1.009222786324781,0.988731446221841,-0.9844068881563631,-1.1947135067234362,-1.0882691010382817,-0.9504611572502957,-0.43915031096553425,-0.5300690540905463,2.0084235504838692,-0.696854014148589,-0.281703655286414,-0.7243048717152734,2
0.29208473733319956,-0.18082178570102708,-0.84584825461837,0.6520146933556942,1.3437555169103539,-0.34508744611576847,-0.41738097727655044,0.00853405687244514,-0.6031626019917601,-0.2436742399851755,-0.3200791473642005,-0.3968615867273256,-0.318440276771931,-0.8203793534698371,-0.25258687218407105,-0.579642585827362,2.238582756252257,1.504752034922351,1
1.2665085083534975,1.5960536284543958,1.5723153004339296,1.6178734007863314,1.0295090260447564,0.7387028143415673,1.4469207212253752,-1.2167126798142995,1.3030588288312555,1.6584042934913459,1.3763403336660622,1.4729492075900532,1.5827427617773207,-0.23975875471125532,-0.6636796763055148,-0.22800830086368068,-0.11368456118383594,0.5295396382683905,3
-1.5349598333298589,0.1422464714181407,-0.6598356734605009,-0.826956452397469,-0.07035369198483542,-0.34508744611576847,-0.4765651581813735,0.37610807787846856,-0.6031626019917601,-0.03988011139840536,-0.38409497683704064,-0.5380859669627771,0.40581992838968867,1.0666375924955538,-1.0747724804269585,0.24083741242122772,-1.1217991257993043,-1.142253041709828,1
0.6574936514658113,0.7883829856564762,0.39423561976742466,1.074577877856598,0.401016044313561,0.4677552492272334,0.47038173629579505,-0.7266139851396017,0.5405702565020494,0.7073650267530852,0.640158294728401,0.4222398186382935,0.4963524540348911,-0.9655345031594826,1.1862379422409821,-0.11079687254245357,0.8944300034316325,0.8081717515980935,2
0.04847879457812513,-1.4730948141776983,-0.9698566420569495,-0.5251256063253948,-0.07035369198483542,-0.07413988100143454,-1.068406967229604,1.1112561198905153,-0.9844068881563631,-0.922988001941076,-1.1202770157747017,-1.0013019341350582,-1.7367831785467696,-1.5461551019180644,0.5695987360588164,-1.0484882991122704,2.070563662149679,1.7833841482520543,4
1.7537203938636463,0.6268488570968924,1.3242985255567707,0.9538455394277683,0.08676955344796339,0.4677552492272334,1.091815635796437,-1.094188006145625,0.9218145426666524,0.435639521970725,1.216300759983962,1.0888188933496248,1.160257642099709,-0.09460360502160986,-0.04704047012334921,0.47526026906368196,0.05433453291874213,0.39022358160353887,3
0.6574936514658113,1.272985371335228,1.4483069129953503,1.5273241469647092,0.7152625351791586,0.7387028143415673,1.0326314548916138,-1.094188006145625,0.9218145426666524,1.1149532839266254,1.0242532715654415,1.021031190836608,1.4318552190353164,-0.6752242037801917,-1.2803188824876803,-0.696854014148589,0.39037272112389826,0.8081717515980935,3
0.04847879457812513,0.7883829856564762,0.14621884489026574,-0.9175057062190911,-0.6988466737160307,0.4677552492272334,-0.3877888868241389,0.37610807787846856,-0.22191831582715693,1.4546101649045757,-0.5761424652555609,-0.5154900661251048,0.3152874027444862,0.6311721434266174,-0.25258687218407105,-0.696854014148589,-1.1217991257993043,-0.5849888150504219,4
0.535690680088274,0.6268488570968924,0.14621884489026574,1.5273241469647092,1.9722484986415492,-0.34508744611576847,0.6183421885578526,-0.8491386588082761,0.5405702565020494,0.36770814577513494,0.608150379991981,0.6538478022244341,0.9791925908093042,0.19570669435768107,-0.45813327424479294,-0.579642585827362,1.0624490975342105,-0.027724588391015725,1
0.9010995942208857,1.7575877570139797,1.1382859443989015,-0.012013168002868835,-1.0130931645816283,0.7387028143415673,1.3285523594157291,-1.2167126798142995,1.3030588288312555,1.794267045882526,0.9602374420926015,1.3486717529828558,1.4318552190353164,0.19570669435768107,-0.8692260783662367,-1.0484882991122704,-0.6177418434915701,-0.44567275838557036,2
-0.3169301195544865,-0.342355914260611,-0.5978314797412111,-0.7967733677902615,-0.8559699191488295,-0.34508744611576847,-0.5949335199910195,0.49863275154714304,-0.6031626019917601,-0.5833311209631258,-0.6721662094648211,-0.6510654711511383,-0.34861778532033183,-0.09460360502160986,1.391784344301704,1.2957402673122715,-0.4497227493889921,-0.5849888150504219,3
-0.3169301195544865,0.1422464714181407,-0.41181889858334186,0.5010992703196572,2.129371744074348,-0.34508744611576847,-0.44697306772896195,0.1310587305411196,-0.6031626019917601,-0.1078114875939954,-0.3520870621006206,-0.4533513388215062,0.4661749454864903,-0.09460360502160986,0.36405233399809456,-0.4624311575061349,0.5583918152264763,0.5295396382683905,1
1.631917422486109,1.9191218855735637,1.51031110671464,0.3200007626764127,-1.6415861463128236,-0.07413988100143454,2.6010122488694245,-1.829336048157672,2.828035973489668,1.590472917295756,2.7526806673321245,2.890841985153987,1.673275287422523,1.5021030415644903,-0.8692260783662367,0.9441059823485903,-1.2898182199018824,-1.5602012117043826,1
0.17028176595566236,0.1422464714181407,1.4483069129953503,1.5273241469647092,1.0295090260447564,0.19680768411289942,0.9438551835343794,-0.9716633324769506,0.9218145426666524,-0.03988011139840536,1.0882691010382817,0.9024027114388288,0.7377725224220977,-0.5300690540905463,-0.25258687218407105,3.053911692130678,0.39037272112389826,0.947487808262945,2
0.9010995942208857,1.5960536284543958,1.5723153004339296,0.9538455394277683,-0.07035369198483542,0.7387028143415673,1.6540653543922557,-1.339237353482974,1.6843031149958587,1.9980611744692962,1.248308674720382,1.6254715382443408,0.8283050480673001,0.19570669435768107,0.36405233399809456,2.7022774071669966,-0.281703655286414,0.8081717515980935,2
0.535690680088274,1.4345194998948119,1.3863027192760604,0.5312823549268646,-0.38460018285043307,0.4677552492272334,1.2989602689633175,-1.094188006145625,1.3030588288312555,1.590472917295756,1.0882691010382817,1.2582881496321667,1.2206126591965107,0.050551544668035596,-1.0747724804269585,1.6473745522759529,-0.4497227493889921,-0.027724588391015725,2
-0.0733241767994121,-0.019287657141443197,0.2702272323288452,0.9840286240349757,1.186632271477555,-0.34508744611576847,0.44078964584338354,-0.7266139851396017,0.5405702565020494,-0.2436742399851755,0.4481108063098807,0.45613366989480186,0.19457736855088292,-0.09460360502160986,-1.2803188824876803,-0.9312768707910433,0.8944300034316325,0.25090752493868734,1
-1.5349598333298589,-0.342355914260611,-0.84584825461837,-0.615674860147017,0.401016044313561,-0.34508744611576847,-0.565341429538608,0.49863275154714304,-0.6031626019917601,-0.31160561618076554,-0.4481108063098807,-0.6341185455228842,-0.1675527340299269,1.0666375924955538,-1.0747724804269585,-1.1656997274334975,-1.1217991257993043,-1.4208851550395312,1
-0.6823390336870983,-1.4730948141776983,-1.775911160407716,-1.6720828213992764,-0.6988466737160307,-1.4288777065731042,-1.5122883240157765,1.9689288355712367,-1.3656511743209663,-1.3985076353102064,-1.6644115662938426,-1.34588942190956,-1.2237655332239556,2.2278787900127175,0.15850593193737267,0.24083741242122772,-1.4578373140044605,-1.6995172683692341,4
-1.169550919197247,-0.18082178570102708,-1.0318608357762393,-1.2193365522911652,-1.0130931645816283,-0.07413988100143454,-0.565341429538608,0.6211574252158175,-0.6031626019917601,-0.03988011139840536,-0.640158294728401,-0.6623634215699745,-0.016665191287922813,1.3569478918748448,-1.0747724804269585,-0.11079687254245357,-1.6258564081070386,-1.6995172683692341,1
-0.0733241767994121,-0.6654241713797788,-0.16380212370618294,-0.2836609294677355,0.2438927988807622,-0.07413988100143454,-0.7428939722530772,0.6211574252158175,-0.6031626019917601,0.09598264099277475,-0.7681899536740813,-0.7527470249206635,-1.2841205503207571,-0.8203793534698371,-0.45813327424479294,-0.3452197291849078,1.0624490975342105,1.0868038649277965,4
-0.3169301195544865,-1.4730948141776983,-0.2878105111447624,-0.34402709868215037,-0.8559699191488295,-0.34508744611576847,-0.41738097727655044,0.1310587305411196,-0.6031626019917601,-1.5343703877013863,-0.38409497683704064,-0.45900031403092423,-1.6160731443531662,-1.1106896528491281,0.36405233399809456,0.35804884074245485,1.0624490975342105,0.8081717515980935,3
0.17028176595566236,-0.342355914260611,-0.34981470486405214,-0.7967733677902615,-0.6988466737160307,0.4677552492272334,-0.5357493390861965,0.37610807787846856,-0.6031626019917601,0.02805126479718469,-0.5121266357827208,-0.5832777686381216,-0.5296828366107367,-0.23975875471125532,-0.8692260783662367,1.2957402673122715,-0.281703655286414,0.6688556949332419,4
-0.6823390336870983,-0.9884924284989466,-0.34981470486405214,-0.40439326789656516,0.08676955344796339,-0.07413988100143454,-0.9500386054199578,0.8662067725531665,-0.9844068881563631,-0.7871252495498959,-1.0562611863018616,-0.9109183307843692,-1.5858956358047653,-1.4009999522284189,-0.6636796763055148,-0.696854014148589,2.070563662149679,1.9227002049169057,4
-1.5349598333298589,-0.342355914260611,-0.84584825461837,-1.3098858061127876,-0.6988466737160307,-0.07413988100143454,-0.5949335199910195,0.6211574252158175,-0.6031626019917601,-0.17574286378958545,-0.640158294728401,-0.6736613719888106,-0.1373752254815261,1.5021030415644903,-0.04704047012334921,0.7096831257061361,-1.6258564081070386,-1.5602012117043826,1
0.4138877087107368,-1.3115606856181143,-0.22580631742547266,0.3803669318908275,0.08676955344796339,-0.07413988100143454,-0.23982843456208136,0.00853405687244514,-0.22191831582715693,-1.1947135067234362,-0.22405540315494035,-0.30082900816721847,-1.797138195643571,-1.5461551019180644,-0.8692260783662367,1.8817974089184069,2.406601850354835,2.201332318246609,2
