dataset_name,number_of_features,proportion_of_numeric_features,number_of_instances,number_of_classes,ratio_of_instances_to_features,ratio_of_classes_to_features,ratio_of_instances_to_classes,ratio_of_min_to_max_instances_per_class,proportion_of_features_with_outliers,average_mutual_information,minimum_mutual_information,maximum_mutual_information,equivalent_number_of_features,noise_to_signal_ratio_of_features,SMOTE,layer_normalisation,batch_normalisation,weight_decay,dropout,baseline,prune,weight_perturbation,weight_normalisation
Ann thyroid,15.0,1.0,7129.0,3.0,475.26666666666665,0.2,2376.333333333333,0.0251705837755875,0.9333333333333332,0.0373727179520655,0.0,0.2371866785190779,1.0380798597421803,-0.4424240096734118,-1,5,3,3,4,4,1,4,2
Ann thyroid,16.0,1.0,7129.0,3.0,445.5625,0.1875,2376.333333333333,0.0251705837755875,0.9375,0.0345784390044225,0.0,0.2348058895461078,1.0351832239331036,-0.4350309717028244,-1,5,4,2,2,3,1,2,3
Ann thyroid,17.0,1.0,7129.0,3.0,419.3529411764706,0.1764705882352941,2376.333333333333,0.0251705837755875,0.9411764705882352,0.0268885384690835,0.0,0.2357733874353009,1.0272532971569828,-0.3161924545543849,-1,5,3,2,4,2,1,3,4
Ann thyroid,17.0,1.0,7129.0,3.0,419.3529411764706,0.1764705882352941,2376.333333333333,0.0251705837755875,0.9411764705882352,0.0217985048776764,0.0,0.2357733874353009,1.0220378280843423,-0.1565207983601904,-1,4,4,1,3,1,2,2,1
Ann thyroid,16.0,1.0,7129.0,3.0,445.5625,0.1875,2376.333333333333,0.0251705837755875,0.9375,0.0282564361799256,0.0,0.2373497592956193,1.028659436098481,-0.3086266449184911,-1,6,5,1,5,4,1,2,3
Ann thyroid,13.0,1.0,7129.0,3.0,548.3846153846154,0.2307692307692307,2376.333333333333,0.0251705837755875,0.9230769230769232,0.0169156369773925,0.0,0.1060055582025767,1.017059516490889,0.4214065035597819,-1,3,1,1,2,4,5,5,2
Ann thyroid,12.0,1.0,7129.0,3.0,594.0833333333334,0.25,2376.333333333333,0.0251705837755875,1.0,0.0444060294795942,0.0,0.2357689333103677,1.045406734679707,-0.4134205853482439,-1,3,5,1,3,2,1,4,1
Ann thyroid,21.0,1.0,422.0,3.0,20.09523809523809,0.1428571428571428,140.66666666666666,0.0256410256410256,0.8571428571428571,0.0269460278719964,0.0,0.2353459652246923,1.0273123550332612,-0.4423424294579802,-1,2,3,2,4,2,1,3,1
Ann thyroid,21.0,1.0,1449.0,3.0,69.0,0.1428571428571428,483.0,0.0253731343283582,0.8571428571428571,0.0273481901563845,0.0,0.235951873537177,1.027725584403806,-0.4538955947148188,-1,5,2,2,3,1,2,4,2
Ann thyroid,21.0,1.0,2335.0,3.0,111.1904761904762,0.1428571428571428,778.3333333333334,0.025,0.8571428571428571,0.0265731606436461,0.0,0.2384453755731475,1.026929375327518,-0.4398871661559713,-1,3,2,1,1,1,1,2,1
Ann thyroid,21.0,1.0,3388.0,3.0,161.33333333333334,0.1428571428571428,1129.3333333333333,0.0252074026802807,0.8571428571428571,0.0267337414412951,0.0,0.2357676071336898,1.027094293706745,-0.4428553182390935,-1,6,5,3,3,4,1,4,2
Ann thyroid,21.0,1.0,3745.0,3.0,178.33333333333334,0.1428571428571428,1248.3333333333333,0.0251082251082251,0.8571428571428571,0.0263208900131988,0.0,0.2346556448958434,1.026670343880966,-0.4353070833246273,-1,3,3,3,3,2,1,2,2
Ann thyroid,21.0,1.0,4718.0,3.0,224.66666666666663,0.1428571428571428,1572.6666666666667,0.0252004581901489,0.9047619047619048,0.0272396012645338,0.0,0.2358951194157714,1.027613990880487,-0.4539658003166125,-1,6,4,3,5,5,1,4,2
Ann thyroid,21.0,1.0,6213.0,3.0,295.85714285714283,0.1428571428571428,2071.0,0.0252305550722115,0.9047619047619048,0.0266185467742278,0.0,0.2364734637249238,1.026975984735947,-0.440241847367544,-1,7,5,4,4,3,1,6,2
Ann thyroid,21.0,1.0,6416.0,3.0,305.5238095238095,0.1428571428571428,2138.6666666666665,0.0251010781671159,0.9047619047619048,0.0270243706272861,0.0,0.2344740487899621,1.0273928406663897,-0.4497805920901787,-1,5,4,1,3,3,1,2,2
Car evaluation,6.0,1.0,518.0,3.0,86.33333333333333,0.5,172.66666666666666,0.1692708333333333,0.0,0.0666915567454591,0.0,0.1603448023852709,1.068965712056928,0.8764804656164826,-1,4,3,3,2,3,1,2,1
Car evaluation,6.0,1.0,1663.0,3.0,277.1666666666667,0.5,554.3333333333334,0.0570247933884297,0.0,0.067678387697435,0.0025042895255817,0.158671469182023,1.0700211211777308,0.7284340642056562,-1,3,5,3,1,4,2,3,2
Car evaluation,6.0,1.0,1275.0,2.0,212.5,0.3333333333333333,637.5,0.0537190082644628,0.0,0.0320560216304906,0.0009691850527067,0.077290505114135,1.0325753502395445,0.0470830047750234,-1,3,5,4,4,3,3,2,1
Car evaluation,5.0,1.0,1728.0,4.0,345.6,0.8,432.0,0.0537190082644628,0.0,0.0859168334752809,0.0,0.1869294860386592,1.089715696668998,0.945499898084598,3,1,1,1,2,1,1,1,1
Car evaluation,5.0,1.0,1728.0,4.0,345.6,0.8,432.0,0.0537190082644628,0.0,0.0592775406031278,0.0,0.1869294860386592,1.0610696897991518,1.8198064405035488,6,5,1,4,1,3,1,4,2
Car evaluation,3.0,1.0,1728.0,4.0,576.0,1.3333333333333333,432.0,0.0537190082644628,0.0,0.0953291194058301,0.0678334381269571,0.1479710965620042,1.1000208337589468,1.922352788803935,4,2,3,2,2,3,1,3,2
Car evaluation,4.0,1.0,1728.0,4.0,432.0,1.0,432.0,0.0537190082644628,0.0,0.07763592697349,0.0269422904069152,0.164405209618879,1.0807291227139728,1.6912667447602392,5,3,3,3,2,4,1,3,2
Car evaluation,4.0,1.0,1728.0,4.0,432.0,1.0,432.0,0.0537190082644628,0.0,0.0737320140116815,0.0269422904069152,0.1487895577716449,1.0765182750230098,1.8337621216922888,4,3,2,3,2,3,1,3,2
Car evaluation,5.0,1.0,1728.0,4.0,345.6,0.8,432.0,0.0537190082644628,0.0,0.0592775406031278,0.0,0.1869294860386592,1.0610696897991518,1.8198064405035488,4,3,2,3,2,3,1,3,3
Car evaluation,6.0,1.0,144.0,2.0,24.0,0.3333333333333333,72.0,0.3211009174311927,0.0,0.0504199507300027,0.0,0.1572758282063624,1.0517126711537137,0.8331912826118612,-1,1,1,2,1,2,1,2,1
Car evaluation,6.0,1.0,375.0,4.0,62.5,0.6666666666666666,93.75,0.053231939163498,0.0,0.0890413972908733,0.0064561880608289,0.1896133018263857,1.0931259078408468,0.5612684172863095,3,1,2,2,2,2,1,1,1
Car evaluation,6.0,1.0,841.0,4.0,140.16666666666666,0.6666666666666666,210.25,0.0543293718166383,0.0,0.0802018820917678,0.0062466355344938,0.1990223582537105,1.0835057860110806,0.7355947998908962,5,1,4,2,1,2,3,3,1
Car evaluation,6.0,1.0,989.0,4.0,164.83333333333334,0.6666666666666666,247.25,0.0533910533910533,0.0,0.0738153370890438,0.0116523106680752,0.1609458834233266,1.076607977575616,0.8830546125544448,6,2,4,3,2,4,1,5,5
Car evaluation,6.0,1.0,1253.0,4.0,208.8333333333333,0.6666666666666666,313.25,0.0535917901938426,0.0,0.076962888934208,2.828900399776124e-05,0.1744294699064581,1.08000199562377,0.8101354223008213,5,1,4,2,2,2,3,2,2
Car evaluation,6.0,1.0,1513.0,4.0,252.16666666666663,0.6666666666666666,378.25,0.0537735849056603,0.0,0.0808574186351623,0.0025280813941017,0.18144729138478,1.0842162965061437,0.7210740268781021,5,1,4,2,2,2,3,3,3
Churn,16.0,0.8125,5000.0,2.0,312.5,0.125,2500.0,0.1646866992778942,0.6875,0.0075489766683917,0.0,0.0557945391253129,1.0075775420272632,2.373774949748162,-1,1,1,2,1,1,1,1,1
Churn,19.0,0.8421052631578947,5000.0,2.0,263.1578947368421,0.1052631578947368,2500.0,0.1646866992778942,0.7368421052631579,0.0112394596638123,0.0,0.0583878526431156,1.011302859695305,0.9082054900635372,-1,1,1,2,1,1,1,1,1
Churn,15.0,0.8,5000.0,2.0,333.3333333333333,0.1333333333333333,2500.0,0.1646866992778942,0.7333333333333333,0.0093447616557449,0.0,0.0582720516659795,1.009388560263823,1.907131568057598,-1,1,1,2,1,1,1,1,1
Churn,13.0,0.8461538461538461,5000.0,2.0,384.61538461538464,0.1538461538461538,2500.0,0.1646866992778942,0.7692307692307693,0.0140117830586158,0.0,0.0579106403905003,1.0141104081904757,1.2371104068195378,-1,1,1,2,1,1,1,1,1
Churn,17.0,0.8823529411764706,5000.0,2.0,294.11764705882354,0.1176470588235294,2500.0,0.1646866992778942,0.7647058823529411,0.0114793963397602,0.0,0.0596980642519804,1.0115455374543203,1.0881236056220245,-1,1,1,2,1,1,1,1,1
Churn,18.0,0.8333333333333334,5000.0,2.0,277.77777777777777,0.1111111111111111,2500.0,0.1646866992778942,0.7222222222222222,0.0115826431892876,0.0,0.0596980642519804,1.0116499817358948,0.954537431671582,-1,1,1,2,1,1,1,1,1
Churn,10.0,0.9,5000.0,2.0,500.0,0.2,2500.0,0.1646866992778942,0.8,0.0030504234272015,0.0,0.0252128567873437,1.003055080703095,12.358695401008172,-1,1,1,2,1,1,1,1,1
Churn,20.0,0.85,610.0,2.0,30.5,0.1,305.0,0.1641221374045801,0.75,0.0161541384606342,0.0,0.0894764937028289,1.0162853219890204,0.258949857453524,-1,2,2,3,2,2,1,2,2
Churn,20.0,0.85,1300.0,2.0,65.0,0.1,650.0,0.1648745519713261,0.75,0.0110542563879387,0.0,0.0559662372207419,1.0111155804356908,0.8442961034809328,-1,1,1,2,1,1,1,1,1
Churn,20.0,0.85,1687.0,2.0,84.35,0.1,843.5,0.1650552486187845,0.75,0.0131025256217141,0.0,0.0752745701941051,1.0131887398403887,0.5568997210894073,-1,1,1,2,1,1,1,1,1
Churn,20.0,0.85,2428.0,2.0,121.4,0.1,1214.0,0.1645083932853717,0.75,0.0109529564663073,0.0,0.0467943688138565,1.0110131596943266,0.8591308069805417,-1,1,1,2,1,1,1,1,1
Churn,20.0,0.85,2717.0,2.0,135.85,0.1,1358.5,0.1645949421345906,0.75,0.0121725905630278,0.0,0.0633130633366112,1.012246978066658,0.6733280211218428,-1,1,1,2,1,1,1,1,1
Churn,20.0,0.85,3490.0,2.0,174.5,0.1,1745.0,0.1644978311644978,0.75,0.0126651749103211,0.0,0.0581759745470409,1.0127457179092842,0.6077374428721438,-1,1,1,2,1,1,1,1,1
Churn,20.0,0.85,4316.0,2.0,215.8,0.1,2158.0,0.1645979492714517,0.75,0.0115009748452903,0.0,0.0562073857249034,1.0115673653308,0.7710617727339725,-1,1,1,2,1,1,1,1,1
Churn,20.0,0.85,4500.0,2.0,225.0,0.1,2250.0,0.1645962732919254,0.75,0.009988952343899,0.0,0.0558787335613388,1.010039008458916,1.039135308634543,-1,1,1,2,1,1,1,1,1
Dry Bean,16.0,1.0,6523.0,3.0,407.6875,0.1875,2174.333333333333,0.7056145675265554,0.75,0.5753581678301876,0.195286715727631,0.9522567835959652,1.7777671519013127,-0.8819069566123781,-1,3,1,2,4,3,2,3,3
Dry Bean,16.0,1.0,7504.0,3.0,469.0,0.1875,2501.333333333333,0.3728144388042865,1.0,0.4379523056503611,0.0096126386881683,0.8352404526233861,1.5495310017837067,-0.853349375670897,-1,1,1,2,2,1,1,2,1
Dry Bean,16.0,1.0,9672.0,4.0,604.5,0.25,2418.0,0.4596728708403835,1.0,0.6593633975964464,0.0836048614311759,0.9520521062253644,1.9335610329179,-0.8730489187444013,4,1,1,1,2,2,1,2,3
Dry Bean,16.0,1.0,4496.0,2.0,281.0,0.125,2248.0,0.7056145675265554,0.6875,0.3418228346106977,0.0323231117267264,0.5865628926653068,1.4075109132047356,-0.8759998508221235,-1,1,2,1,2,1,2,1,3
Dry Bean,16.0,1.0,5573.0,2.0,348.3125,0.125,2786.5,0.571630005640158,1.0,0.3011609854291416,0.0233072770092688,0.5464433086751388,1.351426884063842,-0.8639582659545428,-1,3,2,1,2,1,1,1,1
Dry Bean,8.0,1.0,13543.0,7.0,1692.875,0.875,1934.7142857142856,0.1472081218274111,1.0,0.6976845815228594,0.1972448501214692,1.037781963937348,2.009095421107362,-0.6714485114509613,4,3,1,2,3,3,2,3,3
Dry Bean,11.0,1.0,13543.0,7.0,1231.1818181818182,0.6363636363636364,1934.7142857142856,0.1472081218274111,1.0,0.8408838123696639,0.1972732651281021,1.0551612839038398,2.318415115519707,-0.801745125415493,5,3,1,2,3,4,2,3,1
Dry Bean,8.0,1.0,13543.0,7.0,1692.875,0.875,1934.7142857142856,0.1472081218274111,1.0,0.844170665520609,0.1972633098423584,1.0552091090806586,2.326047942666623,-0.7284609414191348,4,3,1,2,3,2,2,2,2
Dry Bean,10.0,1.0,13543.0,7.0,1354.3,0.7,1934.7142857142856,0.1472081218274111,1.0,0.7887901664004489,0.2305798804898517,1.0554279849096848,2.2007322951289536,-0.7675170735526876,4,1,2,3,3,2,2,1,1
Dry Bean,13.0,1.0,13543.0,7.0,1041.7692307692307,0.5384615384615384,1934.7142857142856,0.1472081218274111,1.0,0.771235856847173,0.1972640352676573,1.0368202858251676,2.1624370657286254,-0.8170965125353873,5,2,2,3,4,2,1,1,1
Dry Bean,16.0,1.0,1951.0,7.0,121.9375,0.4375,278.7142857142857,0.146771037181996,0.9375,0.8144024213827905,0.2351558368647714,1.0771998365881528,2.257826040571094,-0.859290525372989,3,2,1,1,1,1,2,2,1
Dry Bean,16.0,1.0,2801.0,7.0,175.0625,0.4375,400.1428571428572,0.1473396998635743,1.0,0.7919217637180359,0.1864238256511501,1.0274532043907694,2.207634904937186,-0.8552567487862216,5,2,1,2,4,3,1,2,2
Dry Bean,16.0,1.0,7632.0,7.0,477.0,0.4375,1090.2857142857142,0.1471471471471471,1.0,0.8003641785919835,0.2092788860726413,1.0603342576382426,2.2263515704544723,-0.8568004992725624,4,1,3,3,2,2,1,1,1
Dry Bean,16.0,1.0,9410.0,7.0,588.125,0.4375,1344.2857142857142,0.1473214285714285,1.0,0.7959482385225858,0.2029090018672521,1.05523588824472,2.216541810942271,-0.8559988720821003,4,1,1,2,3,1,1,3,2
Dry Bean,16.0,1.0,10935.0,7.0,683.4375,0.4375,1562.142857142857,0.1473978344393992,1.0,0.7992237570758779,0.1955160422979536,1.0577367364223065,2.223814038424192,-0.856590033434041,4,3,3,1,2,2,1,2,1
Indian Engineering Student Placement,21.0,0.6666666666666666,3994.0,2.0,190.1904761904762,0.0952380952380952,1997.0,0.1671537112799532,0.2857142857142857,0.0207817284056936,0.0,0.0628722662918792,1.0209991721971872,-0.0587962114683383,-1,2,4,1,3,2,2,2,2
Indian Engineering Student Placement,16.0,0.6875,3994.0,2.0,249.625,0.125,1997.0,0.1671537112799532,0.3125,0.0258026407022004,0.0,0.0670988399436001,1.0261384105315787,-0.005051759038213,-1,1,3,1,1,3,3,1,2
Indian Engineering Student Placement,17.0,0.7058823529411765,3994.0,2.0,234.94117647058823,0.1176470588235294,1997.0,0.1671537112799532,0.2941176470588235,0.0188873218682429,0.0,0.0576037155473543,1.019066815603027,0.2792791548263769,-1,3,4,1,2,2,2,3,2
Indian Engineering Student Placement,11.0,0.7272727272727273,3994.0,2.0,363.09090909090907,0.1818181818181818,1997.0,0.1671537112799532,0.2727272727272727,0.0264261286302161,0.0,0.0628000549351759,1.0267783949335607,0.4130528208685141,-1,3,4,1,2,3,2,2,2
Indian Engineering Student Placement,11.0,0.6363636363636364,3994.0,2.0,363.09090909090907,0.1818181818181818,1997.0,0.1671537112799532,0.1818181818181818,0.016456059479004,4.007883517828659e-06,0.0537702026960185,1.0165922062134571,1.2691650849466345,-1,2,3,1,2,3,2,3,3
Indian Engineering Student Placement,13.0,0.6923076923076923,3994.0,2.0,307.2307692307692,0.1538461538461538,1997.0,0.1671537112799532,0.3076923076923077,0.0182143597596997,0.0,0.0657241290963819,1.018381252954768,0.7347119233237529,-1,3,4,1,4,2,3,2,2
Indian Engineering Student Placement,16.0,0.625,3994.0,2.0,249.625,0.125,1997.0,0.1671537112799532,0.1875,0.0166446037640727,2.8105617905782587e-06,0.0484997355573977,1.0167838969347112,0.5423792805591875,-1,2,4,1,3,2,3,2,4
Indian Engineering Student Placement,22.0,0.6818181818181818,296.0,2.0,13.454545454545457,0.0909090909090909,148.0,0.1653543307086614,0.2272727272727272,0.023452439178392,0.0,0.0876759099563071,1.0237296101673925,-0.2084889802658792,-1,2,3,2,2,1,3,2,1
Indian Engineering Student Placement,22.0,0.6818181818181818,876.0,2.0,39.81818181818182,0.0909090909090909,438.0,0.166444740346205,0.3181818181818182,0.0233490171402695,0.0,0.0829698170118096,1.0236237394394003,-0.2021778028379085,-1,4,4,1,1,2,3,2,1
Indian Engineering Student Placement,22.0,0.6818181818181818,1178.0,2.0,53.54545454545455,0.0909090909090909,589.0,0.1674925668979187,0.2727272727272727,0.0236701327297719,0.0,0.084183662183169,1.0239524937611628,-0.2103565031701737,-1,3,4,1,3,3,2,2,3
Indian Engineering Student Placement,22.0,0.6818181818181818,2019.0,2.0,91.77272727272728,0.0909090909090909,1009.5,0.1670520231213872,0.2727272727272727,0.0201512394138994,0.0,0.0642176082596299,1.0203556463477856,-0.0737697959419016,-1,3,4,1,1,3,2,2,2
Indian Engineering Student Placement,22.0,0.6818181818181818,2312.0,2.0,105.0909090909091,0.0909090909090909,1156.0,0.1670873296314992,0.2727272727272727,0.0237911220389972,0.0,0.0816622711431234,1.0240763885608846,-0.2153882080876661,-1,4,4,1,2,3,3,1,2
Indian Engineering Student Placement,22.0,0.6818181818181818,2883.0,2.0,131.04545454545453,0.0909090909090909,1441.5,0.1672064777327935,0.2727272727272727,0.0230587679243304,0.0,0.0758923034173226,1.02332667656483,-0.1901602456983222,-1,1,3,1,2,1,1,2,2
Indian Engineering Student Placement,22.0,0.6818181818181818,3219.0,2.0,146.3181818181818,0.0909090909090909,1609.5,0.1671501087744742,0.2727272727272727,0.0210560780893032,0.0,0.0625276827090053,1.021279321424714,-0.1132943802591776,-1,2,3,2,2,1,1,2,1
Indian Engineering Student Placement,22.0,0.6818181818181818,3524.0,2.0,160.1818181818182,0.0909090909090909,1762.0,0.1672739317654852,0.2727272727272727,0.0220747087625006,0.0,0.0653960328419327,1.0223201578913963,-0.1538764274214691,-1,2,5,1,3,3,4,2,3
Led24,24.0,1.0,1889.0,6.0,78.70833333333333,0.25,314.8333333333333,0.8783382789317508,0.0416666666666666,0.0938378691982667,0.0,0.3620941565013544,1.0983816499826249,-0.2048583596525004,5,2,1,1,3,1,4,2,3
Led24,24.0,1.0,947.0,3.0,39.458333333333336,0.125,315.6666666666667,0.8961424332344213,0.0416666666666666,0.0866000123735712,0.0,0.3542314780630036,1.0904604217993794,-0.4719729716444872,-1,2,1,3,3,2,4,1,2
Led24,24.0,1.0,666.0,2.0,27.75,0.0833333333333333,333.0,0.9762611275964392,0.1666666666666666,0.0526836611626551,0.0,0.4029714976478562,1.0540961408243186,-0.4518580181269473,-1,2,3,1,2,2,2,2,1
Led24,24.0,1.0,930.0,3.0,38.75,0.125,310.0,0.94375,0.0833333333333333,0.0770232225000225,0.0,0.3540299642384603,1.0800671579609709,-0.4058492237201989,-1,4,3,2,3,1,2,3,1
Led24,24.0,1.0,2564.0,8.0,106.83333333333331,0.3333333333333333,320.5,0.8783382789317508,0.0416666666666666,0.0873535356207851,0.0,0.3704118109243692,1.0912824187353782,-0.0085776442237431,4,3,3,1,1,2,2,2,3
Led24,23.0,1.0,3199.0,10.0,139.08695652173913,0.4347826086956521,319.9,0.8783382789317508,0.0434782608695652,0.0769959571433987,0.0,0.3584214991414929,1.0800377099461886,0.2997498318830071,6,5,3,1,4,4,4,3,2
Led24,13.0,1.0,3199.0,10.0,246.07692307692307,0.7692307692307693,319.9,0.8783382789317508,0.0,0.0666582655999956,0.0,0.3011765728959217,1.068930125556273,1.6561840610536789,6,4,3,1,2,5,2,4,4
Led24,18.0,1.0,3199.0,10.0,177.72222222222223,0.5555555555555556,319.9,0.8783382789317508,0.0555555555555555,0.0916223889283152,0.0,0.3501652242430237,1.0959509007409525,0.3956657204261803,6,5,3,2,1,4,3,4,3
Led24,19.0,1.0,3199.0,10.0,168.3684210526316,0.5263157894736842,319.9,0.8783382789317508,0.0,0.1016260349193845,0.0,0.345375458966247,1.1069694264027286,0.1920567898717316,5,4,3,1,1,3,2,3,2
Led24,17.0,1.0,3199.0,10.0,188.1764705882353,0.5882352941176471,319.9,0.8783382789317508,0.0588235294117647,0.0780153055547327,0.0,0.3351730448632697,1.0811392059787408,0.7355086911154226,4,2,2,1,3,2,2,2,2
Led24,24.0,1.0,630.0,10.0,26.25,0.4166666666666667,63.0,0.8787878787878788,0.0833333333333333,0.0895608332021707,0.0,0.3585276128514869,1.0936938641886402,0.0708722896595949,5,4,2,2,3,2,4,1,1
Led24,24.0,1.0,892.0,10.0,37.16666666666666,0.4166666666666667,89.2,0.8829787234042553,0.0416666666666666,0.0964392834813622,0.0,0.4236524489867612,1.1012427154900302,-0.0055151159765624,4,3,1,2,2,1,1,2,2
Led24,24.0,1.0,1514.0,10.0,63.083333333333336,0.4166666666666667,151.4,0.8805031446540881,0.0833333333333333,0.0872007250257525,0.0,0.3503161144175721,1.091115671960284,0.0998264908959469,4,3,2,1,1,2,2,2,1
Led24,24.0,1.0,2346.0,10.0,97.75,0.4166666666666667,234.6,0.8785425101214575,0.0833333333333333,0.0828972192421918,0.0,0.3727817544313758,1.0864301386966195,0.1569157462786252,4,3,2,1,2,3,2,1,2
Led24,24.0,1.0,2637.0,10.0,109.875,0.4166666666666667,263.7,0.8776978417266187,0.0416666666666666,0.0860414407269938,0.0,0.3707773858810923,1.0898514916074498,0.1146479081224565,5,4,2,2,1,2,2,3,3
Led7,7.0,1.0,238.0,7.0,34.0,1.0,34.0,0.7435897435897436,0.0,0.062722040317989,0.0335729623791554,0.0887053346880688,1.0647308458487583,3.418372552823985,1,4,3,2,3,4,1,3,3
Led7,7.0,1.0,108.0,3.0,15.428571428571429,0.4285714285714285,36.0,0.8461538461538461,0.0,0.0389426952124458,0.0,0.0924121874497172,1.0397109015306738,3.021641033680868,-1,3,3,3,1,2,2,1,2
Led7,7.0,1.0,300.0,9.0,42.85714285714285,1.2857142857142858,33.333333333333336,0.7435897435897436,0.0,0.0662502035996871,0.0,0.106384161261102,1.0684940247751789,3.727859243342103,4,5,6,2,3,6,1,5,6
Led7,7.0,1.0,233.0,7.0,33.285714285714285,1.0,33.285714285714285,0.7435897435897436,0.0,0.0658538040000335,0.0025131867426049,0.1157567373009436,1.0680705581080792,3.209102784619178,2,5,4,3,3,4,1,4,6
Led7,7.0,1.0,300.0,9.0,42.85714285714285,1.2857142857142858,33.333333333333336,0.7435897435897436,0.0,0.0425683087248451,0.0,0.1139687640693116,1.0434873332283598,6.358094480255078,2,5,4,2,1,3,1,3,3
Led7,3.0,1.0,336.0,10.0,112.0,3.333333333333333,33.6,0.7435897435897436,0.0,0.0707284168762667,0.0230074967738569,0.1169171323018436,1.073289698914147,9.830795287603047,4,1,2,2,2,1,3,1,1
Led7,3.0,1.0,336.0,10.0,112.0,3.333333333333333,33.6,0.7435897435897436,0.0,0.1030811509715659,0.0722606215530996,0.1200656990597544,1.1085813678808991,6.43147507553928,3,2,1,1,4,2,3,1,2
Led7,3.0,1.0,336.0,10.0,112.0,3.333333333333333,33.6,0.7435897435897436,0.0,0.0900445340837915,0.0331507708897764,0.1200656990597544,1.094223012839489,7.507401498576755,4,1,1,3,3,1,2,2,1
Led7,6.0,1.0,336.0,10.0,56.0,1.6666666666666667,33.6,0.7435897435897436,0.0,0.0372237686065908,0.0,0.0723933108986814,1.0379252499413214,9.2897292896273,1,5,4,2,3,4,1,5,5
Led7,4.0,1.0,336.0,10.0,84.0,2.5,33.6,0.7435897435897436,0.0,0.0437467054098744,0.0023196280394914,0.085927676433859,1.0447177000304109,12.133189065767612,2,3,3,1,3,3,1,3,3
Led7,7.0,1.0,87.0,8.0,12.428571428571429,1.1428571428571428,10.875,0.8333333333333334,0.0,0.0825724722043797,0.0,0.2902819373818137,1.0860773810088953,2.593164423885198,2,3,3,1,1,2,2,2,1
Led7,7.0,1.0,156.0,10.0,22.285714285714285,1.4285714285714286,15.6,0.7222222222222222,0.0,0.0487036850921978,0.0,0.1446052431404298,1.049909200895072,5.740372102192082,2,1,3,1,3,1,1,3,1
Led7,7.0,1.0,234.0,10.0,33.42857142857143,1.4285714285714286,23.4,0.7407407407407407,0.0,0.0840756818289881,0.0,0.2170968751568454,1.0877112106676758,2.904572076273995,4,5,3,1,5,4,2,3,5
Led7,7.0,1.0,244.0,10.0,34.857142857142854,1.4285714285714286,24.4,0.7241379310344828,0.0,0.0596873417837546,0.0071128348283013,0.1401461629243385,1.061504606519365,4.498986754083348,3,7,6,4,2,6,1,5,5
Led7,7.0,1.0,302.0,10.0,43.142857142857146,1.4285714285714286,30.2,0.7428571428571429,0.0,0.0515934190454308,0.0207239520156048,0.0861816976170817,1.052947547052412,5.364110499537052,1,4,4,1,2,3,1,3,3
Liver Cirrhosis,18.0,0.6111111111111112,217.0,3.0,12.055555555555555,0.1666666666666666,72.33333333333333,0.1081081081081081,0.5555555555555556,0.0430460486578017,0.0,0.1217402481425523,1.04398596789634,0.1168887083275724,-1,1,3,3,3,2,3,1,1
Liver Cirrhosis,18.0,0.6111111111111112,264.0,3.0,14.666666666666666,0.1666666666666666,88.0,0.5315315315315315,0.5555555555555556,0.0364903163698136,0.000956942399853,0.1058995445110206,1.03716426045398,0.6242506957301154,-1,2,1,4,2,1,2,2,3
Liver Cirrhosis,18.0,0.6111111111111112,106.0,2.0,5.888888888888889,0.1111111111111111,53.0,0.1276595744680851,0.5,0.0501411725641607,0.0,0.1676215303947805,1.0514195174885757,-0.608694406232187,-1,3,2,4,4,1,1,4,2
Liver Cirrhosis,9.0,0.7777777777777778,276.0,4.0,30.666666666666668,0.4444444444444444,69.0,0.1081081081081081,0.6666666666666666,0.0418849977091065,0.0022577984714441,0.0823521375876894,1.0427745503926968,2.1814884803196763,4,1,1,2,1,3,2,1,1
Liver Cirrhosis,16.0,0.625,276.0,4.0,17.25,0.25,69.0,0.1081081081081081,0.5,0.0449752612644929,0.0003252063507837,0.1337593830516323,1.0460019828222422,0.6666241974875394,3,1,1,1,2,1,1,1,1
Liver Cirrhosis,14.0,0.5714285714285714,276.0,4.0,19.714285714285715,0.2857142857142857,69.0,0.1081081081081081,0.5,0.0460586720388762,0.0022577984714441,0.1337593830516323,1.0471358467497471,0.859909927766166,5,2,1,1,2,4,1,3,1
Liver Cirrhosis,10.0,0.6,276.0,4.0,27.6,0.4,69.0,0.1081081081081081,0.4,0.0413346650810006,0.0012983242575401,0.1337593830516323,1.042200835415373,1.9014623368483663,3,1,1,1,1,1,1,2,1
Liver Cirrhosis,11.0,0.5454545454545454,276.0,4.0,25.09090909090909,0.3636363636363636,69.0,0.1081081081081081,0.4545454545454545,0.0504485323892606,0.0022577984714441,0.1337593830516323,1.0517427312764995,1.1611760137022218,4,3,1,2,2,2,2,2,3
Liver Cirrhosis,13.0,0.6153846153846154,276.0,4.0,21.23076923076923,0.3076923076923077,69.0,0.1081081081081081,0.4615384615384615,0.051261983925679,0.0008454257068155,0.1337593830516323,1.0525986210824168,0.7996688437042231,4,2,2,3,1,1,1,2,1
Liver Cirrhosis,18.0,0.6111111111111112,97.0,3.0,5.388888888888889,0.1666666666666666,32.333333333333336,0.5365853658536586,0.5,0.0530911713995528,0.0,0.2423972213203364,1.0545257833282924,0.1175238824622152,-1,1,1,2,3,3,2,1,2
Liver Cirrhosis,18.0,0.6111111111111112,132.0,3.0,7.333333333333333,0.1666666666666666,44.0,0.5178571428571429,0.5555555555555556,0.0428928985867644,0.0,0.117649986398072,1.043826093613886,0.3786358575553895,-1,1,1,1,1,3,2,2,3
Liver Cirrhosis,18.0,0.6111111111111112,154.0,3.0,8.555555555555555,0.1666666666666666,51.333333333333336,0.5230769230769231,0.5,0.0420096818910687,0.0,0.1192730117370567,1.0429045759903828,0.4088000373093871,-1,1,3,2,2,3,3,1,2
Liver Cirrhosis,18.0,0.6111111111111112,204.0,3.0,11.333333333333334,0.1666666666666666,68.0,0.5232558139534884,0.5555555555555556,0.0442472450955113,0.0,0.1156547236797789,1.0452407535931758,0.3375477928486722,-1,1,2,2,1,1,2,2,1
Liver Cirrhosis,18.0,0.6111111111111112,229.0,4.0,12.72222222222222,0.2222222222222222,57.25,0.108695652173913,0.5,0.048199009686443,0.0,0.1390256346909004,1.049379471225116,0.3830005436606803,4,2,1,2,2,3,2,1,2
Liver Cirrhosis,18.0,0.6111111111111112,248.0,4.0,13.77777777777778,0.2222222222222222,62.0,0.11,0.5555555555555556,0.0486954269990727,0.0,0.1305276958065802,1.049900530682918,0.3700769675990686,4,1,2,3,2,2,3,3,1
Magic,5.0,1.0,18905.0,2.0,3781.0,0.4,9452.5,0.5330035679532923,1.0,0.0414192064166821,0.0092166756359919,0.0829031718504891,1.0422889481905806,2.119336802128494,-1,3,2,3,5,4,2,2,1
Magic,5.0,1.0,18905.0,2.0,3781.0,0.4,9452.5,0.5330035679532923,0.8,0.0608063780189416,0.0187818983797687,0.0942668705048408,1.062693133516239,1.1247845883908172,-1,1,1,1,4,3,1,2,2
Magic,6.0,1.0,18905.0,2.0,3150.833333333333,0.3333333333333333,9452.5,0.5330035679532923,0.8333333333333334,0.0695842166497079,0.0107187532131478,0.1213027830847366,1.0720623429019038,0.5472911951297555,-1,1,2,2,3,2,1,2,1
Magic,8.0,1.0,18905.0,2.0,2363.125,0.25,9452.5,0.5330035679532923,0.75,0.0575671523605343,0.0089880193792075,0.1214340386160759,1.0592563998341191,0.4027145862773265,-1,1,2,3,4,3,3,2,1
Magic,5.0,1.0,18905.0,2.0,3781.0,0.4,9452.5,0.5330035679532923,0.6,0.0511075289321079,0.0092166756359919,0.1214574676057336,1.052436054524096,1.528012165529373,-1,2,1,2,3,2,1,3,2
Magic,6.0,1.0,18905.0,2.0,3150.833333333333,0.3333333333333333,9452.5,0.5330035679532923,0.8333333333333334,0.067098196707006,0.0091383906650548,0.12119496189673,1.069400484624933,0.604619066176071,-1,2,2,3,4,1,2,3,1
Magic,9.0,1.0,18905.0,2.0,2100.555555555556,0.2222222222222222,9452.5,0.5330035679532923,0.7777777777777778,0.0576315430313898,0.0091132879874482,0.1212040178221238,1.0593246082602823,0.2454643190038244,-1,4,1,3,5,3,2,3,1
Magic,10.0,1.0,1475.0,2.0,147.5,0.2,737.5,0.5332640332640333,0.8,0.0479996493677857,0.0,0.1016526647097846,1.049170287451505,0.3459931109739481,-1,2,1,2,2,3,2,3,1
Magic,10.0,1.0,4366.0,2.0,436.6,0.2,2183.0,0.5330056179775281,0.9,0.0539533578348553,0.0043278743450776,0.127018066950963,1.0554353732160398,0.197335715991815,-1,3,2,2,4,2,1,2,1
Magic,10.0,1.0,5262.0,2.0,526.2,0.2,2631.0,0.5332167832167832,0.8,0.0499888679727051,0.0015226347258165,0.1067062138352636,1.0512593936626224,0.2924064133941422,-1,2,1,4,5,4,2,3,3
Magic,10.0,1.0,8988.0,2.0,898.8,0.2,4494.0,0.5330035817840696,0.8,0.0523703265068546,0.0035412480408245,0.1177544085928177,1.0537659077122938,0.233527306863614,-1,3,2,2,4,2,1,2,1
Magic,10.0,1.0,10161.0,2.0,1016.1,0.2,5080.5,0.5330416415208208,0.8,0.0526600700246408,0.0098550086413262,0.1200343332791475,1.054071273790102,0.2267596061308364,-1,1,2,2,3,2,2,3,1
Magic,10.0,1.0,13572.0,2.0,1357.2,0.2,6786.0,0.5330396475770925,0.8,0.0572255762511268,0.0127415477869703,0.1202561764303224,1.0588946449411307,0.1288867254114451,-1,1,2,2,5,3,1,4,2
Magic,10.0,1.0,14483.0,2.0,1448.3,0.2,7241.5,0.5330792844289193,0.8,0.0557883169224618,0.0116856978045356,0.1197351121850927,1.0573738318977797,0.1579889473231969,-1,2,2,3,4,3,1,2,1
Magic,10.0,1.0,16655.0,2.0,1665.5,0.2,8327.5,0.5330449189985272,0.8,0.0556887983072807,0.0059397213132386,0.1236881081853156,1.057268608754218,0.1600418120648665,-1,2,1,1,4,3,1,3,2
Mobile Price Classification,19.0,0.6842105263157895,2669.0,7.0,140.47368421052633,0.3684210526315789,381.2857142857143,0.8798076923076923,0.1052631578947368,0.0077575485189696,0.0,0.0287844166555601,1.0077877162572568,12.197069324177278,2,5,4,1,3,4,2,4,5
Mobile Price Classification,19.0,0.6842105263157895,1838.0,5.0,96.73684210526316,0.2631578947368421,367.6,0.868766404199475,0.1578947368421052,0.0035321621940252,0.0,0.0251448478391589,1.0035384076300404,22.96239913615232,2,5,4,1,3,4,1,5,5
Mobile Price Classification,19.0,0.6842105263157895,1113.0,3.0,58.578947368421055,0.1578947368421052,371.0,0.7956730769230769,0.1052631578947368,0.0084736681605282,0.0,0.0389444114272217,1.008509671307633,5.796362743941299,-1,4,4,2,3,4,1,4,3
Mobile Price Classification,19.0,0.6842105263157895,1137.0,3.0,59.8421052631579,0.1578947368421052,379.0,0.9868766404199476,0.1052631578947368,0.0084640284461764,0.0,0.0434500311333994,1.0084999496093376,5.831362139146155,-1,4,3,2,3,4,1,4,4
Mobile Price Classification,19.0,0.6842105263157895,1165.0,3.0,61.31578947368421,0.1578947368421052,388.3333333333333,0.8966346153846154,0.1052631578947368,0.0059763740914183,0.0,0.0347797564244378,1.0059942682446827,8.663952150690381,-1,4,5,2,3,6,1,6,5
Mobile Price Classification,17.0,0.7058823529411765,3000.0,8.0,176.47058823529412,0.4705882352941176,375.0,0.7956730769230769,0.0588235294117647,0.0068792784371442,0.0,0.0291315836912713,1.0069029950262007,16.766541592115576,3,4,4,2,4,5,1,6,6
Mobile Price Classification,16.0,0.6875,3000.0,8.0,187.5,0.5,375.0,0.7956730769230769,0.0625,0.0034871581142083,0.0,0.0201095824416626,1.0034932453236958,36.23943505830346,3,5,5,2,4,7,1,6,4
Mobile Price Classification,12.0,0.75,3000.0,8.0,250.0,0.6666666666666666,375.0,0.7956730769230769,0.0833333333333333,0.0056664816103722,0.0,0.0211090889995864,1.0056825664844886,29.556244494383428,3,5,5,2,4,6,1,6,5
Mobile Price Classification,10.0,0.7,3000.0,8.0,300.0,0.8,375.0,0.7956730769230769,0.2,0.0071732709772607,0.0,0.020705393225584,1.0071990605137493,27.96526252388951,3,4,5,2,4,4,1,5,4
Mobile Price Classification,13.0,0.7692307692307693,3000.0,8.0,230.7692307692308,0.6153846153846154,375.0,0.7956730769230769,0.1538461538461538,0.0063571181124024,0.0,0.0263354407848472,1.0063773674742036,24.14149352409737,2,4,6,1,3,6,1,5,5
Mobile Price Classification,19.0,0.6842105263157895,192.0,8.0,10.105263157894736,0.4210526315789473,24.0,0.7777777777777778,0.0526315789473684,0.0144143266977933,0.0,0.056306082989022,1.014518714059668,6.585593730587351,3,4,5,1,1,4,2,1,2
Mobile Price Classification,19.0,0.6842105263157895,857.0,8.0,45.10526315789474,0.4210526315789473,107.125,0.7983193277310925,0.0526315789473684,0.0041560793907211,0.0,0.0168686031611624,1.004164727865771,25.312862870313907,3,5,6,2,4,5,1,4,5
Mobile Price Classification,19.0,0.6842105263157895,1488.0,8.0,78.3157894736842,0.4210526315789473,186.0,0.7961165048543689,0.1578947368421052,0.004852127278485,0.0,0.0275288436603391,1.004863917910217,21.53785798094829,3,4,5,2,5,7,1,5,6
Mobile Price Classification,19.0,0.6842105263157895,2138.0,8.0,112.52631578947368,0.4210526315789473,267.25,0.7972972972972973,0.1052631578947368,0.0035844144242229,0.0,0.0266240629296721,1.0035908461199303,29.509122136039885,3,4,6,2,5,5,1,4,5
Mobile Price Classification,19.0,0.6842105263157895,2700.0,8.0,142.10526315789474,0.4210526315789473,337.5,0.7946666666666666,0.1052631578947368,0.005468750931443,0.0,0.0207328553680015,1.005483731846332,18.996245732207303,3,6,6,2,4,5,1,5,5
Mofn_3_7_10,6.0,1.0,1024.0,2.0,170.66666666666666,0.3333333333333333,512.0,0.2929292929292929,0.0,0.035361438119482,0.0210735007949482,0.0542968477069809,1.035994088893213,1.522000055266571,-1,2,3,2,4,1,3,3,1
Mofn_3_7_10,8.0,1.0,1024.0,2.0,128.0,0.25,512.0,0.2929292929292929,0.0,0.0270326564272269,0.0,0.0483357160244057,1.0274013534731958,1.4742726209238746,-1,1,3,4,3,3,2,1,1
Mofn_3_7_10,7.0,1.0,1024.0,2.0,146.28571428571428,0.2857142857142857,512.0,0.2929292929292929,0.0,0.0324971046635211,0.0,0.0538275640485697,1.033030902167588,1.3522504054711175,-1,1,4,2,3,3,3,2,1
Mofn_3_7_10,9.0,1.0,1024.0,2.0,113.77777777777776,0.2222222222222222,512.0,0.2929292929292929,0.0,0.0352480999530572,0.0,0.0641009228895106,1.0358766778764514,0.6867395975085093,-1,3,5,2,5,3,4,2,1
Mofn_3_7_10,7.0,1.0,1024.0,2.0,146.28571428571428,0.2857142857142857,512.0,0.2929292929292929,0.0,0.0308853964166795,0.0,0.0538275640485697,1.0313672987251312,1.474999076914003,-1,1,5,3,4,2,3,1,1
Mofn_3_7_10,5.0,1.0,1024.0,2.0,204.8,0.4,512.0,0.2929292929292929,0.0,0.0428238934411016,0.034079496463176,0.0531329374549995,1.043754066727391,1.499022159607116,-1,2,5,3,4,2,3,1,2
Mofn_3_7_10,7.0,1.0,1024.0,2.0,146.28571428571428,0.2857142857142857,512.0,0.2929292929292929,0.0,0.033425693434087,0.0,0.0570600353914185,1.033990608580326,1.2869032701487988,-1,2,5,3,5,4,4,2,1
Mofn_3_7_10,10.0,1.0,200.0,2.0,20.0,0.2,100.0,0.2903225806451613,0.0,0.0371095828290064,0.0,0.0817386694210378,1.037806740405763,0.4367281981961672,-1,5,4,3,3,3,1,3,2
Mofn_3_7_10,10.0,1.0,274.0,2.0,27.4,0.2,137.0,0.2924528301886792,0.0,0.0349792450519118,0.0,0.1072844364911487,1.0355982147893823,0.5287321776977914,-1,3,4,2,4,3,2,3,1
Mofn_3_7_10,10.0,1.0,373.0,2.0,37.3,0.2,186.5,0.2951388888888889,0.0,0.0306639959270613,0.0,0.0780107185563896,1.0311389787762242,0.7502757732221237,-1,1,2,3,3,2,2,1,1
Mofn_3_7_10,10.0,1.0,484.0,2.0,48.4,0.2,242.0,0.2941176470588235,0.0,0.0297232256904582,0.0021592099016503,0.0899506424096177,1.0301693700762058,0.8031686560462087,-1,2,3,2,5,4,3,4,1
Mofn_3_7_10,10.0,1.0,579.0,2.0,57.9,0.2,289.5,0.2924107142857143,0.0,0.0321315067141523,0.0,0.0657979019438503,1.0326532972181244,0.6641235624041038,-1,2,3,4,4,3,3,4,1
Mofn_3_7_10,10.0,1.0,716.0,2.0,71.6,0.2,358.0,0.2924187725631769,0.0,0.0254111980439899,0.0,0.0572438884066173,1.0257368147904486,1.1042451646282925,-1,2,5,2,6,4,2,3,1
Mofn_3_7_10,10.0,1.0,867.0,2.0,86.7,0.2,433.5,0.2921013412816691,0.0,0.0289843771000754,0.0,0.0484846097121696,1.0294085120033392,0.8440281723246724,-1,3,5,2,4,3,3,3,1
Mofn_3_7_10,10.0,1.0,921.0,2.0,92.1,0.2,460.5,0.2935393258426966,0.0,0.031340494775875,0.001848612680581,0.050387625495692,1.0318367791122829,0.7087693419530243,-1,2,5,3,6,4,4,5,1
Mushroom,22.0,0.0,5336.0,5.0,242.54545454545453,0.2272727272727272,1067.2,0.0725623582766439,0.0,0.2318773562640914,0.0,0.5718911703950408,1.2609650698775277,-0.7855303757702967,-1,4,1,3,4,5,2,5,5
Mushroom,22.0,0.0,4716.0,4.0,214.3636363636364,0.1818181818181818,1179.0,0.010204081632653,0.0,0.1923796746752449,0.0,0.5709329054269084,1.2121306449188711,-0.8185529185200501,-1,2,3,2,2,4,1,4,5
Mushroom,22.0,0.0,228.0,2.0,10.363636363636363,0.0909090909090909,114.0,0.1875,0.0,0.2804444081923912,0.0,0.4361623253853448,1.3237179527431642,-0.9293066302424272,-1,5,3,4,3,2,6,1,2
Mushroom,22.0,0.0,7548.0,8.0,343.09090909090907,0.3636363636363636,943.5,0.010204081632653,0.0,0.2838254743583677,0.0,0.6171436772767928,1.3282011053735143,-0.7670007011147066,-1,3,4,2,1,5,5,2,4
Mushroom,22.0,0.0,4596.0,8.0,208.9090909090909,0.3636363636363636,574.5,0.0166666666666666,0.0,0.3561173444441941,0.0,0.8545381212345639,1.4277750799073847,-0.7917059951946788,-1,3,2,1,4,4,2,6,5
Mushroom,17.0,0.0,8124.0,9.0,477.88235294117646,0.5294117647058824,902.6666666666666,0.010204081632653,0.0,0.3105921778572179,0.0,0.6280433159496361,1.3642327434012254,-0.6955160651527998,-1,2,1,1,3,3,4,3,1
Mushroom,17.0,0.0,8124.0,9.0,477.88235294117646,0.5294117647058824,902.6666666666666,0.010204081632653,0.0,0.3105921778572179,0.0,0.6280433159496361,1.3642327434012254,-0.6955160651527998,-1,2,3,4,1,3,4,3,2
Mushroom,17.0,0.0,8124.0,9.0,477.88235294117646,0.5294117647058824,902.6666666666666,0.010204081632653,0.0,0.3105921778572179,0.0,0.6280433159496361,1.3642327434012254,-0.6955160651527998,-1,1,2,1,2,3,5,4,3
Mushroom,17.0,0.0,8124.0,9.0,477.88235294117646,0.5294117647058824,902.6666666666666,0.010204081632653,0.0,0.3105921778572179,0.0,0.6280433159496361,1.3642327434012254,-0.6955160651527998,-1,2,1,2,4,3,5,3,2
Mushroom,17.0,0.0,8124.0,9.0,477.88235294117646,0.5294117647058824,902.6666666666666,0.010204081632653,0.0,0.3105921778572179,0.0,0.6280433159496361,1.3642327434012254,-0.6955160651527998,-1,2,2,1,5,4,1,3,3
Mushroom,17.0,0.0,8124.0,9.0,477.88235294117646,0.5294117647058824,902.6666666666666,0.010204081632653,0.0,0.3105921778572179,0.0,0.6280433159496361,1.3642327434012254,-0.6955160651527998,-1,2,1,1,3,1,2,2,1
Mushroom,17.0,0.0,8124.0,9.0,477.88235294117646,0.5294117647058824,902.6666666666666,0.010204081632653,0.0,0.3105921778572179,0.0,0.6280433159496361,1.3642327434012254,-0.6955160651527998,-1,2,2,2,2,3,3,1,1
Mushroom,17.0,0.0,8124.0,9.0,477.88235294117646,0.5294117647058824,902.6666666666666,0.010204081632653,0.0,0.3105921778572179,0.0,0.6280433159496361,1.3642327434012254,-0.6955160651527998,-1,2,2,1,1,3,2,2,1
Mushroom,17.0,0.0,8124.0,9.0,477.88235294117646,0.5294117647058824,902.6666666666666,0.010204081632653,0.0,0.3105921778572179,0.0,0.6280433159496361,1.3642327434012254,-0.6955160651527998,-1,2,1,4,3,4,3,3,2
Mushroom,17.0,0.0,8124.0,9.0,477.88235294117646,0.5294117647058824,902.6666666666666,0.010204081632653,0.0,0.3105921778572179,0.0,0.6280433159496361,1.3642327434012254,-0.6955160651527998,-1,2,2,1,1,2,2,3,1
Obesity Levels,16.0,0.5,1736.0,6.0,108.5,0.375,289.3333333333333,0.8240740740740741,0.1875,0.3106315033016417,0.0089511587284687,1.2651240546810478,1.3642863935150575,-0.6398855534318612,8,5,7,6,4,2,2,3,1
Obesity Levels,16.0,0.5,825.0,3.0,51.5625,0.1875,275.0,0.946808510638298,0.125,0.1614565005532822,0.0022975314420631,0.6071752384748161,1.175221335568613,-0.5748233406870542,-1,5,5,4,4,3,1,2,2
Obesity Levels,16.0,0.5,1763.0,6.0,110.1875,0.375,293.8333333333333,0.7606837606837606,0.125,0.2163470920034191,0.0064112773462473,1.0727681440486678,1.2415332304800732,-0.4835843214072322,6,4,5,4,3,2,1,2,1
Obesity Levels,16.0,0.5,621.0,2.0,38.8125,0.125,310.5,0.9166666666666666,0.3125,0.2190455583722498,0.0011891767342109,0.6618251202653337,1.2448879904661068,-0.8024949386938901,-1,5,1,7,3,2,6,3,4
Obesity Levels,16.0,0.5,675.0,2.0,42.1875,0.125,337.5,0.9230769230769232,0.3125,0.1879626012461387,0.0019416235558276,0.5648157164272503,1.2067883821239818,-0.7697856639765379,-1,4,1,5,2,2,3,1,2
Obesity Levels,15.0,0.5333333333333333,2087.0,7.0,139.13333333333333,0.4666666666666667,298.1428571428572,0.7606837606837606,0.2666666666666666,0.3042338108139175,0.0330255146166601,1.2553187749026784,1.3555859696982238,-0.5744973287627543,5,2,3,4,2,1,3,1,1
Obesity Levels,13.0,0.6153846153846154,2087.0,7.0,160.53846153846155,0.5384615384615384,298.1428571428572,0.7606837606837606,0.3076923076923077,0.3295428576813583,0.0075279236642195,1.2553187749026784,1.3903324033878663,-0.5467416937249194,5,2,3,4,2,1,3,1,2
Obesity Levels,12.0,0.6666666666666666,2087.0,7.0,173.91666666666666,0.5833333333333334,298.1428571428572,0.7606837606837606,0.3333333333333333,0.3419056127619873,0.0075279236642195,1.2553187749026784,1.4076274291784725,-0.5267250143385146,5,2,3,4,2,3,4,1,1
Obesity Levels,12.0,0.5,2087.0,7.0,173.91666666666666,0.5833333333333334,298.1428571428572,0.7606837606837606,0.25,0.3154236534300988,0.0330255146166601,1.2445180141265422,1.3708399490001733,-0.4869903629045026,7,3,5,4,4,3,6,1,2
Obesity Levels,10.0,0.5,2087.0,7.0,208.7,0.7,298.1428571428572,0.7606837606837606,0.2,0.2821149689923555,0.0075279236642195,1.2496459957939818,1.325931152192636,-0.311704552698603,7,2,2,5,4,3,6,3,1
Obesity Levels,16.0,0.5,402.0,7.0,25.125,0.4375,57.42857142857143,0.7647058823529411,0.125,0.2613451505589522,0.0223952178777981,1.2356865562950188,1.2986758267751817,-0.5356282081706982,4,2,1,3,3,2,3,3,2
Obesity Levels,16.0,0.5,550.0,7.0,34.375,0.4375,78.57142857142857,0.7526881720430108,0.1875,0.2646751380038266,0.008950528624349,1.1948555716717757,1.3030076093612564,-0.5415037062875577,4,3,2,1,1,2,3,1,1
Obesity Levels,16.0,0.5,1027.0,7.0,64.1875,0.4375,146.71428571428572,0.7572254335260116,0.125,0.2842220131629177,0.0070615921810826,1.203484019700712,1.3287278930910245,-0.5730085523118287,5,3,4,2,1,1,3,1,1
Obesity Levels,16.0,0.5,1351.0,7.0,84.4375,0.4375,193.0,0.762114537444934,0.25,0.278646983445697,0.0089581952814756,1.2407061869188936,1.3213408063481331,-0.5644561958642158,4,1,2,2,3,1,2,1,1
Obesity Levels,16.0,0.5,1878.0,7.0,117.375,0.4375,268.2857142857143,0.759493670886076,0.125,0.2826824886987832,0.0077234957345394,1.262081471694776,1.3266838578183069,-0.5706914537375479,6,3,5,4,3,1,4,2,1
Page Blocks,10.0,1.0,5093.0,4.0,509.3,0.4,1273.25,0.0057271425649417,1.0,0.0613411135828512,0.0420780313325048,0.0927817759202722,1.0632615452897034,-0.663258533633321,6,1,5,3,3,3,3,4,2
Page Blocks,10.0,1.0,5292.0,4.0,529.2,0.4,1323.0,0.0057271425649417,1.0,0.1093021184555999,0.0419371303817004,0.1943379631752233,1.1154993123671366,-0.7069971602356048,5,1,4,4,2,3,3,2,2
Page Blocks,10.0,1.0,4979.0,3.0,497.9,0.3,1659.6666666666667,0.0057271425649417,1.0,0.0426468729306938,0.0124581209281078,0.072074868851429,1.0435693172024687,-0.7616233030728842,-1,1,5,2,4,3,3,3,2
Page Blocks,10.0,1.0,5316.0,3.0,531.6,0.3,1772.0,0.0233176518715483,1.0,0.0917410639111161,0.0291362374784804,0.1901452493646387,1.0960809704131038,-0.6444720920667634,-1,1,4,3,2,2,2,2,2
Page Blocks,10.0,1.0,375.0,2.0,37.5,0.2,187.5,0.1980830670926517,0.9,0.1331806943768208,0.0,0.3795633651571732,1.142456415131132,-0.6633078990637724,-1,1,7,6,5,3,5,2,4
Page Blocks,8.0,1.0,5406.0,5.0,675.75,0.625,1081.2,0.0057271425649417,1.0,0.1225244184964329,0.0533474060511915,0.2266038753357702,1.1303467211043992,-0.5758525902693372,6,1,5,4,4,2,4,3,2
Page Blocks,5.0,1.0,5406.0,5.0,1081.2,1.0,1081.2,0.0057271425649417,1.0,0.1514496565574986,0.0732675379623635,0.228209597052009,1.1635197247468403,-0.4509762156980506,6,1,5,5,3,4,3,2,3
Page Blocks,5.0,1.0,5406.0,5.0,1081.2,1.0,1081.2,0.0057271425649417,1.0,0.1278832068795634,0.0751977926550377,0.1993213217038831,1.1364202688766831,-0.3498015446802479,6,1,4,5,3,2,2,1,3
Page Blocks,8.0,1.0,5406.0,5.0,675.75,0.625,1081.2,0.0057271425649417,1.0,0.1169528477767314,0.0550989689591188,0.2266038753357702,1.1240664262098334,-0.5556464359617141,6,1,5,4,3,2,2,2,2
Page Blocks,9.0,1.0,5406.0,5.0,600.6666666666666,0.5555555555555556,1081.2,0.0057271425649417,1.0,0.1316547436457668,0.0578579687402798,0.228459523875983,1.1407144123724815,-0.6491266083466845,6,1,5,5,4,3,2,3,2
Page Blocks,10.0,1.0,217.0,2.0,21.7,0.2,108.5,0.0637254901960784,1.0,0.0558309291411143,0.0,0.1166917899013355,1.057418889902706,-0.5939278587672647,-1,2,2,1,1,2,1,3,1
Page Blocks,10.0,1.0,2008.0,5.0,200.8,0.5,401.6,0.0060572687224669,1.0,0.1152108582677318,0.0419950646237714,0.2138259841534004,1.1221100188032769,-0.6387356489786429,6,1,4,5,3,2,3,2,3
Page Blocks,10.0,1.0,2752.0,5.0,275.2,0.5,550.4,0.0056247488951386,1.0,0.1224764433173314,0.0488494118435769,0.2151453377805063,1.1302924938187997,-0.6606839212361628,6,1,5,5,4,2,2,2,3
Page Blocks,10.0,1.0,3419.0,5.0,341.9,0.5,683.8,0.0058214747736093,1.0,0.1236561614337206,0.0587319305205513,0.2386237447484582,1.131626707193682,-0.6637098067311343,7,1,5,6,4,3,3,2,1
Page Blocks,10.0,1.0,4865.0,5.0,486.5,0.5,973.0,0.0056818181818181,1.0,0.1232300565196052,0.0519816143365718,0.2261969642411645,1.131144618210339,-0.6628696866892971,7,1,6,5,4,2,3,4,2
Parity5,9.0,1.0,1024.0,2.0,113.77777777777776,0.2222222222222222,512.0,1.0,0.0,0.0067211678484469,0.0,0.023180514425396,1.0067438055859956,10.458775488451142,-1,1,1,4,1,1,1,3,2
Parity5,7.0,1.0,1024.0,2.0,146.28571428571428,0.2857142857142857,512.0,1.0,0.0,0.0115617265595166,0.0,0.0333404137899713,1.0116288216490683,7.564553510632185,-1,3,3,1,2,3,3,3,3
Parity5,7.0,1.0,1024.0,2.0,146.28571428571428,0.2857142857142857,512.0,1.0,0.0,0.0072458320178269,0.0,0.0330263029607311,1.0072721465772057,12.665928985195338,-1,3,2,4,2,3,3,1,3
Parity5,7.0,1.0,1024.0,2.0,146.28571428571428,0.2857142857142857,512.0,1.0,0.0,0.010221690404213,0.0,0.0330263029607311,1.010274110336102,8.68734347045619,-1,3,3,1,2,3,3,3,3
Parity5,8.0,1.0,1024.0,2.0,128.0,0.25,512.0,1.0,0.0,0.006812201072698,0.0,0.0286826472132668,1.0068354568922069,11.718854984660286,-1,4,3,1,2,3,3,3,3
Parity5,7.0,1.0,1024.0,2.0,146.28571428571428,0.2857142857142857,512.0,1.0,0.0,0.0117009460998615,0.0,0.0333404137899713,1.0117696699528087,7.4626512206093825,-1,3,3,1,2,3,3,3,3
Parity5,5.0,1.0,1024.0,2.0,204.8,0.4,512.0,1.0,0.0,0.0056462977977001,0.0,0.0097157268908978,1.0056622681808085,23.55227143145988,-1,3,3,1,2,3,3,4,3
Parity5,10.0,1.0,198.0,2.0,19.8,0.2,99.0,1.0,0.0,0.0052947649369998,0.0,0.0529476493699985,1.0053088069770304,12.0911794726944,-1,4,4,1,2,2,3,3,4
Parity5,10.0,1.0,258.0,2.0,25.8,0.2,129.0,1.0,0.0,0.0192062086562849,0.0,0.0704797574286646,1.0193918343659951,2.608974540288168,-1,4,5,1,2,3,2,3,5
Parity5,10.0,1.0,417.0,2.0,41.7,0.2,208.5,0.9952153110047848,0.0,0.0053241246745023,0.0,0.0270763795943045,1.0053383230130015,12.018934520432802,-1,1,4,3,1,1,1,2,1
Parity5,10.0,1.0,488.0,2.0,48.8,0.2,244.0,1.0,0.0,0.0073190823917119,0.0,0.0387860075981714,1.0073459323409308,8.470410954040657,-1,3,2,6,3,5,1,4,4
Parity5,10.0,1.0,634.0,2.0,63.4,0.2,317.0,1.0,0.0,0.002764890211625,0.0,0.0196250384784686,1.0027687160457577,24.06960955070102,-1,4,2,5,3,3,1,4,3
Parity5,10.0,1.0,727.0,2.0,72.7,0.2,363.5,0.9972527472527472,0.0,0.0076021609543198,0.0,0.0215380871632531,1.0076311307443797,8.117752685095263,-1,3,1,4,3,2,1,2,2
Parity5,10.0,1.0,897.0,2.0,89.7,0.2,448.5,0.9977728285077953,0.0,0.0060201990265901,0.0,0.013665492045997,1.0060383568443547,10.51368179155651,-1,3,4,5,3,3,1,4,2
Parity5,10.0,1.0,921.0,2.0,92.1,0.2,460.5,0.9978308026030368,0.0,0.0088577659541297,0.0,0.0309972171275174,1.008897112050012,6.8252981021872845,-1,2,1,4,3,1,1,1,2
Ring,18.0,1.0,7400.0,2.0,411.1111111111111,0.1111111111111111,3700.0,0.9807280513918628,1.0,0.0868473870717544,0.0745656754716952,0.1039121766702939,1.090730207484803,-0.5566297582702737,-1,3,4,2,3,2,1,2,1
Ring,18.0,1.0,7400.0,2.0,411.1111111111111,0.1111111111111111,3700.0,0.9807280513918628,1.0,0.0875420253412521,0.0745656754716952,0.1039121766702939,1.0914881336403996,-0.5601478621325198,-1,3,4,1,3,1,2,2,1
Ring,15.0,1.0,7400.0,2.0,493.3333333333333,0.1333333333333333,3700.0,0.9807280513918628,1.0,0.0852930595286138,0.0726885919987596,0.101889175617311,1.089036172364953,-0.4582600664709719,-1,5,6,1,4,3,2,2,3
Ring,10.0,1.0,7400.0,2.0,740.0,0.2,3700.0,0.9807280513918628,1.0,0.0862204803762465,0.0746537198479364,0.0996840683793538,1.0900466357049887,-0.1961308462116537,-1,3,4,1,1,1,1,2,1
Ring,19.0,1.0,7400.0,2.0,389.4736842105263,0.1052631578947368,3700.0,0.9807280513918628,1.0,0.0862844729128686,0.070802651384777,0.1042617299002515,1.0901163927861863,-0.5772247539877204,-1,3,3,1,3,1,2,1,2
Ring,13.0,1.0,7400.0,2.0,569.2307692307693,0.1538461538461538,3700.0,0.9807280513918628,1.0,0.0862508842222531,0.071016812501828,0.1064350264752962,1.090079777818862,-0.3818570876178938,-1,3,3,1,2,1,2,1,1
Ring,10.0,1.0,7400.0,2.0,740.0,0.2,3700.0,0.9807280513918628,1.0,0.086882791943856,0.0747244933958417,0.1027422694595017,1.0907688253319223,-0.2022587781931968,-1,3,4,1,3,2,3,2,1
Ring,20.0,1.0,167.0,2.0,8.35,0.1,83.5,0.988095238095238,1.0,0.0911905942692765,0.0,0.1500050189714818,1.0954777771489148,-0.6199557323913046,-1,2,3,1,1,1,1,1,2
Ring,20.0,1.0,1429.0,2.0,71.45,0.1,714.5,0.9819694868238558,1.0,0.0838246914659069,0.0598930620109403,0.1414080700707849,1.0874382398939328,-0.5865742016462552,-1,4,4,1,3,2,1,1,2
Ring,20.0,1.0,2233.0,2.0,111.65,0.1,1116.5,0.9813664596273292,1.0,0.0870711975938309,0.048706625590261,0.1076436906304403,1.0909743517019883,-0.6019906824540793,-1,3,2,1,1,1,1,1,1
Ring,20.0,1.0,3586.0,2.0,179.3,0.1,1793.0,0.9812154696132596,1.0,0.0879551239348879,0.0652730117482027,0.1110589334992311,1.0919391189976717,-0.6059909865394197,-1,4,4,1,4,3,1,2,2
Ring,20.0,1.0,4512.0,2.0,225.6,0.1,2256.0,0.980684811237928,1.0,0.0888512442717654,0.0748920493887728,0.1082888223129256,1.0929180664106697,-0.6099662773728098,-1,5,3,1,4,1,1,2,2
Ring,20.0,1.0,4853.0,2.0,242.65,0.1,2426.5,0.9808163265306122,1.0,0.0870003930554017,0.0739591568679645,0.1124867446197728,1.0908971085011947,-0.6016683037413063,-1,5,3,3,4,2,2,1,1
Ring,20.0,1.0,5977.0,2.0,298.85,0.1,2988.5,0.9804506295559974,1.0,0.0858996881224948,0.0704659646570495,0.1103802061058665,1.0896970132691093,-0.5965652059447435,-1,4,3,1,3,2,1,1,1
Ring,20.0,1.0,6660.0,2.0,333.0,0.1,3330.0,0.9809637120761452,1.0,0.0865178315891341,0.0721477645100285,0.1087406189503128,1.0903708105887284,-0.5994461518393425,-1,4,4,1,3,1,1,1,2
Salaries 2023,10.0,0.3,2488.0,3.0,248.8,0.3,829.3333333333334,0.1737451737451737,0.2,0.1185236957194729,0.0131891921592437,0.4956420957929852,1.1258335512219204,-0.2511988119881364,-1,5,1,4,3,2,5,4,3
Salaries 2023,10.0,0.3,934.0,2.0,93.4,0.2,467.0,0.4066265060240964,0.2,0.0694913514695501,0.0047229607349652,0.3473916888507237,1.0719627902618485,-0.1346762349313029,-1,4,2,4,1,3,2,3,5
Salaries 2023,10.0,0.3,2314.0,3.0,231.4,0.3,771.3333333333334,0.0617760617760617,0.2,0.0907595160473993,0.0028864905143994,0.4108771659222655,1.0950056423074708,-0.1652133828019786,-1,5,1,2,3,2,2,2,4
Salaries 2023,7.0,0.2857142857142857,2584.0,4.0,369.1428571428572,0.5714285714285714,646.0,0.0617760617760617,0.2857142857142857,0.1650174320371352,0.0301129169746092,0.5675229547078426,1.179413678115229,-0.1227607057890049,6,5,1,3,4,3,5,2,6
Salaries 2023,8.0,0.25,2584.0,4.0,323.0,0.5,646.0,0.0617760617760617,0.125,0.1427505553706427,0.0301129169746092,0.5675229547078426,1.1534420458543184,-0.1126843371481509,5,3,1,2,2,2,4,2,1
Salaries 2023,7.0,0.2857142857142857,2584.0,4.0,369.1428571428572,0.5714285714285714,646.0,0.0617760617760617,0.1428571428571428,0.1571019815018637,0.0301129169746092,0.5675229547078426,1.17011493789511,-0.0785617455051004,5,4,1,3,3,3,2,4,2
Salaries 2023,8.0,0.375,2584.0,4.0,323.0,0.5,646.0,0.0617760617760617,0.25,0.0876776385786326,0.0132431633107522,0.1826138358301734,1.0916361639169705,0.4446648622678594,4,3,1,1,2,1,3,2,2
Salaries 2023,5.0,0.2,2584.0,4.0,516.8,0.8,646.0,0.0617760617760617,0.0,0.0842393729912424,0.0422905724520953,0.1333562063165652,1.0878892739532426,1.405807150047797,-1,4,1,2,3,2,2,2,1
Salaries 2023,8.0,0.375,2584.0,4.0,323.0,0.5,646.0,0.0617760617760617,0.25,0.1569626125032689,0.0189630774282565,0.5675229547078426,1.169951871511438,-0.1930256406853987,5,4,1,2,4,3,2,3,2
Salaries 2023,10.0,0.3,372.0,4.0,37.2,0.4,93.0,0.0625,0.2,0.185384442810249,0.0182814302831962,0.8107177284976878,1.2036810977331582,-0.4530752475096374,5,4,3,2,2,3,1,3,4
Salaries 2023,10.0,0.3,927.0,4.0,92.7,0.4,231.75,0.060931899641577,0.2,0.1615799539042148,0.0,0.6814625972640549,1.1753664295365605,-0.373643950700897,4,3,1,2,2,3,1,2,3
Salaries 2023,10.0,0.3,1305.0,4.0,130.5,0.4,326.25,0.062420382165605,0.2,0.1554057972027037,0.0193256594501511,0.6434963222739086,1.16813188959238,-0.3476971786534881,6,5,2,2,5,4,2,1,3
Salaries 2023,10.0,0.3,1350.0,4.0,135.0,0.4,337.5,0.0615763546798029,0.2,0.1353057064968066,0.0,0.6111684195842522,1.1448867301697547,-0.2513389276866109,5,3,1,2,2,2,4,3,3
Salaries 2023,10.0,0.3,1761.0,4.0,176.1,0.4,440.25,0.0613786591123701,0.2,0.1434214054404037,0.0138809815008499,0.6114820486735546,1.154216092136717,-0.2937771636970666,6,5,1,2,4,3,3,3,4
Salaries 2023,10.0,0.3,2325.0,4.0,232.5,0.4,581.25,0.0615164520743919,0.2,0.1296172583807603,0.0,0.5846095378652925,1.138392589708649,-0.218379158982902,6,5,1,2,3,2,3,4,2
Segmentation,18.0,0.8888888888888888,1788.0,6.0,99.33333333333331,0.3333333333333333,298.0,0.9733333333333334,0.6111111111111112,0.7361632403856496,0.0151988365663175,1.2536262235176283,2.087909320891752,-0.8647860022226618,5,1,2,3,3,4,3,3,3
Segmentation,18.0,0.8888888888888888,1486.0,5.0,82.55555555555556,0.2777777777777778,297.2,0.9733333333333334,0.5555555555555556,0.6923280247483333,0.0153064699687128,1.161918357798247,1.998362359209835,-0.8708549044120008,4,1,1,3,2,2,1,2,1
Segmentation,18.0,0.8888888888888888,600.0,2.0,33.333333333333336,0.1111111111111111,300.0,1.0,0.3888888888888889,0.3428485199757599,0.0,0.6939812083367602,1.408955317174952,-0.8876816598172939,-1,3,2,4,1,1,1,1,1
Segmentation,18.0,0.8888888888888888,589.0,2.0,32.72222222222222,0.1111111111111111,294.5,0.9831649831649832,0.3333333333333333,0.4447414817014882,0.0110472548009796,0.6939607659973418,1.560086832703017,-0.913418971421624,-1,4,1,5,1,1,2,2,3
Segmentation,18.0,0.8888888888888888,898.0,3.0,49.888888888888886,0.1666666666666666,299.3333333333333,0.9933333333333332,0.3888888888888889,0.4528361862727637,0.0037409271688805,0.8828351332976381,1.5727665246639997,-0.865218942058527,-1,3,2,1,2,2,3,3,1
Segmentation,16.0,0.875,2086.0,7.0,130.375,0.4375,298.0,0.9733333333333334,0.8125,0.7273089203169896,0.0177633836163828,1.1917034905551454,2.0695039074480364,-0.8327851392544315,4,1,3,2,3,2,3,3,2
Segmentation,14.0,0.9285714285714286,2086.0,7.0,149.0,0.5,298.0,0.9733333333333334,0.7857142857142857,0.7274593523670051,0.0188272685682096,1.115075651025561,2.0698152505807546,-0.8089368203238948,4,2,3,2,3,2,1,3,1
Segmentation,9.0,0.8888888888888888,2086.0,7.0,231.77777777777777,0.7777777777777778,298.0,0.9733333333333334,0.7777777777777778,0.641577995028997,0.0188272685682096,1.119328740381076,1.8994758791310216,-0.6630062868680705,4,3,2,3,3,3,1,3,1
Segmentation,14.0,0.8571428571428571,2086.0,7.0,149.0,0.5,298.0,0.9733333333333334,0.7142857142857143,0.7293792241278592,0.0177633836163828,1.194968620026023,2.073792847446725,-0.8094397367644306,5,3,2,1,3,2,2,4,1
Segmentation,14.0,0.9285714285714286,2086.0,7.0,149.0,0.5,298.0,0.9733333333333334,0.7857142857142857,0.7020652929360695,0.0188272685682096,1.187812979118521,2.017915994435934,-0.8020259677456855,4,1,1,2,2,2,3,1,1
Segmentation,18.0,0.8888888888888888,271.0,7.0,15.055555555555555,0.3888888888888889,38.71428571428572,0.9743589743589745,0.6111111111111112,0.7061381472586812,0.034455973809848,1.2173362031767545,2.02615143180066,-0.8469105183393666,5,1,2,2,3,3,4,4,3
Segmentation,18.0,0.8888888888888888,583.0,7.0,32.388888888888886,0.3888888888888889,83.28571428571429,0.9761904761904762,0.6666666666666666,0.7169020610200381,0.0323493105004536,1.1896804541124633,2.0480785501763474,-0.8492065216811567,4,1,1,2,2,2,2,3,1
Segmentation,18.0,0.8888888888888888,1177.0,7.0,65.38888888888889,0.3888888888888889,168.14285714285714,0.9763313609467456,0.6666666666666666,0.7156712478570395,0.0190330420604324,1.2360384132464035,2.0455592988198354,-0.8489469752096681,4,2,3,3,2,1,1,3,3
Segmentation,18.0,0.8888888888888888,1605.0,7.0,89.16666666666667,0.3888888888888889,229.28571428571428,0.974025974025974,0.6666666666666666,0.719226484099644,0.0156660455300315,1.1962104323617218,2.052844688342069,-0.849694229592515,4,3,3,1,2,3,1,3,3
Segmentation,18.0,0.8888888888888888,1877.0,7.0,104.27777777777776,0.3888888888888889,268.1428571428572,0.974074074074074,0.7222222222222222,0.7183567801858973,0.0161438779198019,1.2026243933530456,2.0510600974276416,-0.8495121509998429,5,3,1,2,4,1,2,3,1
Smartphone battery,12.0,0.8333333333333334,5000.0,3.0,416.6666666666667,0.25,1666.6666666666667,0.5311827956989247,0.5833333333333334,0.0571249690939434,0.0,0.5274631672836505,1.0587881179199268,0.5462537146914807,-1,4,4,2,3,2,1,1,1
Smartphone battery,7.0,0.8571428571428571,5000.0,3.0,714.2857142857143,0.4285714285714285,1666.6666666666667,0.5311827956989247,0.5714285714285714,0.0119241474182408,0.0,0.0473205230379449,1.0119955234815037,11.698797667571544,-1,4,2,1,2,2,2,2,3
Smartphone battery,7.0,0.8571428571428571,5000.0,3.0,714.2857142857143,0.4285714285714285,1666.6666666666667,0.5311827956989247,0.5714285714285714,0.099050333092808,0.0,0.5304970375346456,1.1041218720289592,0.5287413044906848,-1,4,5,3,4,2,1,2,2
Smartphone battery,8.0,0.875,5000.0,3.0,625.0,0.375,1666.6666666666667,0.5311827956989247,0.625,0.0175259690513781,0.0,0.085690397104859,1.0176804500035,6.559898291860828,-1,4,3,1,2,1,2,2,2
Smartphone battery,11.0,0.8181818181818182,5000.0,3.0,454.54545454545456,0.2727272727272727,1666.6666666666667,0.5311827956989247,0.5454545454545454,0.0675911794960084,0.0,0.535150692300437,1.0699278106290462,0.4256248923996044,-1,3,5,2,4,2,1,1,1
Smartphone battery,11.0,0.8181818181818182,5000.0,3.0,454.54545454545456,0.2727272727272727,1666.6666666666667,0.5311827956989247,0.6363636363636364,0.0195057215523019,0.0,0.0861355490490367,1.0196972010948362,3.940071954671555,-1,5,3,1,2,3,3,4,3
Smartphone battery,7.0,0.8571428571428571,5000.0,3.0,714.2857142857143,0.4285714285714285,1666.6666666666667,0.5311827956989247,0.4285714285714285,0.0904373949054366,0.0,0.5304970375346456,1.09465297464342,0.6743332288691725,-1,4,4,3,5,2,2,1,1
Smartphone battery,14.0,0.8571428571428571,475.0,3.0,33.92857142857143,0.2142857142857142,158.33333333333334,0.5294117647058824,0.4285714285714285,0.0582361010139257,0.0,0.4961603192116985,1.0599652250337832,0.2997876014694925,-1,7,5,2,6,2,4,3,1
Smartphone battery,14.0,0.8571428571428571,1020.0,3.0,72.85714285714286,0.2142857142857142,340.0,0.5316455696202531,0.4285714285714285,0.0655580365879548,0.0,0.4810445534084044,1.0677547043551163,0.1550355615477948,-1,3,3,1,3,1,2,1,1
Smartphone battery,14.0,0.8571428571428571,1746.0,3.0,124.71428571428572,0.2142857142857142,582.0,0.5307881773399015,0.5714285714285714,0.0545094071438848,0.0,0.5400898107142869,1.0560224105217604,0.3888861619966369,-1,2,5,3,4,2,3,2,1
Smartphone battery,14.0,0.8571428571428571,2498.0,3.0,178.42857142857142,0.2142857142857142,832.6666666666666,0.5309810671256454,0.5,0.0540981327852832,0.0,0.528589837077845,1.0555881848812607,0.3994058778254667,-1,4,5,3,5,1,2,1,2
Smartphone battery,14.0,0.8571428571428571,2641.0,3.0,188.6428571428572,0.2142857142857142,880.3333333333334,0.5309446254071661,0.5714285714285714,0.0572312079611825,0.0,0.5358449199734951,1.0589006083455428,0.3228909440601587,-1,4,6,4,5,1,3,1,2
Smartphone battery,14.0,0.8571428571428571,3336.0,3.0,238.28571428571428,0.2142857142857142,1112.0,0.5312701482914249,0.5714285714285714,0.0575834070517803,0.0,0.5292850645818279,1.0592736178597857,0.3148519469405341,-1,4,4,1,4,2,3,2,1
Smartphone battery,14.0,0.8571428571428571,3838.0,3.0,274.1428571428572,0.2142857142857142,1279.3333333333333,0.5310924369747899,0.5714285714285714,0.0584313380952066,0.0,0.5375193117803709,1.0601721897535146,0.2956791052884054,-1,3,4,2,4,1,2,2,2
Smartphone battery,14.0,0.8571428571428571,4477.0,3.0,319.7857142857143,0.2142857142857142,1492.3333333333333,0.5312199807877042,0.5714285714285714,0.056354670575746,0.0,0.5347760665712784,1.0579728490421243,0.343457759361207,-1,1,4,3,4,2,2,3,3
Students Performance,13.0,0.3846153846153846,1625.0,2.0,125.0,0.1538461538461538,812.5,0.3418662262592898,0.0769230769230769,0.0531871831743887,0.0,0.4477317668305141,1.0546270350809623,-0.1792205944968699,-1,4,4,2,4,1,3,2,1
Students Performance,13.0,0.3846153846153846,1709.0,3.0,131.46153846153845,0.2307692307692307,569.6666666666666,0.088356729975227,0.0,0.079341131955424,1.7647752032175223e-05,0.5746099757500185,1.0825735595226371,-0.2679897147784471,-1,3,2,2,2,2,2,1,2
Students Performance,13.0,0.3846153846153846,1480.0,2.0,113.84615384615384,0.1538461538461538,740.0,0.2221304706853839,0.0769230769230769,0.0543303259999295,0.0,0.3462153557603329,1.05583331375278,-0.3288251739507242,-1,2,2,2,3,1,1,1,1
Students Performance,13.0,0.3846153846153846,1181.0,4.0,90.84615384615384,0.3076923076923077,295.25,0.2584541062801932,0.1538461538461538,0.0957605372824459,0.0,0.93854500019113,1.1004955047947031,0.0346053710730811,7,5,4,2,6,2,2,3,1
Students Performance,13.0,0.3846153846153846,1074.0,3.0,82.61538461538461,0.2307692307692307,358.0,0.6497584541062802,0.1538461538461538,0.0809361978799317,0.0,0.8393263772582682,1.0843017136116522,0.0284242599153539,-1,4,4,2,4,1,3,2,1
Students Performance,12.0,0.3333333333333333,2392.0,5.0,199.3333333333333,0.4166666666666667,478.4,0.088356729975227,0.0,0.044415734926241,0.0,0.4787935314023293,1.0454168808682311,1.4934391644075686,7,6,5,2,4,2,1,1,3
Students Performance,7.0,0.5714285714285714,2392.0,5.0,341.7142857142857,0.7142857142857143,478.4,0.088356729975227,0.0,0.146234596078323,0.0,0.9830098180647528,1.1574676935841848,0.2982810120689501,6,4,3,1,5,1,2,1,4
Students Performance,8.0,0.25,2392.0,5.0,299.0,0.625,478.4,0.088356729975227,0.0,0.125183465891065,0.0,0.9836578113757896,1.1333563662293809,0.3270274815374713,7,5,4,2,6,1,3,2,1
Students Performance,8.0,0.25,2392.0,5.0,299.0,0.625,478.4,0.088356729975227,0.0,0.1844893245535782,0.0003130599249566,0.9836578113757896,1.202604142880251,-0.0995582000555926,7,4,5,1,6,2,3,1,1
Students Performance,12.0,0.4166666666666667,2392.0,5.0,199.3333333333333,0.4166666666666667,478.4,0.088356729975227,0.0,0.123241854228657,0.0,0.983574199335656,1.1311579632041602,-0.101377257960123,6,5,4,1,5,2,3,1,1
Students Performance,13.0,0.3846153846153846,179.0,4.0,13.76923076923077,0.3076923076923077,44.75,0.2210526315789473,0.0,0.1154091646610939,0.0,0.861860029007222,1.1223325624592468,-0.2007971108922976,5,4,2,1,3,1,2,1,1
Students Performance,13.0,0.3846153846153846,832.0,5.0,64.0,0.3846153846153846,166.4,0.0878859857482185,0.0,0.1231931905544118,0.0,1.010051721215625,1.131102918240875,-0.1700806403308599,6,4,4,2,5,3,3,3,1
Students Performance,13.0,0.3846153846153846,1090.0,5.0,83.84615384615384,0.3846153846153846,218.0,0.0887681159420289,0.0,0.1200002479681644,0.0,1.0030748007939616,1.127497131162735,-0.1481604278587974,6,5,4,2,5,1,3,1,1
Students Performance,13.0,0.3846153846153846,1879.0,5.0,144.53846153846155,0.3846153846153846,375.8,0.0883280757097791,0.0,0.1160452297424119,0.0,0.9810404931351536,1.1230466660959713,-0.1188762304223608,4,3,2,1,3,1,1,2,1
Students Performance,13.0,0.3846153846153846,2082.0,5.0,160.15384615384616,0.3846153846153846,416.4,0.088235294117647,0.0,0.1174638795960275,0.0,0.9890908427034736,1.124641006722587,-0.1297621327921881,5,3,3,1,4,2,1,1,2
Students Performance Burnout,19.0,0.7368421052631579,4004.0,8.0,210.73684210526315,0.4210526315789473,500.5,0.8838095238095238,0.5263157894736842,0.0325288156788931,0.0,0.2311233493582176,1.0330636611458135,2.363444760130752,5,4,3,4,2,2,1,2,2
Students Performance Burnout,19.0,0.7368421052631579,2002.0,4.0,105.36842105263158,0.2105263157894736,500.5,0.8838095238095238,0.5263157894736842,0.0202416566125198,0.0,0.131819799554143,1.020447908217892,2.601951989141216,5,4,4,3,2,2,1,3,2
Students Performance Burnout,19.0,0.7368421052631579,2519.0,5.0,132.57894736842104,0.2631578947368421,503.8,0.95906432748538,0.5263157894736842,0.01452776329037,0.0,0.1090611976598814,1.0146338041332856,4.830391210319237,5,4,3,1,1,2,1,2,2
Students Performance Burnout,19.0,0.7368421052631579,1522.0,3.0,80.10526315789474,0.1578947368421052,507.3333333333333,0.9371428571428572,0.5263157894736842,0.0050634844992156,0.0,0.0206517825509764,1.0050763256012778,10.415637445643366,-1,4,3,1,2,2,2,2,1
Students Performance Burnout,19.0,0.7368421052631579,3982.0,8.0,209.57894736842104,0.4210526315789473,497.75,0.8838095238095238,0.5263157894736842,0.0420173192414699,0.0,0.2854844627292188,1.0429125410484803,1.6039422128522254,5,4,4,1,3,3,2,2,2
Students Performance Burnout,16.0,0.6875,5000.0,10.0,312.5,0.625,500.0,0.8838095238095238,0.5,0.0306243853203254,0.0,0.2523261109629588,1.0310981355445636,3.698114206422801,5,3,2,4,1,2,1,1,2
Students Performance Burnout,16.0,0.75,5000.0,10.0,312.5,0.625,500.0,0.8838095238095238,0.5,0.0279545680656276,0.0,0.2528389659968622,1.0283489634775012,4.14681033162858,6,5,4,1,2,3,2,3,2
Students Performance Burnout,16.0,0.75,5000.0,10.0,312.5,0.625,500.0,0.8838095238095238,0.5,0.0300465748337328,0.0,0.2530291158141051,1.030502528319761,3.788461264971156,6,5,4,4,2,2,1,3,1
Students Performance Burnout,17.0,0.7058823529411765,5000.0,10.0,294.11764705882354,0.5882352941176471,500.0,0.8838095238095238,0.4705882352941176,0.038746195635535,0.0,0.2528389659968622,1.039506618849801,2.4948854416514705,7,5,4,6,2,3,1,3,3
Students Performance Burnout,15.0,0.7333333333333333,5000.0,10.0,333.3333333333333,0.6666666666666666,500.0,0.8838095238095238,0.5333333333333333,0.0263743649828256,0.0,0.2008176864109319,1.026725246514367,4.818856699883187,6,4,3,5,1,2,2,3,2
Students Performance Burnout,19.0,0.7368421052631579,157.0,10.0,8.263157894736842,0.5263157894736842,15.7,0.9375,0.1578947368421052,0.0553537276354597,0.0,0.3073015886258448,1.0569144083955777,1.188941523701416,5,4,3,1,2,1,2,2,2
Students Performance Burnout,19.0,0.7368421052631579,1285.0,10.0,67.63157894736842,0.5263157894736842,128.5,0.8814814814814815,0.5263157894736842,0.0400897703499906,0.0,0.3113390699262024,1.0409042123337862,2.022152139838565,5,4,2,3,3,2,1,1,1
Students Performance Burnout,19.0,0.7368421052631579,2626.0,10.0,138.21052631578948,0.5263157894736842,262.6,0.8840579710144928,0.5263157894736842,0.0328118603348928,0.0,0.2391570913208909,1.0333561056798874,2.692570392497718,4,3,3,1,2,1,1,2,2
Students Performance Burnout,19.0,0.7368421052631579,3624.0,10.0,190.73684210526315,0.5263157894736842,362.4,0.8818897637795275,0.5263157894736842,0.0360804609827223,0.0,0.2472028201965197,1.0367392601948064,2.35801640854576,6,4,3,5,1,2,2,2,3
Students Performance Burnout,19.0,0.7368421052631579,4147.0,10.0,218.26315789473685,0.5263157894736842,414.7,0.8850574712643678,0.5263157894736842,0.0343006700352426,0.0,0.24192445323277,1.0348957220874735,2.532279238870003,7,5,6,2,4,3,1,2,3
Twonorm,16.0,1.0,7400.0,2.0,462.5,0.125,3700.0,0.9983796921415068,1.0,0.0907566175012237,0.0752633204447228,0.1068636516710346,1.0950024683876538,-0.5226609427106804,-1,3,4,1,3,2,2,1,2
Twonorm,16.0,1.0,7400.0,2.0,462.5,0.125,3700.0,0.9983796921415068,1.0,0.0920630123161728,0.0788504413512432,0.1052610561016587,1.0964339087442592,-0.5294344911067924,-1,5,4,1,2,2,3,2,2
Twonorm,17.0,1.0,7400.0,2.0,435.2941176470589,0.1176470588235294,3700.0,0.9983796921415068,1.0,0.0896731971525304,0.0759162138536644,0.1063672802835959,1.0938167628562652,-0.5453118041806527,-1,1,3,1,2,1,2,1,1
Twonorm,14.0,1.0,7400.0,2.0,528.5714285714286,0.1428571428571428,3700.0,0.9983796921415068,1.0,0.0911683179979671,0.0794874750356515,0.106496646263386,1.0954533742605412,-0.4569331703677713,-1,2,4,2,1,1,2,3,1
Twonorm,18.0,1.0,7400.0,2.0,411.1111111111111,0.1111111111111111,3700.0,0.9983796921415068,1.0,0.0913812682394498,0.0764575035992638,0.1064459976484579,1.0956866761610895,-0.5785989932273257,-1,4,5,1,3,1,3,2,2
Twonorm,10.0,1.0,7400.0,2.0,740.0,0.2,3700.0,0.9983796921415068,1.0,0.0904311604702584,0.0767056176014631,0.1010095046920238,1.0946461501216804,-0.2335088389352362,-1,2,4,1,1,3,2,1,2
Twonorm,16.0,1.0,7400.0,2.0,462.5,0.125,3700.0,0.9983796921415068,1.0,0.0914826735287248,0.0802230533658694,0.1052610561016587,1.0957977902191218,-0.5264493639093438,-1,2,4,3,1,4,2,1,1
Twonorm,20.0,1.0,455.0,2.0,22.75,0.1,227.5,0.9956140350877192,0.95,0.1092097800755214,0.077740737535831,0.1545909765994733,1.1153963137230911,-0.6826544449996041,-1,1,3,1,3,2,1,2,2
Twonorm,20.0,1.0,1877.0,2.0,93.85,0.1,938.5,0.9989350372736954,1.0,0.0903575629419111,0.067444800115207,0.1240628357522426,1.094565589835172,-0.6164421570963309,-1,3,3,1,3,1,2,2,2
Twonorm,20.0,1.0,2101.0,2.0,105.05,0.1,1050.5,0.9990485252140818,1.0,0.093764695162511,0.057702423856345,0.1158326595741654,1.098301279905033,-0.6303795015342339,-1,4,3,2,4,3,3,2,1
Twonorm,20.0,1.0,3210.0,2.0,160.5,0.1,1605.0,0.9987546699875468,1.0,0.0918173266481785,0.0714514025625472,0.1138831482615037,1.096164563735437,-0.6225402046835853,-1,3,4,2,2,1,3,2,2
Twonorm,20.0,1.0,4289.0,2.0,214.45,0.1,2144.5,0.9986020503261882,1.0,0.0933231523439906,0.065529177691729,0.1104515936581904,1.0978164399090051,-0.628630774611958,-1,1,4,1,3,1,3,2,1
Twonorm,20.0,1.0,4949.0,2.0,247.45,0.1,2474.5,0.9979814291481632,1.0,0.0931847114210672,0.0807231157315553,0.1098915569920568,1.0976644677076923,-0.628079188296471,-1,4,5,3,3,3,2,1,2
Twonorm,20.0,1.0,6404.0,2.0,320.2,0.1,3202.0,0.9981279251170048,1.0,0.0906753512778092,0.078983605032598,0.1082760400927231,1.0949134852881277,-0.6177865693997094,-1,2,4,1,3,2,1,3,1
Twonorm,20.0,1.0,6660.0,2.0,333.0,0.1,3330.0,0.9981998199819982,1.0,0.0912137328184168,0.07752726628873,0.1058509158188321,1.095503125208551,-0.6200425345333956,-1,3,2,1,2,1,2,2,1
Vehicle,18.0,1.0,416.0,2.0,23.11111111111111,0.1111111111111111,208.0,0.9170506912442395,0.3888888888888889,0.1642756508864237,0.0153869118598046,0.3314387530343177,1.1785391356795591,-0.7659047219524231,-1,3,3,2,2,1,2,1,2
Vehicle,18.0,1.0,634.0,3.0,35.22222222222222,0.1666666666666666,211.3333333333333,0.9128440366972476,0.6666666666666666,0.218811812567032,0.0415721217691178,0.4373014856477126,1.2445970371262554,-0.7212850150163452,-1,1,1,1,4,2,3,2,1
Vehicle,18.0,1.0,417.0,2.0,23.166666666666668,0.1111111111111111,208.5,0.9128440366972476,0.8888888888888888,0.1803835443857766,0.0062539742480385,0.400349857171979,1.1976766371903549,-0.7868403730287307,-1,2,1,2,2,2,2,2,1
Vehicle,12.0,1.0,846.0,4.0,70.5,0.3333333333333333,211.5,0.9128440366972476,0.6666666666666666,0.2097735987093004,0.0271879595871378,0.409629336604032,1.2333987852669293,-0.4495464392695764,5,3,1,3,4,1,1,2,1
Vehicle,14.0,1.0,846.0,4.0,60.42857142857143,0.2857142857142857,211.5,0.9128440366972476,0.5,0.2166852743626292,0.0539856913260705,0.414060625745354,1.2419531661204055,-0.5432323623819788,5,2,1,2,4,3,3,3,2
Vehicle,16.0,1.0,846.0,4.0,52.875,0.25,211.5,0.9128440366972476,0.625,0.2118281944199598,0.0437218320530128,0.4128104470644036,1.2359355262168332,-0.5911641105910461,6,2,1,3,5,4,4,3,3
Vehicle,9.0,1.0,846.0,4.0,94.0,0.4444444444444444,211.5,0.9128440366972476,0.4444444444444444,0.2408948245367232,0.0469533324164537,0.4130620716192705,1.2723872043568007,-0.3608794511389681,4,1,2,2,2,3,2,2,3
Vehicle,10.0,1.0,846.0,4.0,84.6,0.4,211.5,0.9128440366972476,0.5,0.1660293109429939,0.0846904914075632,0.3188353541371089,1.1806077059412994,-0.1654199584331263,4,3,1,1,3,1,1,1,2
Vehicle,13.0,1.0,846.0,4.0,65.07692307692308,0.3076923076923077,211.5,0.9128440366972476,0.5384615384615384,0.2272125525201277,0.0636066355405353,0.4087780985882521,1.255096613538762,-0.5308874115677401,6,2,1,4,5,4,3,4,4
Vehicle,18.0,1.0,158.0,4.0,8.777777777777779,0.2222222222222222,39.5,0.902439024390244,0.3333333333333333,0.2036411893059204,0.0256116725239765,0.3573997648683835,1.225858223495128,-0.6220026825876223,4,3,3,2,1,1,2,1,1
Vehicle,18.0,1.0,291.0,4.0,16.166666666666668,0.2222222222222222,72.75,0.9066666666666666,0.5,0.2056096727844796,0.004104473726032,0.4071375849284941,1.2282736817700104,-0.6256360443106704,4,2,2,1,3,2,2,1,1
Vehicle,18.0,1.0,375.0,4.0,20.83333333333333,0.2222222222222222,93.75,0.9072164948453608,0.3888888888888889,0.2005793399960319,0.0314505295047977,0.4188490666913598,1.2221105706414783,-0.616224630818589,5,1,1,3,4,4,2,3,2
Vehicle,18.0,1.0,534.0,4.0,29.666666666666668,0.2222222222222222,133.5,0.9197080291970804,0.5555555555555556,0.2010344737069901,0.0497496669869206,0.4049336023803671,1.222666920957984,-0.6170584557127645,4,3,1,2,3,2,2,1,2
Vehicle,18.0,1.0,599.0,4.0,33.27777777777778,0.2222222222222222,149.75,0.9155844155844156,0.5555555555555556,0.2063341246208793,0.0384122939613269,0.4060250334088768,1.2291638292899414,-0.6269106408735575,4,2,1,1,3,1,1,1,1
Vehicle,18.0,1.0,751.0,4.0,41.72222222222222,0.2222222222222222,187.75,0.917098445595855,0.5555555555555556,0.2035385969063542,0.0578174620640701,0.3989218051582857,1.2257324662094324,-0.6217800045038868,5,2,1,2,4,3,3,2,4
Waveform_21,13.0,1.0,5000.0,3.0,384.61538461538464,0.2307692307692307,1666.6666666666667,0.9711084905660378,1.0,0.1689092459336865,0.0019658960971598,0.2689277239120864,1.1840126800825954,-0.4997167583913013,-1,5,2,1,3,4,1,4,3
Waveform_21,16.0,1.0,5000.0,3.0,312.5,0.1875,1666.6666666666667,0.9711084905660378,1.0,0.16514843600002,0.0074820439739284,0.2710517992058399,1.1795681961019555,-0.584263378138395,-1,5,1,2,4,4,3,4,4
Waveform_21,13.0,1.0,5000.0,3.0,384.61538461538464,0.2307692307692307,1666.6666666666667,0.9711084905660378,1.0,0.1611534205400753,0.0019658960971598,0.2612575205712253,1.1748652034416989,-0.4756396432034052,-1,4,2,1,3,2,2,2,2
Waveform_21,12.0,1.0,5000.0,3.0,416.6666666666667,0.25,1666.6666666666667,0.9711084905660378,1.0,0.1712454492494028,0.0011528001591898,0.2772395725899137,1.1867820080286726,-0.4654203216158148,-1,5,3,1,4,3,2,3,3
Waveform_21,14.0,1.0,5000.0,3.0,357.1428571428572,0.2142857142857142,1666.6666666666667,0.9711084905660378,1.0,0.1644108696056738,0.001087068497128,0.2680248986616746,1.1786985070068223,-0.522740954306926,-1,5,1,1,4,4,2,2,3
Waveform_21,17.0,1.0,5000.0,3.0,294.11764705882354,0.1764705882352941,1666.6666666666667,0.9711084905660378,1.0,0.1574613967102088,0.0,0.2760234358634994,1.1705355705856662,-0.5896166712584068,-1,5,2,1,4,2,3,3,3
Waveform_21,14.0,1.0,5000.0,3.0,357.1428571428572,0.2142857142857142,1666.6666666666667,0.9711084905660378,1.0,0.1548476118207295,0.001087068497128,0.263211692036746,1.1674800373915013,-0.4932658385431554,-1,3,1,1,2,4,2,2,2
Waveform_21,21.0,1.0,240.0,3.0,11.428571428571429,0.1428571428571428,80.0,0.9753086419753086,0.2857142857142857,0.1613451442121295,0.0,0.2990098293285288,1.175090474506879,-0.6757733805929858,-1,2,2,1,2,1,3,1,1
Waveform_21,21.0,1.0,963.0,3.0,45.85714285714285,0.1428571428571428,321.0,0.9694189602446484,0.6190476190476191,0.1681441763262868,0.0,0.2825441406831974,1.1831071743978965,-0.6888945541985195,-1,5,3,4,3,1,4,2,2
Waveform_21,21.0,1.0,1470.0,3.0,70.0,0.1428571428571428,490.0,0.969939879759519,0.7619047619047619,0.1620187917435003,0.0,0.2492382522253819,1.1758823379926635,-0.6771317935257924,-1,3,2,1,3,1,3,1,2
Waveform_21,21.0,1.0,1941.0,3.0,92.42857142857144,0.1428571428571428,647.0,0.969650986342944,0.9047619047619048,0.1690207322316581,0.0,0.2582578397073021,1.1841446886314848,-0.690507582156397,-1,5,4,1,4,3,2,4,3
Waveform_21,21.0,1.0,2561.0,3.0,121.95238095238096,0.1428571428571428,853.6666666666666,0.9700805523590332,0.9047619047619048,0.1658391965604229,0.0,0.2769717897898061,1.1803832767705085,-0.6845688790733461,-1,5,2,1,4,3,4,2,1
Waveform_21,21.0,1.0,3387.0,3.0,161.28571428571428,0.1428571428571428,1129.0,0.9712793733681462,0.9047619047619048,0.1658599491180294,0.0,0.276736305105659,1.1804077729966362,-0.6846072056897639,-1,4,1,1,3,3,2,2,1
Waveform_21,21.0,1.0,3817.0,3.0,181.7619047619048,0.1428571428571428,1272.3333333333333,0.9706563706563708,0.9523809523809524,0.164592580096664,0.004064183928,0.2673581907031006,1.1789127083519866,-0.6821792005846322,-1,5,3,2,4,3,1,3,2
Waveform_21,21.0,1.0,4500.0,3.0,214.28571428571428,0.1428571428571428,1500.0,0.9705304518664049,0.9047619047619048,0.15878949993011,0.0,0.2675415776279979,1.1720911954324953,-0.6705646089258249,-1,4,3,1,3,3,2,3,2
Yeast,8.0,1.0,831.0,6.0,103.875,0.75,138.5,0.045662100456621,1.0,0.1235782180491912,0.0,0.2882878042125019,1.131538507815423,0.2593030449983736,7,2,1,3,6,4,5,5,3
Yeast,8.0,1.0,555.0,6.0,69.375,0.75,92.5,0.081967213114754,0.875,0.1779125180019914,0.0,0.4384252906575066,1.1947208001003535,0.006316407877652,7,1,5,4,6,3,1,3,2
Yeast,8.0,1.0,1158.0,8.0,144.75,1.0,144.75,0.0114155251141552,1.0,0.1174391014835903,0.0162049015798566,0.3450871365483148,1.1246131405865074,0.5189456407711857,5,1,3,3,4,3,2,2,3
Yeast,8.0,1.0,552.0,4.0,69.0,0.5,138.0,0.045662100456621,1.0,0.1241646014326925,0.0,0.2977407392207563,1.1322022177694244,-0.2724979647704523,5,1,2,2,4,3,3,2,2
Yeast,8.0,1.0,1189.0,8.0,148.625,1.0,148.625,0.0114155251141552,1.0,0.1177160550440782,0.0,0.3495000150057841,1.1249246493347016,0.573647183462763,-1,1,2,3,5,3,4,2,2
Yeast,6.0,1.0,1453.0,10.0,242.16666666666663,1.6666666666666667,145.3,0.0114155251141552,1.0,0.1122457035291941,0.007125246219851,0.2411720979422642,1.1187877169675562,1.5767651725536602,4,1,2,2,2,3,2,2,3
Yeast,5.0,1.0,1453.0,10.0,290.6,2.0,145.3,0.0114155251141552,1.0,0.1436288885183678,0.0350312566026196,0.2941702954213827,1.1544555972899233,1.4164845048075918,4,1,2,2,3,3,2,2,2
Yeast,6.0,1.0,1453.0,10.0,242.16666666666663,1.6666666666666667,145.3,0.0114155251141552,1.0,0.1455576868456097,0.0173612750305993,0.3002343023902978,1.1566844581353906,0.9870528715504556,5,1,4,3,4,3,3,2,2
Yeast,5.0,1.0,1453.0,10.0,290.6,2.0,145.3,0.0114155251141552,1.0,0.1711329039511756,0.0271525507830796,0.2816239007362546,1.1866484488095204,1.0281136796836818,-1,1,3,3,4,2,2,2,3
Yeast,4.0,1.0,1453.0,10.0,363.25,2.5,145.3,0.0114155251141552,1.0,0.1075975018354976,0.0358330772194559,0.2522407614324558,1.1135994334422012,3.032121768937625,5,4,4,2,1,3,3,2,2
Yeast,8.0,1.0,93.0,4.0,11.625,0.5,23.25,0.375,0.625,0.0875134261371126,0.0,0.3460173841680185,1.0914569183948173,0.8788058635455746,5,1,2,2,3,2,4,2,3
Yeast,8.0,1.0,486.0,8.0,60.75,1.0,60.75,0.0671140939597315,1.0,0.1355741240841282,0.0,0.3418636504609642,1.1451940791507138,0.5375963624090442,4,1,2,3,3,3,2,3,1
Yeast,8.0,1.0,641.0,8.0,80.125,1.0,80.125,0.065989847715736,1.0,0.1355087340227866,0.0,0.3094993299519739,1.1451191972879218,0.5376555411076998,4,2,3,1,3,1,1,1,1
Yeast,8.0,1.0,1132.0,9.0,141.5,1.125,125.77777777777776,0.0467836257309941,1.0,0.12385864392109,0.0,0.275880547121464,1.1318558649835648,0.7347516099473955,4,1,2,2,3,2,2,1,2
Yeast,8.0,1.0,1271.0,9.0,158.875,1.125,141.22222222222223,0.046875,1.0,0.1319535603159557,0.0232037800745343,0.2718815447511202,1.1410553277878914,0.6292620922605036,5,4,3,3,4,1,2,2,4
