dataset_name,baseline mean,baseline std,batch normalisation mean,batch normalisation std,dropout mean,dropout std,layer normalisation mean,layer normalisation std,prune mean,prune std,weight decay mean,weight decay std,weight normalisation mean,weight normalisation std,weight perturbation mean,weight perturbation std,meta learner mean,meta learner std
Mushroom,0.0,0.0,0.07589470801140552,0.024008408034989003,-0.000483685488304908,-0.0014510564649143798,0.015975809915522166,0.03160543171729048,0.002418427441524096,0.0009185088197570183,0.0009673709766095939,0.0007654688977940716,0.00048368548830468594,0.00048368548830483036,0.0009673709766095939,0.0007654688977940716,0.0009673709766095939,0.0007654688977940716
Mushroom,0.0,0.0,-0.018604725460464322,-0.016550268179955127,-0.00299192489993072,-0.014552601488110644,0.0036995475143877243,-0.014343505005788723,0.025179758725976664,-0.02501361702640894,0.004892779492918997,-0.00854581625550176,0.008345380514610867,-0.0008461691416007389,0.0031388088462581676,0.0012957457477326753,-0.018604725460464322,-0.016550268179955127
Mushroom,0.0,0.0,0.016683103902220053,-0.04738395834332814,0.04128088616745951,-0.013687664134369622,0.02373662058305337,-0.038977005873422385,0.08394076737742706,-0.026769423227852585,0.006067880426753214,-0.03071645760575019,-0.012106383954921696,-0.003784567819616849,0.005897762830951225,0.0004775801350264605,0.016683103902220053,-0.04738395834332814
Mushroom,0.0,0.0,-0.007114856176541728,-0.008849998917128891,0.005659649311298809,-0.005928410250690343,-0.004220322310957925,-0.00041825015193188396,0.010193116508999234,-7.47901649158951e-05,0.002323144151715417,-0.0010432588615847099,0.00923158475693775,0.001547719734178268,-0.007078371211725831,0.005471753390831313,-0.007114856176541728,-0.008849998917128891
Mushroom,0.0,0.0,0.0,0.0,-0.000341833936648106,0.0010255018099444846,0.0,0.0,-0.00123403271487188,0.0037020981446158727,0.0,0.0,0.0,0.0,0.0,0.0,0.0,0.0
Mushroom,0.0,0.0,0.007458234194335778,0.0056228158079439094,0.03300803822710474,-0.00649674499235027,-0.022967038081616376,0.0005728714472229279,-0.006431382292893306,-0.015801098512084392,-0.002327078969126428,0.000982162029886345,-0.0015225883438816368,0.0018564633959811602,0.013309749102062618,-0.0007632773470489587,0.007458234194335778,0.0056228158079439094
Mushroom,0.0,0.0,-0.01077889825603806,-0.000632817146902262,0.0018390108174668462,-0.0021853889704321443,-0.013250137584622568,0.008733871054326624,0.010775517634947995,-0.007509762812038696,0.013309456486686244,0.0026545036449516536,-0.03377218779311464,0.0573215396612964,-0.00199178758437224,-0.0026903676045859012,-0.01077889825603806,-0.000632817146902262
Mushroom,0.0,0.0,0.06723398140626102,0.0162483459764527,0.06069236280395296,0.017780047230433166,0.045674493659229265,0.019950315049157563,0.008399605778440677,0.0964603684314454,0.022586646261043897,-0.001696539837658403,0.0174448031313974,0.008152759394039385,0.017647150925773736,0.009676830600427186,0.06723398140626102,0.0162483459764527
Mushroom,0.0,0.0,0.01791704540104122,-0.006101402232412137,0.017778156615811835,-0.005091354643812839,-0.005632564721718247,0.00391462680054399,0.020922131270050603,-0.0037725020593278105,0.024663514464432823,-0.004869979867125236,0.022676092760594457,-0.003548025863725615,0.007470201684330879,0.008888425357491445,0.01791704540104122,-0.006101402232412137
Mushroom,0.0,0.0,-0.044117622605055806,0.0019676969944807422,-0.01154379403829342,0.004845352600700254,-0.022098185632472567,0.0021183169226959182,0.0033393838353509286,-0.008797270271267432,-0.000408783342783714,0.0018271913418671341,-0.008846253123827141,-0.001381843231406301,-0.01566430167875621,0.010521185307140416,-0.044117622605055806,0.0019676969944807422
Mushroom,0.0,0.0,-0.007943310322548913,-0.004346342153412289,-0.019027651287361502,-0.006877778682395974,-0.029569251600433222,-0.01785404865016254,-0.008597513068377305,0.010001598628193907,-0.0059982757031399325,0.015437168045147873,-0.004145596970344667,0.007957481465163022,-0.012092717640960426,0.012089788894611785,-0.004145596970344667,0.007957481465163022
Mushroom,0.0,0.0,0.012612914268461561,0.002096741296943254,0.019592912183070577,-0.010507189292978867,-0.035319078441454654,-0.023562551674253373,0.024193671149274842,-0.004444175893410712,0.00495115798314405,0.00022739189079337696,-0.01088047816576243,0.013138958344992756,-0.003088691927368492,-0.0003790656706886726,-0.01088047816576243,0.013138958344992756
Mushroom,0.0,0.0,-0.033696638353463815,-0.007138729736461742,0.0261531468770817,-0.010432186252960683,-0.05172682174462906,-0.017714840159097724,0.0162778970488634,-0.017923617390502022,-0.004094802981397971,0.0004334917648222067,0.02232882263139524,0.0006678929748801243,0.028491279359375232,-0.010742453966072645,-0.033696638353463815,-0.007138729736461742
Mushroom,0.0,0.0,-0.02119745333165768,-0.0007919810649181375,0.008641832072604827,-0.003579583073404044,-0.04870301490965179,-0.016606356526706195,0.010282392638986004,-0.008816259277098518,0.022128260610575823,-0.005666095345321802,0.03574391554298495,-0.025395288131264536,-4.997384215987832e-05,0.003124264812782905,-0.02119745333165768,-0.0007919810649181375
Mushroom,0.0,0.0,0.002351181133823488,-0.0014785838502449113,0.01648837656165525,-0.006373862726353027,-0.033808178038039816,-0.0020932588162012322,0.011711915298242226,0.0032641734771178127,-0.01027602149878093,0.007886228458247345,0.009755311798219535,0.00553372778582905,0.0027724895421356033,0.014348516317871374,0.002351181133823488,-0.0014785838502449113
Mushroom,0.0,0.0,-0.03937506748283415,0.01631724991238986,-0.004153403510030573,-0.006462248626953607,-0.041700650995155186,0.0019368939341996953,-0.03535902296431337,0.03324099173031919,-0.008820839677396997,0.00040237123376412123,-0.01944914870360681,0.006674307585775582,-0.02925656656753417,0.01520318852964241,-0.03937506748283415,0.01631724991238986
Online shopper,0.0,0.0,0.09147551762597542,0.017215569944350827,-0.00855810387943316,-0.006699082110518494,0.006914251665609156,0.01845973342061931,0.002017713528732798,0.0028507909722571625,-0.011135437163186523,-0.0101529917687891,-0.0020159111493745305,-0.0021768229239007304,-0.0044697793507460955,-0.006244516108824794,-0.0020159111493745305,-0.0021768229239007304
Online shopper,0.0,0.0,-0.014817878586552036,-0.009715669822453202,0.010606520113145779,-0.011217193395041396,-0.00507506539951863,0.010127669135076674,0.01865801777402598,-0.012474348852198525,0.015692556431466165,-0.012212523830312003,-0.003850475494338812,0.005227152502618456,-0.006421434996401021,-0.003630496479916364,-0.003850475494338812,0.005227152502618456
Online shopper,0.0,0.0,0.010273968201958139,-0.0009781253916235286,0.010804309338416584,-0.004447797281930422,0.006724779119168689,-0.007081728278515062,0.02569085586487785,-0.003170406825597787,0.023566460496607933,-0.007766333493172863,-0.004789525977063391,0.003167680577114312,-0.005562681300532835,-0.005428884673375394,-0.004789525977063391,0.003167680577114312
Online shopper,0.0,0.0,0.05074463578685624,0.048565429578765654,0.0,0.0,0.001507537688442211,0.004522613065326633,0.006136011402384982,0.007393856938517062,0.0,0.0,0.005651878419046984,0.0083914722902835,0.0010362763851135943,0.0020725614640361807,0.005651878419046984,0.0083914722902835
Online shopper,0.0,0.0,0.019175921080519798,-0.006079689931025119,0.028280947779208088,-0.008746454397170937,-0.012872856719838732,0.007298888619759691,0.04877178476728361,-0.003914801585969713,0.053944706927731234,0.004336471258482879,0.004789309125895258,0.0008542510021338247,0.0028224624717573255,0.004606474002994784,0.004789309125895258,0.0008542510021338247
Online shopper,0.0,0.0,0.007133946818109194,0.003109952157407952,0.022154265840299003,0.00257597404023876,0.007052202506023453,0.001878839788286334,0.03420974960247436,-0.005632146555816451,0.0363484155493079,0.0025100421394763546,0.004031054746261642,0.003332786103211237,0.0021340933978443166,0.006080581355465194,0.004031054746261642,0.003332786103211237
Online shopper,0.0,0.0,0.02379449364382228,0.04480176594429484,-0.003120969705842168,-0.0034442822367819147,-0.0010749339002155693,0.002693825180097881,0.003092762638281475,0.004488227998536057,-0.003120969705842168,-0.0034442822367819147,0.0010322459268115366,0.0016313487243938287,0.0005006595251462048,0.002693426807405599,0.0010322459268115366,0.0016313487243938287
Online shopper,0.0,0.0,0.0281510335816767,0.010014271232999822,0.011875907609006142,-0.005174553155590258,-0.004796001909375791,0.012165607899472668,0.028387292947734566,0.005686173831245801,-0.0046601795007670255,0.01241392094925418,-0.011466692256144384,0.006495178201267795,0.017343087401822777,0.0027794444318137677,-0.011466692256144384,0.006495178201267795
Online shopper,0.0,0.0,-0.02200417267218968,-0.0020720956871705283,-0.003633916701307527,0.00443219795778247,-0.0391999416761768,0.014894530722153368,-0.008820125412194235,-0.015481910844954839,0.012314976303022585,-2.0173101340299066e-05,-0.00462849672562482,-0.0008533640526778435,-0.010426027991895515,-0.0071009200831097935,-0.00462849672562482,-0.0008533640526778435
Online shopper,0.0,0.0,-0.013463816321953481,0.0032966030536976665,0.004926206336821726,-0.005038498712034975,-0.008948267833803425,-0.0017069318660229045,0.00703953936060997,0.004108324079042675,0.008242678944493376,-0.00848160296887901,-0.0037417644643472636,0.0034377645775172175,0.0015119691296815452,0.0007410876062171959,-0.0037417644643472636,0.0034377645775172175
Online shopper,0.0,0.0,-0.02144234886601548,-0.004041292507582072,0.01253041937946986,-0.008222667948617781,0.002268394854428868,-0.005680219543350892,0.01134292493189415,-0.015814868935432793,0.027461150421215774,-0.003953840727933852,0.0029827729041662643,-0.008175739674903804,0.009365421095481663,-0.01043999696431573,0.009365421095481663,-0.01043999696431573
Online shopper,0.0,0.0,0.022439807128404432,0.0007387652046573923,0.004633835896548533,0.004946347251599422,-0.003479093556631341,0.00717042572351506,0.008615850795257063,-0.000906292844123413,0.008622062962665766,0.003196667161423191,0.01446505897855177,0.005721044682286984,0.0037142343757456953,0.009026092766437474,0.01446505897855177,0.005721044682286984
Online shopper,0.0,0.0,0.0026813368189990694,-0.005862610640616202,0.0034550535780637492,0.0034353288180638385,0.004883989089217833,0.01107319487178498,0.015981368199825652,-0.0016439899283146805,0.005622194127559155,0.009116488219404051,-0.00111825557297196,0.0030594363288075684,0.005797437262792804,-0.00031630406976745386,0.005797437262792804,-0.00031630406976745386
Online shopper,0.0,0.0,0.003209046285799322,0.003475368165514813,0.00984324365948186,-0.010779724900889711,-0.0021741412119467007,0.011458052421089295,0.005426303131256471,-0.01060044168335731,0.018112505671791568,-0.002293993383068276,0.014431415081345822,-0.014494843870647353,-0.007413880236722292,0.0009486107155724892,-0.007413880236722292,0.0009486107155724892
Online shopper,0.0,0.0,-0.01278495812430791,0.0026027099509837517,0.020207151842697946,0.0004560897791765252,-0.016490001635128704,0.0063053541308586356,0.009765615833025154,0.0005224985428343154,0.021753153786431834,-0.0022960364087652035,-0.004910386818870793,0.00538395996221209,-0.019178853475744106,0.003431993226506577,-0.004910386818870793,0.00538395996221209
Online shopper,0.0,0.0,-0.006608729817869974,0.0009484974698701978,0.004541384961576078,-0.002881810620933428,-0.006868683373116524,-0.007488011754749769,-0.015181643329119976,-0.000708718082148934,0.01376887127595916,-0.004586043153758389,-0.0025958766730783678,-0.006478575645654424,-0.011314049117289282,-0.0019674396077576893,-0.0025958766730783678,-0.006478575645654424
Segmentation,0.0,0.0,0.0005585013710964759,-0.0005583435243160741,0.001117160588973598,-0.002234321177947374,0.001117160588973598,-0.002234321177947374,0.001117160588973598,-0.002234321177947374,0.001117160588973598,-0.002234321177947374,0.001117160588973598,-0.002234321177947374,0.001117160588973598,-0.002234321177947374,0.001117160588973598,-0.002234321177947374
Segmentation,0.0,0.0,0.0013454843886232526,0.0023547963611712103,0.003336691564221117,-0.005103055094695328,0.005014192315750399,-0.007807915367284953,-0.0030013397594569335,-0.0009401029596973268,0.003336923508152956,-0.005103284221677315,0.004007809198695256,-0.00565975864458627,0.0036722146270169453,-0.005123959985413332,0.004007809198695256,-0.00565975864458627
Segmentation,0.0,0.0,-0.004594867549317705,-0.0015795745028945214,-0.0036108388865174756,-0.0017217185437045767,-0.007293234668495963,0.0026793395059266714,-0.0012039946292379256,-0.0009470811855096378,-0.005963099776845948,0.0018677996374918595,-0.004607021506220055,0.004992150572354382,-0.004272426472568758,0.0010217223781282796,-0.004607021506220055,0.004992150572354382
Segmentation,0.0,0.0,-0.0070447759563260215,0.0027935027589497284,-0.0013410190141781575,0.0005929482137986253,-0.002337690732573283,-0.0016647312820296976,-0.0003383674728396624,-0.0010080691115968298,-0.0016721185121718607,-0.001672507224692451,-0.0010067600014052047,-0.0005352847406119065,-0.0020220026591699636,0.0013036529958001348,-0.0010067600014052047,-0.0005352847406119065
Segmentation,0.0,0.0,-0.002928458970566039,0.0011325148625016754,-0.0020900112105378676,0.00395040929205177,0.001255231118968303,0.000418379993021736,0.0008367619671404425,0.00037617109865689625,0.00041838098357016573,0.00024376555417259557,0.00041835192529937615,0.00024378457538889921,-0.0008367600052965329,0.0009724594779005388,0.00041835192529937615,0.00024378457538889921
Segmentation,0.0,0.0,0.0092947578559609,-0.005883855110896638,-0.011059556262268844,-0.005298170357195601,0.0027107335295161183,-0.006784965812679613,0.0015638032016779269,-0.003822806468329984,0.017250736040580694,-0.010140198837597576,0.00842432813931382,0.0013620442351104899,-0.014440343865711469,0.00043238850782413574,0.00842432813931382,0.0013620442351104899
Segmentation,0.0,0.0,-0.004776123704833046,0.003519148705089607,-0.00531190311739016,-0.0008081665168779215,-0.0006994827366920697,0.005123172448687306,-0.0014814712673493213,0.006726573668853744,-0.0026896492386196957,0.004258655249480274,-0.002930611948327,0.004825423169180645,-0.0045551664823489935,0.010748560015918007,-0.002930611948327,0.004825423169180645
Segmentation,0.0,0.0,0.012643218357675234,-0.016246203561313552,0.015188175214221111,-0.022267255134383976,0.020964189318702364,-0.020730501932302272,0.022933423575215328,-0.02184073590441572,0.022767448606739293,-0.021065575529881517,0.016828589236887237,-0.01358777999576503,0.013368300768991759,-0.017644214382250403,0.016828589236887237,-0.01358777999576503
Segmentation,0.0,0.0,0.007011939198678374,0.0029049786624199252,-0.0010198081522120317,0.0026961718562159426,0.0008284315587193669,0.0027637138156064826,0.004123075223144701,0.0027280532690829515,0.00662150069716827,-0.00034361878153994253,0.0030894876238256597,0.0006679541621747841,-0.001579384979770504,0.001620941770813492,0.0030894876238256597,0.0006679541621747841
Segmentation,0.0,0.0,0.0021846378657286447,-0.001871617057846696,-0.0004222968563504237,-0.0005650840799605178,0.004588832618151906,-0.003900380123341855,0.004227194001646617,-0.0013022371674853601,0.0016331818339772042,-0.003754914829355735,0.00281353746178592,0.0031146687308104756,-0.002826081459831431,0.012306993488874773,0.00281353746178592,0.0031146687308104756
Segmentation,0.0,0.0,-0.00259171804626368,0.005226820892114625,-0.02013205649569283,0.007930644343818578,-0.01532620578075139,-0.009865493726636063,0.012273400000672674,-0.0030079195827129313,-0.011441689623508,-0.006325518744794069,0.026800034981853238,-0.007048858623990722,-0.00529463802191088,0.017122753113789406,0.026800034981853238,-0.007048858623990722
Segmentation,0.0,0.0,0.013379780561344812,-0.008136271399323533,0.004062671225809389,0.0064609308948909185,0.01542991220135781,-0.008209058471463143,0.0037470669575828675,0.01467951603261931,0.011795576929456653,0.0012651635865149474,0.0053702489773419515,0.007661709074048298,0.01656947803272668,-0.001395438724392916,0.0053702489773419515,0.007661709074048298
Segmentation,0.0,0.0,0.014731888358960554,-0.02531850007466093,0.006753771794323349,-0.017220449192950717,0.007485300795540217,-0.01790969320398098,0.0007623746531830733,-0.010045676611268789,0.013770873402223271,-0.022588677835076565,0.019368400553227638,-0.020698526227124314,-0.001576521557320687,-0.014726047950882233,0.019368400553227638,-0.020698526227124314
Segmentation,0.0,0.0,0.0025477776436541033,-0.004339250360497728,-0.0025743873886765467,-0.0014547488372156948,-0.008865521538255483,0.002651074206226761,-0.002574291038158427,0.0010778890468045189,0.005930651723097591,0.0004501784822533491,-0.0003152382474490567,0.001522930774178215,-0.0036980449299078844,0.012029110852976308,-0.0003152382474490567,0.001522930774178215
Segmentation,0.0,0.0,0.0037685661715399776,0.00110507475748319,-0.003093425228127944,-0.001329874656883277,-0.007208047413378993,0.00806232853791732,0.0013210075715521796,0.023128299284026217,0.006785754469210148,0.0012585734388367523,0.010739744055805245,0.00140673253304076,0.011085042474157758,-0.0011202209334376448,0.010739744055805245,0.00140673253304076
Segmentation,0.0,0.0,0.005734952793544745,-0.01587267499136567,0.0020105580032375725,-0.02122552640074652,0.0063634253299558186,-0.014632669805383495,0.012250671537670565,-0.02420862081263271,0.013853314639615144,-0.020511294589640322,0.012834848595038695,-0.020880879013513844,0.005724109337868932,-0.020081816468330783,0.012834848595038695,-0.020880879013513844
Students Performance,0.0,0.0,-0.018276996338215334,-0.0035554680165258146,-0.028152420528265276,-0.005224106199055341,-0.03917189981007407,0.009872884921140187,-0.002096588751546835,-0.006683667641400317,0.002935355280050067,-0.008847086314776485,-0.008736605588188007,-0.006674333018172746,-0.006373953406307642,-0.0030660153965941326,-0.018276996338215334,-0.0035554680165258146
Students Performance,0.0,0.0,0.0004574356158034698,0.001671822931519745,0.0025372368611240592,-0.0029281764285845153,-0.03480457165324358,0.006339838523547917,0.005630678817571622,-0.005505013828509901,0.004220417693883927,-0.002323215552434257,0.004144715515949082,-0.004394630738694935,0.0006202971092623688,-0.0014458392381310036,0.004144715515949082,-0.004394630738694935
Students Performance,0.0,0.0,-5.956418272479169e-05,6.818519315330424e-05,0.0015623906832629153,-0.0005496394984620483,-0.002004424410151029,0.0022379439572668487,0.0016079213193400665,-0.00040543467910526647,0.00040170140537976184,-0.0007076061501963334,0.0020144760529735573,-0.0003254192216929322,0.002013666615102494,-0.0005118261564635643,-5.956418272479169e-05,6.818519315330424e-05
Students Performance,0.0,0.0,-0.02544971801978857,0.0008134982134086841,-0.017426851340386462,-0.0003532624414461661,-0.021730153494154636,0.002737269548540939,0.004549751721276252,-0.0005817367083762841,-0.006570614807579367,-0.001095015091403126,-0.004351963241960077,-0.0005380326000611942,-0.0028413777359982406,-0.0026134957414314037,-0.004351963241960077,-0.0005380326000611942
Students Performance,0.0,0.0,-0.017488778317149012,0.004771686791816203,-0.02642829750747777,0.0008049312059711707,-0.03250840856488857,0.005867072163526073,-0.0001295434293294706,0.00010377303177799922,0.0007948162283707427,-0.00017289102697280907,0.0031814953073076024,0.0016014680804578001,0.0010876743584207205,0.0031734404215236134,0.0031814953073076024,0.0016014680804578001
Students Performance,0.0,0.0,-0.024994798433232823,-0.0002853606666688088,-0.04614594093012192,-0.0002767631903688554,-0.037829945909942264,0.0040999035792380865,-0.0003510956362555717,-0.002639000207989955,-0.0013938506901208791,-0.0002576800884162775,0.0021357642781392183,-0.0014547449513015393,0.0034665274688507886,-0.0007189485361186075,0.0021357642781392183,-0.0014547449513015393
Students Performance,0.0,0.0,-0.01990659593007027,0.0002839078650374305,-0.03510730587663369,0.007807274819396482,-0.0483588490551059,0.0034918756595928267,-0.005074229991001489,-0.004781355579127823,-0.0018576374634149406,0.00035243396241392555,0.0029227949156133137,-0.0018059474124456848,-0.0037938007591663547,-0.0016847532871595077,0.0029227949156133137,-0.0018059474124456848
Students Performance,0.0,0.0,-0.01673617977146169,-9.556267631394451e-05,-0.03408227981604173,0.001624810287092479,-0.049274640946081916,0.0036546940743418643,0.0035070721593888354,-0.004597270011378806,0.0012567882650087459,-0.0028470573966067085,0.0062378500976605356,0.00021560466184237202,-0.001357180565520144,0.006968260607579947,0.0062378500976605356,0.00021560466184237202
Students Performance,0.0,0.0,-0.024705152878916947,0.002589691736451293,-0.049053209059795044,0.006388922422861667,-0.029230851075919162,0.0065206101357763524,0.001267914563599426,0.003797904685794451,0.0014419731206025688,0.0027403933554261736,0.0030448826269248164,0.0016450565340817985,-0.005869434332555379,0.0009394712561227566,0.0030448826269248164,0.0016450565340817985
Students Performance,0.0,0.0,-0.0073638139847819195,-0.011696675028082946,-0.028764322322433755,-0.012242727665090701,-0.011468027477874898,-0.013865270921322346,0.006927771199401578,-0.014362192567815072,0.0068866681981824,-0.013817987091802753,0.007046754469598904,-0.013546255580973868,0.005069156518854423,-0.016292492817262492,0.007046754469598904,-0.013546255580973868
Students Performance,0.0,0.0,-0.026980389775254632,0.0010403993365518324,-0.020692753174238798,-0.003970520052924517,-0.01946979248129932,0.011639835070548839,-0.017220429330406573,0.0005007625920716643,0.019415882763406,-0.008324328041687548,0.009216306981791544,0.012600869863971208,-0.0013198166902681496,-0.006713106194313725,0.009216306981791544,0.012600869863971208
Students Performance,0.0,0.0,-0.02187591316815296,0.001069293214697174,-0.05889538703595942,0.009349515974743552,-0.06267831052536132,0.013297751799264096,0.00016130368396627404,0.001511990442308292,-0.00045534468828767327,-0.0011368986986704799,0.009020424426590679,-0.0036266727734235414,-0.0015940164130237022,-0.004146630181454782,0.009020424426590679,-0.0036266727734235414
Students Performance,0.0,0.0,-0.0314317569093705,0.008015929310218274,-0.03642270067407727,0.007928741259033813,-0.056689633170478815,0.02268574498163422,0.017531964135848233,0.004177446561273357,0.002398146808019197,0.0066327062422082295,0.013208181695895327,0.004722433381017535,-0.003229145649492615,0.007344112125197729,0.013208181695895327,0.004722433381017535
Students Performance,0.0,0.0,-0.03935199976454773,-0.004229102602447131,-0.054902081142383374,0.007994824703848212,-0.05283781316849512,0.005761676145708527,-0.0035134981708653257,0.0018425060075551603,-0.0011122240989196452,-0.005195524290509409,-0.007349854137564726,0.009053041782854586,-0.007703601487053624,-0.0014203915950572656,-0.007349854137564726,0.009053041782854586
Students Performance,0.0,0.0,-0.03119475678569883,0.006219114189190687,-0.050576328406166216,0.003548712299776184,-0.042326275155748494,0.00328695178690306,-0.001379184708491188,0.007259951172552223,3.052663722113991e-05,0.003719462220504203,-0.0013710404639111218,0.0024916527447609096,-0.0015405532995121929,0.0015621135380896808,-0.0013710404639111218,0.0024916527447609096
Students Performance,0.0,0.0,-0.021229116114136026,-0.001966414766146761,-0.038775463434139956,0.0026586253306816483,-0.0374051804751504,0.00797070287022783,0.007473442322017521,-0.0035395343607757196,0.0009952727723842036,-0.0017470078382691365,-0.003555279649279819,0.006830225973957188,-0.0006532967507304477,-0.0015870507767430193,-0.003555279649279819,0.006830225973957188
Students Performance Burnout,0.0,0.0,-0.04531363985149128,0.014657869244338824,-0.02212759141536791,0.0011517209155575674,-0.02920599722219508,0.004292096252509609,-0.002747338930793264,0.0035625490443038123,0.010817350265077352,0.001925662009983193,0.0031805541585787633,0.003444124103269516,-0.0006219384271947126,0.006766506658781573,0.0031805541585787633,0.003444124103269516
Students Performance Burnout,0.0,0.0,-0.03745457009865083,0.00593810904058842,-0.003085722523640144,-0.00338271745319103,-0.03127078443704423,0.0017216290855290323,0.005956911088577099,-0.003103520128528662,0.001087516184716697,-0.0005749721272843115,0.002947294672573486,-0.0034758095749108132,0.004600395355535025,-0.004152061323187869,0.002947294672573486,-0.0034758095749108132
Students Performance Burnout,0.0,0.0,-0.03745099225652315,0.011207210845332789,-0.019685349139549002,0.007086761338770179,-0.03640451687529178,0.0027136514097475337,-0.00153083889868455,0.0021957658938669706,0.006484548166998616,-0.0013266914434819036,-0.007132717650891407,0.0016810708934233264,0.0021726173760712175,-0.002224512281099664,-0.007132717650891407,0.0016810708934233264
Students Performance Burnout,0.0,0.0,-0.04272464637359402,-0.004782840118912706,-0.004270246988475779,-0.007809408620726231,-0.06480253130084251,-0.01399807204186012,-0.007509282702195086,-0.009610819186136618,-0.014228530565199904,0.02954650691002536,-0.003437265114233423,-0.013523086893597484,-0.005773677234281183,-0.011110137513927407,-0.014228530565199904,0.02954650691002536
Students Performance Burnout,0.0,0.0,-0.03054333669827125,-0.001598132764842412,0.0010667753798405677,0.0021631623048729426,-0.020350324679207166,-0.004082101774321991,-0.0031221259533258383,-0.003126612042642425,0.012541996752045148,0.0025384414973925913,0.007765613755550516,0.005264449620840862,0.012023290146992771,-0.004159860845109258,0.007765613755550516,0.005264449620840862
Students Performance Burnout,0.0,0.0,-0.023595907435645325,-0.004182521014793572,-0.0030266847433504385,0.001007951603178377,-0.030078415392156055,0.0019411781403054114,0.007775114625661883,-0.0012360835635105757,0.02912183705475868,-0.003354923983531136,-0.0030153036965092084,0.0009880606601257499,-0.0020865518618267687,-0.00615528042161584,-0.0020865518618267687,-0.00615528042161584
Students Performance Burnout,0.0,0.0,-0.02817248670275349,0.0022763323103350743,-0.00404972549903726,-1.992733402787772e-05,-0.02441448421259984,0.003438083218001856,0.0007996638787162169,-0.0015289072151713316,0.002707113242878756,0.03271576197340228,-0.007010725241165472,-0.0016473102121314226,-0.009763679912656364,-0.0037002120264196577,0.002707113242878756,0.03271576197340228
Students Performance Burnout,0.0,0.0,-0.006571357063598571,-0.002268615588880303,0.012904012763834488,0.006781103941981022,-0.018043124072525868,0.0011840522805901471,0.002909757717100725,0.0017408977503529368,0.026651372617263774,0.03186026219329595,0.005826565871694028,-0.0011532798912594084,0.0030779883443066702,-0.0003836897413052147,-0.006571357063598571,-0.002268615588880303
Students Performance Burnout,0.0,0.0,-0.008386851865606976,-0.0032246265350232145,0.008545917675146897,-0.00019782167433227311,-0.017897388008274784,-0.0019111681655676425,0.006578701063693043,-0.004169849354636261,0.04061415004771535,0.026959346335848934,0.01154107036908028,-0.00796735554177773,0.009908644629704089,-0.004943316058483825,0.04061415004771535,0.026959346335848934
Students Performance Burnout,0.0,0.0,-0.01377648664123779,0.0004987244543233366,0.014272733302642698,-0.0010382141169483858,-0.016881788985556423,0.002461218210871568,0.003690477357935873,-0.0033361829698500154,0.0325910430873903,0.025270356863983996,3.828417388468397e-06,-0.0013908467379223893,0.001392025041714512,0.0021589801844245186,-0.01377648664123779,0.0004987244543233366
Students Performance Burnout,0.0,0.0,-0.0327572838536625,-0.0026662402645106463,0.0035935412622643548,0.0014430692711345124,-0.06230970530867269,0.005390590552001612,0.022736490604372217,0.0006654691031750468,-0.055565584659498846,0.0606016398136109,0.010425379131710766,0.006675223983752896,0.012641575919230374,0.00812803804957431,0.010425379131710766,0.006675223983752896
Students Performance Burnout,0.0,0.0,-0.03545532070522883,-0.002719719615287809,-0.014503390381851833,-0.0023699326247497675,-0.04797633022057296,-0.006985287716902346,-0.002509603932934923,-0.006628693626669208,-0.09633488589700592,0.05157010152562817,-0.00468699723421695,-0.006613014152437896,-0.010644285651864704,-0.0026073901548261565,-0.00468699723421695,-0.006613014152437896
Students Performance Burnout,0.0,0.0,-0.04229953225760502,-0.002005492564113469,-0.004565014508097209,-0.005460341229397064,-0.06450388611516317,-0.007306762870216839,0.014939192117142508,0.00831040076747161,-0.07907012970774169,0.06989782115458976,0.0044382843451612475,-0.007077638977970112,-0.0050399087066644865,-0.0038734984676916696,0.0044382843451612475,-0.007077638977970112
Students Performance Burnout,0.0,0.0,-0.03910018448094399,-0.008424932452541993,-0.005523356310915051,-0.004235898666196862,-0.04690967168095167,-0.0019052559172194443,0.02380745908607884,0.005216268790287335,-0.0262721583150064,0.051425876438777926,-0.0033114268486317266,-0.007836070217219694,-0.002082798374700434,-0.003436447188701895,-0.0033114268486317266,-0.007836070217219694
Students Performance Burnout,0.0,0.0,-0.038529974165854464,-0.0023020127883299994,-0.005702181475970458,0.002982730122228494,-0.04460395962800062,-0.00467876352384259,-0.0023009711010881784,0.0012113716450452075,-0.07063446906632237,0.055619897802862896,-0.0027820459236415074,-0.0018566508746920025,0.0026452839426837627,-0.004298662774022629,-0.0027820459236415074,-0.0018566508746920025
Students Performance Burnout,0.0,0.0,-0.023759533286995926,0.010628611699650264,0.0064289718232724,0.0071714350314500555,-0.02847462678663304,0.0012274150889332262,0.018008505271129183,0.012669247192773132,-0.05463514742770992,0.07473395807469889,0.005581746885029493,0.006795360135224423,0.007558726540936034,0.009891059598410707,0.005581746885029493,0.006795360135224423
Vehicle,0.0,0.0,0.0,0.0,-0.006143480879253427,0.0082614436656548,-0.0012044564890093534,0.0036133694670277714,-0.0012654320987656176,0.0037962962962960647,-0.0012654320987653955,0.0037962962962960643,0.0,0.0,0.0,0.0,0.0,0.0
Vehicle,0.0,0.0,-0.03266066613469565,0.00880987869358767,0.005316362421948884,0.015031051384194295,-0.02621138605304496,0.014685685775958707,0.004795856192219561,0.022225007549670505,-0.010387911934339966,0.004459407890202199,0.014672069219919814,0.0073707827559688285,0.01621814252639131,0.002526948580182816,0.014672069219919814,0.0073707827559688285
Vehicle,0.0,0.0,0.0045199182839631424,-0.00046402331221035223,-0.0034473953013279823,0.0024025571879536045,-0.0011235955056179137,-0.0010256132172406065,-0.0022724337524803184,0.0018556127521328703,-0.0033963227783451178,-0.001524054512684535,0.002272727272727315,-0.0009418789673967124,-0.005668756530825547,-0.00047873050536676766,0.002272727272727315,-0.0009418789673967124
Vehicle,0.0,0.0,-0.0015610910124966848,0.0037608202573066237,-0.021143886338392037,0.008631352229623307,-0.001404494610443452,-0.005018721471658374,-0.002374564289365666,0.00015680745302740565,-0.007179532744221673,0.0073481834231082805,0.014340483397854653,0.004787189084852364,-0.005215246786210548,-0.001224989213198819,0.014340483397854653,0.004787189084852364
Vehicle,0.0,0.0,-0.0197856532205547,-0.0023369380374808936,-0.02259111557858029,-0.008469194056116265,-0.009613206768571914,-0.007398553245277297,-0.004163152322105512,-0.010126977994234758,-0.006381467338831159,-0.0009008279527182653,-0.00785185565500146,-0.005764419730582329,-0.011964139845108801,-0.0017444425121994553,-0.00785185565500146,-0.005764419730582329
Vehicle,0.0,0.0,0.012847164119925814,-0.0019231238548185845,-0.0008457713393186239,-0.001155608258190376,-0.0053983414087199755,0.0033917898481074654,0.005194344286152619,-0.00030035606872956186,-0.001840557948932675,-0.008632169263134665,0.003097070379220024,-0.0012024041934021942,0.0063192891547960706,-0.0010178244761673925,0.003097070379220024,-0.0012024041934021942
Vehicle,0.0,0.0,0.013395556862616398,0.0056887101672573395,0.007875564415855685,0.005031572360302904,0.003952679149455407,0.004494490755310412,0.009683039682434336,0.007678342527778315,0.005884745289821192,0.0026853183733963285,0.007325240828516488,0.00186910765460036,0.011515458521282107,0.005675791183847173,0.007325240828516488,0.00186910765460036
Vehicle,0.0,0.0,-0.005420974033854664,0.005695586962921601,-0.027813798451479133,-0.004295380718960556,0.021885405036130123,0.001817011465064574,0.003217760920784074,0.001887190484119559,0.0006894559936647671,0.001892555461033214,0.0009805916035870998,0.0022423073238474964,0.002430335722108934,-0.00470208009328865,0.0009805916035870998,0.0022423073238474964
Vehicle,0.0,0.0,0.01311374240589891,-0.0005023510122183841,-0.009245206563097574,0.0028056132595347984,0.023528900407448816,-0.002603523196776583,0.001982025544490007,-0.006836187654525707,0.005908413608183061,0.0036323839325219064,0.003962771630984907,-0.002476830278814039,-0.0027559223221886864,0.00011828879702741393,0.003962771630984907,-0.002476830278814039
Vehicle,0.0,0.0,0.04110559760337973,0.0039633576788995276,-0.03464743546219329,0.009939379012377299,0.07106780408378177,0.006641368155684391,0.029982522678323686,0.002306877319350059,0.017228429502311737,-0.002281989156231179,0.02425361345902477,0.005846580589780735,0.011561427355399001,-0.0008690025196541468,0.02425361345902477,0.005846580589780735
Vehicle,0.0,0.0,0.009692433357051167,0.00437918485444283,-0.017817764977127948,0.009332582890701574,0.031011367381981736,-0.0016769023827015,0.009476712311378699,0.008164776077716825,0.005213286890550339,-0.0007157892235187605,0.0030987136870851417,-0.0048108701864920285,0.013154268488880683,0.00898583811587339,0.0030987136870851417,-0.0048108701864920285
Vehicle,0.0,0.0,0.03166908656937362,0.003295667466831055,-0.015370971750578222,-0.0034477953383724898,0.010004380893639309,-0.014090332796917612,-0.0044254970381095715,-0.012331001511602453,-0.0027892056880564065,-0.004615308665896271,0.013712283165432382,-0.0005863214109430789,0.009748547229494142,-0.0038399141645048714,0.013712283165432382,-0.0005863214109430789
Vehicle,0.0,0.0,0.009269902178419609,0.0021491474759101833,-0.004367729048937785,-0.009350187003990287,0.0007302368974387852,-0.0042139921018812115,0.014472003979353665,-0.0023213021280477433,0.009242489896549966,0.0058691877898361805,0.014964953817493964,0.0021169901964563954,0.002863171310586554,0.005291910338173507,0.014964953817493964,0.0021169901964563954
Vehicle,0.0,0.0,0.035518144460961354,-0.012836740144351738,-0.010989301942795127,-0.009600516869741033,0.00651432270637009,-0.014014655464187478,-0.0025467973947486122,-0.0071029972974004894,-0.007925050052618343,-0.010286111672872734,0.008061784386373838,-0.01268446073257394,-0.010420492375394996,-0.009748730017576718,0.008061784386373838,-0.01268446073257394
Vehicle,0.0,0.0,-0.0012215668833936988,-0.00029942319943868437,-0.03060812002781277,0.007542882897627586,0.016504712740290195,0.003906921734566389,-0.0035764538450344663,0.008251435336044036,-0.0018866602565053014,0.002533620214478673,0.0033395693898082834,0.00776531206234036,0.006331966230545438,0.010230646164969071,0.0033395693898082834,0.00776531206234036
Vehicle,0.0,0.0,0.02312628624213986,-0.01048787333537235,-0.03509982418368507,-0.0025380983042289675,0.025408521427970676,-0.0013021695930261479,0.006475592127055063,-0.007127930644900761,-0.011734059970394117,-0.0037466733968450246,0.0030599529882260335,-0.012975332267606865,-0.0023557837417740313,0.000913316741383275,0.0030599529882260335,-0.012975332267606865
Vowel,0.0,0.0,0.0011085371085369777,0.0002591200442975993,-0.0054428323277259105,0.008935658683031592,-0.002220506220506402,-0.0037783292691875416,0.00444101244101236,-0.002021269681651822,-0.0033307593307594363,0.0014908950122236257,0.0033307593307594363,0.00025549737812240094,-0.002220506220506402,0.0006626831718248467,0.0033307593307594363,0.00025549737812240094
Vowel,0.0,0.0,-0.007786833936988646,0.006801199814397776,-0.0044487259224101905,0.006036757823047391,0.008829901329901468,-0.009137194989711037,0.0032837997218803094,-0.00511425901322445,0.0032837997218800874,-0.00511425901322445,0.0032837997218803094,-0.00511425901322445,0.0010675994437603364,-0.002802012806032348,0.0032837997218803094,-0.00511425901322445
Vowel,0.0,0.0,0.027334048980673153,-0.07524449319628179,0.014103491813296731,-0.0663513425313308,0.046185548382840835,-0.08149445798698013,0.03142184557955385,-0.08009496454684017,0.03829540604334003,-0.07873873344480481,0.038817074972793186,-0.0705431646777637,0.03199738628667359,-0.07268257188635782,0.038817074972793186,-0.0705431646777637
Vowel,0.0,0.0,-0.19228932841609692,0.023042572102749133,-0.10080885565798337,0.0352122351230885,0.03450742649525618,-0.03161289018014837,0.017082034057743334,-0.020271010524567725,-0.0015320122251596402,0.00041223657228996874,0.031449258372934,-0.03177290967313999,-0.03157495768453367,0.03981409262981379,0.031449258372934,-0.03177290967313999
Vowel,0.0,0.0,-0.18031173943935364,0.06504938441532392,-0.07916198532806629,0.02741260045677925,0.02664187391102535,-0.0315062551729405,0.023622176433123476,-0.022867906490918497,-0.03904444214040215,0.040541264289152515,0.0007442617085727798,0.03760023964159914,-0.008331848196610148,0.02154349597184617,0.0007442617085727798,0.03760023964159914
Vowel,0.0,0.0,-0.010985335722070166,0.004530904777579748,-0.028923087781548062,0.00977093169048717,0.02302300614857311,0.0029438841066412487,0.0064003620823477325,-0.0017274926744075096,-0.022087833845099825,0.025918244950867253,0.0021218203701149907,0.0045913806995379666,-0.01595484188369445,0.022353287696140152,0.0021218203701149907,0.0045913806995379666
Vowel,0.0,0.0,0.0024626938701088896,-0.004789107425643105,0.006112204542922939,-0.012259194215987416,0.04214665406384954,-0.008824081048317285,0.042778399371680154,-0.02689376494214367,0.02369470067686119,-0.013636131994578863,0.03494174218342061,-0.0023443969053101726,-0.033486291723432315,0.07021201834140628,0.03494174218342061,-0.0023443969053101726
Vowel,0.0,0.0,0.03403989010074082,-0.022355239848826623,0.026956777299729673,-0.015335604996993227,0.0716828336767833,-0.019207552313638077,0.04678523604252438,-0.022890122867618518,0.012761128033175084,-0.00021099970838805993,0.047436367998813234,-0.021376695701547925,0.024152293024301996,-0.01716209450205151,0.047436367998813234,-0.021376695701547925
Vowel,0.0,0.0,0.005580080516384256,-0.014201058867122633,-0.009847699709040425,-0.01047134332651493,0.046899025550259155,-0.01578236450453506,0.0093020567383304,-0.019889089394099353,0.008111652911486522,-0.00921235998044075,-3.237985359139106e-05,-0.010785372924138427,0.005541846725392596,-0.012507361253448188,-3.237985359139106e-05,-0.010785372924138427
Vowel,0.0,0.0,-0.024180382085100094,0.008442424958435316,-0.016653653208540065,0.008036376718943241,-0.006283784182490537,0.012641681810193364,0.0005394867423520466,-0.001549504093609792,-0.0076685589520403274,0.007770644431801128,-0.0004473828203689356,-0.0016372812439771813,-0.01469101364048453,0.008696561291887476,-0.0004473828203689356,-0.0016372812439771813
Vowel,0.0,0.0,-0.0594262913012914,0.009666258198418168,-0.02750476375476385,0.020028510641362636,0.03476382413882417,0.0023816030307438063,0.0019324309949309004,-0.008674135799977955,0.008010727698227527,0.01568840419541955,0.001778441465941305,-0.0016071782307298804,-0.023054191179191275,0.016515649868239057,0.001778441465941305,-0.0016071782307298804
Vowel,0.0,0.0,-0.09856899402002128,0.01423105346223872,-0.03470930721756704,0.000860679268115859,0.0020676162190377267,-0.0014770610500119269,0.02193687500540864,0.007800861702417734,-0.04423150378761054,0.049418701519999435,0.022443899175534354,0.01816669981021761,-0.03137291852532487,0.02557328357779217,0.022443899175534354,0.01816669981021761
Vowel,0.0,0.0,-0.008162581345266151,0.007849937008370979,-0.009349483271178682,-0.011903196175425505,0.027391808879421164,-0.017534088949591655,0.021467733355353014,-0.009926539400555833,0.03328121411679674,-0.0135423864215562,0.035642049320494085,-0.02143909925595232,0.012501013076404499,-0.02212580211080351,0.035642049320494085,-0.02143909925595232
Vowel,0.0,0.0,0.017650991635894342,-0.053789790650038846,-0.006442956311187742,-0.04029943188540231,0.05371149014202692,-0.06075691382415638,0.05138840778469189,-0.056439792127435384,0.007641944055473582,-0.00914103263077612,0.051984069782050724,-0.06150048160253421,0.012115149199177,-0.05181236069754204,0.051984069782050724,-0.06150048160253421
Vowel,0.0,0.0,0.019646646772743193,-0.018961080603394503,-0.001996007129659194,-0.01851295835096321,0.042189099244841266,-0.027187792342909835,0.031272283376771015,-0.02434952235415387,0.005506916250083815,-9.062871546762497e-06,0.027075536641622322,-0.024608071102948714,-0.0019107803975648707,-0.0038174124671596435,0.027075536641622322,-0.024608071102948714
Vowel,0.0,0.0,-0.011825906546314657,0.00018742616565532721,-0.01610856816088868,-0.010766914889946758,0.02714646150159239,-0.01723000410216686,0.01623686852015027,-0.016755988198108935,0.0008610279660681286,-0.008072496755864765,0.017789462587177174,-0.02088402374425012,-0.051318629125794324,0.06413383187152458,0.017789462587177174,-0.02088402374425012
Waveform_21,0.0,0.0,-0.004984344857908218,0.0003672280167719092,-0.001495746486228966,-0.0007809458674923582,-0.011314459571603819,9.258995514405902e-05,0.0033820742173997775,-0.0003853276282655936,0.01123560722987793,0.000590591091493127,0.004517885520806342,0.0006358219296467649,0.0019377379905803904,0.0011566918498029247,-0.004984344857908218,0.0003672280167719092
Waveform_21,0.0,0.0,0.003419811198798306,-0.0024495447168158303,-0.0009044261516925056,-0.00106271113818364,-0.009316689408491174,0.0009399483074093657,0.002537271734341706,-0.0024921504458874392,0.004531579011478382,-0.0032996312179514407,-0.002515883915878092,-3.58812775782787e-05,-0.0026955679935447563,-0.0008612320460694677,-0.0026955679935447563,-0.0008612320460694677
Waveform_21,0.0,0.0,0.0004821464721893598,-0.0006909139604851467,1.0615029705896006e-05,-0.002047547927232077,-0.009048302873910008,-0.0005377594442371562,-0.000885813812622982,-0.0014231548777020701,0.006259665474522502,-0.003568629361850231,0.0026812510681809565,-0.003445840159029537,-0.0007915502306512501,-0.0024245547144309673,0.0026812510681809565,-0.003445840159029537
Waveform_21,0.0,0.0,0.0006246241629798144,0.0008500915267251113,0.0013919266933971608,0.0015220808311500996,-0.008806246243769134,0.002422686375596843,0.005612420530037854,-0.0006355969178832182,0.008387070734996227,-0.0008716617800691015,0.0019658223326762814,-0.001375260456248026,0.002675356107652016,-0.002754206548045397,0.002675356107652016,-0.002754206548045397
Waveform_21,0.0,0.0,0.0014102693448464487,0.00045241180111851853,0.0022152910387592817,-0.0009411583463387538,-0.009211391364664756,0.0008128334417928998,0.003397389252744354,-0.0006577658866766646,0.013233413206399702,-0.003157492648225617,0.0027355009165634936,-0.0022579113529808174,0.0028233791524889806,-0.0012867793036459392,0.0014102693448464487,0.00045241180111851853
Waveform_21,0.0,0.0,-0.0016411471996230498,0.00013887768218861715,-0.0005747345664148806,0.0004449845683554823,-0.009667810703055224,0.0028434206135618933,-0.00030929794104939123,-0.0011315290800783,0.002493538126830397,-0.002653105061670936,0.000610841665029116,-0.0013917182820952397,0.0022268105303785424,-0.0016104381053763908,0.0022268105303785424,-0.0016104381053763908
Waveform_21,0.0,0.0,0.006461301261817987,0.0006128733435745368,-0.0005831637984212712,0.0016180849443864446,-0.006209834876962028,0.001987100458436643,-0.001825903605462309,0.001379875042987577,0.009499224555015173,0.0004727968974080144,-0.0007095149789201338,0.0009298074377397589,0.0004164744032411072,4.95171258536372e-05,0.0004164744032411072,4.95171258536372e-05
Waveform_21,0.0,0.0,-0.0029090499373403134,0.003502135120406192,-0.020932789909787752,-0.0012394420573612758,-0.019717562001901667,-0.00024667812589746624,0.0001279340328663725,0.00641628734056152,-0.007009302195555511,-0.004085587507029965,-0.009765422941159563,-0.0015577388181602161,0.007138429858832063,-0.008477742864862466,-0.009765422941159563,-0.0015577388181602161
Waveform_21,0.0,0.0,0.0055591572754357665,0.0016913949561914148,-0.0062720847107200495,0.006619437684895575,-0.009050099057183236,0.0006417692673406448,0.010494003932801421,-6.139479602194041e-05,0.008528441968055911,0.0012105197087275248,0.005099443148364857,0.0009924315171738265,0.012592839860299687,0.0007098479712590814,0.005099443148364857,0.0009924315171738265
Waveform_21,0.0,0.0,-0.0012766592034360036,0.000903043783960859,-0.0051811110275036265,0.008347399384488348,-0.004123883727201294,0.0037189679518369895,-0.001631207742648355,0.0009583113959202808,-0.0029788149389627927,0.00019025333094136766,0.0013615273144038653,-0.0013591896458788567,-0.005594326128926519,0.00026806363519160485,0.0013615273144038653,-0.0013591896458788567
Waveform_21,0.0,0.0,-0.0010224294055963812,0.0011759883014896182,-0.006957966289258266,0.006494704518060126,-0.009111696010631554,0.005000754940118281,0.00486563758711045,0.002268360323773447,0.005910434430909661,-0.00025754054509682413,0.0029190112677526248,0.0006194076731182519,0.004195676011963911,0.0012320438772326402,0.0029190112677526248,0.0006194076731182519
Waveform_21,0.0,0.0,-0.0008845232732834774,-0.0010043184309596817,-0.0008595259059431815,-0.002357770571394694,-0.008235136937459586,-0.0018672441132311125,-4.472277212064224e-05,-0.0012886559600919839,0.006167957269239577,-0.003216374866748541,-0.0020033521100970564,-0.0024066872526236575,-0.0033336837776961614,-0.0033704407877887506,-0.0020033521100970564,-0.0024066872526236575
Waveform_21,0.0,0.0,0.0010543680675463296,-0.0004896893249661857,-0.003965517804179197,-0.002188910568144153,-0.008300014946106438,-0.0005580998361745188,0.00046848684941880325,-0.004168091300834276,0.00119793232214771,-0.0018685672766374445,-0.0034912761189694885,4.303270455408709e-06,-0.0041543079728972865,-0.0008644786804435914,-0.0034912761189694885,4.303270455408709e-06
Waveform_21,0.0,0.0,-0.0013668792901533333,0.0017521221065454912,-0.0045933716299433325,0.0013213559498314329,-0.0042456590111557,0.0005851190002784945,0.0018578885880164986,-0.001623086979422057,0.005178488722753061,0.0003012186020531441,-0.0015362553628438524,0.0014253992712399844,0.0008942623678823702,0.002168447927145263,-0.0013668792901533333,0.0017521221065454912
Waveform_21,0.0,0.0,-0.0005174363693709605,0.0009476080306886395,-0.009360132366693419,0.0011379839733961605,-0.010181807203661575,0.0008272563014439381,-0.0008866228871523552,0.0007747658613290625,0.00024809414321325107,-0.0016545079443848398,-0.001110138885147327,-0.0014362184461018776,-0.0023840971877993056,0.0015940316923559622,-0.0023840971877993056,0.0015940316923559622
Waveform_21,0.0,0.0,0.004066629656479415,0.00014670319580257964,-0.0017324079900271627,-5.942028826420517e-05,-0.009629460398015377,0.002314524970108151,0.0027764760887786233,-0.0011581086034863708,0.012368309350213602,-0.0019135252376327543,0.0034946248794580637,-0.00035471764612129107,-0.0034620992552520935,0.0015051596312094292,-0.0034620992552520935,0.0015051596312094292
Yeast,0.0,0.0,-0.006672618463256064,-0.006626465417266095,-0.011166668254157908,-0.0039592688504425985,-0.005983274223911317,-0.0009121214905151911,-0.006632449439886612,-0.007171473913052407,-0.0020558525123471894,0.005220920620853223,-0.0004817630383655569,0.003782440179681181,0.0012905006650614226,0.0019327647345927373,-0.0004817630383655569,0.003782440179681181
Yeast,0.0,0.0,0.018642089207253743,0.007705770816544361,-0.004886912749772598,-0.001449734377002184,0.01402293822792966,0.0027990969327093603,0.003976595904459201,0.0036236252048958504,0.007155431980703564,-0.002600091765939101,0.00656127860216138,0.006233587722476994,0.0050040127802534196,0.00388453462471537,0.018642089207253743,0.007705770816544361
Yeast,0.0,0.0,0.0,0.0,0.0,0.0,-0.008424693701200803,0.014775912181774403,0.0,0.0,0.0,0.0,0.0,0.0,0.0,0.0,0.0,0.0
Yeast,0.0,0.0,-0.0032178979481994885,-0.00038362811545930055,-0.01891966708838988,-0.00037655922731837967,-0.0015195967093888374,-9.880814448079943e-05,-0.0038253624843727074,-0.0032755960698804144,-0.00209325111003944,0.0011571404770009848,-0.0020364367231748837,-0.003177373620079969,0.003969673943016061,-0.00015176001776793027,-0.0020364367231748837,-0.003177373620079969
Yeast,0.0,0.0,-0.0068372648090765376,-0.0014098956264486616,-0.012855676205859479,-0.0027500476700578844,-0.020348169487266254,0.002369410500823836,-0.006480241914939233,-0.0011744842642500003,0.0003021506848099875,0.0010636428227627018,-0.006857189334730784,-0.000632760058611178,-0.002443908130453587,-0.00048101279290990034,-0.006857189334730784,-0.000632760058611178
Yeast,0.0,0.0,0.012676921150186538,-0.0013701073958969669,0.005056392291476808,0.0038128579232671045,0.004090904839891274,-0.005723393067335963,-0.0016022191438827549,-0.00428178297281237,0.011648615511191396,-0.006017579614089153,0.012944667299480905,-0.0020579384738185352,0.02029859625575786,-0.010891514573751463,0.02029859625575786,-0.010891514573751463
Yeast,0.0,0.0,-0.018454575749719204,0.00411648678445924,-0.007044531953879107,0.007962236157106267,0.0007949644884495122,0.001343614138354321,0.0014992865033417457,0.005339990325693815,0.0022968627459178936,0.0009659852958620874,0.006715999656982996,0.002421663784762603,0.010854424812807406,0.005244086659838755,0.010854424812807406,0.005244086659838755
Yeast,0.0,0.0,-0.018151257563601975,-0.004052042986085101,0.004201273112975468,0.0027294737608635836,-0.001185695421317856,0.004069358524496134,-0.006355846510895824,-7.621327254608498e-05,-0.006108609223683281,-0.004346792832577839,-0.004052488345651306,-0.0011330738330660225,-0.002997287281607086,0.0019628650663739405,-0.002997287281607086,0.0019628650663739405
Yeast,0.0,0.0,0.0016758226289553257,-0.0038426468069171476,0.008123378263975745,-0.0020616929085069974,0.01056085389283773,-0.006088109880807718,0.004969068521492093,0.0031750089087279835,0.0033372926336500686,-0.007378416869097023,-0.0031284634684520807,-0.005000621914472257,-0.0011148448331328442,-0.005989627285587936,0.0016758226289553257,-0.0038426468069171476
Yeast,0.0,0.0,-0.006082429649471699,-0.003142156250564295,-0.020551609090951106,0.008688654654704468,0.005916674272287814,0.011021438381925833,-0.008586499312955853,0.0020181049776844782,-0.004373960054400827,0.0016515193990832497,-0.006323372303400299,0.0020821735384200044,-0.0016164579582517158,-0.0017905336173082544,-0.006082429649471699,-0.003142156250564295
Yeast,0.0,0.0,0.027490762816276382,0.0018362361486775336,0.037950855623489876,-0.02465853621146678,0.00736076057155155,0.002943763984021991,-0.004992569228304489,-0.007319977969895107,0.011063755560271837,-0.0093813495989555,0.008549502334492032,0.013008890712680327,0.014845951755186992,0.001556588524873441,0.008549502334492032,0.013008890712680327
Yeast,0.0,0.0,-0.0037873104005973213,-0.007668561689171172,-0.03664107990139254,-0.0028410529920851364,0.0253599292670863,-0.0034422326265851066,-0.009482516287105058,0.012722401828201464,-0.009381279659298136,-0.00750908202625487,-0.005295374456975477,0.005758546965913172,-0.004537142015866413,-0.000997289781861286,-0.005295374456975477,0.005758546965913172
Yeast,0.0,0.0,0.017281319626017422,-0.002132323892506227,0.002070613564584156,-0.00927280911518149,0.0051439534454295055,-0.0020746502846713394,-0.006216012868578091,0.0026020717990769653,-0.0025948932217819687,0.013454858397181729,-0.0018273254049834264,-0.01198007996828837,0.008446107638456435,-0.010583326986840991,-0.0018273254049834264,-0.01198007996828837
Yeast,0.0,0.0,-0.0022539293851123743,0.007128017953058429,-0.019939469026565626,0.005993161265565849,0.011670350346771885,0.012119996375385677,0.006089182238623758,0.009140038891666665,-0.0033858512894238135,-0.001946629749095978,0.0056566336702419395,0.0030549043560427636,0.012767334958598386,0.0015171342802821047,0.0056566336702419395,0.0030549043560427636
Yeast,0.0,0.0,-0.00022853255973376285,0.007080703728851525,-0.013964847985164841,0.000547668022340058,-0.0023329161405232224,0.004366790217824273,0.0011628029194259426,0.00744736354656576,0.007724912344745816,0.008813135633907551,0.0013861196944736642,0.0025911349984590083,0.0012271342086452863,0.002992837766602639,0.0013861196944736642,0.0025911349984590083
Yeast,0.0,0.0,-0.007764740251821833,-0.0026478020774591566,-0.01665109652052832,-0.004285311850986741,-0.009541081648535732,0.0009636695249428465,-0.008379243035818607,-0.003885767767063668,0.002303278658762453,-0.002968467056197563,0.0014931338828946261,-0.006661749956838353,-0.003213705470689221,-0.0017092223424526529,0.0014931338828946261,-0.006661749956838353
